article_doi,venue,article_title,software_label_from_repo,software_label_from_title,repo_url_P1324,swhid_P6138,publication_date_P577,publisher_P123,language_P407,venue_name_P1433,issn,article_doi_url,crossref_ref_url,crossref_stated_in,repo_ref_url_P854,repo_stated_in,retrieved_P813
10.1016/j.softx.2015.03.001,SoftwareX,SAGA: A standardized access layer to heterogeneous Distributed Computing Infrastructure,radical.saga,SAGA,https://github.com/radical-cybertools/radical.saga,swh:1:dir:a8b881267fe8c4161e38711266c93ad6cdbf819c;origin=https://github.com/radical-cybertools/radical.saga;visit=swh:1:snp:1d7032d728fece0dbabbe82e68ad06174ae8cd0c;anchor=swh:1:rev:b948c24d28840049371efd356274b7dd0c2d5183,2015-09,Elsevier BV,en,SoftwareX,2352-7110,https://doi.org/10.1016/j.softx.2015.03.001,https://api.crossref.org/works/10.1016/j.softx.2015.03.001,Crossref,https://github.com/ElsevierSoftwareX/SOFTX-D-15-00002,ElsevierSoftwareX GitHub Organization,18 June 2026
10.1016/j.softx.2015.04.001,SoftwareX,The Visualization Toolkit (VTK): Rewriting the rendering code for modern graphics cards,VTK,The Visualization Toolkit (VTK),https://github.com/Kitware/VTK,swh:1:dir:7f5d5cdbaca28c7834885faf34a18757bc6e32ca;origin=https://github.com/Kitware/VTK;visit=swh:1:snp:09460d9d21d4c91b71e1f97bc7df83fe9cdf29a1;anchor=swh:1:rev:20b7f1d0e4e46d1de8345f2cd89be7dd17f8ab89,2015-09,Elsevier BV,en,SoftwareX,2352-7110,https://doi.org/10.1016/j.softx.2015.04.001,https://api.crossref.org/works/10.1016/j.softx.2015.04.001,Crossref,https://github.com/ElsevierSoftwareX/SOFTX-D-15-00004,ElsevierSoftwareX GitHub Organization,18 June 2026
10.1016/j.softx.2015.09.001,SoftwareX,Skinware 2.0: A real-time middleware for robot skin,skinware,Skinware 2.0,https://github.com/maclab/skinware,swh:1:dir:c09cfcbb42407ed8a853d15049dcfc435c8c9601;origin=https://github.com/maclab/skinware;visit=swh:1:snp:c345028963e08a40778347b34424029299fd9ec7;anchor=swh:1:rev:9ccb022f5cd8009eca328581dd4fd3e27953b1b2,2015-12,Elsevier BV,en,SoftwareX,2352-7110,https://doi.org/10.1016/j.softx.2015.09.001,https://api.crossref.org/works/10.1016/j.softx.2015.09.001,Crossref,https://github.com/ElsevierSoftwareX/SOFTX-D-15-00026,ElsevierSoftwareX GitHub Organization,18 June 2026
10.1016/j.softx.2015.10.001,SoftwareX,anyFish 2.0: An open-source software platform to generate and share animated fish models to study behavior,anyFish-2.0,anyFish 2.0,https://github.com/anyFish-Editor/anyFish-2.0,swh:1:dir:dcfddd84510a556d9a8572e791eed5979bebc4f1;origin=https://github.com/anyFish-Editor/anyFish-2.0;visit=swh:1:snp:fd1d98077cb336d117eec39e271edfbaee4c5bb5;anchor=swh:1:rev:e078da899b053c370a029b2b9fc1998e47a968e4,2015-12,Elsevier BV,en,SoftwareX,2352-7110,https://doi.org/10.1016/j.softx.2015.10.001,https://api.crossref.org/works/10.1016/j.softx.2015.10.001,Crossref,https://github.com/ElsevierSoftwareX/SOFTX-D-15-00014,ElsevierSoftwareX GitHub Organization,18 June 2026
10.1016/j.softx.2015.10.003,SoftwareX,Open cyberGIS software for geospatial research and education in the big data era,cybergis-toolkit,,https://github.com/cybergis/cybergis-toolkit,swh:1:dir:6b46c201b8007d19069eafbcc015704557f973bd;origin=https://github.com/cybergis/cybergis-toolkit;visit=swh:1:snp:3def4bb047047320cf1f027b10667236daf99938;anchor=swh:1:rev:b12cf6081bc5039fd39a056e45ee55004bee72f1,2016,Elsevier BV,en,SoftwareX,2352-7110,https://doi.org/10.1016/j.softx.2015.10.003,https://api.crossref.org/works/10.1016/j.softx.2015.10.003,Crossref,https://github.com/ElsevierSoftwareX/SOFTX-D-15-00005,ElsevierSoftwareX GitHub Organization,18 June 2026
10.1016/j.softx.2015.11.001,SoftwareX,Grace: A cross-platform micromagnetic simulator on graphics processing units,grace,Grace,https://github.com/cygnusc/grace,swh:1:dir:8f667cd5e4746648c3b06fef3ef0f131f5cce5e8;origin=https://github.com/cygnusc/grace;visit=swh:1:snp:b627f9ccdcc188acf6bebda90023e5d1d9542cc3;anchor=swh:1:rev:7298ca9c3f2974ebad3735e58e0a22b9abe69b07,2015-12,Elsevier BV,en,SoftwareX,2352-7110,https://doi.org/10.1016/j.softx.2015.11.001,https://api.crossref.org/works/10.1016/j.softx.2015.11.001,Crossref,https://github.com/ElsevierSoftwareX/SOFTX-D-15-00006,ElsevierSoftwareX GitHub Organization,18 June 2026
10.1016/j.softx.2016.01.001,SoftwareX,ooi: OpenStack OCCI interface,ooi,ooi,https://github.com/openstack-archive/ooi,swh:1:dir:4d0036a2d76c9e8ec2a26cb9617ef0fc6911d093;origin=https://github.com/openstack-archive/ooi;visit=swh:1:snp:e690832473438ece7ee02d75844a8250b67dd37a;anchor=swh:1:rev:8c9a8116e83b6438d167ce24520c875f459fe176,2016,Elsevier BV,en,SoftwareX,2352-7110,https://doi.org/10.1016/j.softx.2016.01.001,https://api.crossref.org/works/10.1016/j.softx.2016.01.001,Crossref,https://github.com/ElsevierSoftwareX/SOFTX-D-15-00055,ElsevierSoftwareX GitHub Organization,18 June 2026
10.1016/j.softx.2016.02.001,SoftwareX,xSPDE: Extensible software for stochastic equations,xspde_matlab,xSPDE,https://github.com/peterddrummond/xspde_matlab,swh:1:dir:9f4bc81ae0ed9c6dec40f656eb45bdedd62801c5;origin=https://github.com/peterddrummond/xspde_matlab;visit=swh:1:snp:8a1982fd53ba00a567e0997a0a584c78ce6b5b43;anchor=swh:1:rev:e50c33c678219488715e0af3f6bbe60579bdf955,2016,Elsevier BV,en,SoftwareX,2352-7110,https://doi.org/10.1016/j.softx.2016.02.001,https://api.crossref.org/works/10.1016/j.softx.2016.02.001,Crossref,https://github.com/ElsevierSoftwareX/SOFTX-D-15-00087,ElsevierSoftwareX GitHub Organization,18 June 2026
10.1016/j.softx.2016.01.002,SoftwareX,LatticeLibrary and BccFccRaycaster: Software for processing and viewing 3D data on optimal sampling lattices,softwarex-lattice,LatticeLibrary and BccFccRaycaster,https://github.com/Elima85/softwarex-lattice,swh:1:dir:c6feda0d3494a0fbe59f963a5615f6a3e349181c;origin=https://github.com/Elima85/softwarex-lattice;visit=swh:1:snp:168779b43c9eeae1de02e6498e5e3cfb746a5605;anchor=swh:1:rev:914648c94ec7ca2d64b7d1826e80ce6c8540fa56,2016,Elsevier BV,en,SoftwareX,2352-7110,https://doi.org/10.1016/j.softx.2016.01.002,https://api.crossref.org/works/10.1016/j.softx.2016.01.002,Crossref,https://github.com/ElsevierSoftwareX/SOFTX-D-15-00071,ElsevierSoftwareX GitHub Organization,18 June 2026
10.1016/j.softx.2016.04.001,SoftwareX,SpectraFox: A free open-source data management and analysis tool for scanning probe microscopy and spectroscopy,spectrafox,SpectraFox,https://github.com/spectrafox/spectrafox,swh:1:dir:6924229586e34201f679316019d84cd75ac21ad5;origin=https://github.com/spectrafox/spectrafox;visit=swh:1:snp:66d83e62cc0a8e5dadb5d48707a81c54b2d8f3ec;anchor=swh:1:rev:b20f1874416a89b44f218746ce166f90bb6a6986,2016,Elsevier BV,en,SoftwareX,2352-7110,https://doi.org/10.1016/j.softx.2016.04.001,https://api.crossref.org/works/10.1016/j.softx.2016.04.001,Crossref,https://github.com/ElsevierSoftwareX/SOFTX-D-16-00022,ElsevierSoftwareX GitHub Organization,18 June 2026
10.1016/j.softx.2016.04.007,SoftwareX,NCBI Mass Sequence Downloader–Large dataset downloading made easy,NCBI_Mass_Downloader,,https://github.com/StuntsPT/NCBI_Mass_Downloader,swh:1:dir:7dae491488a6cd22d2394aa040563bb39d152ff3;origin=https://github.com/StuntsPT/NCBI_Mass_Downloader;visit=swh:1:snp:9a88ca14331854572787a5c183586a4baeb46e90;anchor=swh:1:rev:f19ada31ef3b4974010c2012110b46b56e4535f8,2016,Elsevier BV,en,SoftwareX,2352-7110,https://doi.org/10.1016/j.softx.2016.04.007,https://api.crossref.org/works/10.1016/j.softx.2016.04.007,Crossref,https://github.com/ElsevierSoftwareX/SOFTX-D-15-00072,ElsevierSoftwareX GitHub Organization,18 June 2026
10.1016/j.softx.2016.05.001,SoftwareX,iTesla Power Systems Library (iPSL): A Modelica library for phasor time-domain simulations,ipsl,iTesla Power Systems Library (iPSL),https://github.com/itesla/ipsl,swh:1:dir:84ba0ad3c789df99daf46c27b188c1fdf31868e5;origin=https://github.com/itesla/ipsl;visit=swh:1:snp:d6f7ee90584fa6da92a92621af89eebf6cb555e3;anchor=swh:1:rev:3c2ca94839781003246b66a40767c9def911c78b,2016,Elsevier BV,en,SoftwareX,2352-7110,https://doi.org/10.1016/j.softx.2016.05.001,https://api.crossref.org/works/10.1016/j.softx.2016.05.001,Crossref,https://github.com/ElsevierSoftwareX/SOFTX-D-16-00027,ElsevierSoftwareX GitHub Organization,18 June 2026
10.1016/j.softx.2016.05.002,SoftwareX,Ocelet: Simulating processes of landscape changes using interaction graphs,ocelet,Ocelet,https://github.com/OceletTeam/ocelet,swh:1:dir:350c93260a02891638a3b4afa228b242e672b86c;origin=https://github.com/OceletTeam/ocelet;visit=swh:1:snp:e40c0239704a02c8f19deab697824a3332502879;anchor=swh:1:rev:dc3bca1e996621d15b8716c8821ba9b835ebedcd,2016,Elsevier BV,en,SoftwareX,2352-7110,https://doi.org/10.1016/j.softx.2016.05.002,https://api.crossref.org/works/10.1016/j.softx.2016.05.002,Crossref,https://github.com/ElsevierSoftwareX/SOFTX-D-16-00024,ElsevierSoftwareX GitHub Organization,18 June 2026
10.1016/j.softx.2016.05.005,SoftwareX,C-language package for standalone embedded atom method molecular dynamics simulations of fcc structures,Velocity-Stormer-Verlet,,https://github.com/ocayaro/Velocity-Stormer-Verlet,swh:1:dir:ed4bde16ffdd5707f763881912227b8aa5d23bcd;origin=https://github.com/ocayaro/Velocity-Stormer-Verlet;visit=swh:1:snp:8e5194be70b866bad6f253f235e622f49e4f065e;anchor=swh:1:rev:33e21fc59a195140273393eeab1b1e4c1f9bc944,2016,Elsevier BV,en,SoftwareX,2352-7110,https://doi.org/10.1016/j.softx.2016.05.005,https://api.crossref.org/works/10.1016/j.softx.2016.05.005,Crossref,https://github.com/ElsevierSoftwareX/SOFTX-D-15-00054,ElsevierSoftwareX GitHub Organization,18 June 2026
10.1016/j.softx.2016.05.004,SoftwareX,Light-Field Imaging Toolkit,LFIT,,https://github.com/AFDL/LFIT,swh:1:dir:af1bc13953c155f0b2bea3aeff176cd24359609b;origin=https://github.com/AFDL/LFIT;visit=swh:1:snp:8c4a431b2ace8f2b9a557abd3830bb9d03954024;anchor=swh:1:rev:c5de9951c385149b50bc607c5d003c5409ef6589,2016,Elsevier BV,en,SoftwareX,2352-7110,https://doi.org/10.1016/j.softx.2016.05.004,https://api.crossref.org/works/10.1016/j.softx.2016.05.004,Crossref,https://github.com/ElsevierSoftwareX/SOFTX-D-15-00046,ElsevierSoftwareX GitHub Organization,18 June 2026
10.1016/j.softx.2016.07.002,SoftwareX,PiCO QL: A software library for runtime interactive queries on program data,PiCO_QL,PiCO QL,https://github.com/mfragkoulis/PiCO_QL,swh:1:dir:c51d2b9c490257edffb7c63a189fd08bb06191a5;origin=https://github.com/mfragkoulis/PiCO_QL;visit=swh:1:snp:9e267481f206493a8733d36b1f94fe03b10b6d91;anchor=swh:1:rev:f7ae00f2741f1810df621c83167890b1a669ac50,2016,Elsevier BV,en,SoftwareX,2352-7110,https://doi.org/10.1016/j.softx.2016.07.002,https://api.crossref.org/works/10.1016/j.softx.2016.07.002,Crossref,https://github.com/ElsevierSoftwareX/SOFTX-D-15-00086,ElsevierSoftwareX GitHub Organization,18 June 2026
10.1016/j.softx.2016.07.004,SoftwareX,RaPId: A modular and extensible toolbox for parameter estimation of Modelica and FMI compliant models,RaPId,RaPId,https://github.com/ALSETLab/RaPId,swh:1:dir:2e9b1e76df1dda861318c3e44769ebbe721616c1;origin=https://github.com/ALSETLab/RaPId;visit=swh:1:snp:4a224723beaf6391de54c461e90b47263e9a9e63;anchor=swh:1:rev:ba081559f74c6503cf570d11c04682e5fcd0d091,2016,Elsevier BV,en,SoftwareX,2352-7110,https://doi.org/10.1016/j.softx.2016.07.004,https://api.crossref.org/works/10.1016/j.softx.2016.07.004,Crossref,https://github.com/ElsevierSoftwareX/SOFTX-D-16-00026,ElsevierSoftwareX GitHub Organization,18 June 2026
10.1016/j.softx.2016.08.002,SoftwareX,Duenna—An experimental language teaching application,duenna,,https://github.com/bbence84/duenna,swh:1:dir:969aba947f14cb69f281fbd0c08144badb2a2da8;origin=https://github.com/bbence84/duenna;visit=swh:1:snp:a4f7d8e939fb800172ccf4e80333cf297fdb5bac;anchor=swh:1:rev:33c154a3fb71c786c473a7b175c48a7061f9031d,2016,Elsevier BV,en,SoftwareX,2352-7110,https://doi.org/10.1016/j.softx.2016.08.002,https://api.crossref.org/works/10.1016/j.softx.2016.08.002,Crossref,https://github.com/ElsevierSoftwareX/SOFTX-D-16-00039,ElsevierSoftwareX GitHub Organization,18 June 2026
10.1016/j.softx.2017.01.002,SoftwareX,Proscene: A feature-rich framework for interactive environments,proscene,Proscene,https://github.com/remixlab/proscene,swh:1:dir:4040ba2888133296cda02b342b6914dcba5131a1;origin=https://github.com/remixlab/proscene;visit=swh:1:snp:333c7a0b422d9cb695c3803acc8f5b4052c5eb98;anchor=swh:1:rev:b38beece65c3a7b91f358ca6dc957eee480a202c,2017,Elsevier BV,en,SoftwareX,2352-7110,https://doi.org/10.1016/j.softx.2017.01.002,https://api.crossref.org/works/10.1016/j.softx.2017.01.002,Crossref,https://github.com/ElsevierSoftwareX/SOFTX-D-16-00066,ElsevierSoftwareX GitHub Organization,18 June 2026
10.1016/j.softx.2017.12.004,SoftwareX,Braid CAM: Braided composite analytical model,BraidedCompositeAnalyticalModel,Braid CAM,https://github.com/gmelenka/BraidedCompositeAnalyticalModel,swh:1:dir:1ff1aba69eca66420293fa6f4a771a3d073acc4b;origin=https://github.com/gmelenka/BraidedCompositeAnalyticalModel;visit=swh:1:snp:766b6af8416a1df9c97ce58f658ae472e491d6b7;anchor=swh:1:rev:5c7c41e5b67caba5eedad99e2b7e24e11e0c110f,2018-01,Elsevier BV,en,SoftwareX,2352-7110,https://doi.org/10.1016/j.softx.2017.12.004,https://api.crossref.org/works/10.1016/j.softx.2017.12.004,Crossref,https://github.com/ElsevierSoftwareX/SOFTX-D-17-00056,ElsevierSoftwareX GitHub Organization,18 June 2026
10.1016/j.softx.2017.08.001,SoftwareX,Optimel: Software for selecting the optimal method,Optimel,Optimel,https://github.com/popova-ob-77/Optimel,swh:1:dir:8a92f1086d673ff922390e76ebad209db2940881;origin=https://github.com/popova-ob-77/Optimel;visit=swh:1:snp:7ceba47d249d2d7b740e818f9bd7f379dacfe414;anchor=swh:1:rev:a5897f73710818037f89178c0938cf15d8b6653c,2017,Elsevier BV,en,SoftwareX,2352-7110,https://doi.org/10.1016/j.softx.2017.08.001,https://api.crossref.org/works/10.1016/j.softx.2017.08.001,Crossref,https://github.com/ElsevierSoftwareX/SOFTX-D-17-00017,ElsevierSoftwareX GitHub Organization,18 June 2026
10.1016/j.softx.2018.04.001,SoftwareX,Eddylicious: A Python package for turbulent inflow generation,eddylicious,Eddylicious,https://github.com/timofeymukha/eddylicious,swh:1:dir:f3fd3ea28129a106c20074496dc99180b634c81a;origin=https://github.com/timofeymukha/eddylicious;visit=swh:1:snp:f4c255f077a47ea6f8636e68006e2abf7d24f97c;anchor=swh:1:rev:14bbdf5e55279bf4c894ce690836b537991005b7,2018-01,Elsevier BV,en,SoftwareX,2352-7110,https://doi.org/10.1016/j.softx.2018.04.001,https://api.crossref.org/works/10.1016/j.softx.2018.04.001,Crossref,https://github.com/ElsevierSoftwareX/SOFTX-D-16-00069,ElsevierSoftwareX GitHub Organization,18 June 2026
10.1016/j.softx.2016.12.002,SoftwareX,pysimm: A python package for simulation of molecular systems,pysimm,pysimm,https://github.com/polysimtools/pysimm,swh:1:dir:35755b42f1389b6e9351cc0ecefb0134a6671ce5;origin=https://github.com/polysimtools/pysimm;visit=swh:1:snp:7c6403bd1b3ab6f726a5d6a70eb27d6398032b93;anchor=swh:1:rev:392e0c4969cf318b96819b4f98fe215ae0098260,2017,Elsevier BV,en,SoftwareX,2352-7110,https://doi.org/10.1016/j.softx.2016.12.002,https://api.crossref.org/works/10.1016/j.softx.2016.12.002,Crossref,https://github.com/ElsevierSoftwareX/SOFTX-D-16-00070,ElsevierSoftwareX GitHub Organization,18 June 2026
10.1016/j.softx.2016.11.001,SoftwareX,SULISO: The Bath suite of vibrational characterization and isotope effect calculation software,SULISO,SULISO,https://github.com/pbw20/SULISO,swh:1:dir:b43752238213255265e54f284c32d7a293f3a798;origin=https://github.com/pbw20/SULISO;visit=swh:1:snp:d5a8567a68b4981f5ea5865668c6ca318786939d;anchor=swh:1:rev:63b040dcc30842c122f020c0527977ace04f41d2,2017,Elsevier BV,en,SoftwareX,2352-7110,https://doi.org/10.1016/j.softx.2016.11.001,https://api.crossref.org/works/10.1016/j.softx.2016.11.001,Crossref,https://github.com/ElsevierSoftwareX/SOFTX-D-16-00074,ElsevierSoftwareX GitHub Organization,18 June 2026
10.1016/j.softx.2018.04.003,SoftwareX,"Gsolve, a Python computer program with a graphical user interface to transform relative gravity survey measurements to absolute gravity values and gravity anomalies",Gsolve1,,https://github.com/JackMcCubbine/Gsolve1,swh:1:dir:d6b403b3ec978da9078b56ca925ef5da465bae5c;origin=https://github.com/JackMcCubbine/Gsolve1;visit=swh:1:snp:eeba75fa4da27e28523e06fcc3fd2a32f6bea52b;anchor=swh:1:rev:81b3a6da9ec209209404cfc7a5d1f27b9cacc5dd,2018-01,Elsevier BV,en,SoftwareX,2352-7110,https://doi.org/10.1016/j.softx.2018.04.003,https://api.crossref.org/works/10.1016/j.softx.2018.04.003,Crossref,https://github.com/ElsevierSoftwareX/SOFTX-D-16-00075,ElsevierSoftwareX GitHub Organization,18 June 2026
10.1016/j.softx.2018.05.004,SoftwareX,A Stochastic Anaerobic Digestion Economic Assessment Tool (SADEAT),SADEAT-Stochastic-Combined-Heat-and-Power-Anaerobic-Digestion-Economic-Assessment-Tool,,https://github.com/AbdulSalam2016/SADEAT-Stochastic-Combined-Heat-and-Power-Anaerobic-Digestion-Economic-Assessment-Tool,swh:1:dir:757b9a0d81e5ac77289bfbe735c7c678d892ee50;origin=https://github.com/AbdulSalam2016/SADEAT-Stochastic-Combined-Heat-and-Power-Anaerobic-Digestion-Economic-Assessment-Tool;visit=swh:1:snp:b2a9c35ede5bc2dfde02da2fee392117460b2764;anchor=swh:1:rev:c7ec7ad625944a54db4546892578905e9bc8593a,2018-01,Elsevier BV,en,SoftwareX,2352-7110,https://doi.org/10.1016/j.softx.2018.05.004,https://api.crossref.org/works/10.1016/j.softx.2018.05.004,Crossref,https://github.com/ElsevierSoftwareX/SOFTX_2018_37,ElsevierSoftwareX GitHub Organization,18 June 2026
10.1016/j.softx.2017.07.004,SoftwareX,Rambrain - a library for virtually extending physical memory,rambrain,Rambrain,https://github.com/mimgrund/rambrain,swh:1:dir:aa9b4a675a980084a5c4c9099f3cbb7009551d45;origin=https://github.com/mimgrund/rambrain;visit=swh:1:snp:0b81fe8d78999c0c441de1dd796eb0c2bf667b0c;anchor=swh:1:rev:26ed3e9e9028bad70b6ba92bf5ac1adb2121594e,2017,Elsevier BV,en,SoftwareX,2352-7110,https://doi.org/10.1016/j.softx.2017.07.004,https://api.crossref.org/works/10.1016/j.softx.2017.07.004,Crossref,https://github.com/ElsevierSoftwareX/SOFTX-D-16-00086,ElsevierSoftwareX GitHub Organization,18 June 2026
10.1016/j.softx.2017.06.005,SoftwareX,Mammut: High-level management of system knobs and sensors,mammut,Mammut,https://github.com/DanieleDeSensi/mammut,swh:1:dir:fbf14c50cda1b42872ab07a41afe69ed8f3a05c7;origin=https://github.com/DanieleDeSensi/mammut;visit=swh:1:snp:00e0a7b47643b46bf80031144e4e9080c4b34873;anchor=swh:1:rev:3dfedcc30f2b02ccf1ed458af91d4600e35e1ee9,2017,Elsevier BV,en,SoftwareX,2352-7110,https://doi.org/10.1016/j.softx.2017.06.005,https://api.crossref.org/works/10.1016/j.softx.2017.06.005,Crossref,https://github.com/ElsevierSoftwareX/SOFTX-D-16-00087,ElsevierSoftwareX GitHub Organization,18 June 2026
10.1016/j.softx.2016.10.001,SoftwareX,UT Biomedical Informatics Lab (BMIL) probability wheel,ProbabilityWheelAndroid,,https://github.com/UTBiomedicalInformaticsLab/ProbabilityWheelAndroid,swh:1:dir:d4d6f8db2f0b2b5b1a75511e8d94717028058f74;origin=https://github.com/UTBiomedicalInformaticsLab/ProbabilityWheelAndroid;visit=swh:1:snp:169603e456ddbaac26f3dbb443cf67154ef96b69;anchor=swh:1:rev:2d04b170eb31aa168fdd0b85e109068f0ed8feca,2016,Elsevier BV,en,SoftwareX,2352-7110,https://doi.org/10.1016/j.softx.2016.10.001,https://api.crossref.org/works/10.1016/j.softx.2016.10.001,Crossref,https://github.com/ElsevierSoftwareX/SOFTX-D-16-00028,ElsevierSoftwareX GitHub Organization,18 June 2026
10.1016/j.softx.2016.10.002,SoftwareX,interThermalPhaseChangeFoam—A framework for two-phase flow simulations with thermally driven phase change,CFD-PC,,https://github.com/MahdiNabil/CFD-PC,swh:1:dir:513c4c42ab87cd6afeaad4448cb084200e4e6e43;origin=https://github.com/MahdiNabil/CFD-PC;visit=swh:1:snp:7ea6017c0b8f702c206086449a444ef517b525d4;anchor=swh:1:rev:987954197394fe018736dd7f6e00a835583dd332,2016,Elsevier BV,en,SoftwareX,2352-7110,https://doi.org/10.1016/j.softx.2016.10.002,https://api.crossref.org/works/10.1016/j.softx.2016.10.002,Crossref,https://github.com/ElsevierSoftwareX/SOFTX-D-16-00038,ElsevierSoftwareX GitHub Organization,18 June 2026
10.1016/j.softx.2016.07.006,SoftwareX,PySpike—A Python library for analyzing spike train synchrony,PySpike,,https://github.com/mariomulansky/PySpike,swh:1:dir:90cd908765a5b7ae1c32040111979ac022b6198e;origin=https://github.com/mariomulansky/PySpike;visit=swh:1:snp:9e195e725b098c438714f68e1eba8fe2cb5f9eff;anchor=swh:1:rev:4e92001d32a15a0a342473a13bc117890f0da85c,2016,Elsevier BV,en,SoftwareX,2352-7110,https://doi.org/10.1016/j.softx.2016.07.006,https://api.crossref.org/works/10.1016/j.softx.2016.07.006,Crossref,https://github.com/ElsevierSoftwareX/SOFTX-D-16-00032,ElsevierSoftwareX GitHub Organization,18 June 2026
10.1016/j.softx.2016.08.001,SoftwareX,FBG_SiMul V1.0: Fibre Bragg grating signal simulation tool for finite element method models,FBG_SiMul,FBG_SiMul V1.0,https://github.com/GilmarPereira/FBG_SiMul,swh:1:dir:6e82b2a7b722e65d4a74f728467c1f8feada35e1;origin=https://github.com/GilmarPereira/FBG_SiMul;visit=swh:1:snp:9ea8344fc9ce1e87201a8026299d1fe49fbc508e;anchor=swh:1:rev:39cc294457a2ecbd48b7a6abb3a6c1ab0e064221,2016,Elsevier BV,en,SoftwareX,2352-7110,https://doi.org/10.1016/j.softx.2016.08.001,https://api.crossref.org/works/10.1016/j.softx.2016.08.001,Crossref,https://github.com/ElsevierSoftwareX/SOFTX-D-16-00034,ElsevierSoftwareX GitHub Organization,18 June 2026
10.1016/j.softx.2016.09.001,SoftwareX,TraSER: A traffic signal event-based recorder,TraSER,TraSER,https://github.com/cliu9/TraSER,swh:1:dir:8b479babeaae3e8f032b4c28a1cff13a6cd2c2ce;origin=https://github.com/cliu9/TraSER;visit=swh:1:snp:1e0e3796d1ae0b37e6d313467d51562e7cf4f86d;anchor=swh:1:rev:48ed69440ed2ac39bb441e4dd7416cee04620343,2016,Elsevier BV,en,SoftwareX,2352-7110,https://doi.org/10.1016/j.softx.2016.09.001,https://api.crossref.org/works/10.1016/j.softx.2016.09.001,Crossref,https://github.com/ElsevierSoftwareX/SOFTX-D-16-00047,ElsevierSoftwareX GitHub Organization,18 June 2026
10.1016/j.softx.2017.04.004,SoftwareX,RCrawler: An R package for parallel web crawling and scraping,Rcrawler,RCrawler,https://github.com/salimk/Rcrawler,swh:1:dir:96d38d7241227ce88a3a597cbec9e56e4a749343;origin=https://github.com/salimk/Rcrawler;visit=swh:1:snp:93b360affe3104412bc3d67cb650cbbec38faa01;anchor=swh:1:rev:9f4d4b59e27357e4e6f77e46107932f49220f663,2017,Elsevier BV,en,SoftwareX,2352-7110,https://doi.org/10.1016/j.softx.2017.04.004,https://api.crossref.org/works/10.1016/j.softx.2017.04.004,Crossref,https://github.com/ElsevierSoftwareX/SOFTX-D-16-00090,ElsevierSoftwareX GitHub Organization,18 June 2026
10.1016/j.softx.2017.02.001,SoftwareX,Qudi: A modular python suite for experiment control and data processing,qudi,Qudi,https://github.com/Ulm-IQO/qudi,swh:1:dir:163f5410bef4c1254a1f5e1b769e99012d7a1423;origin=https://github.com/Ulm-IQO/qudi;visit=swh:1:snp:494fe5aa19a3351f63faf649d4eaae8b1b5673ff;anchor=swh:1:rev:59a183dfccb880ba57e146e6888672354e67b377,2017,Elsevier BV,en,SoftwareX,2352-7110,https://doi.org/10.1016/j.softx.2017.02.001,https://api.crossref.org/works/10.1016/j.softx.2017.02.001,Crossref,https://github.com/ElsevierSoftwareX/SOFTX-D-16-00092,ElsevierSoftwareX GitHub Organization,18 June 2026
10.1016/j.softx.2017.08.007,SoftwareX,OSM-Classic: An optical imaging technique for accurately determining strain,OSM,OSM-Classic,https://github.com/draldric/OSM,swh:1:dir:771f29485fb14eb2b4e935fd4b58c5cde6b1d2b4;origin=https://github.com/draldric/OSM;visit=swh:1:snp:531b3f32f44d606d0590d8d2816ecd43261c1e0f;anchor=swh:1:rev:5d1b4f59b11bcdb0aba209891ef2b60746e466eb,2017,Elsevier BV,en,SoftwareX,2352-7110,https://doi.org/10.1016/j.softx.2017.08.007,https://api.crossref.org/works/10.1016/j.softx.2017.08.007,Crossref,https://github.com/ElsevierSoftwareX/SOFTX-D-16-00091,ElsevierSoftwareX GitHub Organization,18 June 2026
10.1016/j.softx.2017.11.003,SoftwareX,A real-time SIP network simulation and monitoring system,boun-sim,,https://github.com/cagatayyildiz/boun-sim,swh:1:dir:62c9f9873b8e2068089c55418333508f21aa8722;origin=https://github.com/cagatayyildiz/boun-sim;visit=swh:1:snp:9bea54e8208c48fb5dd579fa4bcda2caa2f50c16;anchor=swh:1:rev:216a850eaa1c6902040cf777fe12409c522e4675,2018-07,Elsevier BV,en,SoftwareX,2352-7110,https://doi.org/10.1016/j.softx.2017.11.003,https://api.crossref.org/works/10.1016/j.softx.2017.11.003,Crossref,https://github.com/ElsevierSoftwareX/SOFTX-D-17-00001,ElsevierSoftwareX GitHub Organization,18 June 2026
10.1016/j.softx.2017.10.008,SoftwareX,Genetic Code Analysis Toolkit: A novel tool to explore the coding properties of the genetic code and DNA sequences,genetic-code-analysis-toolkit,Genetic Code Analysis Toolkit,https://github.com/informatik-mannheim/genetic-code-analysis-toolkit,swh:1:dir:2a98f155ce019f8ea4ba4198eb3caadeb6d7b0e8;origin=https://github.com/informatik-mannheim/genetic-code-analysis-toolkit;visit=swh:1:snp:95cd2db5940dcd9df1236a1b1d561ac5542da3b5;anchor=swh:1:rev:0c594c9605e4a1c18803f26235b93cea947d9a4a,2018-01,Elsevier BV,en,SoftwareX,2352-7110,https://doi.org/10.1016/j.softx.2017.10.008,https://api.crossref.org/works/10.1016/j.softx.2017.10.008,Crossref,https://github.com/ElsevierSoftwareX/SOFTX-D-17-00003,ElsevierSoftwareX GitHub Organization,18 June 2026
10.1016/j.softx.2016.10.005,SoftwareX,ASKI: A modular toolbox for scattering-integral-based seismic full waveform inversion and sensitivity analysis utilizing external forward codes,ASKI,ASKI,https://github.com/seismology-RUB/ASKI,swh:1:dir:19c6025979e40ecf81d3f0228444a01a31cab554;origin=https://github.com/seismology-RUB/ASKI;visit=swh:1:snp:22f8cef85d3402bd012dad253f948a98c49e5fdb;anchor=swh:1:rev:9496398b9018d6d8b3ed5b20b8c62ec65ec359bd,2016,Elsevier BV,en,SoftwareX,2352-7110,https://doi.org/10.1016/j.softx.2016.10.005,https://api.crossref.org/works/10.1016/j.softx.2016.10.005,Crossref,https://github.com/ElsevierSoftwareX/SOFTX-D-16-00056,ElsevierSoftwareX GitHub Organization,18 June 2026
10.1016/j.softx.2016.10.004,SoftwareX,INSPECT: A graphical user interface software package for IDARC-2D,INSPECT,INSPECT,https://github.com/alhamaydeh/INSPECT,swh:1:dir:fcb8258f7c7fa1fcc2dac477fbbc33b9ae2dddf8;origin=https://github.com/alhamaydeh/INSPECT;visit=swh:1:snp:7dbb30c5b10d49b4204d1209a656b6476d517f03;anchor=swh:1:rev:1e519a7e279c45c15eae308b404226f4ebc91b65,2016,Elsevier BV,en,SoftwareX,2352-7110,https://doi.org/10.1016/j.softx.2016.10.004,https://api.crossref.org/works/10.1016/j.softx.2016.10.004,Crossref,https://github.com/ElsevierSoftwareX/SOFTX-D-16-00041,ElsevierSoftwareX GitHub Organization,18 June 2026
10.1016/j.softx.2016.08.005,SoftwareX,Badlands: A parallel basin and landscape dynamics model,badlands,Badlands,https://github.com/badlands-model/badlands,swh:1:dir:ccc5c2f5883a8489c3bf652fdfd818f013645b26;origin=https://github.com/badlands-model/badlands;visit=swh:1:snp:5200235734e09959fa071b0dd0985393aaf7a5c1;anchor=swh:1:rev:5cfb741eeb06ba9f80d5cd743f1c86d2c4ec5c06,2016,Elsevier BV,en,SoftwareX,2352-7110,https://doi.org/10.1016/j.softx.2016.08.005,https://api.crossref.org/works/10.1016/j.softx.2016.08.005,Crossref,https://github.com/ElsevierSoftwareX/SOFTX-D-15-00051,ElsevierSoftwareX GitHub Organization,18 June 2026
10.1016/j.softx.2018.05.005,SoftwareX,MergeBathy (2015),MergeBathy_Repos-mergeBathy_CPP,,https://github.com/Sammie-Jo/MergeBathy_Repos-mergeBathy_CPP,swh:1:dir:21f58fe33dc665db592791315d50acc515e7263d;origin=https://github.com/Sammie-Jo/MergeBathy_Repos-mergeBathy_CPP;visit=swh:1:snp:8e1dbce8318df3c2b6df580b185277980ab09438;anchor=swh:1:rev:9996f5ee40e40e892ce5eb77dc4bb67930af4005,2018-01,Elsevier BV,en,SoftwareX,2352-7110,https://doi.org/10.1016/j.softx.2018.05.005,https://api.crossref.org/works/10.1016/j.softx.2018.05.005,Crossref,https://github.com/ElsevierSoftwareX/SOFTX-D-17-00007,ElsevierSoftwareX GitHub Organization,18 June 2026
10.1016/j.softx.2017.09.005,SoftwareX,RmSAT-CFAR: Fast and accurate target detection in radar images,RmSAT-CFAR,RmSAT-CFAR,https://github.com/ati-ozgur/RmSAT-CFAR,swh:1:dir:918d30325fac2159ebbfe38d6e9a33a1fdcd54dc;origin=https://github.com/ati-ozgur/RmSAT-CFAR;visit=swh:1:snp:05cd4b32262b1fd2ec8b22da6abde45f70139e53;anchor=swh:1:rev:f0ac76c2c920c315e252ace3974ea1550a52e757,2018-07,Elsevier BV,en,SoftwareX,2352-7110,https://doi.org/10.1016/j.softx.2017.09.005,https://api.crossref.org/works/10.1016/j.softx.2017.09.005,Crossref,https://github.com/ElsevierSoftwareX/SOFTX-D-17-00008,ElsevierSoftwareX GitHub Organization,18 June 2026
10.1016/j.softx.2017.05.002,SoftwareX,Mr.CAS—A minimalistic (pure) Ruby CAS for fast prototyping and code generation,cas-rb,,https://github.com/MatteoRagni/cas-rb,swh:1:dir:d7d4d3a23c1f021b9fa886c7aa4aeabf784bf5b7;origin=https://github.com/MatteoRagni/cas-rb;visit=swh:1:snp:588a9b9ab85b11682fc511f9d18528829be24f59;anchor=swh:1:rev:16df8c84b8befaf306b64c10480cbdcaac369a96,2017,Elsevier BV,en,SoftwareX,2352-7110,https://doi.org/10.1016/j.softx.2017.05.002,https://api.crossref.org/works/10.1016/j.softx.2017.05.002,Crossref,https://github.com/ElsevierSoftwareX/SOFTX-D-17-00013,ElsevierSoftwareX GitHub Organization,18 June 2026
10.1016/j.softx.2017.09.002,SoftwareX,ConfocalGN: A minimalistic confocal image generator,ConfocalGN,ConfocalGN,https://github.com/SergeDmi/ConfocalGN,swh:1:dir:c97934ae366ca62bb13977fc52d492b612f9fb4c;origin=https://github.com/SergeDmi/ConfocalGN;visit=swh:1:snp:88000094fc2d0a5f198247ac065c633763fcc6c0;anchor=swh:1:rev:1f68789104d442412a8b44d3e3ef1aad4d70c264,2017,Elsevier BV,en,SoftwareX,2352-7110,https://doi.org/10.1016/j.softx.2017.09.002,https://api.crossref.org/works/10.1016/j.softx.2017.09.002,Crossref,https://github.com/ElsevierSoftwareX/SOFTX-D-17-00018,ElsevierSoftwareX GitHub Organization,18 June 2026
10.1016/j.softx.2018.08.003,SoftwareX,Audur—A platform for synchrophasor-based power system wide-area control system implementation,Audur,,https://github.com/ALSETLab/Audur,swh:1:dir:3c92d761c53f708b0503aafeac55b06bb3b63b2f;origin=https://github.com/ALSETLab/Audur;visit=swh:1:snp:1b2caeaea339f036baeb4a4e31a098215cb5468b;anchor=swh:1:rev:677a9454ad04b3cbf543d9cbee9a226301c326e0,2018-01,Elsevier BV,en,SoftwareX,2352-7110,https://doi.org/10.1016/j.softx.2018.08.003,https://api.crossref.org/works/10.1016/j.softx.2018.08.003,Crossref,https://github.com/ElsevierSoftwareX/SOFTX-D-17-00019,ElsevierSoftwareX GitHub Organization,18 June 2026
10.1016/j.softx.2017.12.006,SoftwareX,"FAIMS Mobile: Flexible, open-source software for field research",faims-android,FAIMS Mobile,https://github.com/FAIMS/faims-android,swh:1:dir:1a14c3b403d85c49eb6eb81989cb81b4a7885bea;origin=https://github.com/FAIMS/faims-android;visit=swh:1:snp:afe7b682406f7a2cd79a7a63b1a859585557afd0;anchor=swh:1:rev:b3b6aeb1981e0dd04ea6c9a44cd30f8556453ac2,2018-01,Elsevier BV,en,SoftwareX,2352-7110,https://doi.org/10.1016/j.softx.2017.12.006,https://api.crossref.org/works/10.1016/j.softx.2017.12.006,Crossref,https://github.com/ElsevierSoftwareX/SOFTX-D-17-00021,ElsevierSoftwareX GitHub Organization,18 June 2026
10.1016/j.softx.2017.07.007,SoftwareX,Hermes: Seamless delivery of containerized bioinformatics workflows in hybrid cloud (HTC) environments,Hermes,Hermes,https://github.com/akintsakis/Hermes,swh:1:dir:df109fd331e61a2b88c464a214e61d65dde67a01;origin=https://github.com/akintsakis/Hermes;visit=swh:1:snp:018fd538ec7ccc4a86c5274e4e9f1b6a6faffb3b;anchor=swh:1:rev:e9a89fda889726c5d4123ca38fc10e12101be199,2017,Elsevier BV,en,SoftwareX,2352-7110,https://doi.org/10.1016/j.softx.2017.07.007,https://api.crossref.org/works/10.1016/j.softx.2017.07.007,Crossref,https://github.com/ElsevierSoftwareX/SOFTX-D-17-00022,ElsevierSoftwareX GitHub Organization,18 June 2026
10.1016/j.softx.2017.02.002,SoftwareX,PAPARA(ZZ)I: An open-source software interface for annotating photographs of the deep-sea,PAPARA-ZZ-I,PAPARA(ZZ)I,https://github.com/PAPARA-ZZ-I/PAPARA-ZZ-I,swh:1:dir:8dd2a7cd139140a0eee7d7a7dd50784bfbcdc17b;origin=https://github.com/PAPARA-ZZ-I/PAPARA-ZZ-I;visit=swh:1:snp:2b7b35074394106897a2f40ee9fc7c96dcd8f4ca;anchor=swh:1:rev:2aea41262c6fdc4b58b0cd71093452642ab0611b,2017,Elsevier BV,en,SoftwareX,2352-7110,https://doi.org/10.1016/j.softx.2017.02.002,https://api.crossref.org/works/10.1016/j.softx.2017.02.002,Crossref,https://github.com/ElsevierSoftwareX/SOFTX-D-16-00015,ElsevierSoftwareX GitHub Organization,18 June 2026
10.1016/j.softx.2016.12.006,SoftwareX,galkin: A new compilation of Milky Way rotation curve data,galkin,galkin,https://github.com/galkintool/galkin,swh:1:dir:7a55b427288326d9ec9b6417758436bbc78ee1cc;origin=https://github.com/galkintool/galkin;visit=swh:1:snp:811bec362dc9f476b4cb4084eb9cf8580e63f6a5;anchor=swh:1:rev:ef9c4eab254cf28a1ef269c6a8b07fa494578479,2017,Elsevier BV,en,SoftwareX,2352-7110,https://doi.org/10.1016/j.softx.2016.12.006,https://api.crossref.org/works/10.1016/j.softx.2016.12.006,Crossref,https://github.com/ElsevierSoftwareX/SOFTX-D-16-00063,ElsevierSoftwareX GitHub Organization,18 June 2026
10.1016/j.softx.2017.01.001,SoftwareX,proportion: A comprehensive R package for inference on single Binomial proportion and Bayesian computations,proportion,proportion,https://github.com/RajeswaranV/proportion,swh:1:dir:3c8012c6056941a0ea8230643285e4f310348266;origin=https://github.com/RajeswaranV/proportion;visit=swh:1:snp:473474f44db0de6f4495ceb3cd3e3000dd0e5220;anchor=swh:1:rev:607df40d3726bfc8699ca7aa690a9728786cf832,2017,Elsevier BV,en,SoftwareX,2352-7110,https://doi.org/10.1016/j.softx.2017.01.001,https://api.crossref.org/works/10.1016/j.softx.2017.01.001,Crossref,https://github.com/ElsevierSoftwareX/SOFTX-D-16-00020,ElsevierSoftwareX GitHub Organization,18 June 2026
10.1016/j.softx.2016.12.004,SoftwareX,CodaNorm: A software package for the body-wave attenuation calculation by the coda-normalization method,CodaNorm,CodaNorm,https://github.com/cormorant/CodaNorm,swh:1:dir:5d89b1ee1616f57675ff2bd61c05ae48361e87ac;origin=https://github.com/cormorant/CodaNorm;visit=swh:1:snp:3f1a1b833566703d43e8d1ba2dc4456a2eba3023;anchor=swh:1:rev:9c46665719f2d854e47ce9dc3aa4a70a6e6addb7,2017,Elsevier BV,en,SoftwareX,2352-7110,https://doi.org/10.1016/j.softx.2016.12.004,https://api.crossref.org/works/10.1016/j.softx.2016.12.004,Crossref,https://github.com/ElsevierSoftwareX/SOFTX-D-15-00038,ElsevierSoftwareX GitHub Organization,18 June 2026
10.1016/j.softx.2017.06.007,SoftwareX,Little AI: Playing a constructivist robot,IOS-AImergence,Little AI,https://github.com/OlivierGeorgeon/IOS-AImergence,swh:1:dir:267476741747be500e51cd302cabd42c1749a804;origin=https://github.com/OlivierGeorgeon/IOS-AImergence;visit=swh:1:snp:52030e7c3034941314d0045cceee60a8b716b343;anchor=swh:1:rev:e727893713768c1ebb17c5a40cb5cd7cecea9ea5,2017,Elsevier BV,en,SoftwareX,2352-7110,https://doi.org/10.1016/j.softx.2017.06.007,https://api.crossref.org/works/10.1016/j.softx.2017.06.007,Crossref,https://github.com/ElsevierSoftwareX/SOFTX-D-17-00023,ElsevierSoftwareX GitHub Organization,18 June 2026
10.1016/j.softx.2017.07.002,SoftwareX,Particle-based and meshless methods with Aboria,Aboria,,https://github.com/aboria/Aboria,swh:1:dir:c02cdd1fa39d51a074181db45f35a32a9d85a1db;origin=https://github.com/aboria/Aboria;visit=swh:1:snp:caeda43eb52e276e97537227ac695f730e37165c;anchor=swh:1:rev:4ffdeb114b801b5e420595baeba5701625981fb5,2017,Elsevier BV,en,SoftwareX,2352-7110,https://doi.org/10.1016/j.softx.2017.07.002,https://api.crossref.org/works/10.1016/j.softx.2017.07.002,Crossref,https://github.com/ElsevierSoftwareX/SOFTX-D-17-00029,ElsevierSoftwareX GitHub Organization,18 June 2026
10.1016/j.softx.2017.07.005,SoftwareX,featsel: A framework for benchmarking of feature selection algorithms and cost functions,featsel,featsel,https://github.com/msreis/featsel,swh:1:dir:ac1f522ccc7bb655643fc4c87b396275b53f06dd;origin=https://github.com/msreis/featsel;visit=swh:1:snp:fc39f8b46a71a0e77bb76304965834010c61ac65;anchor=swh:1:rev:507f406c44a499a9bda70b4a011865d99cd20b5f,2017,Elsevier BV,en,SoftwareX,2352-7110,https://doi.org/10.1016/j.softx.2017.07.005,https://api.crossref.org/works/10.1016/j.softx.2017.07.005,Crossref,https://github.com/ElsevierSoftwareX/SOFTX-D-17-00031,ElsevierSoftwareX GitHub Organization,18 June 2026
10.1016/j.softx.2017.05.001,SoftwareX,Discrete element modeling of deformable particles in YADE,trunk,,https://github.com/gladk/trunk,swh:1:dir:69682ca766835fb1c03d602167de5bcc7b01bf4b;origin=https://github.com/gladk/trunk;visit=swh:1:snp:d84d0d27ba373215dcf957383f736035c58181ac;anchor=swh:1:rev:dac8c473aa841fa7aeb5c9e2b1602175643ef21f,2017,Elsevier BV,en,SoftwareX,2352-7110,https://doi.org/10.1016/j.softx.2017.05.001,https://api.crossref.org/works/10.1016/j.softx.2017.05.001,Crossref,https://github.com/ElsevierSoftwareX/SOFTX-D-16-00098,ElsevierSoftwareX GitHub Organization,18 June 2026
10.1016/j.softx.2017.04.005,SoftwareX,MY SIRR: Minimalist agro-hYdrological model for Sustainable IRRigation management—Soil moisture and crop dynamics,MYSIRR,MY SIRR,https://github.com/raffalba/MYSIRR,swh:1:dir:5ac7506f1cbf5d7af72f93ae49e94c33e31f3301;origin=https://github.com/raffalba/MYSIRR;visit=swh:1:snp:15746fa8b3ac93d095905afa30d559138ff2eedf;anchor=swh:1:rev:c025b33bc6e4a4c993976de20ebc70fb22016b76,2017,Elsevier BV,en,SoftwareX,2352-7110,https://doi.org/10.1016/j.softx.2017.04.005,https://api.crossref.org/works/10.1016/j.softx.2017.04.005,Crossref,https://github.com/ElsevierSoftwareX/SOFTX-D-15-00079,ElsevierSoftwareX GitHub Organization,18 June 2026
10.1016/j.softx.2017.06.002,SoftwareX,"Update 1.5 to “Takin: An open-source software for experiment planning, visualisation, and data analysis”, (PII: S2352711016300152)",takin,Update 1.5 to “Takin,https://github.com/t-weber/takin,swh:1:dir:328d6fccb94d692d0cf0f7602cf081d81beb467f;origin=https://github.com/t-weber/takin;visit=swh:1:snp:0bb76047c2d35a1caebef053379bde6236de56e4;anchor=swh:1:rev:7a196c4b4abcdbf811c7ce74ee84c8e189de0f3d,2017,Elsevier BV,en,SoftwareX,2352-7110,https://doi.org/10.1016/j.softx.2017.06.002,https://api.crossref.org/works/10.1016/j.softx.2017.06.002,Crossref,https://github.com/ElsevierSoftwareX/SOFTX-D-17-00033,ElsevierSoftwareX GitHub Organization,18 June 2026
10.1016/j.softx.2017.07.001,SoftwareX,eRDF Analyser: An interactive GUI for electron reduced density function analysis,MATLABv1,eRDF Analyser,https://github.com/eRDFAnalyser/MATLABv1,swh:1:dir:cfae3b708a433e6aebeb7993a89625220e769f23;origin=https://github.com/eRDFAnalyser/MATLABv1;visit=swh:1:snp:eaffd61bd4ababbc2e19f6b9e32c37dac8d5c040;anchor=swh:1:rev:9f536b01a82acf7fe69ee1b58d7d60d8eecaaa90,2017,Elsevier BV,en,SoftwareX,2352-7110,https://doi.org/10.1016/j.softx.2017.07.001,https://api.crossref.org/works/10.1016/j.softx.2017.07.001,Crossref,https://github.com/ElsevierSoftwareX/SOFTX-D-17-00005,ElsevierSoftwareX GitHub Organization,18 June 2026
10.1016/j.softx.2017.07.006,SoftwareX,ASAS: Computational code for Analysis and Simulation of Atomic Spectra,ASAS,ASAS,https://github.com/JhonathaRicardo/ASAS,swh:1:dir:1375834c3a23a974108778b1863c460df4bb0c75;origin=https://github.com/JhonathaRicardo/ASAS;visit=swh:1:snp:bf46b66c857888dff3723a3a4dfed39d001b4997;anchor=swh:1:rev:e98c962cc494d35fd11882644d57772d959383eb,2017,Elsevier BV,en,SoftwareX,2352-7110,https://doi.org/10.1016/j.softx.2017.07.006,https://api.crossref.org/works/10.1016/j.softx.2017.07.006,Crossref,https://github.com/ElsevierSoftwareX/SOFTX-D-16-00062,ElsevierSoftwareX GitHub Organization,18 June 2026
10.1016/j.softx.2017.08.002,SoftwareX,BabelFish—Tools for IEEE C37.118.2-compliant real-time synchrophasor data mediation,BabelFish,,https://github.com/ALSETLab/BabelFish,swh:1:dir:02f1220447bb89d9e2c94f6fcb931b6b7454b571;origin=https://github.com/ALSETLab/BabelFish;visit=swh:1:snp:46ef0dafaa6e7fd6680f6f8a382241c3837f8530;anchor=swh:1:rev:81800989c961b45c9c1b9b19fda2d675037cf5fb,2017,Elsevier BV,en,SoftwareX,2352-7110,https://doi.org/10.1016/j.softx.2017.08.002,https://api.crossref.org/works/10.1016/j.softx.2017.08.002,Crossref,https://github.com/ElsevierSoftwareX/SOFTX-D-16-00050,ElsevierSoftwareX GitHub Organization,18 June 2026
10.1016/j.softx.2017.08.003,SoftwareX,Efficient software platform TFSAP 7.1 and Matlab package to compute Time–Frequency Distributions and related Time-Scale methods with extraction of signal characteristics,TFSAP-7.1-software-package,,https://github.com/Prof-Boualem-Boashash/TFSAP-7.1-software-package,swh:1:dir:df46c80e10dfd6df27131abd2d9afd3a172cedc5;origin=https://github.com/Prof-Boualem-Boashash/TFSAP-7.1-software-package;visit=swh:1:snp:cd5cb06eb7ce28f86d65432cbeec4fdf85229d8b;anchor=swh:1:rev:c8e30acae4aab28ab5e95a9a2c1075e891a881c0,2018-07,Elsevier BV,en,SoftwareX,2352-7110,https://doi.org/10.1016/j.softx.2017.08.003,https://api.crossref.org/works/10.1016/j.softx.2017.08.003,Crossref,https://github.com/ElsevierSoftwareX/SOFTX-D-17-00059,ElsevierSoftwareX GitHub Organization,18 June 2026
10.1016/j.softx.2017.08.005,SoftwareX,Mathematica code for numerical generation of random process with given distribution and exponential autocorrelation function,sde_exp_acf,,https://github.com/bykhov/sde_exp_acf,swh:1:dir:1de9b09f5502827df1541b53f93e988a04e5e0c2;origin=https://github.com/bykhov/sde_exp_acf;visit=swh:1:snp:34c2507891bdb09f96d7e60ceda0ade120b13c4a;anchor=swh:1:rev:8e57654944f2aa28235dbbc1dc3c6b707a14ddf7,2018-07,Elsevier BV,en,SoftwareX,2352-7110,https://doi.org/10.1016/j.softx.2017.08.005,https://api.crossref.org/works/10.1016/j.softx.2017.08.005,Crossref,https://github.com/ElsevierSoftwareX/SOFTX-D-17-00057,ElsevierSoftwareX GitHub Organization,18 June 2026
10.1016/j.softx.2017.08.004,SoftwareX,NeuroSpeech,NeuroSpeech,,https://github.com/jcvasquezc/NeuroSpeech,swh:1:dir:348dafb9b6d459fbb9b93d89ae1714384a47e495;origin=https://github.com/jcvasquezc/NeuroSpeech;visit=swh:1:snp:ceb20a437566b9a8e86d9c8692cfb9bd0082c14f;anchor=swh:1:rev:cc42801296fc5175618511522ebfd5ecc3a4b3d0,2018-07,Elsevier BV,en,SoftwareX,2352-7110,https://doi.org/10.1016/j.softx.2017.08.004,https://api.crossref.org/works/10.1016/j.softx.2017.08.004,Crossref,https://github.com/ElsevierSoftwareX/SOFTX-D-17-00058,ElsevierSoftwareX GitHub Organization,18 June 2026
10.1016/j.softx.2017.09.006,SoftwareX,Fast wavelet transform assisted predictors of streaming time series,DSPX_Fast_wavelet_transform_assisted_predictors_of_streaming_time_series,,https://github.com/marcoStocchi/DSPX_Fast_wavelet_transform_assisted_predictors_of_streaming_time_series,swh:1:dir:adbca08eb9f4f8a96968817a07611dae010777b4;origin=https://github.com/marcoStocchi/DSPX_Fast_wavelet_transform_assisted_predictors_of_streaming_time_series;visit=swh:1:snp:248c59dfe20e7c93730ac8d43ef0ccef08b9d92b;anchor=swh:1:rev:26ea4135805961e3fdae9e899c2148874998de22,2018-07,Elsevier BV,en,SoftwareX,2352-7110,https://doi.org/10.1016/j.softx.2017.09.006,https://api.crossref.org/works/10.1016/j.softx.2017.09.006,Crossref,https://github.com/ElsevierSoftwareX/SOFTX-D-17-00070,ElsevierSoftwareX GitHub Organization,18 June 2026
10.1016/j.softx.2017.04.003,SoftwareX,CompSim: Cross sectional modeling of geometrical complex and inhomogeneous slender structures,compsim,CompSim,https://github.com/tashuri/compsim,swh:1:dir:9ce13021974ff035eb2f724deb1c84b5faf01e7f;origin=https://github.com/tashuri/compsim;visit=swh:1:snp:8a84519fab4ce541395446f43506809ddae33e17;anchor=swh:1:rev:dfabb3f4f6107ca1f69907de8a04fe3663481ba7,2017,Elsevier BV,en,SoftwareX,2352-7110,https://doi.org/10.1016/j.softx.2017.04.003,https://api.crossref.org/works/10.1016/j.softx.2017.04.003,Crossref,https://github.com/ElsevierSoftwareX/SOFTX-D-16-00046,ElsevierSoftwareX GitHub Organization,18 June 2026
10.1016/j.softx.2017.10.003,SoftwareX,Software for objective comparison of vocal acoustic features over weeks of audio recording: KLFromRecordingDays,KLFromRecordingDays,,https://github.com/soderstromk/KLFromRecordingDays,swh:1:dir:94c461df04e02ed91f0aafc2002dcd8396d2238f;origin=https://github.com/soderstromk/KLFromRecordingDays;visit=swh:1:snp:446eb10b6b40e1f0e693e7ab4f7cd8afb5108f5d;anchor=swh:1:rev:d39e80d8b5c453daf9c3c3a5c68f715dec66e9c4,2017,Elsevier BV,en,SoftwareX,2352-7110,https://doi.org/10.1016/j.softx.2017.10.003,https://api.crossref.org/works/10.1016/j.softx.2017.10.003,Crossref,https://github.com/ElsevierSoftwareX/SOFTX-D-17-00050,ElsevierSoftwareX GitHub Organization,18 June 2026
10.1016/j.softx.2017.10.006,SoftwareX,JDFTx: Software for joint density-functional theory,jdftx,JDFTx,https://github.com/shankar1729/jdftx,swh:1:dir:c30f75fc49dfced75cddabe36e9624138f17b212;origin=https://github.com/shankar1729/jdftx;visit=swh:1:snp:54811b3f93a6b1c9b0d4f06fdfe6262aa8c9821e;anchor=swh:1:rev:fdf00f71752f036bcf8f98b38b6d4d505364a5ac,2017,Elsevier BV,en,SoftwareX,2352-7110,https://doi.org/10.1016/j.softx.2017.10.006,https://api.crossref.org/works/10.1016/j.softx.2017.10.006,Crossref,https://github.com/ElsevierSoftwareX/SOFTX-D-17-00063,ElsevierSoftwareX GitHub Organization,18 June 2026
10.1016/j.softx.2017.11.006,SoftwareX,Multiresolution alignment for multiple unsynchronized audio sequences using Sequential Monte Carlo samplers,Multiple-Audio-Alignment,,https://github.com/dogacbasaran/Multiple-Audio-Alignment,swh:1:dir:3ffd36a06b4a56fd66a2f5d02b438f86358b5e85;origin=https://github.com/dogacbasaran/Multiple-Audio-Alignment;visit=swh:1:snp:3dda411a739d00790461aeadb0431356e653c14e;anchor=swh:1:rev:34147b910efb612d21f812d288c64813251207d9,2018-07,Elsevier BV,en,SoftwareX,2352-7110,https://doi.org/10.1016/j.softx.2017.11.006,https://api.crossref.org/works/10.1016/j.softx.2017.11.006,Crossref,https://github.com/ElsevierSoftwareX/SOFTX-D-17-00088,ElsevierSoftwareX GitHub Organization,18 June 2026
10.1016/j.softx.2017.11.007,SoftwareX,"Deconvolution using Fourier Transform phase, ℓ 1 and ℓ 2 balls, and filtered variation",Deconvolution,,https://github.com/onuryorulmaz/Deconvolution,swh:1:dir:3eb2786a63b9346acf572a3b8aaaa017704d1eba;origin=https://github.com/onuryorulmaz/Deconvolution;visit=swh:1:snp:70c511a415df98d67e1bc85711f77347746c41d0;anchor=swh:1:rev:253ccc4775a5484970deadd18f0e9c9c7260e471,2018-07,Elsevier BV,en,SoftwareX,2352-7110,https://doi.org/10.1016/j.softx.2017.11.007,https://api.crossref.org/works/10.1016/j.softx.2017.11.007,Crossref,https://github.com/ElsevierSoftwareX/SOFTX-D-17-00092,ElsevierSoftwareX GitHub Organization,18 June 2026
10.1016/j.softx.2017.12.003,SoftwareX,ICF: An algorithm for large scale classification with conic functions,CIOL-ICF,ICF,https://github.com/emrecimen/CIOL-ICF,swh:1:dir:b42f6162f8748db3552ebdbe1e14af17add448f8;origin=https://github.com/emrecimen/CIOL-ICF;visit=swh:1:snp:ec92815964c11b240345f0524bbe79a60ecfb0f4;anchor=swh:1:rev:01916b6331d7b823341c51d30b6d41c1da5093ff,2018-07,Elsevier BV,en,SoftwareX,2352-7110,https://doi.org/10.1016/j.softx.2017.12.003,https://api.crossref.org/works/10.1016/j.softx.2017.12.003,Crossref,https://github.com/ElsevierSoftwareX/SOFTX-D-17-00094,ElsevierSoftwareX GitHub Organization,18 June 2026
10.1016/j.softx.2017.12.005,SoftwareX,ETCAL - A versatile and extendable library for eye tracker calibration,etcal,ETCAL,https://github.com/kasprowski/etcal,swh:1:dir:75039d46f15269aeda3ef70769734cfbc67f59d5;origin=https://github.com/kasprowski/etcal;visit=swh:1:snp:527c62bdcd0f0b2c9019a8b2b88c32fa4333c1f3;anchor=swh:1:rev:0c6a14412df3ef1872ed488d0ee4f199ea1ebd8f,2018-07,Elsevier BV,en,SoftwareX,2352-7110,https://doi.org/10.1016/j.softx.2017.12.005,https://api.crossref.org/works/10.1016/j.softx.2017.12.005,Crossref,https://github.com/ElsevierSoftwareX/SOFTX-D-17-00095,ElsevierSoftwareX GitHub Organization,18 June 2026
10.1016/j.softx.2017.12.002,SoftwareX,Multisensor Time–Frequency Signal Processing MATLAB package: An analysis tool for multichannel non-stationary data,MTFSP_Software_package,,https://github.com/Prof-Boualem-Boashash/MTFSP_Software_package,swh:1:dir:ccab4985b2976246558f997eee7ee82b0fd9fda0;origin=https://github.com/Prof-Boualem-Boashash/MTFSP_Software_package;visit=swh:1:snp:8de41afc48694b5d839021606932627fbb754ba6;anchor=swh:1:rev:17eec45171641f71e15a2819d01bbabf57b1facd,2018-07,Elsevier BV,en,SoftwareX,2352-7110,https://doi.org/10.1016/j.softx.2017.12.002,https://api.crossref.org/works/10.1016/j.softx.2017.12.002,Crossref,https://github.com/ElsevierSoftwareX/SOFTX-D-17-00097,ElsevierSoftwareX GitHub Organization,18 June 2026
10.1016/j.softx.2017.12.001,SoftwareX,Q6: A comprehensive toolkit for empirical valence bond and related free energy calculations,Q6,Q6,https://github.com/qusers/Q6,swh:1:dir:06fa610ac6abff31964e12d8b96351d4219ead1b;origin=https://github.com/qusers/Q6;visit=swh:1:snp:541f292ef64857ac2e3a4885d159032241bdea54;anchor=swh:1:rev:5052ebe188f8a10a1a96094b61a7386f0e694bb2,2018-01,Elsevier BV,en,SoftwareX,2352-7110,https://doi.org/10.1016/j.softx.2017.12.001,https://api.crossref.org/works/10.1016/j.softx.2017.12.001,Crossref,https://github.com/ElsevierSoftwareX/SOFTX-D-17-00065,ElsevierSoftwareX GitHub Organization,18 June 2026
10.1016/j.softx.2017.04.001,SoftwareX,MGtoolkit: A python package for implementing metagraphs,mgtoolkit,MGtoolkit,https://github.com/dinesharanathunga/mgtoolkit,swh:1:dir:fba4afcc9af4f60ba04568800dff3632016d4a04;origin=https://github.com/dinesharanathunga/mgtoolkit;visit=swh:1:snp:42ed1f21d20782cf0656e110de28b72efc12a833;anchor=swh:1:rev:325815672a7edfd2c40fd55b29cd9cc1055c58a1,2017,Elsevier BV,en,SoftwareX,2352-7110,https://doi.org/10.1016/j.softx.2017.04.001,https://api.crossref.org/works/10.1016/j.softx.2017.04.001,Crossref,https://github.com/ElsevierSoftwareX/SOFTX-D-17-00014,ElsevierSoftwareX GitHub Organization,18 June 2026
10.1016/j.softx.2018.01.003,SoftwareX,SIR—An efficient solver for systems of equations,SIR,,https://github.com/kfli/SIR,swh:1:dir:433e2d085e8c8dec271fb81b948400e438ac0c55;origin=https://github.com/kfli/SIR;visit=swh:1:snp:155d62cf298d7c3b09661cf69ef27c2ee13bfc37;anchor=swh:1:rev:3fb7208c07a4dc6223cf7f46629ae8a370ee8e60,2018-01,Elsevier BV,en,SoftwareX,2352-7110,https://doi.org/10.1016/j.softx.2018.01.003,https://api.crossref.org/works/10.1016/j.softx.2018.01.003,Crossref,https://github.com/ElsevierSoftwareX/SOFTX-D-17-00039,ElsevierSoftwareX GitHub Organization,18 June 2026
10.1016/j.softx.2017.10.004,SoftwareX,TopoZeko: A MATLAB function for 3-D and 4-D topographical visualization in geosciences,TopoZeko,TopoZeko,https://github.com/zekollari/TopoZeko,swh:1:dir:6ac6f2e8c8a5a9d0be64fdd0f8550b4271f5d4f6;origin=https://github.com/zekollari/TopoZeko;visit=swh:1:snp:03525ad97632944cf59a871350d6c1c40aaf1b2c;anchor=swh:1:rev:bf850dceabdce46929e41a9f9a4eba01799366e2,2017,Elsevier BV,en,SoftwareX,2352-7110,https://doi.org/10.1016/j.softx.2017.10.004,https://api.crossref.org/works/10.1016/j.softx.2017.10.004,Crossref,https://github.com/ElsevierSoftwareX/SOFTX-D-16-00059,ElsevierSoftwareX GitHub Organization,18 June 2026
10.1016/j.softx.2017.10.009,SoftwareX,OpenSeesPy: Python library for the OpenSees finite element framework,OpenSeesInterpreter,OpenSeesPy,https://github.com/fmckenna/OpenSeesInterpreter,swh:1:dir:3d56c1889daa2ce7d6a4301a8b4bcf1fac8cad59;origin=https://github.com/fmckenna/OpenSeesInterpreter;visit=swh:1:snp:360a257d2f9291b7a4691053b0fb4d76ac01921b;anchor=swh:1:rev:b7aa03d0243dce5fa3c79e53a753ceb871926908,2018-01,Elsevier BV,en,SoftwareX,2352-7110,https://doi.org/10.1016/j.softx.2017.10.009,https://api.crossref.org/works/10.1016/j.softx.2017.10.009,Crossref,https://github.com/ElsevierSoftwareX/SOFTX-D-17-00072,ElsevierSoftwareX GitHub Organization,18 June 2026
10.1016/j.softx.2018.02.001,SoftwareX,AutoCNet: A Python library for sparse multi-image correspondence identification for planetary data,autocnet,AutoCNet,https://github.com/kree/autocnet,swh:1:dir:7f9ac9dde48abfb992329d376eda1f674a7dc8f6;origin=https://github.com/kree/autocnet;visit=swh:1:snp:141320a475e67acc38e62b89ac554f86cd2157a7;anchor=swh:1:rev:3cc29457c855697ce616e642e1564b15443fc242,2018-01,Elsevier BV,en,SoftwareX,2352-7110,https://doi.org/10.1016/j.softx.2018.02.001,https://api.crossref.org/works/10.1016/j.softx.2018.02.001,Crossref,https://github.com/ElsevierSoftwareX/SOFTX-D-17-00073,ElsevierSoftwareX GitHub Organization,18 June 2026
10.1016/j.softx.2018.02.002,SoftwareX,"FacetModeller: Software for manual creation, manipulation and analysis of 3D surface-based models",facetmodeller,FacetModeller,https://github.com/pglelievre/facetmodeller,swh:1:dir:e37759bad4bf20a1dc4ca11dde547ded25052669;origin=https://github.com/pglelievre/facetmodeller;visit=swh:1:snp:f134e994667d5b12a81fe94ee23a2b103ea4d37f;anchor=swh:1:rev:81c42d68eb5cd242dec5b1956e3c743d7aeece70,2018-01,Elsevier BV,en,SoftwareX,2352-7110,https://doi.org/10.1016/j.softx.2018.02.002,https://api.crossref.org/works/10.1016/j.softx.2018.02.002,Crossref,https://github.com/ElsevierSoftwareX/SOFTX-D-17-00091,ElsevierSoftwareX GitHub Organization,18 June 2026
10.1016/j.softx.2018.02.003,SoftwareX,MICA: Multiple interval-based curve alignment,MICA,MICA,https://github.com/BackofenLab/MICA,swh:1:dir:47c6c4c80b21e5e30cbc22d911aa875488eb380d;origin=https://github.com/BackofenLab/MICA;visit=swh:1:snp:4f75650b31bf7cfa81bb35d26f1a1bb6a85276a0;anchor=swh:1:rev:4bbcabd8a016fe06d73cf6a499ba010a116fa2f2,2018-01,Elsevier BV,en,SoftwareX,2352-7110,https://doi.org/10.1016/j.softx.2018.02.003,https://api.crossref.org/works/10.1016/j.softx.2018.02.003,Crossref,https://github.com/ElsevierSoftwareX/SOFTX-D-17-00055,ElsevierSoftwareX GitHub Organization,18 June 2026
10.1016/j.softx.2018.02.004,SoftwareX,"LUMA: A many-core, Fluid–Structure Interaction solver based on the Lattice-Boltzmann Method",LUMA,LUMA,https://github.com/cfdemons/LUMA,swh:1:dir:27d06065990e440a5c2a2e148a78b992bc61bb59;origin=https://github.com/cfdemons/LUMA;visit=swh:1:snp:55f372a93c1037a25f5ca284d5da5435960314a6;anchor=swh:1:rev:5a5aa19d72056b88ff61359bdd396cbacd31e7a2,2018-01,Elsevier BV,en,SoftwareX,2352-7110,https://doi.org/10.1016/j.softx.2018.02.004,https://api.crossref.org/works/10.1016/j.softx.2018.02.004,Crossref,https://github.com/ElsevierSoftwareX/SOFTX-D-18-00007,ElsevierSoftwareX GitHub Organization,18 June 2026
10.1016/j.softx.2018.03.003,SoftwareX,QALMA: A computational toolkit for the analysis of quality protocols for medical linear accelerators in radiation therapy,qalma,QALMA,https://github.com/mrmushfiq/qalma,swh:1:dir:5bacf81e9968a28f573c5e57ca6cacbb74b57283;origin=https://github.com/mrmushfiq/qalma;visit=swh:1:snp:a96525bab1757766dff3d2a731c40921f5c7ab2a;anchor=swh:1:rev:e1d4a66839c99afb5307daee062ae2e827ea7d5c,2018-01,Elsevier BV,en,SoftwareX,2352-7110,https://doi.org/10.1016/j.softx.2018.03.003,https://api.crossref.org/works/10.1016/j.softx.2018.03.003,Crossref,https://github.com/ElsevierSoftwareX/SOFTX-D-17-00089,ElsevierSoftwareX GitHub Organization,18 June 2026
10.1016/j.softx.2018.03.006,SoftwareX,libVersioningCompiler: An easy-to-use library for dynamic generation and invocation of multiple code versions,libVersioningCompiler,libVersioningCompiler,https://github.com/skeru/libVersioningCompiler,swh:1:dir:50b87a3bf12d9a01abd174afc2bd5cb46f381253;origin=https://github.com/skeru/libVersioningCompiler;visit=swh:1:snp:046058ab5bbe660c1d0659dc6aec25e346db939a;anchor=swh:1:rev:b085535f83dc051edeede68905d2eca6f5cdd65c,2018-01,Elsevier BV,en,SoftwareX,2352-7110,https://doi.org/10.1016/j.softx.2018.03.006,https://api.crossref.org/works/10.1016/j.softx.2018.03.006,Crossref,https://github.com/ElsevierSoftwareX/SOFTX-D-17-00040,ElsevierSoftwareX GitHub Organization,18 June 2026
10.1016/j.softx.2018.04.002,SoftwareX,DLTPulseGenerator: A library for the simulation of lifetime spectra based on detector-output pulses,DLTPulseGenerator,DLTPulseGenerator,https://github.com/dpscience/DLTPulseGenerator,swh:1:dir:263c7163b148d078971972a144b7a4e5d39bb399;origin=https://github.com/dpscience/DLTPulseGenerator;visit=swh:1:snp:e0384ec07da3391038df29b235646d44920b93c4;anchor=swh:1:rev:15d30e3d12c2ec768aa39c3d8ab66cb79ac86744,2018-01,Elsevier BV,en,SoftwareX,2352-7110,https://doi.org/10.1016/j.softx.2018.04.002,https://api.crossref.org/works/10.1016/j.softx.2018.04.002,Crossref,https://github.com/ElsevierSoftwareX/SOFTX-D-17-00077,ElsevierSoftwareX GitHub Organization,18 June 2026
10.1016/j.softx.2018.04.006,SoftwareX,"MobiQ: A modular Android application for collecting social interaction, repeated survey, GPS and photographic data",MobiQ-survey-app,MobiQ,https://github.com/suleimanyerima/MobiQ-survey-app,swh:1:dir:211e192a70111b30a01440713eab8d54b3f31be4;origin=https://github.com/suleimanyerima/MobiQ-survey-app;visit=swh:1:snp:cb4e9eab6f6ec1308aab99a408dd728f5832a761;anchor=swh:1:rev:5dd96ec15b6f63e6c955cc80738a2249efaf8008,2018-01,Elsevier BV,en,SoftwareX,2352-7110,https://doi.org/10.1016/j.softx.2018.04.006,https://api.crossref.org/works/10.1016/j.softx.2018.04.006,Crossref,https://github.com/ElsevierSoftwareX/SOFTX-D-16-00014,ElsevierSoftwareX GitHub Organization,18 June 2026
10.1016/j.softx.2018.04.004,SoftwareX,MIDAS: Open-source framework for distributed online analysis of data streams,midas,MIDAS,https://github.com/bwrc/midas,swh:1:dir:a4f4c55c58b29242751251e0ea760a9cff0893a7;origin=https://github.com/bwrc/midas;visit=swh:1:snp:f64cae240b73f2f5fb85079e2cb3bbb785aaa7f8;anchor=swh:1:rev:634172864bc5d862b74e66f58c85cfc7bb2ed77a,2018-01,Elsevier BV,en,SoftwareX,2352-7110,https://doi.org/10.1016/j.softx.2018.04.004,https://api.crossref.org/works/10.1016/j.softx.2018.04.004,Crossref,https://github.com/ElsevierSoftwareX/SOFTX-D-16-00010,ElsevierSoftwareX GitHub Organization,18 June 2026
10.1016/j.softx.2018.05.003,SoftwareX,"TomoPhantom, a software package to generate 2D–4D analytical phantoms for CT image reconstruction algorithm benchmarks",TomoPhantom,,https://github.com/dkazanc/TomoPhantom,swh:1:dir:5a6a00e36427288aa29d157c1aa1d2e2ff8a3498;origin=https://github.com/dkazanc/TomoPhantom;visit=swh:1:snp:46ea6112a38626d4c867449883268e220122ca62;anchor=swh:1:rev:b75287a9706750951f8194902346ad91f7129064,2018-01,Elsevier BV,en,SoftwareX,2352-7110,https://doi.org/10.1016/j.softx.2018.05.003,https://api.crossref.org/works/10.1016/j.softx.2018.05.003,Crossref,https://github.com/ElsevierSoftwareX/SOFTX_2018_19,ElsevierSoftwareX GitHub Organization,18 June 2026
10.1016/j.softx.2018.04.005,SoftwareX,IASM: Individualized activity space modeler,-IASM,IASM,https://github.com/kamyar68/-IASM,swh:1:dir:0d0ee4c3e940c78c41c045eedeefb3847da28a55;origin=https://github.com/kamyar68/-IASM;visit=swh:1:snp:371e22b43f605cf0896a1bfb5c9502b177a34906;anchor=swh:1:rev:fc0928c750a458f7f39fe1f567218ad6d002f0b6,2018-01,Elsevier BV,en,SoftwareX,2352-7110,https://doi.org/10.1016/j.softx.2018.04.005,https://api.crossref.org/works/10.1016/j.softx.2018.04.005,Crossref,https://github.com/ElsevierSoftwareX/SOFTX_2018_35,ElsevierSoftwareX GitHub Organization,18 June 2026
10.1016/j.softx.2018.02.005,SoftwareX,The Durham Adaptive Optics Simulation Platform (DASP): Current status,dasp,,https://github.com/agb32/dasp,swh:1:dir:c69ae153af553927f34721b769983cdb293d7b40;origin=https://github.com/agb32/dasp;visit=swh:1:snp:d64db37d29792751d2b9b776556d510c565902bf;anchor=swh:1:rev:c98455cfc96aecefbfd93e8dc0601b22b2e256b0,2018-01,Elsevier BV,en,SoftwareX,2352-7110,https://doi.org/10.1016/j.softx.2018.02.005,https://api.crossref.org/works/10.1016/j.softx.2018.02.005,Crossref,https://github.com/ElsevierSoftwareX/SOFTX-D-18-00002,ElsevierSoftwareX GitHub Organization,18 June 2026
10.1016/j.softx.2018.07.004,SoftwareX,The eclipse integrated computational environment,ice,,https://github.com/eclipse-archived/ice,swh:1:dir:2f903aee06a5473c336cd8c24a7a24d056d525c7;origin=https://github.com/eclipse-archived/ice;visit=swh:1:snp:a7e7729ad77ad8d9c8e523296df2ecd78f25fd98;anchor=swh:1:rev:4a728292ba0662b74bc0ef4f5b5cc6c7e97a4e49,2018-01,Elsevier BV,en,SoftwareX,2352-7110,https://doi.org/10.1016/j.softx.2018.07.004,https://api.crossref.org/works/10.1016/j.softx.2018.07.004,Crossref,https://github.com/ElsevierSoftwareX/SOFTX-D-17-00043,ElsevierSoftwareX GitHub Organization,18 June 2026
10.1016/j.softx.2018.07.005,SoftwareX,SPGM: A Scalable PaleoGeomorphology Model,spgm,SPGM,https://github.com/geojunky/spgm,swh:1:dir:86e752261b31a473e5ef56ef72822306d29c792f;origin=https://github.com/geojunky/spgm;visit=swh:1:snp:820b2ca92755292dd12921008582f27c0e79f55a;anchor=swh:1:rev:02b01895a7e9bfbfdb5f314cb3aabeb99eb8ff65,2018-01,Elsevier BV,en,SoftwareX,2352-7110,https://doi.org/10.1016/j.softx.2018.07.005,https://api.crossref.org/works/10.1016/j.softx.2018.07.005,Crossref,https://github.com/ElsevierSoftwareX/SOFTX-D-16-00021,ElsevierSoftwareX GitHub Organization,18 June 2026
10.1016/j.softx.2018.07.002,SoftwareX,"From source code to publication: Code Diary, an automatic documentation parser for SAS",code-diary-sas,From source code to publication,https://github.com/VaccineAndDrugEvaluationCentre/code-diary-sas,swh:1:dir:5ff13e615931a71b73e865d474d4a7ee3758d037;origin=https://github.com/VaccineAndDrugEvaluationCentre/code-diary-sas;visit=swh:1:snp:213b5e675afa2551db6c7fe9412e058f9565e093;anchor=swh:1:rev:67ec87261e70c1533cb4996c1189f6084bdf5a1e,2018-01,Elsevier BV,en,SoftwareX,2352-7110,https://doi.org/10.1016/j.softx.2018.07.002,https://api.crossref.org/works/10.1016/j.softx.2018.07.002,Crossref,https://github.com/ElsevierSoftwareX/SOFTX_2018_45,ElsevierSoftwareX GitHub Organization,18 June 2026
10.1016/j.softx.2018.07.006,SoftwareX,EvoDyn-3s: A Mathematica computable document to analyze evolutionary dynamics in 3-strategy games,EvoDyn-3s,EvoDyn-3s,https://github.com/luis-r-izquierdo/EvoDyn-3s,swh:1:dir:951762a40ed7eb2bb8ebdb13718522ffd5c42419;origin=https://github.com/luis-r-izquierdo/EvoDyn-3s;visit=swh:1:snp:591daf734d429aaa3004c09864f4533720f45d9a;anchor=swh:1:rev:52a65fd99be6799677d800e5f3dfff0696cfba8d,2018-01,Elsevier BV,en,SoftwareX,2352-7110,https://doi.org/10.1016/j.softx.2018.07.006,https://api.crossref.org/works/10.1016/j.softx.2018.07.006,Crossref,https://github.com/ElsevierSoftwareX/SOFTX_2018_63,ElsevierSoftwareX GitHub Organization,18 June 2026
10.1016/j.softx.2018.08.004,SoftwareX,Shk-9: A new tool in approach of glycoprotein annotation,shk9,Shk-9,https://github.com/loutfouz/shk9,swh:1:dir:b575364a7baead0e3e4b53e52c23346f77300b1f;origin=https://github.com/loutfouz/shk9;visit=swh:1:snp:67e6a16021d12fc34e44c0514939bf5ec04ff69c;anchor=swh:1:rev:d90a324f6f42161a447cd0efaea689c4a2059cf8,2018-01,Elsevier BV,en,SoftwareX,2352-7110,https://doi.org/10.1016/j.softx.2018.08.004,https://api.crossref.org/works/10.1016/j.softx.2018.08.004,Crossref,https://github.com/ElsevierSoftwareX/SOFTX-D-17-00079,ElsevierSoftwareX GitHub Organization,18 June 2026
10.1016/j.softx.2018.07.008,SoftwareX,RelaxPy: Python code for modeling of glass relaxation behavior,RelaxPy,RelaxPy,https://github.com/Mauro-Glass-Group/RelaxPy,swh:1:dir:ebb0d59705ae0d9bb466dff4335213ce04ae1d3c;origin=https://github.com/Mauro-Glass-Group/RelaxPy;visit=swh:1:snp:838a0d610684722e47e40566e0e7de40c739123f;anchor=swh:1:rev:94f9cda4cb504b402afe3f9062ae0f4f8403be47,2018-01,Elsevier BV,en,SoftwareX,2352-7110,https://doi.org/10.1016/j.softx.2018.07.008,https://api.crossref.org/works/10.1016/j.softx.2018.07.008,Crossref,https://github.com/ElsevierSoftwareX/SOFTX_2018_90,ElsevierSoftwareX GitHub Organization,18 June 2026
10.1016/j.softx.2017.05.004,SoftwareX,"solveTruss v1.0: Static, global buckling and frequency analysis of 2D and 3D trusses with Mathematica",solveTruss,solveTruss v1.0,https://github.com/ozbasaran/solveTruss,swh:1:dir:72ad31e5769b31675b6f00856ce1025b2fa8c984;origin=https://github.com/ozbasaran/solveTruss;visit=swh:1:snp:83982ac6196a8081ff638209e48446667d410416;anchor=swh:1:rev:2f54e217bda694f6c97a7d0ebf6935f63541cb24,2017,Elsevier BV,en,SoftwareX,2352-7110,https://doi.org/10.1016/j.softx.2017.05.004,https://api.crossref.org/works/10.1016/j.softx.2017.05.004,Crossref,https://github.com/ElsevierSoftwareX/SOFTX-D-17-00010,ElsevierSoftwareX GitHub Organization,18 June 2026
10.1016/j.softx.2018.09.001,SoftwareX,Web interface for reflectivity fitting,web_reflectivity,,https://github.com/neutrons/web_reflectivity,swh:1:dir:d8ca41c05e687910bbd8938cce9420f5ca5214eb;origin=https://github.com/neutrons/web_reflectivity;visit=swh:1:snp:f8784541b65d53af23c0cf21cdfbfb372c8184f6;anchor=swh:1:rev:b0a9d76f61582036e31e9d7fab6a4f4f9c47a8fc,2018-01,Elsevier BV,en,SoftwareX,2352-7110,https://doi.org/10.1016/j.softx.2018.09.001,https://api.crossref.org/works/10.1016/j.softx.2018.09.001,Crossref,https://github.com/ElsevierSoftwareX/SOFTX_2018_44,ElsevierSoftwareX GitHub Organization,18 June 2026
10.1016/j.softx.2018.09.003,SoftwareX,SimPrily: A Python framework to simplify high-throughput genomic simulations,SimPrily,SimPrily,https://github.com/agladstein/SimPrily,swh:1:dir:9565f363a6f3270e335817ac39241eb4c6acbdd6;origin=https://github.com/agladstein/SimPrily;visit=swh:1:snp:b9d6db8a6162aebf356b01d3fe895a0455258ece;anchor=swh:1:rev:8c08dbfcb53f2b9827498c0227384f8c52e085b9,2018-01,Elsevier BV,en,SoftwareX,2352-7110,https://doi.org/10.1016/j.softx.2018.09.003,https://api.crossref.org/works/10.1016/j.softx.2018.09.003,Crossref,https://github.com/ElsevierSoftwareX/SOFTX_2018_97,ElsevierSoftwareX GitHub Organization,18 June 2026
10.1016/j.softx.2018.09.006,SoftwareX,multiflexxlib: A Python package for data reduction and visualization for the cold-neutron multi energy wide angle analyzer MultiFLEXX,multiflexxlib,multiflexxlib,https://github.com/sq-meng/multiflexxlib,swh:1:dir:d3106a4d671abb1f67c3cfdcc44efd52f7fc9f04;origin=https://github.com/sq-meng/multiflexxlib;visit=swh:1:snp:5b964398afec048a3c4c91f763167e989ba2cedc;anchor=swh:1:rev:736685d989c0ed1e8673c6e2b4767dd26a5f6848,2018-01,Elsevier BV,en,SoftwareX,2352-7110,https://doi.org/10.1016/j.softx.2018.09.006,https://api.crossref.org/works/10.1016/j.softx.2018.09.006,Crossref,https://github.com/ElsevierSoftwareX/SOFTX_2018_81,ElsevierSoftwareX GitHub Organization,18 June 2026
10.1016/j.softx.2018.10.001,SoftwareX,Sleep monitor: A tool for monitoring and categorical scoring of lying position using 3D camera data,sleepMonitor,Sleep monitor,https://github.com/EdithCowan/sleepMonitor,swh:1:dir:1ca631b4b258f2c442382557bdf94dea935dd0a8;origin=https://github.com/EdithCowan/sleepMonitor;visit=swh:1:snp:ea578457c8805cda0dc457b84cd05e82ca6b9a90;anchor=swh:1:rev:e31a9f89bb4e90e81436249e173d1ebb01346c11,2018-01,Elsevier BV,en,SoftwareX,2352-7110,https://doi.org/10.1016/j.softx.2018.10.001,https://api.crossref.org/works/10.1016/j.softx.2018.10.001,Crossref,https://github.com/ElsevierSoftwareX/SOFTX_2018_83,ElsevierSoftwareX GitHub Organization,18 June 2026
10.1016/j.softx.2018.09.007,SoftwareX,Heatrapy: A flexible Python framework for computing dynamic heat transfer processes involving caloric effects in 1.5D systems,heatrapy,Heatrapy,https://github.com/djsilva99/heatrapy,swh:1:dir:4276cc354af4d6d07f94ee6760653a265bd79247;origin=https://github.com/djsilva99/heatrapy;visit=swh:1:snp:fd73fcfe5bc906fdce4cfe60e17960d8ede44b6d;anchor=swh:1:rev:1720a89e1d7863872a184d6e7d60c3684fe54c0e,2018-01,Elsevier BV,en,SoftwareX,2352-7110,https://doi.org/10.1016/j.softx.2018.09.007,https://api.crossref.org/works/10.1016/j.softx.2018.09.007,Crossref,https://github.com/ElsevierSoftwareX/SOFTX_2018_105,ElsevierSoftwareX GitHub Organization,18 June 2026
10.1016/j.softx.2018.09.005,SoftwareX,pyEIT: A python based framework for Electrical Impedance Tomography,pyEIT,pyEIT,https://github.com/eitcom/pyEIT,swh:1:dir:da5f195ba55dcff374894b568cc87c1876a6feb3;origin=https://github.com/eitcom/pyEIT;visit=swh:1:snp:fde4a1ffed5f92b85b3368db5d2aaf8bdcc5a2f3;anchor=swh:1:rev:3ed2fca70cb64178b3ccb7fcb6d6b11080719eff,2018-01,Elsevier BV,en,SoftwareX,2352-7110,https://doi.org/10.1016/j.softx.2018.09.005,https://api.crossref.org/works/10.1016/j.softx.2018.09.005,Crossref,https://github.com/ElsevierSoftwareX/SOFTX_2018_114,ElsevierSoftwareX GitHub Organization,18 June 2026
10.1016/j.softx.2018.09.004,SoftwareX,deal2lkit: A toolkit library for high performance programming in deal.II,deal2lkit,deal2lkit,https://github.com/mathLab/deal2lkit,swh:1:dir:f2af3d5311bb50786a3dafcd6f2be13922f61dc4;origin=https://github.com/mathLab/deal2lkit;visit=swh:1:snp:d0f594bffb1ae2ec9dfb64bc8a425b124920d0cb;anchor=swh:1:rev:a0a7c707c0b58bc71d9f807e9041cf62aebb2f33,2018-01,Elsevier BV,en,SoftwareX,2352-7110,https://doi.org/10.1016/j.softx.2018.09.004,https://api.crossref.org/works/10.1016/j.softx.2018.09.004,Crossref,https://github.com/ElsevierSoftwareX/SOFTX-D-16-00065,ElsevierSoftwareX GitHub Organization,18 June 2026
10.1016/j.softx.2018.10.002,SoftwareX,"OpenGJK for C, C# and Matlab: Reliable solutions to distance queries between convex bodies in three-dimensional space",openGJK,"OpenGJK for C, C# and Matlab",https://github.com/MattiaMontanari/openGJK,swh:1:dir:c1f45b1dd89e5b603fe2438c5f89a325dbec1c92;origin=https://github.com/MattiaMontanari/openGJK;visit=swh:1:snp:f4a533adf5719d68819dbcdb9f92a3158cdb1f43;anchor=swh:1:rev:855c5c0480d53d789d1475e9358e756fcfd9b9b1,2018-01,Elsevier BV,en,SoftwareX,2352-7110,https://doi.org/10.1016/j.softx.2018.10.002,https://api.crossref.org/works/10.1016/j.softx.2018.10.002,Crossref,https://github.com/ElsevierSoftwareX/SOFTX_2018_38,ElsevierSoftwareX GitHub Organization,18 June 2026
10.1016/j.softx.2018.11.001,SoftwareX,QMC-SW: A simple workflow for quantum Monte Carlo calculations in chemistry,QMC-snakemake-workflow,QMC-SW,https://github.com/Konjkov/QMC-snakemake-workflow,swh:1:dir:38e8cd29ea561cc8f279b7a78203afdae0725d7d;origin=https://github.com/Konjkov/QMC-snakemake-workflow;visit=swh:1:snp:ef4baaae9b4440f9844527d03e3cd578dd1543b4;anchor=swh:1:rev:7550ea31e9d1401be64abb186fccc5abbd23fc45,2019-01,Elsevier BV,en,SoftwareX,2352-7110,https://doi.org/10.1016/j.softx.2018.11.001,https://api.crossref.org/works/10.1016/j.softx.2018.11.001,Crossref,https://github.com/ElsevierSoftwareX/SOFTX_2018_190,ElsevierSoftwareX GitHub Organization,18 June 2026
10.1016/j.softx.2018.11.006,SoftwareX,alphaBetaLab: Automatic estimation of subscale transparencies for the Unresolved Obstacles Source Term in ocean wave modelling,alphaBetaLab,alphaBetaLab,https://github.com/menta78/alphaBetaLab,swh:1:dir:6ad1504dbbd02d26a4d1ab73116d47d518076203;origin=https://github.com/menta78/alphaBetaLab;visit=swh:1:snp:e45e538e1b60fb61e857fc07d27097ef98a3ba4b;anchor=swh:1:rev:1c0617e2d45a5e5d9dec13ebbe899a4768372061,2019-01,Elsevier BV,en,SoftwareX,2352-7110,https://doi.org/10.1016/j.softx.2018.11.006,https://api.crossref.org/works/10.1016/j.softx.2018.11.006,Crossref,https://github.com/ElsevierSoftwareX/SOFTX_2018_119,ElsevierSoftwareX GitHub Organization,18 June 2026
10.1016/j.softx.2018.11.003,SoftwareX,pyBIMstab: Application software for 2D slope stability analysis of block-in-matrix and homogeneous materials,pyBIMstab,pyBIMstab,https://github.com/eamontoyaa/pyBIMstab,swh:1:dir:21e76130c29da435fc6490e52783803cd10c0d27;origin=https://github.com/eamontoyaa/pyBIMstab;visit=swh:1:snp:87269536a37dc592c6b43017faf684be7808c126;anchor=swh:1:rev:ca13d23379c60453e1df53c6d3849902e3c600e0,2018-01,Elsevier BV,en,SoftwareX,2352-7110,https://doi.org/10.1016/j.softx.2018.11.003,https://api.crossref.org/works/10.1016/j.softx.2018.11.003,Crossref,https://github.com/ElsevierSoftwareX/SOFTX_2018_137,ElsevierSoftwareX GitHub Organization,18 June 2026
10.1016/j.softx.2018.12.003,SoftwareX,Collaboration between SAML federations and OpenStack clouds,openstack-horizon-shibboleth,,https://github.com/burgosz/openstack-horizon-shibboleth,swh:1:dir:5124849b6db042169c2c967f7b374d5d12b475c3;origin=https://github.com/burgosz/openstack-horizon-shibboleth;visit=swh:1:snp:f3534a405548bdcd02a0831ea9bceba39efb34b0;anchor=swh:1:rev:adcd7e456d0150edc8db7d5e677384896adf76a2,2019-01,Elsevier BV,en,SoftwareX,2352-7110,https://doi.org/10.1016/j.softx.2018.12.003,https://api.crossref.org/works/10.1016/j.softx.2018.12.003,Crossref,https://github.com/ElsevierSoftwareX/SOFTX-D-17-00009,ElsevierSoftwareX GitHub Organization,18 June 2026
10.1016/j.softx.2018.11.004,SoftwareX,Fully hydro-mechanical coupled Plug-in (SUB+) in FEFLOW for analysis of land subsidence due to groundwater extraction,Subsidence_Feflow,,https://github.com/pham-hung/Subsidence_Feflow,swh:1:dir:d87eaed9ae6076c5a77b7a4d6c5f04fe506b3a79;origin=https://github.com/pham-hung/Subsidence_Feflow;visit=swh:1:snp:0f34721fe3da313cc43f8041b37feeea2ce46784;anchor=swh:1:rev:178f031a9b05ec4f52d6df63f4bd1637bb5804c5,2019-01,Elsevier BV,en,SoftwareX,2352-7110,https://doi.org/10.1016/j.softx.2018.11.004,https://api.crossref.org/works/10.1016/j.softx.2018.11.004,Crossref,https://github.com/ElsevierSoftwareX/SOFTX_2018_104,ElsevierSoftwareX GitHub Organization,18 June 2026
10.1016/j.softx.2018.11.005,SoftwareX,GOMC: GPU Optimized Monte Carlo for the simulation of phase equilibria and physical properties of complex fluids,GOMC,GOMC,https://github.com/GOMC-WSU/GOMC,swh:1:dir:bf89c71a4a142a961074c77cfa61ba3699adab8a;origin=https://github.com/GOMC-WSU/GOMC;visit=swh:1:snp:5a11379a00c0ce4936e78ecc4f8ce1b288d2e554;anchor=swh:1:rev:785c2ceb6dc402b165906928452e4938b86eef04,2019-01,Elsevier BV,en,SoftwareX,2352-7110,https://doi.org/10.1016/j.softx.2018.11.005,https://api.crossref.org/works/10.1016/j.softx.2018.11.005,Crossref,https://github.com/ElsevierSoftwareX/SOFTX_2018_93,ElsevierSoftwareX GitHub Organization,18 June 2026
10.1016/j.softx.2018.11.007,SoftwareX,Json-GUI—A module for the dynamic generation of form-based web interfaces,json-gui,,https://github.com/portalTS/json-gui,swh:1:dir:a4d461022e8127f066cc199a3fd694e23e19595d;origin=https://github.com/portalTS/json-gui;visit=swh:1:snp:f483d79c18e295a0c542e8d70eb0403c6b37c524;anchor=swh:1:rev:4f2fdcd99462209d88d4edad23b7dba86199d831,2019-01,Elsevier BV,en,SoftwareX,2352-7110,https://doi.org/10.1016/j.softx.2018.11.007,https://api.crossref.org/works/10.1016/j.softx.2018.11.007,Crossref,https://github.com/ElsevierSoftwareX/SOFTX_2018_32,ElsevierSoftwareX GitHub Organization,18 June 2026
10.1016/j.softx.2018.12.006,SoftwareX,VECTORS — VidEo Communication Through Opportunistic Relays and Scalable video coding,Vectors,VECTORS,https://github.com/swifiic/Vectors,swh:1:dir:74309f671f058a033cd07b9ac1176c176d6d164d;origin=https://github.com/swifiic/Vectors;visit=swh:1:snp:6f655d9029a734f7576be5065fbb78d28b1372a9;anchor=swh:1:rev:12f97b19d326276f59bad5c9d1941c0c8b886bc4,2019-01,Elsevier BV,en,SoftwareX,2352-7110,https://doi.org/10.1016/j.softx.2018.12.006,https://api.crossref.org/works/10.1016/j.softx.2018.12.006,Crossref,https://github.com/ElsevierSoftwareX/SOFTX_2018_67,ElsevierSoftwareX GitHub Organization,18 June 2026
10.1016/j.softx.2019.01.008,SoftwareX,ForestSim: Spatially explicit agent-based modeling of non-industrial forest owner policies,forestsim,ForestSim,https://github.com/forestsim-mtu/forestsim,swh:1:dir:d697ff64b3bbdc622593ee948061b47c01ae7c65;origin=https://github.com/forestsim-mtu/forestsim;visit=swh:1:snp:603d739a3de2a9dc008b21d7132e7adafca713f0;anchor=swh:1:rev:b42729594297afe08f461a2db3b17b5ae5df5560,2019-01,Elsevier BV,en,SoftwareX,2352-7110,https://doi.org/10.1016/j.softx.2019.01.008,https://api.crossref.org/works/10.1016/j.softx.2019.01.008,Crossref,https://github.com/ElsevierSoftwareX/SOFTX_2018_200,ElsevierSoftwareX GitHub Organization,18 June 2026
10.1016/j.softx.2019.01.015,SoftwareX,SP-Wax: Solid–liquid equilibrium thermodynamic modeling software for paraffinic systems,sp-wax,SP-Wax,https://github.com/epmmko/sp-wax,swh:1:dir:7a4537eae0cf37ff59dee57be09065d25126667d;origin=https://github.com/epmmko/sp-wax;visit=swh:1:snp:a3b7047f79aa4fbd47aecaae6b2a868bbd396fb0;anchor=swh:1:rev:214845e427650562407ba50ae2ec049b325dbf95,2019-01,Elsevier BV,en,SoftwareX,2352-7110,https://doi.org/10.1016/j.softx.2019.01.015,https://api.crossref.org/works/10.1016/j.softx.2019.01.015,Crossref,https://github.com/ElsevierSoftwareX/SOFTX_2018_207,ElsevierSoftwareX GitHub Organization,18 June 2026
10.1016/j.softx.2019.01.006,SoftwareX,"MALTA: A calculator for estimating the coverage with shRNA, CRISPR, and cDNA libraries",MALTA,MALTA,https://github.com/emptyewer/MALTA,swh:1:dir:8c8243692d262395d07380cbf470da5918bd976b;origin=https://github.com/emptyewer/MALTA;visit=swh:1:snp:daa054beab3ceca71df89b22198a21fb8d698485;anchor=swh:1:rev:ebfef9c9aaae4ddad1bda48d3822bc534157d37f,2019-01,Elsevier BV,en,SoftwareX,2352-7110,https://doi.org/10.1016/j.softx.2019.01.006,https://api.crossref.org/works/10.1016/j.softx.2019.01.006,Crossref,https://github.com/ElsevierSoftwareX/SOFTX_2018_106,ElsevierSoftwareX GitHub Organization,18 June 2026
10.1016/j.softx.2019.01.007,SoftwareX,EOF-Library: Open-source Elmer FEM and OpenFOAM coupler for electromagnetics and fluid dynamics,EOF-Library,EOF-Library,https://github.com/jvencels/EOF-Library,swh:1:dir:63d82d6b8d60c9812f8ee27935216f7a694335ad;origin=https://github.com/jvencels/EOF-Library;visit=swh:1:snp:bfb6372b157782860d418e09b6adf7b11bf9b3a0;anchor=swh:1:rev:925c0211ef887425aac21e8c672e24ae343f9435,2019-01,Elsevier BV,en,SoftwareX,2352-7110,https://doi.org/10.1016/j.softx.2019.01.007,https://api.crossref.org/works/10.1016/j.softx.2019.01.007,Crossref,https://github.com/ElsevierSoftwareX/SOFTX_2018_185,ElsevierSoftwareX GitHub Organization,18 June 2026
10.1016/j.softx.2019.01.001,SoftwareX,ExWave: A high performance discontinuous Galerkin solver for the acoustic wave equation,exwave,ExWave,https://github.com/kronbichler/exwave,swh:1:dir:da16157c60bdd9391a6d190e180c1f9a97e4f6a0;origin=https://github.com/kronbichler/exwave;visit=swh:1:snp:3ed446c803ca9e5dd514bf11e1c6a8454d99b5e6;anchor=swh:1:rev:97000e8234f41c6cdd7ccd46ffb37979dd922644,2019-01,Elsevier BV,en,SoftwareX,2352-7110,https://doi.org/10.1016/j.softx.2019.01.001,https://api.crossref.org/works/10.1016/j.softx.2019.01.001,Crossref,https://github.com/ElsevierSoftwareX/SOFTX_2018_172,ElsevierSoftwareX GitHub Organization,18 June 2026
10.1016/j.softx.2019.01.016,SoftwareX,PyGran: An object-oriented library for DEM simulation and analysis,pygran,PyGran,https://github.com/anabiman/pygran,swh:1:dir:9083a159992a6d157cbef2285de6947a41a5bdc9;origin=https://github.com/anabiman/pygran;visit=swh:1:snp:23922f788ad90784aa8f9b0585aff3326b30da4f;anchor=swh:1:rev:3dc8b713b2f1c5ad228063b4492c252b751054be,2019-01,Elsevier BV,en,SoftwareX,2352-7110,https://doi.org/10.1016/j.softx.2019.01.016,https://api.crossref.org/works/10.1016/j.softx.2019.01.016,Crossref,https://github.com/ElsevierSoftwareX/SOFTX_2018_84,ElsevierSoftwareX GitHub Organization,18 June 2026
10.1016/j.softx.2019.02.001,SoftwareX,NDECOAX: A software package for nondestructive evaluation of stratified dielectric media,NDECOAX,NDECOAX,https://github.com/shoparmathur/NDECOAX,swh:1:dir:c64459323a1b881db84abbf6fc15275f25577a55;origin=https://github.com/shoparmathur/NDECOAX;visit=swh:1:snp:f2aa9e53f39c4d01b2ab06042377bbe83814593c;anchor=swh:1:rev:80f32ca867e6bf6c604beb950270b0b56fc6364f,2019-01,Elsevier BV,en,SoftwareX,2352-7110,https://doi.org/10.1016/j.softx.2019.02.001,https://api.crossref.org/works/10.1016/j.softx.2019.02.001,Crossref,https://github.com/ElsevierSoftwareX/SOFTX_2018_197,ElsevierSoftwareX GitHub Organization,18 June 2026
10.1016/j.softx.2018.12.005,SoftwareX,NURBS-Python: An open-source object-oriented NURBS modeling framework in Python,NURBS-Python,NURBS-Python,https://github.com/orbingol/NURBS-Python,swh:1:dir:979a4822888322f441954cd5e3619e7e19342d9d;origin=https://github.com/orbingol/NURBS-Python;visit=swh:1:snp:d17cbca437e8ab9bdb6579414520994bf371f47a;anchor=swh:1:rev:314a59c1c6eeb1273f1bac73898e521a075b9181,2019-01,Elsevier BV,en,SoftwareX,2352-7110,https://doi.org/10.1016/j.softx.2018.12.005,https://api.crossref.org/works/10.1016/j.softx.2018.12.005,Crossref,https://github.com/ElsevierSoftwareX/SOFTX_2018_148,ElsevierSoftwareX GitHub Organization,18 June 2026
10.1016/j.softx.2019.01.005,SoftwareX,"NeuTomPy toolbox, a Python package for tomographic data processing and reconstruction",NeuTomPy-toolbox,,https://github.com/dmici/NeuTomPy-toolbox,swh:1:dir:b3fc19e6163996c8fb31b87fb37f3fec60d8e8c7;origin=https://github.com/dmici/NeuTomPy-toolbox;visit=swh:1:snp:42aa6f2f2063616ba080a5cbab3bb86349b97a1f;anchor=swh:1:rev:09cde02dc888a3847962b65f5e7cbbeeb9d76977,2019-01,Elsevier BV,en,SoftwareX,2352-7110,https://doi.org/10.1016/j.softx.2019.01.005,https://api.crossref.org/works/10.1016/j.softx.2019.01.005,Crossref,https://github.com/ElsevierSoftwareX/SOFTX_2018_179,ElsevierSoftwareX GitHub Organization,18 June 2026
10.1016/j.softx.2019.02.010,SoftwareX,HexagDLy—Processing hexagonally sampled data with CNNs in PyTorch,hexagdly,,https://github.com/ai4iacts/hexagdly,swh:1:dir:21d43486767fc97c8b77f24acb109f19a6b3168f;origin=https://github.com/ai4iacts/hexagdly;visit=swh:1:snp:3edc872d0cc100faa7d0c1d3c4bb31d6c1cfb85c;anchor=swh:1:rev:7754993bde8f9173d5647f090fa6f91839e6af27,2019-01,Elsevier BV,en,SoftwareX,2352-7110,https://doi.org/10.1016/j.softx.2019.02.010,https://api.crossref.org/works/10.1016/j.softx.2019.02.010,Crossref,https://github.com/ElsevierSoftwareX/SOFTX_2018_240,ElsevierSoftwareX GitHub Organization,18 June 2026
10.1016/j.softx.2019.02.005,SoftwareX,TBTK: A quantum mechanics software development kit,TBTK,TBTK,https://github.com/dafer45/TBTK,swh:1:dir:c737c11de655b8f4bd7ca0e04672d25928dad96c;origin=https://github.com/dafer45/TBTK;visit=swh:1:snp:50a90b028cb44533e8917163fa6e14242dcf3a89;anchor=swh:1:rev:17587ee65940fca314e758c0e1f33af3ed290df0,2019-01,Elsevier BV,en,SoftwareX,2352-7110,https://doi.org/10.1016/j.softx.2019.02.005,https://api.crossref.org/works/10.1016/j.softx.2019.02.005,Crossref,https://github.com/ElsevierSoftwareX/SOFTX_2018_138,ElsevierSoftwareX GitHub Organization,18 June 2026
10.1016/j.softx.2019.02.009,SoftwareX,Evoplex: A platform for agent-based modeling on networks,evoplex,Evoplex,https://github.com/evoplex/evoplex,swh:1:dir:6f054e73140f9b242772b411fd53269d9ba5389a;origin=https://github.com/evoplex/evoplex;visit=swh:1:snp:53fc35133885ff71a43fff3fa4ead980ea9866a7;anchor=swh:1:rev:c6e78af5fb0d2fc5a5ce7b02e5e4ec61de8934b6,2019-01,Elsevier BV,en,SoftwareX,2352-7110,https://doi.org/10.1016/j.softx.2019.02.009,https://api.crossref.org/works/10.1016/j.softx.2019.02.009,Crossref,https://github.com/ElsevierSoftwareX/SOFTX_2018_211,ElsevierSoftwareX GitHub Organization,18 June 2026
10.1016/j.softx.2019.03.003,SoftwareX,"SimApi, a smartgrid co-simulation software platform for benchmarking building control algorithms",SimApi,,https://github.com/UCD-ElectricityResearchCenter/SimApi,swh:1:dir:7a119c755df83eb62f05f4de11d7d3b0252b58d4;origin=https://github.com/UCD-ElectricityResearchCenter/SimApi;visit=swh:1:snp:be8d85b8c0d5be729357d56f666d50862352ff3a;anchor=swh:1:rev:fe31d43f8f81684700664c2e0b039a95578b2b90,2019-01,Elsevier BV,en,SoftwareX,2352-7110,https://doi.org/10.1016/j.softx.2019.03.003,https://api.crossref.org/works/10.1016/j.softx.2019.03.003,Crossref,https://github.com/ElsevierSoftwareX/SOFTX_2018_29,ElsevierSoftwareX GitHub Organization,18 June 2026
10.1016/j.softx.2019.03.002,SoftwareX,ART_data_analyzer: Automating parallelized computations to study the evolution of materials,ART_data_analyzer,ART_data_analyzer,https://github.com/liangtianumich/ART_data_analyzer,swh:1:dir:3167c22f9db6051190082d75a731c47dab49fb81;origin=https://github.com/liangtianumich/ART_data_analyzer;visit=swh:1:snp:2af5f3cf7867fef3fc85f6b13f891895b6125871;anchor=swh:1:rev:a47aaf5417e4e4c37fc92b1bda0c94f10fa06eec,2019-01,Elsevier BV,en,SoftwareX,2352-7110,https://doi.org/10.1016/j.softx.2019.03.002,https://api.crossref.org/works/10.1016/j.softx.2019.03.002,Crossref,https://github.com/ElsevierSoftwareX/SOFTX_2018_251,ElsevierSoftwareX GitHub Organization,18 June 2026
10.1016/j.softx.2019.02.007,SoftwareX,Usiigaci: Instance-aware cell tracking in stain-free phase contrast microscopy enabled by machine learning,Usiigaci,Usiigaci,https://github.com/oist/Usiigaci,swh:1:dir:963241c9624ff016efea9e16beb4e2ed61a8a438;origin=https://github.com/oist/Usiigaci;visit=swh:1:snp:d43c9641e81a521d784b24d44fb686fe84db1e55;anchor=swh:1:rev:9501d80c747cf82870dd596818fcf5c28c94d733,2019-01,Elsevier BV,en,SoftwareX,2352-7110,https://doi.org/10.1016/j.softx.2019.02.007,https://api.crossref.org/works/10.1016/j.softx.2019.02.007,Crossref,https://github.com/ElsevierSoftwareX/SOFTX_2018_158,ElsevierSoftwareX GitHub Organization,18 June 2026
10.1016/j.softx.2018.12.001,SoftwareX,PECT: A tool for computing the temporal and spatial variation of externalities related to power generation in the United States,electricityandenvironment,PECT,https://github.com/SSESLab/electricityandenvironment,swh:1:dir:7f1c2a7b1a1c95bddef85bf2df8806040b6cb340;origin=https://github.com/SSESLab/electricityandenvironment;visit=swh:1:snp:0e46df7d08ce48ca53391c4aa11cbf1da1411e01;anchor=swh:1:rev:4a19286465c5c7f726bb044200b66deaaf121ff1,2019-01,Elsevier BV,en,SoftwareX,2352-7110,https://doi.org/10.1016/j.softx.2018.12.001,https://api.crossref.org/works/10.1016/j.softx.2018.12.001,Crossref,https://github.com/ElsevierSoftwareX/SOFTX_2018_30,ElsevierSoftwareX GitHub Organization,18 June 2026
10.1016/j.softx.2019.03.008,SoftwareX,"FMC—Earthquake focal mechanisms data management, cluster and classification",FMC,,https://github.com/Jose-Alvarez/FMC,swh:1:dir:72a8cc0b34f51d4b5a21a413068cbca313952e61;origin=https://github.com/Jose-Alvarez/FMC;visit=swh:1:snp:20db38f53424b6f4ad1b2a500c1baeb4132266c7;anchor=swh:1:rev:a314a934ff22852b6b81af8a19bf34b33a63f24f,2019-01,Elsevier BV,en,SoftwareX,2352-7110,https://doi.org/10.1016/j.softx.2019.03.008,https://api.crossref.org/works/10.1016/j.softx.2019.03.008,Crossref,https://github.com/ElsevierSoftwareX/SOFTX_2018_227,ElsevierSoftwareX GitHub Organization,18 June 2026
10.1016/j.softx.2019.02.006,SoftwareX,IdentiCyte: Simple red blood cell identification software,IdentiCyte,IdentiCyte,https://github.com/IdentiCyte/IdentiCyte,swh:1:dir:a9b163d6d775af2f633639fec75a4fc5878300dc;origin=https://github.com/IdentiCyte/IdentiCyte;visit=swh:1:snp:126eae75c2ae7547494c160c4d572c2a8d82b377;anchor=swh:1:rev:27779e3aa447385e11a6e2501721880b031ae5d4,2019-01,Elsevier BV,en,SoftwareX,2352-7110,https://doi.org/10.1016/j.softx.2019.02.006,https://api.crossref.org/works/10.1016/j.softx.2019.02.006,Crossref,https://github.com/ElsevierSoftwareX/SOFTX_2018_111,ElsevierSoftwareX GitHub Organization,18 June 2026
10.1016/j.softx.2019.01.003,SoftwareX,ViroCon: A software to compute multivariate extremes using the environmental contour method,virocon,ViroCon,https://github.com/virocon-organization/virocon,swh:1:dir:c62ec51c935df188a321cebb275cb16ff57dcdb9;origin=https://github.com/virocon-organization/virocon;visit=swh:1:snp:0526014d24bb9be5198934e25109fa483a061961;anchor=swh:1:rev:81585967f7960ad38ed4a23f80b95ba66b6de65f,2019-01,Elsevier BV,en,SoftwareX,2352-7110,https://doi.org/10.1016/j.softx.2019.01.003,https://api.crossref.org/works/10.1016/j.softx.2019.01.003,Crossref,https://github.com/ElsevierSoftwareX/SOFTX_2018_116,ElsevierSoftwareX GitHub Organization,18 June 2026
10.1016/j.softx.2019.04.003,SoftwareX,CCPi-Regularisation toolkit for computed tomographic image reconstruction with proximal splitting algorithms,CCPi-Regularisation-Toolkit,,https://github.com/TomographicImaging/CCPi-Regularisation-Toolkit,swh:1:dir:a77607ed67f222dae4d6fcbe0acf8cadef2ca02d;origin=https://github.com/TomographicImaging/CCPi-Regularisation-Toolkit;visit=swh:1:snp:13159cdefa612153006b31c4cb0d7f915982e7e4;anchor=swh:1:rev:84ec6927106c0872ed4dddd13878e5cf966935f4,2019-01,Elsevier BV,en,SoftwareX,2352-7110,https://doi.org/10.1016/j.softx.2019.04.003,https://api.crossref.org/works/10.1016/j.softx.2019.04.003,Crossref,https://github.com/ElsevierSoftwareX/SOFTX_2018_161,ElsevierSoftwareX GitHub Organization,18 June 2026
10.1016/j.softx.2019.03.005,SoftwareX,Practically surreal: Surreal arithmetic in Julia,SurrealNumbers.jl,Practically surreal,https://github.com/mroughan/SurrealNumbers.jl,swh:1:dir:09b12632016ec6e5cfbe0dfa656a7d0c73a89432;origin=https://github.com/mroughan/SurrealNumbers.jl;visit=swh:1:snp:33e689eda3bbd7b27409e7339472a0990da5cdd0;anchor=swh:1:rev:82b1a1c96010f57022bfce2887b8728e9657b69c,2019-01,Elsevier BV,en,SoftwareX,2352-7110,https://doi.org/10.1016/j.softx.2019.03.005,https://api.crossref.org/works/10.1016/j.softx.2019.03.005,Crossref,https://github.com/ElsevierSoftwareX/SOFTX_2018_184,ElsevierSoftwareX GitHub Organization,18 June 2026
10.1016/j.softx.2019.03.007,SoftwareX,RepoFS: File system view of Git repositories,RepoFS,RepoFS,https://github.com/AUEB-BALab/RepoFS,swh:1:dir:1448546190e2997f3512ecef056072b3bbe63423;origin=https://github.com/AUEB-BALab/RepoFS;visit=swh:1:snp:09a8328d6197a7ddb0e647b1000b131710a51058;anchor=swh:1:rev:14b37ecb91fb86cdbe128f78d5b75d9cc65cab31,2019-01,Elsevier BV,en,SoftwareX,2352-7110,https://doi.org/10.1016/j.softx.2019.03.007,https://api.crossref.org/works/10.1016/j.softx.2019.03.007,Crossref,https://github.com/ElsevierSoftwareX/SOFTX_2018_49,ElsevierSoftwareX GitHub Organization,18 June 2026
10.1016/j.softx.2019.100316,SoftwareX,NetOnZeroDXC: A package for the identification of networks out of multivariate time series via zero-delay cross-correlation,netOnZeroDXC,NetOnZeroDXC,https://github.com/LeonardoRicci/netOnZeroDXC,swh:1:dir:91dd2c95ea47b624071383a5bda09480eeedda0b;origin=https://github.com/LeonardoRicci/netOnZeroDXC;visit=swh:1:snp:100f086d5959fb99bedf4c3394012cbf80c0ab09;anchor=swh:1:rev:48153cf59fea8f19a14bf2a0d99bcec75a338e8a,2019-07,Elsevier BV,en,SoftwareX,2352-7110,https://doi.org/10.1016/j.softx.2019.100316,https://api.crossref.org/works/10.1016/j.softx.2019.100316,Crossref,https://github.com/ElsevierSoftwareX/SOFTX_2019_131,ElsevierSoftwareX GitHub Organization,18 June 2026
10.1016/j.softx.2019.100238,SoftwareX,Nonio — modular automatic compiler phase selection and ordering specialization framework for modern compilers,nonio,Nonio,https://github.com/specs-feup/nonio,swh:1:dir:278ea6abec6ab57478aff8602bab4176cc7d4210;origin=https://github.com/specs-feup/nonio;visit=swh:1:snp:7504a7ebfc0cfd5db8709ebcada1c64068029722;anchor=swh:1:rev:3d369a970895fcb47ec2572326261766ee48925e,2019-07,Elsevier BV,en,SoftwareX,2352-7110,https://doi.org/10.1016/j.softx.2019.100238,https://api.crossref.org/works/10.1016/j.softx.2019.100238,Crossref,https://github.com/ElsevierSoftwareX/SOFTX_2018_135,ElsevierSoftwareX GitHub Organization,18 June 2026
10.1016/j.softx.2019.01.013,SoftwareX,CIM-2-mod: A CIM to modelica mapping and model-2-model transformation engine,cim2modelica,CIM-2-mod,https://github.com/ALSETLab/cim2modelica,swh:1:dir:bbe13557c6c38208fd197a7f0c1fd19b0ebd9641;origin=https://github.com/ALSETLab/cim2modelica;visit=swh:1:snp:0a75ed592da2cb0a71da7147058f7aa8ea01bf17;anchor=swh:1:rev:0c59ac0ba34ea024d899f812dedb371767fee38a,2019-01,Elsevier BV,en,SoftwareX,2352-7110,https://doi.org/10.1016/j.softx.2019.01.013,https://api.crossref.org/works/10.1016/j.softx.2019.01.013,Crossref,https://github.com/ElsevierSoftwareX/SOFTX_2018_36,ElsevierSoftwareX GitHub Organization,18 June 2026
10.1016/j.softx.2019.01.004,SoftwareX,OpenQSEI: A MATLAB package for quasi static elasticity imaging,openQSEI,OpenQSEI,https://github.com/openQSEI/openQSEI,swh:1:dir:f4b21801072777b8dee78aa98f93eef7d8ade232;origin=https://github.com/openQSEI/openQSEI;visit=swh:1:snp:bfdac717e416d79f85cfedfc40498b5da6fdbeb9;anchor=swh:1:rev:3f3deaccb60883cdedab1e7c1e2b93bb83e8b52f,2019-01,Elsevier BV,en,SoftwareX,2352-7110,https://doi.org/10.1016/j.softx.2019.01.004,https://api.crossref.org/works/10.1016/j.softx.2019.01.004,Crossref,https://github.com/ElsevierSoftwareX/SOFTX_2018_14,ElsevierSoftwareX GitHub Organization,18 June 2026
10.1016/j.softx.2019.01.002,SoftwareX,"MapX: An open geospatial platform to manage, analyze and visualize data on natural resources and the environment",mapx,MapX,https://github.com/unep-grid/mapx,swh:1:dir:23e84df02ffc687b89930bb1bb08f19c40101bd5;origin=https://github.com/unep-grid/mapx;visit=swh:1:snp:77c93bb8876aa49ba5644f476f1365c58d934c08;anchor=swh:1:rev:1f89797952afbabb1e0c0d0d63d0ff42dfca6667,2019-01,Elsevier BV,en,SoftwareX,2352-7110,https://doi.org/10.1016/j.softx.2019.01.002,https://api.crossref.org/works/10.1016/j.softx.2019.01.002,Crossref,https://github.com/ElsevierSoftwareX/SOFTX_2018_9,ElsevierSoftwareX GitHub Organization,18 June 2026
10.1016/j.softx.2019.01.010,SoftwareX,INSPECT-PBEE: A performance-based earthquake engineering GUI for IDARC-2D,INSPECT-PBEE,INSPECT-PBEE,https://github.com/alhamaydeh/INSPECT-PBEE,swh:1:dir:3684e681adbe29a851696d5f07417df3d7bcd3a7;origin=https://github.com/alhamaydeh/INSPECT-PBEE;visit=swh:1:snp:2ac8d2dd679b14aa0fb17adfbec8b13c9d5e2dc3;anchor=swh:1:rev:5fab7347d92e48773fb90c3ae49a89dca67f9ee3,2019-01,Elsevier BV,en,SoftwareX,2352-7110,https://doi.org/10.1016/j.softx.2019.01.010,https://api.crossref.org/works/10.1016/j.softx.2019.01.010,Crossref,https://github.com/ElsevierSoftwareX/SOFTX_2018_18,ElsevierSoftwareX GitHub Organization,18 June 2026
10.1016/j.softx.2019.100239,SoftwareX,Efficient and scalable data structures and algorithms for goal-oriented adaptivity of space–time FEM codes,dwr-diffusion,,https://github.com/dtm-project/dwr-diffusion,swh:1:dir:c4a787275ae72f6aa5258764b0afa68a2684b2a0;origin=https://github.com/dtm-project/dwr-diffusion;visit=swh:1:snp:b58509c9a0499c592555a51867065eed3373219d;anchor=swh:1:rev:77415b8f778fea9b2cba20da45ea4fa84af61fef,2019-07,Elsevier BV,en,SoftwareX,2352-7110,https://doi.org/10.1016/j.softx.2019.100239,https://api.crossref.org/works/10.1016/j.softx.2019.100239,Crossref,https://github.com/ElsevierSoftwareX/SOFTX_2018_262,ElsevierSoftwareX GitHub Organization,18 June 2026
10.1016/j.softx.2019.04.006,SoftwareX,spot: Open Source framework for scientific data repository and interactive visualization,spot,spot,https://github.com/NLeSC/spot,swh:1:dir:46fbd07eef49edfbfdd6d1e111133641d620d030;origin=https://github.com/NLeSC/spot;visit=swh:1:snp:db97d9c54c6bd7c6a46a6edcfdb0cb065efaaa73;anchor=swh:1:rev:7c39345c121ea4c30bbc9e2546ebb26cf2677318,2019-01,Elsevier BV,en,SoftwareX,2352-7110,https://doi.org/10.1016/j.softx.2019.04.006,https://api.crossref.org/works/10.1016/j.softx.2019.04.006,Crossref,https://github.com/ElsevierSoftwareX/SOFTX_2018_178,ElsevierSoftwareX GitHub Organization,18 June 2026
10.1016/j.softx.2019.100243,SoftwareX,HEDSATS: High energy density semi-analytical thermal solutions,HEDSATS,HEDSATS,https://github.com/tomflint22/HEDSATS,swh:1:dir:6198d3187e17a33b40c19501bc2ecd21bb669a74;origin=https://github.com/tomflint22/HEDSATS;visit=swh:1:snp:c971443fdce97259693245e9a449b0a7541f5559;anchor=swh:1:rev:97f133eb0fe63d116ee7b285826bfe02f3a12c07,2019-07,Elsevier BV,en,SoftwareX,2352-7110,https://doi.org/10.1016/j.softx.2019.100243,https://api.crossref.org/works/10.1016/j.softx.2019.100243,Crossref,https://github.com/ElsevierSoftwareX/SOFTX_2019_66,ElsevierSoftwareX GitHub Organization,18 June 2026
10.1016/j.softx.2019.04.002,SoftwareX,Itinerum: The open smartphone travel survey platform,itinerum-mobile-api,Itinerum,https://github.com/TRIP-Lab/itinerum-mobile-api,swh:1:dir:de750f89af250e16b1b61dc49218ed571dc5b019;origin=https://github.com/TRIP-Lab/itinerum-mobile-api;visit=swh:1:snp:158948a16ac05a0d459bf98da9e663dc691a6256;anchor=swh:1:rev:a3b31b411d9d46434c54be1d21415024dec86ae7,2019-07,Elsevier BV,en,SoftwareX,2352-7110,https://doi.org/10.1016/j.softx.2019.04.002,https://api.crossref.org/works/10.1016/j.softx.2019.04.002,Crossref,https://github.com/ElsevierSoftwareX/SOFTX_2018_74,ElsevierSoftwareX GitHub Organization,18 June 2026
10.1016/j.softx.2019.100241,SoftwareX,ACPYPE update for nonuniform 1–4 scale factors: Conversion of the GLYCAM06 force field from AMBER to GROMACS,acpype,,https://github.com/alanwilter/acpype,swh:1:dir:4c5c8a383c0fa33d248c74403fbe1819524f2fd5;origin=https://github.com/alanwilter/acpype;visit=swh:1:snp:3c176dbdaa9313a89c82a9b24c1f605d7c8afb52;anchor=swh:1:rev:637a8da036d84479f747d425624c9904cc7bea67,2019-07,Elsevier BV,en,SoftwareX,2352-7110,https://doi.org/10.1016/j.softx.2019.100241,https://api.crossref.org/works/10.1016/j.softx.2019.100241,Crossref,https://github.com/ElsevierSoftwareX/SOFTX_2018_51,ElsevierSoftwareX GitHub Organization,18 June 2026
10.1016/j.softx.2019.100257,SoftwareX,ELEMENTS: A high-order finite element library in C++,libristra,ELEMENTS,https://github.com/laristra/libristra,swh:1:dir:fb55e95ac26a4a369da54dda81441d8027507a2a;origin=https://github.com/laristra/libristra;visit=swh:1:snp:679c37268e5cf0a48fb864c52b2a544e45b0cd4a;anchor=swh:1:rev:b50edec347b6b78a08d787698c32c87eedfc5ea9,2019-07,Elsevier BV,en,SoftwareX,2352-7110,https://doi.org/10.1016/j.softx.2019.100257,https://api.crossref.org/works/10.1016/j.softx.2019.100257,Crossref,https://github.com/ElsevierSoftwareX/SOFTX_2019_111,ElsevierSoftwareX GitHub Organization,18 June 2026
10.1016/j.softx.2019.100259,SoftwareX,PlenoptiSign: An optical design tool for plenoptic imaging,plenoptisign,PlenoptiSign,https://github.com/hahnec/plenoptisign,swh:1:dir:303ea78c0d9c769142812979f10840fa7a93ffb2;origin=https://github.com/hahnec/plenoptisign;visit=swh:1:snp:7740a4389688fd542dde5b4a22b92edcdaaff559;anchor=swh:1:rev:253a273f42ef25f0e756a11101ee4b476f5b3c19,2019-07,Elsevier BV,en,SoftwareX,2352-7110,https://doi.org/10.1016/j.softx.2019.100259,https://api.crossref.org/works/10.1016/j.softx.2019.100259,Crossref,https://github.com/ElsevierSoftwareX/SOFTX_2019_14,ElsevierSoftwareX GitHub Organization,18 June 2026
10.1016/j.softx.2019.100251,SoftwareX,Switch 2.0: A modern platform for planning high-renewable power systems,switch,Switch 2.0,https://github.com/switch-model/switch,swh:1:dir:81a0a8218a45edcc8f295de5d41a3fd29cdc3ce6;origin=https://github.com/switch-model/switch;visit=swh:1:snp:66ebc4f32c1d1d30eb677de01480246201811cff;anchor=swh:1:rev:35bd3596a031fac7891f762cc87af610ded13615,2019-07,Elsevier BV,en,SoftwareX,2352-7110,https://doi.org/10.1016/j.softx.2019.100251,https://api.crossref.org/works/10.1016/j.softx.2019.100251,Crossref,https://github.com/ElsevierSoftwareX/SOFTX_2018_128,ElsevierSoftwareX GitHub Organization,18 June 2026
10.1016/j.softx.2019.100273,SoftwareX,QExpy: A python-3 module to support undergraduate physics laboratories,qexpy,QExpy,https://github.com/Queens-Physics/qexpy,swh:1:dir:da7deee05cb55865ce51e2877990ec0c8f9abfe7;origin=https://github.com/Queens-Physics/qexpy;visit=swh:1:snp:7c9f17cf0c414c7701c8cf4d2d3d8d77e34fbaa2;anchor=swh:1:rev:c25fcf052bef3c79db73b833c0e3bfc257dd28ea,2019-07,Elsevier BV,en,SoftwareX,2352-7110,https://doi.org/10.1016/j.softx.2019.100273,https://api.crossref.org/works/10.1016/j.softx.2019.100273,Crossref,https://github.com/ElsevierSoftwareX/SOFTX_2019_142,ElsevierSoftwareX GitHub Organization,18 June 2026
10.1016/j.softx.2019.100265,SoftwareX,RTransferEntropy — Quantifying information flow between different time series using effective transfer entropy,RTransferEntropy,RTransferEntropy,https://github.com/BZPaper/RTransferEntropy,swh:1:dir:f7f2631d4d5e111583bb4da392fb6a7a253b8505;origin=https://github.com/BZPaper/RTransferEntropy;visit=swh:1:snp:48b613c377fc5c38fec98b99923d454559ebc992;anchor=swh:1:rev:c6037d2859478ad0548233a8906b867accfab995,2019-07,Elsevier BV,en,SoftwareX,2352-7110,https://doi.org/10.1016/j.softx.2019.100265,https://api.crossref.org/works/10.1016/j.softx.2019.100265,Crossref,https://github.com/ElsevierSoftwareX/SOFTX_2019_75,ElsevierSoftwareX GitHub Organization,18 June 2026
10.1016/j.softx.2019.100263,SoftwareX,pybliometrics: Scriptable bibliometrics using a Python interface to Scopus,pybliometrics,pybliometrics,https://github.com/pybliometrics-dev/pybliometrics,swh:1:dir:1c9adbb4b7de7d3b54fa5682562e926194f48fd8;origin=https://github.com/pybliometrics-dev/pybliometrics;visit=swh:1:snp:ff311901f15cb52730e761085980ea74874e678b;anchor=swh:1:rev:71c00cd7b1321d1bef0594252f7bf4516c3568f8,2019-07,Elsevier BV,en,SoftwareX,2352-7110,https://doi.org/10.1016/j.softx.2019.100263,https://api.crossref.org/works/10.1016/j.softx.2019.100263,Crossref,https://github.com/ElsevierSoftwareX/SOFTX_2019_55,ElsevierSoftwareX GitHub Organization,18 June 2026
10.1016/j.softx.2019.100270,SoftwareX,TabbyXL: Software platform for rule-based spreadsheet data extraction and transformation,tabbyxl,TabbyXL,https://github.com/tabbydoc/tabbyxl,swh:1:dir:b66f03a03ffcb4b7dd45a92b948bf41f2500f0fd;origin=https://github.com/tabbydoc/tabbyxl;visit=swh:1:snp:806d924ebc220cd9774a3ccc1c5a5ae64fa2a96f;anchor=swh:1:rev:a56a1770bf89e5b030533ed89347b216cfe62a10,2019-07,Elsevier BV,en,SoftwareX,2352-7110,https://doi.org/10.1016/j.softx.2019.100270,https://api.crossref.org/works/10.1016/j.softx.2019.100270,Crossref,https://github.com/ElsevierSoftwareX/SOFTX_2018_261,ElsevierSoftwareX GitHub Organization,18 June 2026
10.1016/j.softx.2019.100261,SoftwareX,DDRS4PALS: A software for the acquisition and simulation of lifetime spectra using the DRS4 evaluation board,DDRS4PALS,DDRS4PALS,https://github.com/dpscience/DDRS4PALS,swh:1:dir:99e38c472d06df7bd4cb8b8878ffed16882a074b;origin=https://github.com/dpscience/DDRS4PALS;visit=swh:1:snp:344ff923b644643b8891d62866d7b31ca97a19b3;anchor=swh:1:rev:4f5aec961622f5175dc37358492a5b6e57da5640,2019-07,Elsevier BV,en,SoftwareX,2352-7110,https://doi.org/10.1016/j.softx.2019.100261,https://api.crossref.org/works/10.1016/j.softx.2019.100261,Crossref,https://github.com/ElsevierSoftwareX/SOFTX_2019_65,ElsevierSoftwareX GitHub Organization,18 June 2026
10.1016/j.softx.2019.100277,SoftwareX,pytrax: A simple and efficient random walk implementation for calculating the directional tortuosity of images,pytrax,pytrax,https://github.com/PMEAL/pytrax,swh:1:dir:7accf1300d8155f2f25a5c1aa4011d0270cbf7fc;origin=https://github.com/PMEAL/pytrax;visit=swh:1:snp:934334e711f96735246ef68f8dc6f9c8057b6cc9;anchor=swh:1:rev:ecb6abf2765f261e671a97207f3705b491722efa,2019-07,Elsevier BV,en,SoftwareX,2352-7110,https://doi.org/10.1016/j.softx.2019.100277,https://api.crossref.org/works/10.1016/j.softx.2019.100277,Crossref,https://github.com/ElsevierSoftwareX/SOFTX-D-18-00011,ElsevierSoftwareX GitHub Organization,18 June 2026
10.1016/j.softx.2019.100279,SoftwareX,"KipTool, a general purpose processing tool for neutron imaging data",KipTool,,https://github.com/neutronimaging/KipTool,swh:1:dir:c2468434da81474762eef8b9cc6634ecaf9ebc9f;origin=https://github.com/neutronimaging/KipTool;visit=swh:1:snp:24d4469adea3042b23aed361ce74987b8dbe6b8b;anchor=swh:1:rev:b90f26c352d218e7666aaa18a60a6eb7fa174804,2019-07,Elsevier BV,en,SoftwareX,2352-7110,https://doi.org/10.1016/j.softx.2019.100279,https://api.crossref.org/works/10.1016/j.softx.2019.100279,Crossref,https://github.com/ElsevierSoftwareX/SOFTX_2019_69,ElsevierSoftwareX GitHub Organization,18 June 2026
10.1016/j.softx.2019.100297,SoftwareX,NNC: A tool based on Grammatical Evolution for data classification and differential equation solving,NNC,NNC,https://github.com/itsoulos/NNC,swh:1:dir:2956faa2a4fd2910aace628573a0df41a358f273;origin=https://github.com/itsoulos/NNC;visit=swh:1:snp:9580114002120f2a2b596c29c3e38f7b26164c6c;anchor=swh:1:rev:ed6a5d2252d8b8280944dde536fe1e3922739ec4,2019-07,Elsevier BV,en,SoftwareX,2352-7110,https://doi.org/10.1016/j.softx.2019.100297,https://api.crossref.org/works/10.1016/j.softx.2019.100297,Crossref,https://github.com/ElsevierSoftwareX/SOFTX_2019_110,ElsevierSoftwareX GitHub Organization,18 June 2026
10.1016/j.softx.2019.100287,SoftwareX,pyphysio: A physiological signal processing library for data science approaches in physiology,pyphysio,pyphysio,https://github.com/MPBA/pyphysio,swh:1:dir:5f85dddd9649eefc335be33f4fe90f2b22b95b49;origin=https://github.com/MPBA/pyphysio;visit=swh:1:snp:f8e927b792415ce05466fe600373b27c7cda2415;anchor=swh:1:rev:03bcb3a965b5a367f3a0a4ca59109b31b3e79a52,2019-07,Elsevier BV,en,SoftwareX,2352-7110,https://doi.org/10.1016/j.softx.2019.100287,https://api.crossref.org/works/10.1016/j.softx.2019.100287,Crossref,https://github.com/ElsevierSoftwareX/SOFTX_2019_180,ElsevierSoftwareX GitHub Organization,18 June 2026
10.1016/j.softx.2019.100305,SoftwareX,NewsCompare - A novel application for detecting news influence in a country,NewsCompareBackend,NewsCompare,https://github.com/buxomant/NewsCompareBackend,swh:1:dir:90c4a57159df717fabcfbc5becb6221e7b8deedd;origin=https://github.com/buxomant/NewsCompareBackend;visit=swh:1:snp:aab50bd63fe1f0a5be19f5b87e9cbc453fdd5d51;anchor=swh:1:rev:e47d70364d780fb6f1c535724c5b93ffc376453c,2019-07,Elsevier BV,en,SoftwareX,2352-7110,https://doi.org/10.1016/j.softx.2019.100305,https://api.crossref.org/works/10.1016/j.softx.2019.100305,Crossref,https://github.com/ElsevierSoftwareX/SOFTX_2019_172,ElsevierSoftwareX GitHub Organization,18 June 2026
10.1016/j.softx.2019.100293,SoftwareX,The Forest Conservation Targeting Tool: Accessible spatial prioritization for Latin America and the Dominican Republic,ForestConservationTargetingTool,The Forest Conservation Targeting Tool,https://github.com/SERVIR/ForestConservationTargetingTool,swh:1:dir:84c5314e1379a5876a5ececaf9aabb302bca1b19;origin=https://github.com/SERVIR/ForestConservationTargetingTool;visit=swh:1:snp:1154f6c092ae088aed46354ab6f9f3df6fef95aa;anchor=swh:1:rev:55ddadcf5d2c8f2c491c20ab7fe84e7f1862129e,2019-07,Elsevier BV,en,SoftwareX,2352-7110,https://doi.org/10.1016/j.softx.2019.100293,https://api.crossref.org/works/10.1016/j.softx.2019.100293,Crossref,https://github.com/ElsevierSoftwareX/SOFTX_2019_21,ElsevierSoftwareX GitHub Organization,18 June 2026
10.1016/j.softx.2019.100307,SoftwareX,QXMD: An open-source program for nonadiabatic quantum molecular dynamics,QXMD,QXMD,https://github.com/USCCACS/QXMD,swh:1:dir:01f679298829600c20384081aee0b946f4423942;origin=https://github.com/USCCACS/QXMD;visit=swh:1:snp:2c129032a680af5f00f1873812895887efc80d40;anchor=swh:1:rev:ef76bbec81703043553c8fc9979982cf137e37d6,2019-07,Elsevier BV,en,SoftwareX,2352-7110,https://doi.org/10.1016/j.softx.2019.100307,https://api.crossref.org/works/10.1016/j.softx.2019.100307,Crossref,https://github.com/ElsevierSoftwareX/SOFTX_2019_49,ElsevierSoftwareX GitHub Organization,18 June 2026
10.1016/j.softx.2019.100292,SoftwareX,MIDAS-VT-Pre: Software to generate 2D finite element model of particle/fiber embedded composites with cohesive zones,midas-vt-pre,MIDAS-VT-Pre,https://github.com/K1-ZR/midas-vt-pre,swh:1:dir:64bd1afbe373083e46f10799378a4cfc787a7ccd;origin=https://github.com/K1-ZR/midas-vt-pre;visit=swh:1:snp:8954884af6168721197237d0c4d20fe5f0ea32d7;anchor=swh:1:rev:39a467e2f390c9aa770be323e6480b913b6cf39b,2019-07,Elsevier BV,en,SoftwareX,2352-7110,https://doi.org/10.1016/j.softx.2019.100292,https://api.crossref.org/works/10.1016/j.softx.2019.100292,Crossref,https://github.com/ElsevierSoftwareX/SOFTX_2018_270,ElsevierSoftwareX GitHub Organization,18 June 2026
10.1016/j.softx.2019.100309,SoftwareX,Auxiliary codes for fault prognosis of Tennessee Eastman process using a hybrid model (CPL1.0),CPL1.0,,https://github.com/mihiranpathmika/CPL1.0,swh:1:dir:5e94ded112edd3e1532992aacb3ff1a3ee2fa444;origin=https://github.com/mihiranpathmika/CPL1.0;visit=swh:1:snp:697a900bd996edce76c2fcd5eecfcc565cd863e5;anchor=swh:1:rev:f5bf36d27e9410946af28fef1c419a48d201a318,2019-07,Elsevier BV,en,SoftwareX,2352-7110,https://doi.org/10.1016/j.softx.2019.100309,https://api.crossref.org/works/10.1016/j.softx.2019.100309,Crossref,https://github.com/ElsevierSoftwareX/SOFTX_2018_162,ElsevierSoftwareX GitHub Organization,18 June 2026
10.1016/j.softx.2019.100299,SoftwareX,Localized Actual Meteorological Year File Creator (LAF): A tool for using locally observed weather data in building energy simulations,laf,,https://github.com/SSESLab/laf,swh:1:dir:3404bba48d31d8b403a8c5f616a209d3b62e81c8;origin=https://github.com/SSESLab/laf;visit=swh:1:snp:6675ef3a6ee5d3cd93bb802a74db6ace37b7b3af;anchor=swh:1:rev:c5ffa4cf0afb9942c7d97657cc074e1b1afe14f5,2019-07,Elsevier BV,en,SoftwareX,2352-7110,https://doi.org/10.1016/j.softx.2019.100299,https://api.crossref.org/works/10.1016/j.softx.2019.100299,Crossref,https://github.com/ElsevierSoftwareX/SOFTX_2018_60,ElsevierSoftwareX GitHub Organization,18 June 2026
10.1016/j.softx.2019.100302,SoftwareX,Upen2DTool: A Uniform PENalty Matlab tool for inversion of 2D NMR relaxation data,Upen2DTool,Upen2DTool,https://github.com/fzama63/Upen2DTool,swh:1:dir:e84626768ce836006ffdcf1aa7af1caaa806c8fd;origin=https://github.com/fzama63/Upen2DTool;visit=swh:1:snp:07edf5f888f68425a6692a6e4ed0d3cf69d48721;anchor=swh:1:rev:529846491712c09666254a18b767b0871f8a24d3,2019-07,Elsevier BV,en,SoftwareX,2352-7110,https://doi.org/10.1016/j.softx.2019.100302,https://api.crossref.org/works/10.1016/j.softx.2019.100302,Crossref,https://github.com/ElsevierSoftwareX/SOFTX_2019_197,ElsevierSoftwareX GitHub Organization,18 June 2026
10.1016/j.softx.2019.100311,SoftwareX,NetKet: A machine learning toolkit for many-body quantum systems,netket,NetKet,https://github.com/netket/netket,swh:1:dir:020f5e4fe23ba6205c5ed58fcaf1ca61d443c2c8;origin=https://github.com/netket/netket;visit=swh:1:snp:d1aa8790c3685ebf3d23fa5617f00a6e0c96e5c2;anchor=swh:1:rev:e46b03d8f7e6c8bc532953d90c5d9b1661b1ecec,2019-07,Elsevier BV,en,SoftwareX,2352-7110,https://doi.org/10.1016/j.softx.2019.100311,https://api.crossref.org/works/10.1016/j.softx.2019.100311,Crossref,https://github.com/ElsevierSoftwareX/SOFTX_2019_95,ElsevierSoftwareX GitHub Organization,18 June 2026
10.1016/j.softx.2019.100322,SoftwareX,A framework for automatic and parameterizable memoization,clava,,https://github.com/specs-feup/clava,swh:1:dir:3c6f5de3b5a0ee0dd1acc097667295de15030345;origin=https://github.com/specs-feup/clava;visit=swh:1:snp:e6635e74e7b8d369242629f6ad7619cebb5499c2;anchor=swh:1:rev:e0f4ec8f1d56f96497aab6b6f8bab6b754f17a30,2019-07,Elsevier BV,en,SoftwareX,2352-7110,https://doi.org/10.1016/j.softx.2019.100322,https://api.crossref.org/works/10.1016/j.softx.2019.100322,Crossref,https://github.com/ElsevierSoftwareX/SOFTX_2019_209,ElsevierSoftwareX GitHub Organization,18 June 2026
10.1016/j.softx.2019.100325,SoftwareX,LyapXool – a program to compute complete Lyapunov functions,V1,LyapXool,https://github.com/LyapXool/V1,swh:1:dir:e5e0c6cde29721d41ac665bc42cf01e72b8f1efd;origin=https://github.com/LyapXool/V1;visit=swh:1:snp:382a66eb510819f39b50ce5ab18b4b245efdff9e;anchor=swh:1:rev:9e4d91cdf3ca13d843f83925e603843901c46416,2019-07,Elsevier BV,en,SoftwareX,2352-7110,https://doi.org/10.1016/j.softx.2019.100325,https://api.crossref.org/works/10.1016/j.softx.2019.100325,Crossref,https://github.com/ElsevierSoftwareX/SOFTX_2019_207,ElsevierSoftwareX GitHub Organization,18 June 2026
10.1016/j.softx.2019.100303,SoftwareX,pyIMD: Automated analysis of inertial mass measurements of single cells,pyIMD,pyIMD,https://github.com/cunyap/pyIMD,swh:1:dir:586d801ecaf03ef93db7a5fbc5b904db969092ca;origin=https://github.com/cunyap/pyIMD;visit=swh:1:snp:1633cf4e8e453009456dcaeaf25c7434e9095d7c;anchor=swh:1:rev:b62d048a42039b04f4d8ee3e91f1ba40a0640385,2019-07,Elsevier BV,en,SoftwareX,2352-7110,https://doi.org/10.1016/j.softx.2019.100303,https://api.crossref.org/works/10.1016/j.softx.2019.100303,Crossref,https://github.com/ElsevierSoftwareX/SOFTX_2019_85,ElsevierSoftwareX GitHub Organization,18 June 2026
10.1016/j.softx.2019.100323,SoftwareX,DM-MCDA: A web-based platform for data mining and multiple criteria decision analysis: A case study on road accident,DM-MCA,DM-MCDA,https://github.com/aitmlouk/DM-MCA,swh:1:dir:0d02e72431d7958b3626398b6c0392b3e28122e0;origin=https://github.com/aitmlouk/DM-MCA;visit=swh:1:snp:f858642e51f9c9cb3323c488cefe626fb99718ce;anchor=swh:1:rev:8a6c8e0725f99ece4129a4f18784062196fdb6c1,2019-07,Elsevier BV,en,SoftwareX,2352-7110,https://doi.org/10.1016/j.softx.2019.100323,https://api.crossref.org/works/10.1016/j.softx.2019.100323,Crossref,https://github.com/ElsevierSoftwareX/SOFTX_2019_141,ElsevierSoftwareX GitHub Organization,18 June 2026
10.1016/j.softx.2019.100337,SoftwareX,cuSten — CUDA finite difference and stencil library,cuSten,cuSten,https://github.com/munstermonster/cuSten,swh:1:dir:7408fd84800a2376eed7646a683698224a8b596d;origin=https://github.com/munstermonster/cuSten;visit=swh:1:snp:edb10c9a090f9ebd18aa3c4236b1cc126bd99754;anchor=swh:1:rev:14461a9e26c6dae2e5c842364238abbd4f5508d0,2019-07,Elsevier BV,en,SoftwareX,2352-7110,https://doi.org/10.1016/j.softx.2019.100337,https://api.crossref.org/works/10.1016/j.softx.2019.100337,Crossref,https://github.com/ElsevierSoftwareX/SOFTX_2019_54,ElsevierSoftwareX GitHub Organization,18 June 2026
10.1016/j.softx.2019.100335,SoftwareX,Higra: Hierarchical Graph Analysis,Higra,Higra,https://github.com/higra/Higra,swh:1:dir:fd471d42b7eeb88f082c4e360a09d67291b8f324;origin=https://github.com/higra/Higra;visit=swh:1:snp:ebc95ca1a6773bfc4f103993f1d02217a934ebda;anchor=swh:1:rev:96520a0fe72849b0cd2aca13c301f2573029dad5,2019-07,Elsevier BV,en,SoftwareX,2352-7110,https://doi.org/10.1016/j.softx.2019.100335,https://api.crossref.org/works/10.1016/j.softx.2019.100335,Crossref,https://github.com/ElsevierSoftwareX/SOFTX_2019_243,ElsevierSoftwareX GitHub Organization,18 June 2026
10.1016/j.softx.2019.100333,SoftwareX,CameraTransform: A Python package for perspective corrections and image mapping,cameratransform,CameraTransform,https://github.com/rgerum/cameratransform,swh:1:dir:05c36ceb5eca67dff406c3cf31ad48544c4a33b2;origin=https://github.com/rgerum/cameratransform;visit=swh:1:snp:d2f65bae836c83c0aba5647643c99bb63cb1b1e5;anchor=swh:1:rev:1e7ff641b80701709230665f2eafcbbbfbf7e213,2019-07,Elsevier BV,en,SoftwareX,2352-7110,https://doi.org/10.1016/j.softx.2019.100333,https://api.crossref.org/works/10.1016/j.softx.2019.100333,Crossref,https://github.com/ElsevierSoftwareX/SOFTX_2019_198,ElsevierSoftwareX GitHub Organization,18 June 2026
10.1016/j.softx.2019.100329,SoftwareX,Runner: A 2D platform game for physical health promotion,Runner,Runner,https://github.com/SimcaCrow/Runner,swh:1:dir:ec70f494cc282b4d4104cd332d353f5bf3602021;origin=https://github.com/SimcaCrow/Runner;visit=swh:1:snp:53175fe877a5b03d82a89ebeb45e48cc30e8d18e;anchor=swh:1:rev:dd28dfeca4df34c213e8e667e892b3c3e3bd90a0,2019-07,Elsevier BV,en,SoftwareX,2352-7110,https://doi.org/10.1016/j.softx.2019.100329,https://api.crossref.org/works/10.1016/j.softx.2019.100329,Crossref,https://github.com/ElsevierSoftwareX/SOFTX_2019_23,ElsevierSoftwareX GitHub Organization,18 June 2026
10.1016/j.softx.2019.100345,SoftwareX,AFF3CT: A Fast Forward Error Correction Toolbox!,aff3ct,AFF3CT,https://github.com/aff3ct/aff3ct,swh:1:dir:770783cd2a99e49017a4b44b3ee233367822a6e1;origin=https://github.com/aff3ct/aff3ct;visit=swh:1:snp:9165600a8f9eec3d031af792622361e2bed2d67d;anchor=swh:1:rev:a54ea87ef053057c1809b89227f3a1e9d3287644,2019-07,Elsevier BV,en,SoftwareX,2352-7110,https://doi.org/10.1016/j.softx.2019.100345,https://api.crossref.org/works/10.1016/j.softx.2019.100345,Crossref,https://github.com/ElsevierSoftwareX/SOFTX_2019_43,ElsevierSoftwareX GitHub Organization,18 June 2026
10.1016/j.softx.2018.10.004,SoftwareX,Buhos: A web-based systematic literature review management software,buhos,Buhos,https://github.com/clbustos/buhos,swh:1:dir:7311fc39ad1070e123ad2dbd9f32444cde18124b;origin=https://github.com/clbustos/buhos;visit=swh:1:snp:8bcbefbb06ddfb71e0baed0c7ae07b771977cdf6;anchor=swh:1:rev:d107145ce1ff85327c6ca2222110994017ef2ba0,2018-01,Elsevier BV,en,SoftwareX,2352-7110,https://doi.org/10.1016/j.softx.2018.10.004,https://api.crossref.org/works/10.1016/j.softx.2018.10.004,Crossref,https://github.com/ElsevierSoftwareX/SOFTX_2018_17,ElsevierSoftwareX GitHub Organization,18 June 2026
10.1016/j.softx.2019.03.006,SoftwareX,GABRIELE: The General Agent Based Repast Implemented Extensible Laboratory for Economics,gabriele,GABRIELE,https://github.com/gfgprojects/gabriele,swh:1:dir:0f2354453acc27ab5d0a91e9d0eed02e8aeb06d8;origin=https://github.com/gfgprojects/gabriele;visit=swh:1:snp:f4d4ded3fb60620209f9644938d70146a1fa101c;anchor=swh:1:rev:a345b3c4a6c3c1451b46b18a653fca99f7818c21,2019-01,Elsevier BV,en,SoftwareX,2352-7110,https://doi.org/10.1016/j.softx.2019.03.006,https://api.crossref.org/works/10.1016/j.softx.2019.03.006,Crossref,https://github.com/ElsevierSoftwareX/SOFTX_2018_54,ElsevierSoftwareX GitHub Organization,18 June 2026
10.1016/j.softx.2019.01.009,SoftwareX,Game-Engine-Assisted Research platform for Scientific computing (GEARS) in Virtual Reality,GEARS,,https://github.com/USCCACS/GEARS,swh:1:dir:200821102cefe1f48dcfe65053292e39294b81ba;origin=https://github.com/USCCACS/GEARS;visit=swh:1:snp:4d3ba97e9e3504d5061abb014d18c5c2fbfd4429;anchor=swh:1:rev:0e8024f436ee91545491957e56ee52166de4aa3a,2019-01,Elsevier BV,en,SoftwareX,2352-7110,https://doi.org/10.1016/j.softx.2019.01.009,https://api.crossref.org/works/10.1016/j.softx.2019.01.009,Crossref,https://github.com/ElsevierSoftwareX/SOFTX_2018_42,ElsevierSoftwareX GitHub Organization,18 June 2026
10.1016/j.softx.2019.100347,SoftwareX,Deep learning application engine (DLAE): Development and integration of deep learning algorithms in medical imaging,dlae,Deep learning application engine (DLAE),https://github.com/jeremiahws/dlae,swh:1:dir:5d498903476f5b5fb61fe6f6cc45dfe44bee96ed;origin=https://github.com/jeremiahws/dlae;visit=swh:1:snp:97e9fcec853a2f917c24a341e448812430dac4ab;anchor=swh:1:rev:42e430f7683239f0ca93c1311da883bbb6654db1,2019-07,Elsevier BV,en,SoftwareX,2352-7110,https://doi.org/10.1016/j.softx.2019.100347,https://api.crossref.org/works/10.1016/j.softx.2019.100347,Crossref,https://github.com/ElsevierSoftwareX/SOFTX_2019_249,ElsevierSoftwareX GitHub Organization,18 June 2026
10.1016/j.softx.2019.100349,SoftwareX,CaTchDes: MATLAB codes for Caratheodory–Tchakaloff Near-Optimal Regression Designs,CaTchDes,CaTchDes,https://github.com/marcovianello/CaTchDes,swh:1:dir:f33faa16d152a7cfc4d7a82ce157a8494d355603;origin=https://github.com/marcovianello/CaTchDes;visit=swh:1:snp:45d30bae751e22964599517d4d2159b53e6f68c6;anchor=swh:1:rev:77160e51d2fec60685903e1188b904e4bb56ad8d,2019-07,Elsevier BV,en,SoftwareX,2352-7110,https://doi.org/10.1016/j.softx.2019.100349,https://api.crossref.org/works/10.1016/j.softx.2019.100349,Crossref,https://github.com/ElsevierSoftwareX/SOFTX_2019_224,ElsevierSoftwareX GitHub Organization,18 June 2026
10.1016/j.softx.2019.100355,SoftwareX,GenConstraint: A programming tool for constraint optimization problems,GenConstraint,GenConstraint,https://github.com/itsoulos/GenConstraint,swh:1:dir:a5e7029b5eb7e105d2ee350eef85120ac5a53ada;origin=https://github.com/itsoulos/GenConstraint;visit=swh:1:snp:c023b837c0a15257f2259cb1296be9d5afd689f9;anchor=swh:1:rev:9dc06b3ac14d854c1c88b752467783c9fa68129c,2019-07,Elsevier BV,en,SoftwareX,2352-7110,https://doi.org/10.1016/j.softx.2019.100355,https://api.crossref.org/works/10.1016/j.softx.2019.100355,Crossref,https://github.com/ElsevierSoftwareX/SOFTX_2019_222,ElsevierSoftwareX GitHub Organization,18 June 2026
10.1016/j.softx.2019.100353,SoftwareX,PyMaxEnt: A Python software for maximum entropy moment reconstruction,PyMaxEnt,PyMaxEnt,https://github.com/saadgroup/PyMaxEnt,swh:1:dir:23153f05b89e047e491a7c5592ea3449664d7543;origin=https://github.com/saadgroup/PyMaxEnt;visit=swh:1:snp:86685d8f69271e5125980eaed63d1132e5cdd816;anchor=swh:1:rev:53978ced674ad721483eb09a1bcb7136a7d3402d,2019-07,Elsevier BV,en,SoftwareX,2352-7110,https://doi.org/10.1016/j.softx.2019.100353,https://api.crossref.org/works/10.1016/j.softx.2019.100353,Crossref,https://github.com/ElsevierSoftwareX/SOFTX_2019_241,ElsevierSoftwareX GitHub Organization,18 June 2026
10.1016/j.softx.2019.100351,SoftwareX,RETSManager: Real-estate database builder and synchronizer,RETSManager,RETSManager,https://github.com/issamhammad/RETSManager,swh:1:dir:28a34ad8abb2bda770a817d45d1408c0a816d264;origin=https://github.com/issamhammad/RETSManager;visit=swh:1:snp:0b9e3dc1da5590db662b41b0bfd5662657d3513f;anchor=swh:1:rev:22480d82007a6a791e98fe6dcaaed7ee36baf78d,2019-07,Elsevier BV,en,SoftwareX,2352-7110,https://doi.org/10.1016/j.softx.2019.100351,https://api.crossref.org/works/10.1016/j.softx.2019.100351,Crossref,https://github.com/ElsevierSoftwareX/SOFTX_2019_246,ElsevierSoftwareX GitHub Organization,18 June 2026
10.1016/j.softx.2019.100357,SoftwareX,Practical software reliability engineering with the Software Failure and Reliability Assessment Tool (SFRAT),SFRAT-Automated-Report,,https://github.com/LanceFiondella/SFRAT-Automated-Report,swh:1:dir:40377508e1ba5dcb10232b01d6249a43f6b4c5b8;origin=https://github.com/LanceFiondella/SFRAT-Automated-Report;visit=swh:1:snp:a53c488ea946347053ebce010b39408aa644934c;anchor=swh:1:rev:756425f90e02a8864717a3a0df0e6648530ded2c,2019-07,Elsevier BV,en,SoftwareX,2352-7110,https://doi.org/10.1016/j.softx.2019.100357,https://api.crossref.org/works/10.1016/j.softx.2019.100357,Crossref,https://github.com/ElsevierSoftwareX/SOFTX_2019_210,ElsevierSoftwareX GitHub Organization,18 June 2026
10.1016/j.softx.2019.100361,SoftwareX,PyLops—A linear-operator Python library for scalable algebra and optimization,pylops,,https://github.com/PyLops/pylops,swh:1:dir:5de47dc5e68cd88c307d636202318f6fe1f555de;origin=https://github.com/PyLops/pylops;visit=swh:1:snp:6730adf2fccf9d57a99c2ef6a762ddbb5f690e26;anchor=swh:1:rev:97992be198c66a489c945c3feff31f6ed7d9117b,2020-01,Elsevier BV,en,SoftwareX,2352-7110,https://doi.org/10.1016/j.softx.2019.100361,https://api.crossref.org/works/10.1016/j.softx.2019.100361,Crossref,https://github.com/ElsevierSoftwareX/SOFTX_2019_106,ElsevierSoftwareX GitHub Organization,18 June 2026
10.1016/j.softx.2019.100367,SoftwareX,WAF-A-MoLE: An adversarial tool for assessing ML-based WAFs,WAF-A-MoLE,WAF-A-MoLE,https://github.com/AvalZ/WAF-A-MoLE,swh:1:dir:db7bf628285db629cd74beead7b50c561f856e86;origin=https://github.com/AvalZ/WAF-A-MoLE;visit=swh:1:snp:f134e61e4bd037e0099dba4c4a22047f47f3e443;anchor=swh:1:rev:4a2cb9438f874ec0d09acaa04402174cc6334880,2020-01,Elsevier BV,en,SoftwareX,2352-7110,https://doi.org/10.1016/j.softx.2019.100367,https://api.crossref.org/works/10.1016/j.softx.2019.100367,Crossref,https://github.com/ElsevierSoftwareX/SOFTX_2019_295,ElsevierSoftwareX GitHub Organization,18 June 2026
10.1016/j.softx.2019.100371,SoftwareX,OPTool—An optimization toolbox for iterative algorithms,OPTool,,https://github.com/danielmsilvestre/OPTool,swh:1:dir:dea96b048077a0a933baaadc68c537038d4bf858;origin=https://github.com/danielmsilvestre/OPTool;visit=swh:1:snp:46da40a208025ae28220af16acb91f795bbdc24f;anchor=swh:1:rev:eb22f7fb7e227bef84a0def97aed8c806aa16473,2020-01,Elsevier BV,en,SoftwareX,2352-7110,https://doi.org/10.1016/j.softx.2019.100371,https://api.crossref.org/works/10.1016/j.softx.2019.100371,Crossref,https://github.com/ElsevierSoftwareX/SOFTX_2019_250,ElsevierSoftwareX GitHub Organization,18 June 2026
10.1016/j.softx.2019.100369,SoftwareX,Total Mapping Toolbox (TOMATO): An open source library for cardiac magnetic resonance parametric mapping,tomato,Total Mapping Toolbox (TOMATO),https://github.com/MRKonrad/tomato,swh:1:dir:d2e78f6852391b819485f55c12b66498ef0d1e6c;origin=https://github.com/MRKonrad/tomato;visit=swh:1:snp:461d1f2c7f00be7eea73bb8efcae7591c686c0ab;anchor=swh:1:rev:abe020f4aa08c1037f04fe80e68f0651d03cccd1,2020-01,Elsevier BV,en,SoftwareX,2352-7110,https://doi.org/10.1016/j.softx.2019.100369,https://api.crossref.org/works/10.1016/j.softx.2019.100369,Crossref,https://github.com/ElsevierSoftwareX/SOFTX_2019_219,ElsevierSoftwareX GitHub Organization,18 June 2026
10.1016/j.softx.2019.100385,SoftwareX,MoebInv: C++ libraries for manipulations in non-Euclidean geometry,MoebInv-notebooks,MoebInv,https://github.com/vvkisil/MoebInv-notebooks,swh:1:dir:b3b56cef741aa425fcb43afd2a50ef19c65b00c4;origin=https://github.com/vvkisil/MoebInv-notebooks;visit=swh:1:snp:78aba2e6f14b4dddf3625c161b59c400bb4f7d39;anchor=swh:1:rev:e5b718b84f13f08ec90cca01c5d23b0d6973432f,2020-01,Elsevier BV,en,SoftwareX,2352-7110,https://doi.org/10.1016/j.softx.2019.100385,https://api.crossref.org/works/10.1016/j.softx.2019.100385,Crossref,https://github.com/ElsevierSoftwareX/SOFTX_2019_248,ElsevierSoftwareX GitHub Organization,18 June 2026
10.1016/j.softx.2019.100365,SoftwareX,"JBlockCreator: An open source, pattern drafting framework to facilitate the automated manufacture of made-to-measure clothing",JBlockCreator,JBlockCreator,https://github.com/aharwood2/JBlockCreator,swh:1:dir:1313a63fdd9f7095f2f6be4188fe6a2a42b08f3e;origin=https://github.com/aharwood2/JBlockCreator;visit=swh:1:snp:539dc16fe75e5d8c58c001a8bf668017eaa94d8c;anchor=swh:1:rev:15c637744fb66dc13a6ee445fdd6c09d46340098,2020-01,Elsevier BV,en,SoftwareX,2352-7110,https://doi.org/10.1016/j.softx.2019.100365,https://api.crossref.org/works/10.1016/j.softx.2019.100365,Crossref,https://github.com/ElsevierSoftwareX/SOFTX_2018_220,ElsevierSoftwareX GitHub Organization,18 June 2026
10.1016/j.softx.2019.100383,SoftwareX,"pyvrft: A Python package for the Virtual Reference Feedback Tuning, a direct data-driven control method",pyvrft,pyvrft,https://github.com/datadrivencontrol/pyvrft,swh:1:dir:7a694c7599f1d4331cd3fd7a82afe0128cab742e;origin=https://github.com/datadrivencontrol/pyvrft;visit=swh:1:snp:e6ad98e30c32032dbe3262717c06e7d5f36ea306;anchor=swh:1:rev:f731541b2d6b6270c7987b08ee6c90d662a53a4c,2020-01,Elsevier BV,en,SoftwareX,2352-7110,https://doi.org/10.1016/j.softx.2019.100383,https://api.crossref.org/works/10.1016/j.softx.2019.100383,Crossref,https://github.com/ElsevierSoftwareX/SOFTX_2019_285,ElsevierSoftwareX GitHub Organization,18 June 2026
10.1016/j.softx.2019.100377,SoftwareX,Coastal Imaging Station Design Toolbox,Station-Design-Toolbox,,https://github.com/Coastal-Imaging-Research-Network/Station-Design-Toolbox,swh:1:dir:cdc6d6778250b04c19c1f43449860ea4f8128e55;origin=https://github.com/Coastal-Imaging-Research-Network/Station-Design-Toolbox;visit=swh:1:snp:7f853fc1f5c11fa865633fa547e1014facce620e;anchor=swh:1:rev:b4ab9e8c5298588255580c3a73e94b3058c96748,2020-01,Elsevier BV,en,SoftwareX,2352-7110,https://doi.org/10.1016/j.softx.2019.100377,https://api.crossref.org/works/10.1016/j.softx.2019.100377,Crossref,https://github.com/ElsevierSoftwareX/SOFTX_2019_33,ElsevierSoftwareX GitHub Organization,18 June 2026
10.1016/j.softx.2019.100393,SoftwareX,KineticPy: A tool to calculate long-time kinetics in energy landscapes with broken ergodicity,KineticPy,KineticPy,https://github.com/Mauro-Glass-Group/KineticPy,swh:1:dir:f15dd964f655dbc9b9b7606e496d03e0cc26da6f;origin=https://github.com/Mauro-Glass-Group/KineticPy;visit=swh:1:snp:5908ff37f29dd5f02bd9c5a03e2d3eb0d84905b0;anchor=swh:1:rev:400b1643dee3614f68d0ce3f6dec964900c96fb6,2020-01,Elsevier BV,en,SoftwareX,2352-7110,https://doi.org/10.1016/j.softx.2019.100393,https://api.crossref.org/works/10.1016/j.softx.2019.100393,Crossref,https://github.com/ElsevierSoftwareX/SOFTX_2019_346,ElsevierSoftwareX GitHub Organization,18 June 2026
10.1016/j.softx.2020.100397,SoftwareX,ElasticMatrix: A MATLAB toolbox for anisotropic elastic wave propagation in layered media,ElasticMatrix,ElasticMatrix,https://github.com/dannyramasawmy/ElasticMatrix,swh:1:dir:4d3e2df6ba5a454fef4e06c82cb53bd542033c5b;origin=https://github.com/dannyramasawmy/ElasticMatrix;visit=swh:1:snp:a468298ca658a2435c9fe3e0c8591752ab0e7867;anchor=swh:1:rev:25c2182839f50a0737837425acb3331abe5f1749,2020-01,Elsevier BV,en,SoftwareX,2352-7110,https://doi.org/10.1016/j.softx.2020.100397,https://api.crossref.org/works/10.1016/j.softx.2020.100397,Crossref,https://github.com/ElsevierSoftwareX/SOFTX_2019_300,ElsevierSoftwareX GitHub Organization,18 June 2026
10.1016/j.softx.2020.100400,SoftwareX,Isula: A java framework for ant colony algorithms,isula,Isula,https://github.com/cptanalatriste/isula,swh:1:dir:a5c7dba5126ed87f9403b6e0821b4521423302d7;origin=https://github.com/cptanalatriste/isula;visit=swh:1:snp:4299266469514378f60f82b9eb5312c4b8f56aa6;anchor=swh:1:rev:2b61954044ae2066760e70e886fe1c525de8ab22,2020-01,Elsevier BV,en,SoftwareX,2352-7110,https://doi.org/10.1016/j.softx.2020.100400,https://api.crossref.org/works/10.1016/j.softx.2020.100400,Crossref,https://github.com/ElsevierSoftwareX/SOFTX_2019_61,ElsevierSoftwareX GitHub Organization,18 June 2026
10.1016/j.softx.2020.100405,SoftwareX,MISA++: A standardized interface for automated bioimage analysis,misa-framework,MISA++,https://github.com/applied-systems-biology/misa-framework,swh:1:dir:19f3b098d8a30e7ea065ab3dce6a830530ec6ee5;origin=https://github.com/applied-systems-biology/misa-framework;visit=swh:1:snp:15bd75333bd1a39ebc9e34f2764c08105a00bfc3;anchor=swh:1:rev:a8c274d282cd3844c4cf2f2e606eff771d54b10e,2020-01,Elsevier BV,en,SoftwareX,2352-7110,https://doi.org/10.1016/j.softx.2020.100405,https://api.crossref.org/works/10.1016/j.softx.2020.100405,Crossref,https://github.com/ElsevierSoftwareX/SOFTX_2019_276,ElsevierSoftwareX GitHub Organization,18 June 2026
10.1016/j.softx.2019.100364,SoftwareX,Prototyping X-ray tomographic reconstruction pipelines with FleXbox,Tomos,,https://github.com/cicwi/Tomos,swh:1:dir:7ae1fdee9ab220ce79481beb55e1fe9fdc8fd030;origin=https://github.com/cicwi/Tomos;visit=swh:1:snp:d1cd9b918fda715c44cb8868c7f67d5e951bfca2;anchor=swh:1:rev:db2690f188b7fa12fef995f67211b646b1aff6e8,2020-01,Elsevier BV,en,SoftwareX,2352-7110,https://doi.org/10.1016/j.softx.2019.100364,https://api.crossref.org/works/10.1016/j.softx.2019.100364,Crossref,https://github.com/ElsevierSoftwareX/SOFTX_2019_163,ElsevierSoftwareX GitHub Organization,18 June 2026
10.1016/j.softx.2020.100415,SoftwareX,DeFinetti: A Mathematica program to analyze the replicator dynamics of 3-strategy collective interactions,DeFinetti,DeFinetti,https://github.com/archetti/DeFinetti,swh:1:dir:b0d6d71c3e14def6f7295922628b43dec6f68f44;origin=https://github.com/archetti/DeFinetti;visit=swh:1:snp:d583742edf96f859e3bca6d72970432641c2a09b;anchor=swh:1:rev:7137994385cc84962489ab5135e956ad52f40c50,2020-01,Elsevier BV,en,SoftwareX,2352-7110,https://doi.org/10.1016/j.softx.2020.100415,https://api.crossref.org/works/10.1016/j.softx.2020.100415,Crossref,https://github.com/ElsevierSoftwareX/SOFTX_2019_213,ElsevierSoftwareX GitHub Organization,18 June 2026
10.1016/j.softx.2020.100417,SoftwareX,FM-Track: A fiducial marker tracking software for studying cell mechanics in a three-dimensional environment,FM-Track,FM-Track,https://github.com/elejeune11/FM-Track,swh:1:dir:6a4d8a99974f2f611c5f7663a26c79e281200f4a;origin=https://github.com/elejeune11/FM-Track;visit=swh:1:snp:6e21d28698d55c6edcb19011b0186649e2c2eb48;anchor=swh:1:rev:ce255388872f4c1f500c89f6aaacba57562d45c2,2020-01,Elsevier BV,en,SoftwareX,2352-7110,https://doi.org/10.1016/j.softx.2020.100417,https://api.crossref.org/works/10.1016/j.softx.2020.100417,Crossref,https://github.com/ElsevierSoftwareX/SOFTX_2019_342,ElsevierSoftwareX GitHub Organization,18 June 2026
10.1016/j.softx.2020.100409,SoftwareX,GeoRocket: A scalable and cloud-based data store for big geospatial files,georocket,GeoRocket,https://github.com/georocket/georocket,swh:1:dir:2c22f7e2ab2ccc0d88ec6947b0c3dfc9f9374b9a;origin=https://github.com/georocket/georocket;visit=swh:1:snp:4d0d0b3d4fccf58b98015ba4c94ca44b89abd8b3;anchor=swh:1:rev:d1b5ffa95f194f6d8eabe4de3e49ef3063dec477,2020-01,Elsevier BV,en,SoftwareX,2352-7110,https://doi.org/10.1016/j.softx.2020.100409,https://api.crossref.org/works/10.1016/j.softx.2020.100409,Crossref,https://github.com/ElsevierSoftwareX/SOFTX_2018_173,ElsevierSoftwareX GitHub Organization,18 June 2026
10.1016/j.softx.2020.100407,SoftwareX,kPWorkbench: A software suit for membrane systems,kPWorkbench,kPWorkbench,https://github.com/Kernel-P-Systems/kPWorkbench,swh:1:dir:5f332c19b060dc52ee2664d6e4c573d13f23aabb;origin=https://github.com/Kernel-P-Systems/kPWorkbench;visit=swh:1:snp:0a0b787b10fa3dd4d742f8fe798bbf253b86968f;anchor=swh:1:rev:9e46960ad4992c6901838ec805baa447bfc9c576,2020-01,Elsevier BV,en,SoftwareX,2352-7110,https://doi.org/10.1016/j.softx.2020.100407,https://api.crossref.org/works/10.1016/j.softx.2020.100407,Crossref,https://github.com/ElsevierSoftwareX/SOFTX_2019_254,ElsevierSoftwareX GitHub Organization,18 June 2026
10.1016/j.softx.2020.100403,SoftwareX,Obfuscapk: An open-source black-box obfuscation tool for Android apps,Obfuscapk,Obfuscapk,https://github.com/ClaudiuGeorgiu/Obfuscapk,swh:1:dir:d76501dcd22322af600cc9afc55022125f93299d;origin=https://github.com/ClaudiuGeorgiu/Obfuscapk;visit=swh:1:snp:b656df89a867cf862ffe14b0f007cb9b87b254bd;anchor=swh:1:rev:8ac7cf4c7d435764adc98aa8d0123468b5312561,2020-01,Elsevier BV,en,SoftwareX,2352-7110,https://doi.org/10.1016/j.softx.2020.100403,https://api.crossref.org/works/10.1016/j.softx.2020.100403,Crossref,https://github.com/ElsevierSoftwareX/SOFTX_2019_275,ElsevierSoftwareX GitHub Organization,18 June 2026
10.1016/j.softx.2019.100395,SoftwareX,nsCouette – A high-performance code for direct numerical simulations of turbulent Taylor–Couette flow,nsCouette,nsCouette,https://github.com/dfeldmann/nsCouette,swh:1:dir:bf4eda13a0967eb5b31873138843c7f7f1900076;origin=https://github.com/dfeldmann/nsCouette;visit=swh:1:snp:6145fab5a864172a59b99d73d3c98331cb0edb81;anchor=swh:1:rev:7116623e6ec61907c0aaaa9540f9a5730b0073c9,2020-01,Elsevier BV,en,SoftwareX,2352-7110,https://doi.org/10.1016/j.softx.2019.100395,https://api.crossref.org/works/10.1016/j.softx.2019.100395,Crossref,https://github.com/ElsevierSoftwareX/SOFTX_2019_225,ElsevierSoftwareX GitHub Organization,18 June 2026
10.1016/j.softx.2019.100391,SoftwareX,μ DIC: An open-source toolkit for digital image correlation,muDIC,μ DIC,https://github.com/PolymerGuy/muDIC,swh:1:dir:912c39d8221389a937ca3d7759efc6ac371aec0a;origin=https://github.com/PolymerGuy/muDIC;visit=swh:1:snp:37dc189695f639346bd0394e02fefbf435f25e4b;anchor=swh:1:rev:80db4ef743ea239e394ba8d8df4f498a0d69b523,2020-01,Elsevier BV,en,SoftwareX,2352-7110,https://doi.org/10.1016/j.softx.2019.100391,https://api.crossref.org/works/10.1016/j.softx.2019.100391,Crossref,https://github.com/ElsevierSoftwareX/SOFTX_2019_193,ElsevierSoftwareX GitHub Organization,18 June 2026
10.1016/j.softx.2019.100389,SoftwareX,RXMD: A scalable reactive molecular dynamics simulator for optimized time-to-solution,RXMD,RXMD,https://github.com/USCCACS/RXMD,swh:1:dir:d2b2f735fe07ebe5caca18a44eda63ff30985c5f;origin=https://github.com/USCCACS/RXMD;visit=swh:1:snp:9de36250098985ba2566ef670c2b4349e153f5ec;anchor=swh:1:rev:fb60f346763a3a70a58a0cf4cc75feac748c1b98,2020-01,Elsevier BV,en,SoftwareX,2352-7110,https://doi.org/10.1016/j.softx.2019.100389,https://api.crossref.org/works/10.1016/j.softx.2019.100389,Crossref,https://github.com/ElsevierSoftwareX/SOFTX_2019_32,ElsevierSoftwareX GitHub Organization,18 June 2026
10.1016/j.softx.2020.100419,SoftwareX,TWINKLE: A digital-twin-building kernel for real-time computer-aided engineering,Twinkle,TWINKLE,https://github.com/caeliaITAINNOVA/Twinkle,swh:1:dir:ab11a048a90a0fefbdd229e2aaf5ab4ee1307390;origin=https://github.com/caeliaITAINNOVA/Twinkle;visit=swh:1:snp:f16aafa11133134b8c6568cc993f0f73465fcbbd;anchor=swh:1:rev:4c30023f96566c36ce3bdc573ce89d6e1ab69a8c,2020-01,Elsevier BV,en,SoftwareX,2352-7110,https://doi.org/10.1016/j.softx.2020.100419,https://api.crossref.org/works/10.1016/j.softx.2020.100419,Crossref,https://github.com/ElsevierSoftwareX/SOFTX_2019_64,ElsevierSoftwareX GitHub Organization,18 June 2026
10.1016/j.softx.2020.100423,SoftwareX,M-SPARC: Matlab-Simulation Package for Ab-initio Real-space Calculations,M-SPARC,M-SPARC,https://github.com/SPARC-X/M-SPARC,swh:1:dir:18b9e5d2d86374b93fe63280c351e33b21daf860;origin=https://github.com/SPARC-X/M-SPARC;visit=swh:1:snp:cab34299ae740a149ebc6bd657a4b89b0b97ede9;anchor=swh:1:rev:ce6728fbe4c99f3c26101a82585c772d8068d31d,2020-01,Elsevier BV,en,SoftwareX,2352-7110,https://doi.org/10.1016/j.softx.2020.100423,https://api.crossref.org/works/10.1016/j.softx.2020.100423,Crossref,https://github.com/ElsevierSoftwareX/SOFTX_2019_387,ElsevierSoftwareX GitHub Organization,18 June 2026
10.1016/j.softx.2020.100413,SoftwareX,Part2Track: A MATLAB package for double frame and time resolved Particle Tracking Velocimetry,Part2Track,Part2Track,https://github.com/Part2Track/Part2Track,swh:1:dir:e158cbb84d9af6130f2e4921c32506bb89aa90fb;origin=https://github.com/Part2Track/Part2Track;visit=swh:1:snp:e7b5a63ab195b32d63ab108c472950905561a67c;anchor=swh:1:rev:3192c17509153479519d0132518e454295b03858,2020-01,Elsevier BV,en,SoftwareX,2352-7110,https://doi.org/10.1016/j.softx.2020.100413,https://api.crossref.org/works/10.1016/j.softx.2020.100413,Crossref,https://github.com/ElsevierSoftwareX/SOFTX_2019_335,ElsevierSoftwareX GitHub Organization,18 June 2026
10.1016/j.softx.2020.100430,SoftwareX,MOOSE: Enabling massively parallel multiphysics simulation,moose,MOOSE,https://github.com/idaholab/moose,swh:1:dir:f7282cd3a47824578ae5ba05b1d46005c31fbbb8;origin=https://github.com/idaholab/moose;visit=swh:1:snp:6a74f64242bcb75f44268a7c6da2c7668eb2e934;anchor=swh:1:rev:c4f95a57019a78ba196bde783147daff1102253f,2020-01,Elsevier BV,en,SoftwareX,2352-7110,https://doi.org/10.1016/j.softx.2020.100430,https://api.crossref.org/works/10.1016/j.softx.2020.100430,Crossref,https://github.com/ElsevierSoftwareX/SOFTX_2019_293,ElsevierSoftwareX GitHub Organization,18 June 2026
10.1016/j.softx.2020.100432,SoftwareX,BLNN: An R package for training neural networks using Bayesian inference,BLNN,BLNN,https://github.com/BLNNdevs/BLNN,swh:1:dir:e817e47e76b0e26e814e8f994318aea87ab58e33;origin=https://github.com/BLNNdevs/BLNN;visit=swh:1:snp:510970f9475829431a3448dc040467090ed1dead;anchor=swh:1:rev:30632ff7072d28f4d2daf2bebf51a638f408977b,2020-01,Elsevier BV,en,SoftwareX,2352-7110,https://doi.org/10.1016/j.softx.2020.100432,https://api.crossref.org/works/10.1016/j.softx.2020.100432,Crossref,https://github.com/ElsevierSoftwareX/SOFTX_2019_318,ElsevierSoftwareX GitHub Organization,18 June 2026
10.1016/j.softx.2020.100450,SoftwareX,Pygpc: A sensitivity and uncertainty analysis toolbox for Python,pygpc,Pygpc,https://github.com/pygpc-polynomial-chaos/pygpc,swh:1:dir:3a2ec4ef5c95bd4445a50f0807612b95f3c23ac3;origin=https://github.com/pygpc-polynomial-chaos/pygpc;visit=swh:1:snp:c1f0eaf278198d5d365c6a47cce6fc3f50984769;anchor=swh:1:rev:51c975354b8c4db0c579cd30b284d5bdc7b3f7f7,2020-01,Elsevier BV,en,SoftwareX,2352-7110,https://doi.org/10.1016/j.softx.2020.100450,https://api.crossref.org/works/10.1016/j.softx.2020.100450,Crossref,https://github.com/ElsevierSoftwareX/SOFTX_2020_7,ElsevierSoftwareX GitHub Organization,18 June 2026
10.1016/j.softx.2020.100446,SoftwareX,LatticeMech: A discrete mechanics code to compute the effective static properties of 2D metamaterial structures,DiscreteLatticeMech,LatticeMech,https://github.com/phadjido/DiscreteLatticeMech,swh:1:dir:ed57306b743e8d070fe041826f6e1fdae84d38d4;origin=https://github.com/phadjido/DiscreteLatticeMech;visit=swh:1:snp:88604d4c4b220c19bbad5d628639d4a85d649f5b;anchor=swh:1:rev:cd0487c6f6bc12276de76b6e26cc6e4be8b4ba1b,2020-01,Elsevier BV,en,SoftwareX,2352-7110,https://doi.org/10.1016/j.softx.2020.100446,https://api.crossref.org/works/10.1016/j.softx.2020.100446,Crossref,https://github.com/ElsevierSoftwareX/SOFTX_2019_365,ElsevierSoftwareX GitHub Organization,18 June 2026
10.1016/j.softx.2020.100448,SoftwareX,NeuroFramework: A package based on neuroevolutionary algorithms to estimate the melting temperature of ionic liquids,NeuroFramework,NeuroFramework,https://github.com/joalceco/NeuroFramework,swh:1:dir:390fa705588e65a416ab3ddd6dc51ac486f5494e;origin=https://github.com/joalceco/NeuroFramework;visit=swh:1:snp:b3ad3f5ac5145832c2773a56bcf7ba150dfacce5;anchor=swh:1:rev:c27175d66563e8203c80c495ec07c70066b3b25d,2020-01,Elsevier BV,en,SoftwareX,2352-7110,https://doi.org/10.1016/j.softx.2020.100448,https://api.crossref.org/works/10.1016/j.softx.2020.100448,Crossref,https://github.com/ElsevierSoftwareX/SOFTX_2019_288,ElsevierSoftwareX GitHub Organization,18 June 2026
10.1016/j.softx.2020.100453,SoftwareX,Introducing the permutations R package,permutations,,https://github.com/RobinHankin/permutations,swh:1:dir:92cf53b0ba11ce9326a528912af59f98ba2ff27c;origin=https://github.com/RobinHankin/permutations;visit=swh:1:snp:7dcb0edccd549ba691e47f67ab1be2f873ad6581;anchor=swh:1:rev:6521acacf0c571d2f7e50d97ea2bd29ce3e1cf60,2020-01,Elsevier BV,en,SoftwareX,2352-7110,https://doi.org/10.1016/j.softx.2020.100453,https://api.crossref.org/works/10.1016/j.softx.2020.100453,Crossref,https://github.com/ElsevierSoftwareX/SOFTX_2019_202,ElsevierSoftwareX GitHub Organization,18 June 2026
10.1016/j.softx.2020.100428,SoftwareX,A fetal heart rate morphological analysis toolbox for MATLAB,FHRMA,,https://github.com/data-coeur/FHRMA,swh:1:dir:ecc2454efe33754a30d99f20ea3fb804bc5c63d8;origin=https://github.com/data-coeur/FHRMA;visit=swh:1:snp:e8cb04b48283f8a018ed1eafa6aac77b6ec5627a;anchor=swh:1:rev:407a279ea55458b0512fd709646c5646dc2ef669,2020-01,Elsevier BV,en,SoftwareX,2352-7110,https://doi.org/10.1016/j.softx.2020.100428,https://api.crossref.org/works/10.1016/j.softx.2020.100428,Crossref,https://github.com/ElsevierSoftwareX/SOFTX_2018_217,ElsevierSoftwareX GitHub Organization,18 June 2026
10.1016/j.softx.2020.100456,SoftwareX,TSFEL: Time Series Feature Extraction Library,tsfel,TSFEL,https://github.com/fraunhoferportugal/tsfel,swh:1:dir:941c9539cb717c0b48e850038dfdba647c1c9f03;origin=https://github.com/fraunhoferportugal/tsfel;visit=swh:1:snp:09d8bb8e3f2ea53fc285e60527c8d1125243ca67;anchor=swh:1:rev:ecf3ac8d52e0bad4fd25d9baa5e668a0f535441a,2020-01,Elsevier BV,en,SoftwareX,2352-7110,https://doi.org/10.1016/j.softx.2020.100456,https://api.crossref.org/works/10.1016/j.softx.2020.100456,Crossref,https://github.com/ElsevierSoftwareX/SOFTX_2020_1,ElsevierSoftwareX GitHub Organization,18 June 2026
10.1016/j.softx.2020.100438,SoftwareX,River Architect,program,,https://github.com/RiverArchitect/program,swh:1:dir:ef500f2aff2521749bf48b0ee0f846b5c72c2031;origin=https://github.com/RiverArchitect/program;visit=swh:1:snp:8e84d173004709c10d08954cda827b8d4edb89c5;anchor=swh:1:rev:779418f3e1d2bd12c918902559fcec1ef03014f0,2020-01,Elsevier BV,en,SoftwareX,2352-7110,https://doi.org/10.1016/j.softx.2020.100438,https://api.crossref.org/works/10.1016/j.softx.2020.100438,Crossref,https://github.com/ElsevierSoftwareX/SOFTX_2019_277,ElsevierSoftwareX GitHub Organization,18 June 2026
10.1016/j.softx.2020.100426,SoftwareX,Connecting the CoppeliaSim robotics simulator to virtual reality,CoppeliaSim-VR-Toolbox,,https://github.com/BorisBogaerts/CoppeliaSim-VR-Toolbox,swh:1:dir:c33f98971bf436026e4a95f54a94988c56482221;origin=https://github.com/BorisBogaerts/CoppeliaSim-VR-Toolbox;visit=swh:1:snp:f8a6185aa57818c2deb372ef3f0fd4104be62962;anchor=swh:1:rev:80b59214612705dd3d8593aadb662cbd9e47208e,2020-01,Elsevier BV,en,SoftwareX,2352-7110,https://doi.org/10.1016/j.softx.2020.100426,https://api.crossref.org/works/10.1016/j.softx.2020.100426,Crossref,https://github.com/ElsevierSoftwareX/SOFTX_2019_247,ElsevierSoftwareX GitHub Organization,18 June 2026
10.1016/j.softx.2020.100440,SoftwareX,TrackPad: Software for semi-automated single-cell tracking and lineage annotation,TrackPad,TrackPad,https://github.com/Jamcor/TrackPad,swh:1:dir:7ee06a44e96052a71092fdf3f77645e7b871c0e8;origin=https://github.com/Jamcor/TrackPad;visit=swh:1:snp:ea68d15e03f4b0db827481960dc079b9ce9ee325;anchor=swh:1:rev:785eeaba2508f491dade368cf554940637c32270,2020-01,Elsevier BV,en,SoftwareX,2352-7110,https://doi.org/10.1016/j.softx.2020.100440,https://api.crossref.org/works/10.1016/j.softx.2020.100440,Crossref,https://github.com/ElsevierSoftwareX/SOFTX_2019_235,ElsevierSoftwareX GitHub Organization,18 June 2026
10.1016/j.softx.2020.100442,SoftwareX,Reaction Network Viewer (ReNView): An open-source framework for reaction path visualization of chemical reaction systems,renview,Reaction Network Viewer (ReNView),https://github.com/VlachosGroup/renview,swh:1:dir:d1b80def13b34d08e8cf7020b23324aad0b6d23c;origin=https://github.com/VlachosGroup/renview;visit=swh:1:snp:774a7b38cb199be42c88a0e004a34ccd98a4100f;anchor=swh:1:rev:47a81f9c1583873f03a1e6edf1cb5bc2109d7cce,2020-01,Elsevier BV,en,SoftwareX,2352-7110,https://doi.org/10.1016/j.softx.2020.100442,https://api.crossref.org/works/10.1016/j.softx.2020.100442,Crossref,https://github.com/ElsevierSoftwareX/SOFTX_2019_239,ElsevierSoftwareX GitHub Organization,18 June 2026
10.1016/j.softx.2020.100470,SoftwareX,Symbolic Information Flow Measurement (SIFM): A software for measurement of information flow using symbolic analysis,sifmv1,,https://github.com/kamberaj/sifmv1,swh:1:dir:e601fd030abab791cf7f93f8d34f4c17be7d51bb;origin=https://github.com/kamberaj/sifmv1;visit=swh:1:snp:280a9fab31eaa0d7062eb31d793bf133b84b16d3;anchor=swh:1:rev:17bdec46835f37f66e06e9f871a296d31c873da3,2020-01,Elsevier BV,en,SoftwareX,2352-7110,https://doi.org/10.1016/j.softx.2020.100470,https://api.crossref.org/works/10.1016/j.softx.2020.100470,Crossref,https://github.com/ElsevierSoftwareX/SOFTX_2019_301,ElsevierSoftwareX GitHub Organization,18 June 2026
10.1016/j.softx.2020.100464,SoftwareX,PlgCirMap: A MATLAB toolbox for computing conformal mappings from polygonal multiply connected domains onto circular domains,PlgCirMap,PlgCirMap,https://github.com/mmsnasser/PlgCirMap,swh:1:dir:58a4dcce917765f55d505ced9a8083058070fed0;origin=https://github.com/mmsnasser/PlgCirMap;visit=swh:1:snp:cb3c7dbf63c7b53f583ea32e6c722f2336236c58;anchor=swh:1:rev:39fe252efb9e2bc0344d2c56ce3ff1e7558fc093,2020-01,Elsevier BV,en,SoftwareX,2352-7110,https://doi.org/10.1016/j.softx.2020.100464,https://api.crossref.org/works/10.1016/j.softx.2020.100464,Crossref,https://github.com/ElsevierSoftwareX/SOFTX_2019_303,ElsevierSoftwareX GitHub Organization,18 June 2026
10.1016/j.softx.2020.100458,SoftwareX,pyCM: An open-source computational framework for residual stress analysis employing the Contour Method,pyCM,pyCM,https://github.com/majroy/pyCM,swh:1:dir:e62ca0fab8fcfe8f827cb78b99f9fde6606747d8;origin=https://github.com/majroy/pyCM;visit=swh:1:snp:316a79d8da8e020580fd8656ca0ebd0dbc6b4e93;anchor=swh:1:rev:f20a9e6f884c2ab4ef50d531f70a08b8cea97355,2020-01,Elsevier BV,en,SoftwareX,2352-7110,https://doi.org/10.1016/j.softx.2020.100458,https://api.crossref.org/works/10.1016/j.softx.2020.100458,Crossref,https://github.com/ElsevierSoftwareX/SOFTX_2019_361,ElsevierSoftwareX GitHub Organization,18 June 2026
10.1016/j.softx.2019.100359,SoftwareX,Kinetic calculation: Software tool for determining the kinetic parameters of the thermal decomposition process using the Vyazovkin Method,Kinetic-calculation,Kinetic calculation,https://github.com/sozykinsa/Kinetic-calculation,swh:1:dir:2069b561c736243e62368f48de6417eedc5c1a8d;origin=https://github.com/sozykinsa/Kinetic-calculation;visit=swh:1:snp:fbf21cc257c5542c5b65cfb454a00e47a9a3dfd0;anchor=swh:1:rev:d68ba519369a8baca1350c4b3e821af95c606270,2020-01,Elsevier BV,en,SoftwareX,2352-7110,https://doi.org/10.1016/j.softx.2019.100359,https://api.crossref.org/works/10.1016/j.softx.2019.100359,Crossref,https://github.com/ElsevierSoftwareX/SOFTX_2019_190,ElsevierSoftwareX GitHub Organization,18 June 2026
10.1016/j.softx.2020.100481,SoftwareX,MicroFEA 1.0 — A software package for Finite Element Analysis of functionally graded materials,MicroFEA,MicroFEA 1.0,https://github.com/lmcv-ufc/MicroFEA,swh:1:dir:ebb920894ee31ad167545294412d236ea35ad0c0;origin=https://github.com/lmcv-ufc/MicroFEA;visit=swh:1:snp:91b8323d9f4a61790290e81a152b413d423a342e;anchor=swh:1:rev:e086755750404d4894fe1b99734e26dc7ecddf9b,2020-01,Elsevier BV,en,SoftwareX,2352-7110,https://doi.org/10.1016/j.softx.2020.100481,https://api.crossref.org/works/10.1016/j.softx.2020.100481,Crossref,https://github.com/ElsevierSoftwareX/SOFTX_2019_244,ElsevierSoftwareX GitHub Organization,18 June 2026
10.1016/j.softx.2020.100483,SoftwareX,3D-coupling of Volume-of-Fluid and Lagrangian particle tracking for spray atomization simulation in OpenFOAM,atomizationFoam,,https://github.com/imfd-stroemungsmechanik/atomizationFoam,swh:1:dir:6f420cd759e649c4413de0a37f609283a0a7cb59;origin=https://github.com/imfd-stroemungsmechanik/atomizationFoam;visit=swh:1:snp:8092467dd821642d8a0293ec490f2e0d6ef20bd2;anchor=swh:1:rev:5916506d6ce7f343e4be5450bf0fa36bdf0a3e72,2020-01,Elsevier BV,en,SoftwareX,2352-7110,https://doi.org/10.1016/j.softx.2020.100483,https://api.crossref.org/works/10.1016/j.softx.2020.100483,Crossref,https://github.com/ElsevierSoftwareX/SOFTX_2020_30,ElsevierSoftwareX GitHub Organization,18 June 2026
10.1016/j.softx.2020.100468,SoftwareX,BLUE: Combining correlated estimates of physics observables within ROOT using the Best Linear Unbiased Estimate method,root,BLUE,https://github.com/root-project/root,swh:1:dir:63cba66665405e06bb11e0db92c75a613bda8c5d;origin=https://github.com/root-project/root;visit=swh:1:snp:4d276fe0a3063a3206455976640773e96c6cd5da;anchor=swh:1:rev:82162e310b102a4abd526d493f892fbb8e9e8ac5,2020-01,Elsevier BV,en,SoftwareX,2352-7110,https://doi.org/10.1016/j.softx.2020.100468,https://api.crossref.org/works/10.1016/j.softx.2020.100468,Crossref,https://github.com/ElsevierSoftwareX/SOFTX_2020_16,ElsevierSoftwareX GitHub Organization,18 June 2026
10.1016/j.softx.2020.100461,SoftwareX,"Software architecture for YOLO, a creativity-stimulating robot",YOLO-Software,,https://github.com/patricialvesoliveira/YOLO-Software,swh:1:dir:b9a769aded47297a2d55819d6c69d039549d6b52;origin=https://github.com/patricialvesoliveira/YOLO-Software;visit=swh:1:snp:b605dadb8307c1f5305de3464cf02db34ac06a73;anchor=swh:1:rev:44332f01720368c4a7cceabda6aac8ecf7dbf273,2020-01,Elsevier BV,en,SoftwareX,2352-7110,https://doi.org/10.1016/j.softx.2020.100461,https://api.crossref.org/works/10.1016/j.softx.2020.100461,Crossref,https://github.com/ElsevierSoftwareX/SOFTX_2019_242,ElsevierSoftwareX GitHub Organization,18 June 2026
10.1016/j.softx.2020.100478,SoftwareX,HPexome: An automated tool for processing whole-exome sequencing data,hpexome,HPexome,https://github.com/labbcb/hpexome,swh:1:dir:2465c477ac50eb8310c1a1efd6e7125a254502c5;origin=https://github.com/labbcb/hpexome;visit=swh:1:snp:b760a120018428eaa6118475b11851c0e793828d;anchor=swh:1:rev:c098cc1cb5d9177e17d988083b77cab5445d7dea,2020-01,Elsevier BV,en,SoftwareX,2352-7110,https://doi.org/10.1016/j.softx.2020.100478,https://api.crossref.org/works/10.1016/j.softx.2020.100478,Crossref,https://github.com/ElsevierSoftwareX/SOFTX_2019_323,ElsevierSoftwareX GitHub Organization,18 June 2026
10.1016/j.softx.2020.100462,SoftwareX,iScore: An MPI supported software for ranking protein–protein docking models based on a random walk graph kernel and support vector machines,iScore,iScore,https://github.com/DeepRank/iScore,swh:1:dir:74c36f48c7c3e5c1d061ee45cf2728d9d7d17e48;origin=https://github.com/DeepRank/iScore;visit=swh:1:snp:b37d3ecb5dc1c16ca270ccf607cec2531ce72248;anchor=swh:1:rev:4ff6c7c34806441936fa1d806222ca9fdc9ca7a2,2020-01,Elsevier BV,en,SoftwareX,2352-7110,https://doi.org/10.1016/j.softx.2020.100462,https://api.crossref.org/works/10.1016/j.softx.2020.100462,Crossref,https://github.com/ElsevierSoftwareX/SOFTX_2019_302,ElsevierSoftwareX GitHub Organization,18 June 2026
10.1016/j.softx.2020.100436,SoftwareX,TreeSwift: A massively scalable Python tree package,TreeSwift,TreeSwift,https://github.com/niemasd/TreeSwift,swh:1:dir:c2b65a1a80fa88a59f2f6adc58f9d96d9e1b84c8;origin=https://github.com/niemasd/TreeSwift;visit=swh:1:snp:dce577608057e9c1cb2aa03584b2470365d9af67;anchor=swh:1:rev:63b8979fb5e616ba89079d44e594682683c1365e,2020-01,Elsevier BV,en,SoftwareX,2352-7110,https://doi.org/10.1016/j.softx.2020.100436,https://api.crossref.org/works/10.1016/j.softx.2020.100436,Crossref,https://github.com/ElsevierSoftwareX/SOFTX_2019_74,ElsevierSoftwareX GitHub Organization,18 June 2026
10.1016/j.softx.2020.100474,SoftwareX,SCOUT: Signal Correction and Uncertainty Quantification Toolbox in MATLAB,SCOUT,SCOUT,https://github.com/FlowModelingControl/SCOUT,swh:1:dir:330fc33751fb76c438116746444fa8cd9d6e8293;origin=https://github.com/FlowModelingControl/SCOUT;visit=swh:1:snp:cc23c08d16f4b14ec019233d0220f0df4969717d;anchor=swh:1:rev:6e30220049901a2782a67fce691c1bc398e3a387,2020-01,Elsevier BV,en,SoftwareX,2352-7110,https://doi.org/10.1016/j.softx.2020.100474,https://api.crossref.org/works/10.1016/j.softx.2020.100474,Crossref,https://github.com/ElsevierSoftwareX/SOFTX_2019_366,ElsevierSoftwareX GitHub Organization,18 June 2026
10.1016/j.softx.2020.100476,SoftwareX,"Bembel: The fast isogeometric boundary element C++ library for Laplace, Helmholtz, and electric wave equation",bembel,Bembel,https://github.com/temf/bembel,swh:1:dir:e637b161ed32c698fe7f40484c4143de11f85f3a;origin=https://github.com/temf/bembel;visit=swh:1:snp:3bc4935de78511b28c38d24f82a4bb9b1e98a9cb;anchor=swh:1:rev:62b165965457adf7511d84c603a8ceddffda6d2d,2020-01,Elsevier BV,en,SoftwareX,2352-7110,https://doi.org/10.1016/j.softx.2020.100476,https://api.crossref.org/works/10.1016/j.softx.2020.100476,Crossref,https://github.com/ElsevierSoftwareX/SOFTX_2019_176,ElsevierSoftwareX GitHub Organization,18 June 2026
10.1016/j.softx.2020.100472,SoftwareX,PyARPES: An analysis framework for multimodal angle-resolved photoemission spectroscopies,arpes,PyARPES,https://github.com/chstan/arpes,swh:1:dir:324b387c21819d1ea544965b9ebf4d0ff7bd73c2;origin=https://github.com/chstan/arpes;visit=swh:1:snp:74551516320813698edd0e794842ab6ef834de25;anchor=swh:1:rev:deb31677c0bf23ae6369a28804aff5752de4f6e3,2020-01,Elsevier BV,en,SoftwareX,2352-7110,https://doi.org/10.1016/j.softx.2020.100472,https://api.crossref.org/works/10.1016/j.softx.2020.100472,Crossref,https://github.com/ElsevierSoftwareX/SOFTX_2019_160,ElsevierSoftwareX GitHub Organization,18 June 2026
10.1016/j.softx.2020.100434,SoftwareX,UF2C — User-Friendly Functional Connectivity: A neuroimaging toolbox for fMRI processing and analyses,uf2c_toolbox,UF2C,https://github.com/uf2c/uf2c_toolbox,swh:1:dir:d003de84e43f2e764ce59e99bc631368f3e7ac01;origin=https://github.com/uf2c/uf2c_toolbox;visit=swh:1:snp:dde6f1d40901441d08dfe9f10bae7879042af1b4;anchor=swh:1:rev:8f5b78dee70677d5b83199301bd0f0161ff44940,2020-01,Elsevier BV,en,SoftwareX,2352-7110,https://doi.org/10.1016/j.softx.2020.100434,https://api.crossref.org/works/10.1016/j.softx.2020.100434,Crossref,https://github.com/ElsevierSoftwareX/SOFTX_2019_135,ElsevierSoftwareX GitHub Organization,18 June 2026
10.1016/j.softx.2020.100487,SoftwareX,J-PET Framework: Software platform for PET tomography data reconstruction and analysis,j-pet-framework,J-PET Framework,https://github.com/wkrzemien/j-pet-framework,swh:1:dir:54ea249bf64749275b7b39ef8a81abad0be5a2f5;origin=https://github.com/wkrzemien/j-pet-framework;visit=swh:1:snp:333af694d64cd6fe6c245bf2993b585aedcfcc9c;anchor=swh:1:rev:2e24adc69d98e488039d9fbc430df5ef198cd721,2020-01,Elsevier BV,en,SoftwareX,2352-7110,https://doi.org/10.1016/j.softx.2020.100487,https://api.crossref.org/works/10.1016/j.softx.2020.100487,Crossref,https://github.com/ElsevierSoftwareX/SOFTX_2020_50,ElsevierSoftwareX GitHub Organization,18 June 2026
10.1016/j.softx.2020.100485,SoftwareX,CU-BENs: A structural modeling finite element library,CU-BENs,CU-BENs,https://github.com/nonlinearfun/CU-BENs,swh:1:dir:e01ea3b4ca33160b82730a8020704e1caeba42f9;origin=https://github.com/nonlinearfun/CU-BENs;visit=swh:1:snp:065e2efd28b1ce9bded8d80efa91773bdb4d6dad;anchor=swh:1:rev:21458eb23073e664c5e36267c6f743783e6b15d3,2020-01,Elsevier BV,en,SoftwareX,2352-7110,https://doi.org/10.1016/j.softx.2020.100485,https://api.crossref.org/works/10.1016/j.softx.2020.100485,Crossref,https://github.com/ElsevierSoftwareX/SOFTX_2020_13,ElsevierSoftwareX GitHub Organization,18 June 2026
10.1016/j.softx.2020.100493,SoftwareX,RuralSpeedSafetyX: Interactive decision support tool to improve safety,RuralSpeedSafetyX,RuralSpeedSafetyX,https://github.com/subasish/RuralSpeedSafetyX,swh:1:dir:10d58afeb73a19b9bb1429bcb1e6c7c2e410adfe;origin=https://github.com/subasish/RuralSpeedSafetyX;visit=swh:1:snp:db0965cc2c3c19c07817ec7ee954c07d158e7161;anchor=swh:1:rev:20aed6c814a6aff0ee8c5cdfad550842a7c33315,2020-01,Elsevier BV,en,SoftwareX,2352-7110,https://doi.org/10.1016/j.softx.2020.100493,https://api.crossref.org/works/10.1016/j.softx.2020.100493,Crossref,https://github.com/ElsevierSoftwareX/SOFTX_2019_350,ElsevierSoftwareX GitHub Organization,18 June 2026
10.1016/j.softx.2020.100497,SoftwareX,Update (1.2) to ANDURIL and ANDURYL: Performance improvements and a graphical user interface,anduryl,Update (1.2) to ANDURIL and ANDURYL,https://github.com/grongen/anduryl,swh:1:dir:81eed48ec467b50f487c605662b51a58f4e38bb8;origin=https://github.com/grongen/anduryl;visit=swh:1:snp:2707bb9b65a6fb82db72ba3b7c26b6d9a0fd616a;anchor=swh:1:rev:3bf8bc4295c4d21ca2507c4422286debce355071,2020-07,Elsevier BV,en,SoftwareX,2352-7110,https://doi.org/10.1016/j.softx.2020.100497,https://api.crossref.org/works/10.1016/j.softx.2020.100497,Crossref,https://github.com/ElsevierSoftwareX/SOFTX_2020_183,ElsevierSoftwareX GitHub Organization,18 June 2026
10.1016/j.softx.2020.100495,SoftwareX,An R library for nonlinear black-box system identification,narmax,,https://github.com/helonayala/narmax,swh:1:dir:6920be7163ea28019cdd01ce4b4648339c7098e7;origin=https://github.com/helonayala/narmax;visit=swh:1:snp:2d780195971516b6e47899a302d25ab3b49a385f;anchor=swh:1:rev:4e689c08163bedf285e665a4bf075b6bda8d0110,2020-01,Elsevier BV,en,SoftwareX,2352-7110,https://doi.org/10.1016/j.softx.2020.100495,https://api.crossref.org/works/10.1016/j.softx.2020.100495,Crossref,https://github.com/ElsevierSoftwareX/SOFTX_2019_262,ElsevierSoftwareX GitHub Organization,18 June 2026
10.1016/j.softx.2020.100506,SoftwareX,BEEP: A Python library for Battery Evaluation and Early Prediction,beep,BEEP,https://github.com/TRI-AMDD/beep,swh:1:dir:0d2689ec90cad94d976aff140495c30862c9fcce;origin=https://github.com/TRI-AMDD/beep;visit=swh:1:snp:7220b1469552ef683e9cc091f47732fbf85a5f11;anchor=swh:1:rev:9f3a71d55b43bfe6a4ea633f7f112cea1db7d82b,2020-01,Elsevier BV,en,SoftwareX,2352-7110,https://doi.org/10.1016/j.softx.2020.100506,https://api.crossref.org/works/10.1016/j.softx.2020.100506,Crossref,https://github.com/ElsevierSoftwareX/SOFTX_2020_49,ElsevierSoftwareX GitHub Organization,18 June 2026
10.1016/j.softx.2020.100501,SoftwareX,ASS4HR — An Artificial Somatosensory System for a Humanoid Robot. The ROS package,ASS4HR,ASS4HR,https://github.com/crss-lab/ASS4HR,swh:1:dir:58a5718a19e18d83f1d972f84843b5211506b312;origin=https://github.com/crss-lab/ASS4HR;visit=swh:1:snp:3a865c9396bc83319413de3f1d5cab4f89f4700f;anchor=swh:1:rev:8ffc66835382c4594673abbf9ffd7b09ad19219b,2020-01,Elsevier BV,en,SoftwareX,2352-7110,https://doi.org/10.1016/j.softx.2020.100501,https://api.crossref.org/works/10.1016/j.softx.2020.100501,Crossref,https://github.com/ElsevierSoftwareX/SOFTX_2019_51,ElsevierSoftwareX GitHub Organization,18 June 2026
10.1016/j.softx.2020.100508,SoftwareX,zfit: Scalable pythonic fitting,zfit,zfit,https://github.com/zfit/zfit,swh:1:dir:6a2ae8b65a237b79597bb46fcb1fe202e010e7e1;origin=https://github.com/zfit/zfit;visit=swh:1:snp:9af7d060948321dea8fe06152e546ef648e7a0af;anchor=swh:1:rev:770b28f826f435910a8d6e8a499ade54e9b3ab19,2020-01,Elsevier BV,en,SoftwareX,2352-7110,https://doi.org/10.1016/j.softx.2020.100508,https://api.crossref.org/works/10.1016/j.softx.2020.100508,Crossref,https://github.com/ElsevierSoftwareX/SOFTX_2019_376,ElsevierSoftwareX GitHub Organization,18 June 2026
10.1016/j.softx.2020.100499,SoftwareX,PySTPrism: Tools for voxel-based space–time prisms,pystprism,PySTPrism,https://github.com/rwhiteheadanderson/pystprism,swh:1:dir:acf0a6d5911fa3ea5cd18873d14b3b8cb0004fb1;origin=https://github.com/rwhiteheadanderson/pystprism;visit=swh:1:snp:a8133889a9c427688e721452c6feaccdff821317;anchor=swh:1:rev:5a3e14a3861448fbcbb743426f8c01f374bc0ee2,2020-07,Elsevier BV,en,SoftwareX,2352-7110,https://doi.org/10.1016/j.softx.2020.100499,https://api.crossref.org/works/10.1016/j.softx.2020.100499,Crossref,https://github.com/ElsevierSoftwareX/SOFTX_2019_326,ElsevierSoftwareX GitHub Organization,18 June 2026
10.1016/j.softx.2020.100512,SoftwareX,PowTrAn: An R Package for power trace analysis,powtran,PowTrAn,https://github.com/SoftengPoliTo/powtran,swh:1:dir:e97f854004d50fbd3541afabd40df95fda7870e3;origin=https://github.com/SoftengPoliTo/powtran;visit=swh:1:snp:e8186dbc9dc37b13ff1a6837ec7cc0326cbcef7b;anchor=swh:1:rev:b9ad90d0cdc437e6213c597da89b06f657d7b9df,2020-07,Elsevier BV,en,SoftwareX,2352-7110,https://doi.org/10.1016/j.softx.2020.100512,https://api.crossref.org/works/10.1016/j.softx.2020.100512,Crossref,https://github.com/ElsevierSoftwareX/SOFTX_2020_25,ElsevierSoftwareX GitHub Organization,18 June 2026
10.1016/j.softx.2020.100520,SoftwareX,MOBOpt — multi-objective Bayesian optimization,MOBOpt,MOBOpt,https://github.com/ppgaluzio/MOBOpt,swh:1:dir:cef83f87d9e10a7fb3fd4dc0a323157317f511f7;origin=https://github.com/ppgaluzio/MOBOpt;visit=swh:1:snp:87449ad24d6b180ddd5498b19f90976ac6745278;anchor=swh:1:rev:89eeb4a2e4d71643b2e2cfb0f6b770eabb346f23,2020-07,Elsevier BV,en,SoftwareX,2352-7110,https://doi.org/10.1016/j.softx.2020.100520,https://api.crossref.org/works/10.1016/j.softx.2020.100520,Crossref,https://github.com/ElsevierSoftwareX/SOFTX_2020_91,ElsevierSoftwareX GitHub Organization,18 June 2026
10.1016/j.softx.2020.100526,SoftwareX,GSimPy: A Python package for measuring group similarity,GSimPy,GSimPy,https://github.com/curlyae1995/GSimPy,swh:1:dir:b5c475d914c26c1c913492ca21a352c385acb5b5;origin=https://github.com/curlyae1995/GSimPy;visit=swh:1:snp:e3f09bd2752183bd68639df19f22b7dce98a97d7;anchor=swh:1:rev:ed7cd68bd0f7b27b1bd6faf1ca8d556c96da6cc6,2020-07,Elsevier BV,en,SoftwareX,2352-7110,https://doi.org/10.1016/j.softx.2020.100526,https://api.crossref.org/works/10.1016/j.softx.2020.100526,Crossref,https://github.com/ElsevierSoftwareX/SOFTX_2019_354,ElsevierSoftwareX GitHub Organization,18 June 2026
10.1016/j.softx.2020.100517,SoftwareX,torcpy: Supporting task parallelism in Python,torc_py,torcpy,https://github.com/IBM/torc_py,swh:1:dir:6d668c299f183c7da850ffa57cb5c04e32fd630c;origin=https://github.com/IBM/torc_py;visit=swh:1:snp:285738ff96dc421c9f8f3f9974ac57cba8f27aa3;anchor=swh:1:rev:995fdbd0af5c0f546fa74d1c2b4ee3b739173ce9,2020-07,Elsevier BV,en,SoftwareX,2352-7110,https://doi.org/10.1016/j.softx.2020.100517,https://api.crossref.org/works/10.1016/j.softx.2020.100517,Crossref,https://github.com/ElsevierSoftwareX/SOFTX_2020_9,ElsevierSoftwareX GitHub Organization,18 June 2026
10.1016/j.softx.2020.100525,SoftwareX,"sDNA: 3-d spatial network analysis for GIS, CAD, Command Line & Python",sdna_open,sDNA,https://github.com/fiftysevendegreesofrad/sdna_open,swh:1:dir:98602c890f0edd40e5f6bdb5c189096bf1cc593c;origin=https://github.com/fiftysevendegreesofrad/sdna_open;visit=swh:1:snp:0f56a7a86183f5f934aad42d506e21a9bf3b59d3;anchor=swh:1:rev:c0ccb1625d42ea259f090e8a1d4601033bdda96b,2020-07,Elsevier BV,en,SoftwareX,2352-7110,https://doi.org/10.1016/j.softx.2020.100525,https://api.crossref.org/works/10.1016/j.softx.2020.100525,Crossref,https://github.com/ElsevierSoftwareX/SOFTX_2019_336,ElsevierSoftwareX GitHub Organization,18 June 2026
10.1016/j.softx.2020.100528,SoftwareX,X-Ray Calc: A software for the simulation of X-ray reflectivity,X-RayCalc,X-Ray Calc,https://github.com/OleksiyPenkov/X-RayCalc,swh:1:dir:baa1f6d0eae7a12d5742355922c9597afa9e392a;origin=https://github.com/OleksiyPenkov/X-RayCalc;visit=swh:1:snp:841320bb9a4a187abb534f0775e4782d71642bad;anchor=swh:1:rev:20998eb67b90c51f532c090ddf125eda85747f09,2020-07,Elsevier BV,en,SoftwareX,2352-7110,https://doi.org/10.1016/j.softx.2020.100528,https://api.crossref.org/works/10.1016/j.softx.2020.100528,Crossref,https://github.com/ElsevierSoftwareX/SOFTX_2019_363,ElsevierSoftwareX GitHub Organization,18 June 2026
10.1016/j.softx.2020.100522,SoftwareX,NANOPTICS: In-depth analysis of NANomaterials for OPTICal localized surface plasmon resonance Sensing,nanoptics,NANOPTICS,https://github.com/marcopsr2020/nanoptics,swh:1:dir:958db17d8cb57843cb206a9c22a4206df70703eb;origin=https://github.com/marcopsr2020/nanoptics;visit=swh:1:snp:56954429e36a77bc7f155ae57cd9b984dc17c8f1;anchor=swh:1:rev:b9e0f08aea418f45505e7fea314fd5bb5e91050a,2020-07,Elsevier BV,en,SoftwareX,2352-7110,https://doi.org/10.1016/j.softx.2020.100522,https://api.crossref.org/works/10.1016/j.softx.2020.100522,Crossref,https://github.com/ElsevierSoftwareX/SOFTX_2020_42,ElsevierSoftwareX GitHub Organization,18 June 2026
10.1016/j.softx.2020.100516,SoftwareX,SeMi: A SEmantic Modeling machIne to build Knowledge Graphs with graph neural networks,semi,SeMi,https://github.com/giuseppefutia/semi,swh:1:dir:787fd268954980763cb6ea4d6bd44fbb0dafe55e;origin=https://github.com/giuseppefutia/semi;visit=swh:1:snp:8c6ddfd9563c64cd6adcce704a0f37058ba6c5a9;anchor=swh:1:rev:bf145f2fa88b2628e7829d6da2fca097fbadeef4,2020-07,Elsevier BV,en,SoftwareX,2352-7110,https://doi.org/10.1016/j.softx.2020.100516,https://api.crossref.org/works/10.1016/j.softx.2020.100516,Crossref,https://github.com/ElsevierSoftwareX/SOFTX_2019_258,ElsevierSoftwareX GitHub Organization,18 June 2026
10.1016/j.softx.2020.100518,SoftwareX,MVTS-Data Toolkit: A Python package for preprocessing multivariate time series data,mvtsdata_toolkit,MVTS-Data Toolkit,https://github.com/AzimAhmadzadeh/mvtsdata_toolkit,swh:1:dir:bfc2f7e4d858da8eaff72186c8ca936ee1753f1b;origin=https://github.com/AzimAhmadzadeh/mvtsdata_toolkit;visit=swh:1:snp:6bc37bb312dd911ea9e32de2da5eb3083835020b;anchor=swh:1:rev:3bd3f0c38979f2015c9112a880280f2ece45edb8,2020-07,Elsevier BV,en,SoftwareX,2352-7110,https://doi.org/10.1016/j.softx.2020.100518,https://api.crossref.org/works/10.1016/j.softx.2020.100518,Crossref,https://github.com/ElsevierSoftwareX/SOFTX_2020_15,ElsevierSoftwareX GitHub Organization,18 June 2026
10.1016/j.softx.2020.100539,SoftwareX,A discrete event simulation procedure for validating programs of requirements: The case of hospital space planning,DES_PoR_Tool,,https://github.com/CemreTUDelft/DES_PoR_Tool,swh:1:dir:d58be657543c8a55f2e2c66a2c2ee7ab11d01983;origin=https://github.com/CemreTUDelft/DES_PoR_Tool;visit=swh:1:snp:c6910e7276a28c0fde08a2614fd026caa7b5cf63;anchor=swh:1:rev:5b0fbfd9552bbfe27233a6eaeec6d7254932b061,2020-07,Elsevier BV,en,SoftwareX,2352-7110,https://doi.org/10.1016/j.softx.2020.100539,https://api.crossref.org/works/10.1016/j.softx.2020.100539,Crossref,https://github.com/ElsevierSoftwareX/SOFTX_2019_367,ElsevierSoftwareX GitHub Organization,18 June 2026
10.1016/j.softx.2020.100549,SoftwareX,AMBER: A real-time pipeline for the detection of single pulse astronomical transients,AMBER,AMBER,https://github.com/TRASAL/AMBER,swh:1:dir:6c855383f22be3fec9c2e546fef0e29f60b415aa;origin=https://github.com/TRASAL/AMBER;visit=swh:1:snp:fc04a2995f702cde7f076e59110f6ad4b9798893;anchor=swh:1:rev:4b5f5ea3a7b51a855318b6b156315c344aa746a4,2020-07,Elsevier BV,en,SoftwareX,2352-7110,https://doi.org/10.1016/j.softx.2020.100549,https://api.crossref.org/works/10.1016/j.softx.2020.100549,Crossref,https://github.com/ElsevierSoftwareX/SOFTX_2018_248,ElsevierSoftwareX GitHub Organization,18 June 2026
10.1016/j.softx.2020.100535,SoftwareX,GTO: A toolkit to unify pipelines in genomic and proteomic research,gto,GTO,https://github.com/cobilab/gto,swh:1:dir:3698c8e20623ff24bb253e2a8ce377db4521b0ff;origin=https://github.com/cobilab/gto;visit=swh:1:snp:a87dbdc19cf3f71cd52d80313d11407d09890e70;anchor=swh:1:rev:d77a7c60fc49b9bc0af7aea802c21aa20bbf8189,2020-07,Elsevier BV,en,SoftwareX,2352-7110,https://doi.org/10.1016/j.softx.2020.100535,https://api.crossref.org/works/10.1016/j.softx.2020.100535,Crossref,https://github.com/ElsevierSoftwareX/SOFTX_2020_147,ElsevierSoftwareX GitHub Organization,18 June 2026
10.1016/j.softx.2020.100550,SoftwareX,Xcompact3D: An open-source framework for solving turbulence problems on a Cartesian mesh,Incompact3d,Xcompact3D,https://github.com/xcompact3d/Incompact3d,swh:1:dir:99d954e407da9d21d85182b9a56e4a3026b72b65;origin=https://github.com/xcompact3d/Incompact3d;visit=swh:1:snp:9cb2b335cf1f634010ed8d6247a96043433dc7e9;anchor=swh:1:rev:abb010e615cff520f949a210278945346995966c,2020-07,Elsevier BV,en,SoftwareX,2352-7110,https://doi.org/10.1016/j.softx.2020.100550,https://api.crossref.org/works/10.1016/j.softx.2020.100550,Crossref,https://github.com/ElsevierSoftwareX/SOFTX_2019_357,ElsevierSoftwareX GitHub Organization,18 June 2026
10.1016/j.softx.2020.100555,SoftwareX,Dymium: A modular microsimulation modelling framework for integrated urban modelling,dymium,Dymium,https://github.com/asiripanich/dymium,swh:1:dir:9aee0de9fc37f0b711136c3b8869ae1ef843dca3;origin=https://github.com/asiripanich/dymium;visit=swh:1:snp:24f24500fa871295a797e4d35bc9366a2785a8e1;anchor=swh:1:rev:4f55590f3aadb01dfd221965a9404361f4144991,2020-07,Elsevier BV,en,SoftwareX,2352-7110,https://doi.org/10.1016/j.softx.2020.100555,https://api.crossref.org/works/10.1016/j.softx.2020.100555,Crossref,https://github.com/ElsevierSoftwareX/SOFTX_2020_8,ElsevierSoftwareX GitHub Organization,18 June 2026
10.1016/j.softx.2020.100559,SoftwareX,HiTIME: An efficient model-selection approach for the detection of unknown drug metabolites in LC-MS data,HiTIME-CPP,HiTIME,https://github.com/bjpop/HiTIME-CPP,swh:1:dir:e77d8973dd0f8a03d5034cb21804bf1b28d42806;origin=https://github.com/bjpop/HiTIME-CPP;visit=swh:1:snp:d1bb297f213646749ba924447f5e2b5cd6377d20;anchor=swh:1:rev:4a0087f81bfcec031e1098aaa26ac3617ffddad5,2020-07,Elsevier BV,en,SoftwareX,2352-7110,https://doi.org/10.1016/j.softx.2020.100559,https://api.crossref.org/works/10.1016/j.softx.2020.100559,Crossref,https://github.com/ElsevierSoftwareX/SOFTX_2019_370,ElsevierSoftwareX GitHub Organization,18 June 2026
10.1016/j.softx.2020.100557,SoftwareX,HC-4-PM: A heterarchical communication framework for project management,HC-4-PM,HC-4-PM,https://github.com/Kyripana/HC-4-PM,swh:1:dir:ee1e901a8772d447bfbe1a66bf5993dd67a4ac7e;origin=https://github.com/Kyripana/HC-4-PM;visit=swh:1:snp:905084ad8c0dd36cfa7d99de635908deaddb38e9;anchor=swh:1:rev:55690466ee4c7fddb236bfe70f135d2ecb7eb93d,2020-07,Elsevier BV,en,SoftwareX,2352-7110,https://doi.org/10.1016/j.softx.2020.100557,https://api.crossref.org/works/10.1016/j.softx.2020.100557,Crossref,https://github.com/ElsevierSoftwareX/SOFTX_2019_320,ElsevierSoftwareX GitHub Organization,18 June 2026
10.1016/j.softx.2020.100491,SoftwareX,MatlabHTM: A sequence memory model of neocortical layers for anomaly detection,matlabHTM,MatlabHTM,https://github.com/SudeepSarkar/matlabHTM,swh:1:dir:30f45d85dedbfc1ad6c635668f4f644707286022;origin=https://github.com/SudeepSarkar/matlabHTM;visit=swh:1:snp:0c2839f8787770a1b8268944f780ea82f1783a22;anchor=swh:1:rev:28bfef9be192c020a7a7a7450fb7cb801549af41,2020-01,Elsevier BV,en,SoftwareX,2352-7110,https://doi.org/10.1016/j.softx.2020.100491,https://api.crossref.org/works/10.1016/j.softx.2020.100491,Crossref,https://github.com/ElsevierSoftwareX/SOFTX_2018_252,ElsevierSoftwareX GitHub Organization,18 June 2026
10.1016/j.softx.2020.100561,SoftwareX,ADIOS 2: The Adaptable Input Output System. A framework for high-performance data management,ADIOS2,ADIOS 2,https://github.com/ornladios/ADIOS2,swh:1:dir:5b8ee65cf1300e5d9c9088e0d7dfce39d24ef09c;origin=https://github.com/ornladios/ADIOS2;visit=swh:1:snp:ac1b49c418de87828b29ce50feb898a24c0a8bb0;anchor=swh:1:rev:6d17591a6e966b574b6dd9f86b9e861314cc2670,2020-07,Elsevier BV,en,SoftwareX,2352-7110,https://doi.org/10.1016/j.softx.2020.100561,https://api.crossref.org/works/10.1016/j.softx.2020.100561,Crossref,https://github.com/ElsevierSoftwareX/SOFTX_2019_252,ElsevierSoftwareX GitHub Organization,18 June 2026
10.1016/j.softx.2020.100579,SoftwareX,Lethe: An open-source parallel high-order adaptative CFD solver for incompressible flows,lethe,Lethe,https://github.com/chaos-polymtl/lethe,swh:1:dir:e20a41ab735fdd969ec2167313697afc909a228a;origin=https://github.com/chaos-polymtl/lethe;visit=swh:1:snp:185d0bacf9b9a53e89df00b5b846b346b94c7f7b;anchor=swh:1:rev:a1e2d729e6a7703698176c0b972025878a8f439c,2020-07,Elsevier BV,en,SoftwareX,2352-7110,https://doi.org/10.1016/j.softx.2020.100579,https://api.crossref.org/works/10.1016/j.softx.2020.100579,Crossref,https://github.com/ElsevierSoftwareX/SOFTX_2020_200,ElsevierSoftwareX GitHub Organization,18 June 2026
10.1016/j.softx.2020.100569,SoftwareX,MiRNA-QC-and-Diagnosis: An R package for diagnosis based on MiRNA expression,MiRNA-QC-and-Diagnosis,MiRNA-QC-and-Diagnosis,https://github.com/LeonardoRicci/MiRNA-QC-and-Diagnosis,swh:1:dir:6f01033185d4a5507a7bb02c0e65c26760e6ae0d;origin=https://github.com/LeonardoRicci/MiRNA-QC-and-Diagnosis;visit=swh:1:snp:e92187aada8e931650670820d7c9ac5504ea21d8;anchor=swh:1:rev:de762c34fc9a92057963f2ed4876431373ebd45d,2020-07,Elsevier BV,en,SoftwareX,2352-7110,https://doi.org/10.1016/j.softx.2020.100569,https://api.crossref.org/works/10.1016/j.softx.2020.100569,Crossref,https://github.com/ElsevierSoftwareX/SOFTX_2020_197,ElsevierSoftwareX GitHub Organization,18 June 2026
10.1016/j.softx.2020.100567,SoftwareX,SpinUpFlowDescriptor: A MATLAB toolbox for ferrofluids materials under moderate and high amplitude and frequency of magnetic rotating fields in a spin-up geometry,Spin-Up-Geomtry,SpinUpFlowDescriptor,https://github.com/cristian12144/Spin-Up-Geomtry,swh:1:dir:492a22fac39b488d56b5d40deb6d921ac8b44855;origin=https://github.com/cristian12144/Spin-Up-Geomtry;visit=swh:1:snp:6dfb0c9a294b3dbca5aa7d4d615b82d4c320849e;anchor=swh:1:rev:65784a8e2b790702b1eb72e1ae33526379b68197,2020-07,Elsevier BV,en,SoftwareX,2352-7110,https://doi.org/10.1016/j.softx.2020.100567,https://api.crossref.org/works/10.1016/j.softx.2020.100567,Crossref,https://github.com/ElsevierSoftwareX/SOFTX_2020_260,ElsevierSoftwareX GitHub Organization,18 June 2026
10.1016/j.softx.2020.100563,SoftwareX,CBE Thermal Comfort Tool: Online tool for thermal comfort calculations and visualizations,comfort_tool,CBE Thermal Comfort Tool,https://github.com/CenterForTheBuiltEnvironment/comfort_tool,swh:1:dir:78d77423b3770102fc8651cebf6a42daa00ae686;origin=https://github.com/CenterForTheBuiltEnvironment/comfort_tool;visit=swh:1:snp:72355698c1798318853d4a79c0c591c5a1c314ca;anchor=swh:1:rev:c77ef268724bdf71027c1b65ff2cedca2e3b999e,2020-07,Elsevier BV,en,SoftwareX,2352-7110,https://doi.org/10.1016/j.softx.2020.100563,https://api.crossref.org/works/10.1016/j.softx.2020.100563,Crossref,https://github.com/ElsevierSoftwareX/SOFTX_2020_242,ElsevierSoftwareX GitHub Organization,18 June 2026
10.1016/j.softx.2020.100584,SoftwareX,SurfRCaT: A tool for remote calibration of pre-existing coastal cameras to enable their use as quantitative coastal monitoring tools,SurfRCaT,SurfRCaT,https://github.com/conlin-matt/SurfRCaT,swh:1:dir:9ed97e20b50602f7890a6c35236fe9362dc2a3b6;origin=https://github.com/conlin-matt/SurfRCaT;visit=swh:1:snp:e9ea5c2b182935c9858b6c7b322a262c04b4ac48;anchor=swh:1:rev:f240e0fbe91d38018b102e5e9e607a6db745ee81,2020-07,Elsevier BV,en,SoftwareX,2352-7110,https://doi.org/10.1016/j.softx.2020.100584,https://api.crossref.org/works/10.1016/j.softx.2020.100584,Crossref,https://github.com/ElsevierSoftwareX/SOFTX_2020_228,ElsevierSoftwareX GitHub Organization,18 June 2026
10.1016/j.softx.2020.100576,SoftwareX,YAWL: An open source Business Process Management System from science for science,yawl,YAWL,https://github.com/yawlfoundation/yawl,swh:1:dir:0dc9a45b7e4048eac17c12aefd241e63919d21a8;origin=https://github.com/yawlfoundation/yawl;visit=swh:1:snp:ce7ea90b0732909c17054a5abc2efa8944a0a04d;anchor=swh:1:rev:b555c59c7515ab52148b96a3ea2dfba470724bef,2020-07,Elsevier BV,en,SoftwareX,2352-7110,https://doi.org/10.1016/j.softx.2020.100576,https://api.crossref.org/works/10.1016/j.softx.2020.100576,Crossref,https://github.com/ElsevierSoftwareX/SOFTX_2020_80,ElsevierSoftwareX GitHub Organization,18 June 2026
10.1016/j.softx.2020.100600,SoftwareX,MJOLNIR: A software package for multiplexing neutron spectrometers,MJOLNIR,MJOLNIR,https://github.com/MJOLNIRPackage/MJOLNIR,swh:1:dir:409c42f88eed49c287b507ff2c920db5a5e43b99;origin=https://github.com/MJOLNIRPackage/MJOLNIR;visit=swh:1:snp:141e19ede6dfffa80118da22c7484148941f5948;anchor=swh:1:rev:2e5b9244ecd30ab95e7c2097fa8f4a9e9dcc303f,2020-07,Elsevier BV,en,SoftwareX,2352-7110,https://doi.org/10.1016/j.softx.2020.100600,https://api.crossref.org/works/10.1016/j.softx.2020.100600,Crossref,https://github.com/ElsevierSoftwareX/SOFTX-D-20-00002,ElsevierSoftwareX GitHub Organization,18 June 2026
10.1016/j.softx.2020.100599,SoftwareX,ZWT: A new cross-platform graphical interface framework for Java applications,zwt,ZWT,https://github.com/zwt-sdk/zwt,swh:1:dir:919c6d86c40eacf0b3cf850e8d5b0264fbd65637;origin=https://github.com/zwt-sdk/zwt;visit=swh:1:snp:bda52b362d50005e90661b67d1034a345c452bcc;anchor=swh:1:rev:88a81a10947d3972167e7ec647c31bf48816f886,2020-07,Elsevier BV,en,SoftwareX,2352-7110,https://doi.org/10.1016/j.softx.2020.100599,https://api.crossref.org/works/10.1016/j.softx.2020.100599,Crossref,https://github.com/ElsevierSoftwareX/SOFTX_2020_229,ElsevierSoftwareX GitHub Organization,18 June 2026
10.1016/j.softx.2020.100597,SoftwareX,GeoReVi: A knowledge discovery and data management tool for subsurface characterization,GeoReVi,GeoReVi,https://github.com/ApirsAL/GeoReVi,swh:1:dir:75d2d8e8953666874395bcd1d127ef524f89a892;origin=https://github.com/ApirsAL/GeoReVi;visit=swh:1:snp:0aba378c4d84e04ce19ee3685cc6998479b9b913;anchor=swh:1:rev:29326d2587b25b997e06d50fbe49e3c3a0b697e1,2020-07,Elsevier BV,en,SoftwareX,2352-7110,https://doi.org/10.1016/j.softx.2020.100597,https://api.crossref.org/works/10.1016/j.softx.2020.100597,Crossref,https://github.com/ElsevierSoftwareX/SOFTX_2019_352,ElsevierSoftwareX GitHub Organization,18 June 2026
10.1016/j.softx.2020.100594,SoftwareX,StimVis: A tool for interactive computation of the TMS-induced effects over tractography data,StimVis_TMS,StimVis,https://github.com/KulikovaSofya/StimVis_TMS,swh:1:dir:61be72657c8a14a59eba1f5957dce18783201f0f;origin=https://github.com/KulikovaSofya/StimVis_TMS;visit=swh:1:snp:031c9d31d2401f145d4017b13309d3c3639ce24f;anchor=swh:1:rev:199a3af59946b25129d3919c30c14ade233082ad,2020-07,Elsevier BV,en,SoftwareX,2352-7110,https://doi.org/10.1016/j.softx.2020.100594,https://api.crossref.org/works/10.1016/j.softx.2020.100594,Crossref,https://github.com/ElsevierSoftwareX/SOFTX_2020_146,ElsevierSoftwareX GitHub Organization,18 June 2026
10.1016/j.softx.2020.100591,SoftwareX,Sherpa: Robust hyperparameter optimization for machine learning,sherpa,Sherpa,https://github.com/sherpa-ai/sherpa,swh:1:dir:a74a45e762d8672a2f4974cef9605ec2dd0b95a0;origin=https://github.com/sherpa-ai/sherpa;visit=swh:1:snp:ca9c5d1ce6b2ddebaec64fd02a46d846dba60300;anchor=swh:1:rev:ff6466e99717983f9f394ba72b63f17343e32bdc,2020-07,Elsevier BV,en,SoftwareX,2352-7110,https://doi.org/10.1016/j.softx.2020.100591,https://api.crossref.org/works/10.1016/j.softx.2020.100591,Crossref,https://github.com/ElsevierSoftwareX/SOFTX_2019_328,ElsevierSoftwareX GitHub Organization,18 June 2026
10.1016/j.softx.2020.100590,SoftwareX,Sismic—A Python library for statechart execution and testing,sismic,,https://github.com/AlexandreDecan/sismic,swh:1:dir:def3937246d37b28a50900ec2b0b05ea63d4e4e4;origin=https://github.com/AlexandreDecan/sismic;visit=swh:1:snp:7b7708764a1a2c0d8e220d60bd5dc618cfb24e0a;anchor=swh:1:rev:2905c80fd17eeb203197535a5e16fb4285a992c4,2020-07,Elsevier BV,en,SoftwareX,2352-7110,https://doi.org/10.1016/j.softx.2020.100590,https://api.crossref.org/works/10.1016/j.softx.2020.100590,Crossref,https://github.com/ElsevierSoftwareX/SOFTX_2019_181,ElsevierSoftwareX GitHub Organization,18 June 2026
10.1016/j.softx.2020.100595,SoftwareX,MicroStructPy: A statistical microstructure mesh generator in Python,MicroStructPy,MicroStructPy,https://github.com/kip-hart/MicroStructPy,swh:1:dir:6a9fb50a4c8923d3d9bb1e0febcc3414d4b94cc1;origin=https://github.com/kip-hart/MicroStructPy;visit=swh:1:snp:ac98b3e7396d63a879054b147765a0e6d5eca96e;anchor=swh:1:rev:246664d3bf5e1afe91c2f426f10ff664130d0e88,2020-07,Elsevier BV,en,SoftwareX,2352-7110,https://doi.org/10.1016/j.softx.2020.100595,https://api.crossref.org/works/10.1016/j.softx.2020.100595,Crossref,https://github.com/ElsevierSoftwareX/SOFTX-D-20-00001,ElsevierSoftwareX GitHub Organization,18 June 2026
10.1016/j.softx.2020.100587,SoftwareX,OSCAR: A MATLAB based package to simulate realistic optical cavities,oscar,OSCAR,https://github.com/Jerome-LMA/oscar,swh:1:dir:e2f0fdd989b4ddd4c5969d39107a63f8d60b7591;origin=https://github.com/Jerome-LMA/oscar;visit=swh:1:snp:d027978cce27791ea98f779b20a6bca6d192595c;anchor=swh:1:rev:148f0706570bd190ee2d2ec83dcd16b96ce15483,2020-07,Elsevier BV,en,SoftwareX,2352-7110,https://doi.org/10.1016/j.softx.2020.100587,https://api.crossref.org/works/10.1016/j.softx.2020.100587,Crossref,https://github.com/ElsevierSoftwareX/SOFTX_2020_116,ElsevierSoftwareX GitHub Organization,18 June 2026
10.1016/j.softx.2020.100605,SoftwareX,Nebula: Monte Carlo simulator of electron–matter interaction,Nebula,Nebula,https://github.com/Nebula-simulator/Nebula,swh:1:dir:2362ba2ec96145005e4d7cdbe35084616ebd5e84;origin=https://github.com/Nebula-simulator/Nebula;visit=swh:1:snp:14f5580f0bc9f74efeb3146bf140a3d71a57209d;anchor=swh:1:rev:446c783fe9c6615a62ae0209524502abdb993887,2020-07,Elsevier BV,en,SoftwareX,2352-7110,https://doi.org/10.1016/j.softx.2020.100605,https://api.crossref.org/works/10.1016/j.softx.2020.100605,Crossref,https://github.com/ElsevierSoftwareX/SOFTX_2020_254,ElsevierSoftwareX GitHub Organization,18 June 2026
10.1016/j.softx.2020.100601,SoftwareX,PackageCargo: A decision support tool for the container loading problem with stability,PackageCargo,PackageCargo,https://github.com/jcmartinez10/PackageCargo,swh:1:dir:7557ce24f7390adc483f8cbde127deb08fe7cb59;origin=https://github.com/jcmartinez10/PackageCargo;visit=swh:1:snp:9a8ef1c9677b3e82aea437d9899798a7bf9b657d;anchor=swh:1:rev:dd24df222d7d8b8af6132335b99e7d6de06f74a6,2020-07,Elsevier BV,en,SoftwareX,2352-7110,https://doi.org/10.1016/j.softx.2020.100601,https://api.crossref.org/works/10.1016/j.softx.2020.100601,Crossref,https://github.com/ElsevierSoftwareX/SOFTX_2020_198,ElsevierSoftwareX GitHub Organization,18 June 2026
10.1016/j.softx.2020.100604,SoftwareX,VortexFitting: A post-processing fluid mechanics tool for vortex identification,VortexFitting,VortexFitting,https://github.com/guilindner/VortexFitting,swh:1:dir:874bcb64506992e706b939f54ac144b9999492d5;origin=https://github.com/guilindner/VortexFitting;visit=swh:1:snp:f4610b932debff2f16a9891c157415b1354d9755;anchor=swh:1:rev:b03d30811a5050d16e7bee40ddc4c4d920fd9b08,2020-07,Elsevier BV,en,SoftwareX,2352-7110,https://doi.org/10.1016/j.softx.2020.100604,https://api.crossref.org/works/10.1016/j.softx.2020.100604,Crossref,https://github.com/ElsevierSoftwareX/SOFTX-D-20-00015,ElsevierSoftwareX GitHub Organization,18 June 2026
10.1016/j.softx.2020.100608,SoftwareX,A Python interface to the Dutch Atmospheric Large-Eddy Simulation,omuse,,https://github.com/omuse-geoscience/omuse,swh:1:dir:31710b76cee30a00b5605ba72627293f826e5038;origin=https://github.com/omuse-geoscience/omuse;visit=swh:1:snp:573b383f4a6c41841e3160216e503c819468237f;anchor=swh:1:rev:157f9d662aa6044e18f0cf5b939962e9b5d4fa3c,2020-07,Elsevier BV,en,SoftwareX,2352-7110,https://doi.org/10.1016/j.softx.2020.100608,https://api.crossref.org/works/10.1016/j.softx.2020.100608,Crossref,https://github.com/ElsevierSoftwareX/SOFTX_2019_279,ElsevierSoftwareX GitHub Organization,18 June 2026
10.1016/j.softx.2020.100609,SoftwareX,pksensi: An R package to apply global sensitivity analysis in physiologically based kinetic modeling,pksensi,pksensi,https://github.com/nanhung/pksensi,swh:1:dir:4dee698937dccc1a2ac3898e873b5c8907905e6e;origin=https://github.com/nanhung/pksensi;visit=swh:1:snp:6d04d507f0a2fb8a25f339957cde580b23226711;anchor=swh:1:rev:a775203eab90fa09059fde7190396d730ae04351,2020-07,Elsevier BV,en,SoftwareX,2352-7110,https://doi.org/10.1016/j.softx.2020.100609,https://api.crossref.org/works/10.1016/j.softx.2020.100609,Crossref,https://github.com/ElsevierSoftwareX/SOFTX_2020_29,ElsevierSoftwareX GitHub Organization,18 June 2026
10.1016/j.softx.2020.100611,SoftwareX,Efficient WENO library for OpenFOAM,WENOEXT,,https://github.com/WENO-OF/WENOEXT,swh:1:dir:da22717305e1b5c19727798c7046a31e41b335be;origin=https://github.com/WENO-OF/WENOEXT;visit=swh:1:snp:c4580c25a3aedf455dc157341fee7609b15c562a;anchor=swh:1:rev:f45593abd480d9f1ea2056cefd2f6626bebab497,2020-07,Elsevier BV,en,SoftwareX,2352-7110,https://doi.org/10.1016/j.softx.2020.100611,https://api.crossref.org/works/10.1016/j.softx.2020.100611,Crossref,https://github.com/ElsevierSoftwareX/SOFTX-D-20-00017,ElsevierSoftwareX GitHub Organization,18 June 2026
10.1016/j.softx.2020.100607,SoftwareX,"EaRL—Software for Earthquake Risk, Loss and Lifecycle Analysis",EaRL,,https://github.com/amaelkady/EaRL,swh:1:dir:b77fd2e2586837a7d8d4d49f8ae3d607c866fd83;origin=https://github.com/amaelkady/EaRL;visit=swh:1:snp:361f0da1d87ab8e938e180589d1e9a3e1b83c3f8;anchor=swh:1:rev:9256b7cda42ff0c41215b3a6b10faf44876371de,2020-07,Elsevier BV,en,SoftwareX,2352-7110,https://doi.org/10.1016/j.softx.2020.100607,https://api.crossref.org/works/10.1016/j.softx.2020.100607,Crossref,https://github.com/ElsevierSoftwareX/SOFTX_2020_142,ElsevierSoftwareX GitHub Organization,18 June 2026
10.1016/j.softx.2020.100606,SoftwareX,ParKVFinder: A thread-level parallel approach in biomolecular cavity detection,parKVFinder,ParKVFinder,https://github.com/LBC-LNBio/parKVFinder,swh:1:dir:5dd8a833e3ee31cd6299e25c2fb21d21feb1a436;origin=https://github.com/LBC-LNBio/parKVFinder;visit=swh:1:snp:332f4c258ac403da9ecc636c4131ffb61edd41bd;anchor=swh:1:rev:5b9a5ff9250c5b5d321ae4d5b1422c55204201ed,2020-07,Elsevier BV,en,SoftwareX,2352-7110,https://doi.org/10.1016/j.softx.2020.100606,https://api.crossref.org/works/10.1016/j.softx.2020.100606,Crossref,https://github.com/ElsevierSoftwareX/SOFTX_2020_153,ElsevierSoftwareX GitHub Organization,18 June 2026
10.1016/j.softx.2020.100614,SoftwareX,RankEval: Evaluation and investigation of ranking models,rankeval,RankEval,https://github.com/hpclab/rankeval,swh:1:dir:8bc8be352fb2e03ecbe6e8260ee46e283e589631;origin=https://github.com/hpclab/rankeval;visit=swh:1:snp:6f0f408556be5826eb711ffeb98868bf9c67f3a1;anchor=swh:1:rev:3b98cacd56f5d885b8e33a68b3763f9de710b9b9,2020-07,Elsevier BV,en,SoftwareX,2352-7110,https://doi.org/10.1016/j.softx.2020.100614,https://api.crossref.org/works/10.1016/j.softx.2020.100614,Crossref,https://github.com/ElsevierSoftwareX/SOFTX_2020_188,ElsevierSoftwareX GitHub Organization,18 June 2026
10.1016/j.softx.2020.100615,SoftwareX,QBMMlib: A library of quadrature-based moment methods,QBMMlib,QBMMlib,https://github.com/comp-physics/QBMMlib,swh:1:dir:2079edd1be102ba0ec86623303a5cc80d504a4a0;origin=https://github.com/comp-physics/QBMMlib;visit=swh:1:snp:d7947ff4d7b8b60cccadf2b36baf9babcafbf5b1;anchor=swh:1:rev:18d78c13507e6e4e2ee81bd27cd9d37a0c348ad1,2020-07,Elsevier BV,en,SoftwareX,2352-7110,https://doi.org/10.1016/j.softx.2020.100615,https://api.crossref.org/works/10.1016/j.softx.2020.100615,Crossref,https://github.com/ElsevierSoftwareX/SOFTX-D-20-00021,ElsevierSoftwareX GitHub Organization,18 June 2026
10.1016/j.softx.2020.100618,SoftwareX,MUSEN: An open-source framework for GPU-accelerated DEM simulations,musen,MUSEN,https://github.com/msolids/musen,swh:1:dir:209db56aba53ba4792d46f31fe91057dfc1802d3;origin=https://github.com/msolids/musen;visit=swh:1:snp:848ec861df49d5a4857092ebe4cce88969e2d755;anchor=swh:1:rev:5fe7e92b4f331f4d38f47310315210877e588abd,2020-07,Elsevier BV,en,SoftwareX,2352-7110,https://doi.org/10.1016/j.softx.2020.100618,https://api.crossref.org/works/10.1016/j.softx.2020.100618,Crossref,https://github.com/ElsevierSoftwareX/SOFTX-D-20-00025,ElsevierSoftwareX GitHub Organization,18 June 2026
10.1016/j.softx.2020.100626,SoftwareX,Laserchicken—A tool for distributed feature calculation from massive LiDAR point cloud datasets,laserchicken,,https://github.com/eEcoLiDAR/laserchicken,swh:1:dir:161740b7e59b309f55d492844ef899e82793d286;origin=https://github.com/eEcoLiDAR/laserchicken;visit=swh:1:snp:e6a39ef9272dd044473f660a1c78bf6c608b930f;anchor=swh:1:rev:dc880c58a380b76fa0f74d04fa7fed205911b3d9,2020-07,Elsevier BV,en,SoftwareX,2352-7110,https://doi.org/10.1016/j.softx.2020.100626,https://api.crossref.org/works/10.1016/j.softx.2020.100626,Crossref,https://github.com/ElsevierSoftwareX/SOFTX_2019_325,ElsevierSoftwareX GitHub Organization,18 June 2026
10.1016/j.softx.2020.100625,SoftwareX,A web-based simulation of discrete-event system of system with the mobile application DEVSimPy-mob,DEVSimPy_mob,,https://github.com/capocchi/DEVSimPy_mob,swh:1:dir:33ab530d5e26123ee2ff1c78cf6157f3b1d1be3f;origin=https://github.com/capocchi/DEVSimPy_mob;visit=swh:1:snp:7e475b74384c227807effef104c016095e63f8af;anchor=swh:1:rev:cca80e09de6b626566f73df1b72ce4bb3e5517f0,2021-01,Elsevier BV,en,SoftwareX,2352-7110,https://doi.org/10.1016/j.softx.2020.100625,https://api.crossref.org/works/10.1016/j.softx.2020.100625,Crossref,https://github.com/ElsevierSoftwareX/SOFTX_2020_63,ElsevierSoftwareX GitHub Organization,18 June 2026
10.1016/j.softx.2020.100624,SoftwareX,“photosearcher” package in R: An accessible and reproducible method for harvesting large datasets from Flickr,photosearcher,“photosearcher” package in R,https://github.com/ropensci-archive/photosearcher,swh:1:dir:4f669f60a9646e2bf7cec1bcec5592c1acdc53ab;origin=https://github.com/ropensci-archive/photosearcher;visit=swh:1:snp:4b6a3f73296a2ae5a7e0f7015d6a08231251f413;anchor=swh:1:rev:e4a76f0609f421fa0a1c1306d9a00b5f719c4e51,2020-07,Elsevier BV,en,SoftwareX,2352-7110,https://doi.org/10.1016/j.softx.2020.100624,https://api.crossref.org/works/10.1016/j.softx.2020.100624,Crossref,https://github.com/ElsevierSoftwareX/SOFTX_2020_143,ElsevierSoftwareX GitHub Organization,18 June 2026
10.1016/j.softx.2020.100623,SoftwareX,A modular toolkit for visual tracking performance evaluation,toolkit-legacy,,https://github.com/votchallenge/toolkit-legacy,swh:1:dir:172fd83d46d74d6d11ee88c511df40752fee1a68;origin=https://github.com/votchallenge/toolkit-legacy;visit=swh:1:snp:fb40ca0f4372dd3142f9ca1584a4912360dc4ae9;anchor=swh:1:rev:2fb78d5301dadc102fb329b3a3f1bb02c670e8ee,2020-07,Elsevier BV,en,SoftwareX,2352-7110,https://doi.org/10.1016/j.softx.2020.100623,https://api.crossref.org/works/10.1016/j.softx.2020.100623,Crossref,https://github.com/ElsevierSoftwareX/SOFTX_2020_180,ElsevierSoftwareX GitHub Organization,18 June 2026
10.1016/j.softx.2020.100628,SoftwareX,CUSTOMHyS: Customising Optimisation Metaheuristics via Hyper-heuristic Search,customhys,CUSTOMHyS,https://github.com/jcrvz/customhys,swh:1:dir:8b38f6fc4331bd54de1856934f5b4b52abb935c2;origin=https://github.com/jcrvz/customhys;visit=swh:1:snp:cec541ff4c54482d079d41efdb7847c7f878a125;anchor=swh:1:rev:841e003a9f65df3720f266421319f065c199e9a3,2020-07,Elsevier BV,en,SoftwareX,2352-7110,https://doi.org/10.1016/j.softx.2020.100628,https://api.crossref.org/works/10.1016/j.softx.2020.100628,Crossref,https://github.com/ElsevierSoftwareX/SOFTX-D-20-00035,ElsevierSoftwareX GitHub Organization,18 June 2026
10.1016/j.softx.2020.100629,SoftwareX,RandPro- A practical implementation of random projection-based feature extraction for high dimensional multivariate data analysis in R,RandPro,,https://github.com/cran/RandPro,swh:1:dir:5eceb2a1dafbd492bc5eaa2eeda5c8a3ff4d99c8;origin=https://github.com/cran/RandPro;visit=swh:1:snp:29e8024a8aaff59ffb42efb851a7f2e17c9b5691;anchor=swh:1:rev:19615134e5216e31c1d15104a3e9976c6a733e75,2020-07,Elsevier BV,en,SoftwareX,2352-7110,https://doi.org/10.1016/j.softx.2020.100629,https://api.crossref.org/works/10.1016/j.softx.2020.100629,Crossref,https://github.com/ElsevierSoftwareX/SOFTX-D-20-00006,ElsevierSoftwareX GitHub Organization,18 June 2026
10.1016/j.softx.2020.100632,SoftwareX,PyIVNS: A python based tool for Interval-valued neutrosophic operations and normalization,PyIVNS,PyIVNS,https://github.com/ahmedsleem8000/PyIVNS,swh:1:dir:74b14496f3d7e6889c32787a4de8a42d45b50b85;origin=https://github.com/ahmedsleem8000/PyIVNS;visit=swh:1:snp:9b34ff3bfc777f796a5f1ca65e3851cea8012e7d;anchor=swh:1:rev:5cf66e73fba96575089b37d78c93a9adb7975167,2020-07,Elsevier BV,en,SoftwareX,2352-7110,https://doi.org/10.1016/j.softx.2020.100632,https://api.crossref.org/works/10.1016/j.softx.2020.100632,Crossref,https://github.com/ElsevierSoftwareX/SOFTX_2020_18,ElsevierSoftwareX GitHub Organization,18 June 2026
10.1016/j.softx.2020.100637,SoftwareX,takos: An R package for thermal analysis calculations,takos,takos,https://github.com/sere3s/takos,swh:1:dir:2ad6972b51d9fba3c5eee15c33fabb9482588617;origin=https://github.com/sere3s/takos;visit=swh:1:snp:c5ae893845946a2935574f9433aef9016d431c90;anchor=swh:1:rev:dd4b088eefce9c8a12eac2a8c0c3ba651c5b765e,2020-07,Elsevier BV,en,SoftwareX,2352-7110,https://doi.org/10.1016/j.softx.2020.100637,https://api.crossref.org/works/10.1016/j.softx.2020.100637,Crossref,https://github.com/ElsevierSoftwareX/SOFTX-D-20-00069,ElsevierSoftwareX GitHub Organization,18 June 2026
10.1016/j.softx.2020.100639,SoftwareX,ECGdeli - An open source ECG delineation toolbox for MATLAB,ECGdeli,ECGdeli,https://github.com/KIT-IBT/ECGdeli,swh:1:dir:d44cfd827be0360c90640e9a00017c5dc3e7057d;origin=https://github.com/KIT-IBT/ECGdeli;visit=swh:1:snp:923183b3d6f6ffc1a4371e54dfeb9dafa711d51d;anchor=swh:1:rev:543336c911423840740c7b0d74875bf967cce856,2021-01,Elsevier BV,en,SoftwareX,2352-7110,https://doi.org/10.1016/j.softx.2020.100639,https://api.crossref.org/works/10.1016/j.softx.2020.100639,Crossref,https://github.com/ElsevierSoftwareX/SOFTX-D-20-00010,ElsevierSoftwareX GitHub Organization,18 June 2026
10.1016/j.softx.2020.100643,SoftwareX,OptiSens—Convex optimization of sensor and actuator placement for ultrasonic guided-wave based structural health monitoring,OptiSens,,https://github.com/scanteroch/OptiSens,swh:1:dir:a890f83a914f23411b8b040b4a558e4a1b78662e;origin=https://github.com/scanteroch/OptiSens;visit=swh:1:snp:126e6e36f727f2f8684e46d3b0da32861caa6f5f;anchor=swh:1:rev:8ef3f2d7946631c8f6cfd0aeb167be88a15bef9c,2021-01,Elsevier BV,en,SoftwareX,2352-7110,https://doi.org/10.1016/j.softx.2020.100643,https://api.crossref.org/works/10.1016/j.softx.2020.100643,Crossref,https://github.com/ElsevierSoftwareX/SOFTX-D-20-00052,ElsevierSoftwareX GitHub Organization,18 June 2026
10.1016/j.softx.2020.100641,SoftwareX,One-dimensional turbulence (ODT): Computationally efficient modeling and simulation of turbulent flows,ODT,One-dimensional turbulence (ODT),https://github.com/BYUignite/ODT,swh:1:dir:a034f479c876d9327fd61dc7f8d0687348b1b846;origin=https://github.com/BYUignite/ODT;visit=swh:1:snp:5b8e7fa5309855e8474e0d541b1dffa42449597d;anchor=swh:1:rev:b438c0681f3cc1e7028677c6bac21caecf869140,2021-01,Elsevier BV,en,SoftwareX,2352-7110,https://doi.org/10.1016/j.softx.2020.100641,https://api.crossref.org/works/10.1016/j.softx.2020.100641,Crossref,https://github.com/ElsevierSoftwareX/SOFTX-D-20-00063,ElsevierSoftwareX GitHub Organization,18 June 2026
10.1016/j.softx.2020.100646,SoftwareX,"cashocs: A Computational, Adjoint-Based Shape Optimization and Optimal Control Software",PhotonSTR-18,cashocs,https://github.com/CINVESTAV-T18/PhotonSTR-18,swh:1:dir:c80f5b569dc398c9576ee6e6353925ab052cf7db;origin=https://github.com/CINVESTAV-T18/PhotonSTR-18;visit=swh:1:snp:d8e678cb6b1c650b6bc294fd76f35892b36e5bfc;anchor=swh:1:rev:cabd1172f4354f134c636cdd58038a0e2e866ece,2021-01,Elsevier BV,en,SoftwareX,2352-7110,https://doi.org/10.1016/j.softx.2020.100646,https://api.crossref.org/works/10.1016/j.softx.2020.100646,Crossref,https://github.com/ElsevierSoftwareX/SOFTX-D-20-00059,ElsevierSoftwareX GitHub Organization,18 June 2026
10.1016/j.softx.2020.100645,SoftwareX,RealPi2dDIC: A Low-cost and open-source approach to in situ 2D Digital Image Correlation (DIC) applications,RealPi2dDIC,RealPi2dDIC,https://github.com/utaresearch/RealPi2dDIC,swh:1:dir:b9995a12f8d8af2272fa3f249e459129e9572a13;origin=https://github.com/utaresearch/RealPi2dDIC;visit=swh:1:snp:51e4af325559acab936dc336d7d234bc652c5583;anchor=swh:1:rev:1098564e175206be2abaf391a9dbd57fd97b5c5c,2021-01,Elsevier BV,en,SoftwareX,2352-7110,https://doi.org/10.1016/j.softx.2020.100645,https://api.crossref.org/works/10.1016/j.softx.2020.100645,Crossref,https://github.com/ElsevierSoftwareX/SOFTX-D-20-00054,ElsevierSoftwareX GitHub Organization,18 June 2026
10.1016/j.softx.2020.100646,SoftwareX,"cashocs: A Computational, Adjoint-Based Shape Optimization and Optimal Control Software",cashocs,cashocs,https://github.com/sblauth/cashocs,swh:1:dir:9e1cade1f108e94dee1c32134b2c5129e553f7f6;origin=https://github.com/sblauth/cashocs;visit=swh:1:snp:4088754a173712e80ca04f05a402bdf57960d965;anchor=swh:1:rev:e25b6b728a7bcdb6af9790992db1682b337d3653,2021-01,Elsevier BV,en,SoftwareX,2352-7110,https://doi.org/10.1016/j.softx.2020.100646,https://api.crossref.org/works/10.1016/j.softx.2020.100646,Crossref,https://github.com/ElsevierSoftwareX/SOFTX-D-20-00059,ElsevierSoftwareX GitHub Organization,18 June 2026
10.1016/j.softx.2020.100647,SoftwareX,XMHFL: Software for calculating excited and ionized states of molecules by X-ray,XMHFL,XMHFL,https://github.com/akasprzhitsky/XMHFL,swh:1:dir:48098aadedfefacf2a9b83e2a402b82f01b5d82e;origin=https://github.com/akasprzhitsky/XMHFL;visit=swh:1:snp:6d13f235cc598ee5f3edffd24e86edc4b424960a;anchor=swh:1:rev:fa83ddc29ed13c6cb88cb565bad56bfab4eb51fc,2021-01,Elsevier BV,en,SoftwareX,2352-7110,https://doi.org/10.1016/j.softx.2020.100647,https://api.crossref.org/works/10.1016/j.softx.2020.100647,Crossref,https://github.com/ElsevierSoftwareX/SOFTX-D-20-00056,ElsevierSoftwareX GitHub Organization,18 June 2026
10.1016/j.softx.2020.100653,SoftwareX,Boosting AI applications: Labeling format for complex datasets,video-content-description-VCD,Boosting AI applications,https://github.com/Vicomtech/video-content-description-VCD,swh:1:dir:0ee949deba3b2ec0068e7c128a5b74f7924d5b01;origin=https://github.com/Vicomtech/video-content-description-VCD;visit=swh:1:snp:30293a74b2625880f06ad51e4f05ed58d15cb2d7;anchor=swh:1:rev:4a718a85bdd044f5215c3edaad44ff5091b5291e,2021-01,Elsevier BV,en,SoftwareX,2352-7110,https://doi.org/10.1016/j.softx.2020.100653,https://api.crossref.org/works/10.1016/j.softx.2020.100653,Crossref,https://github.com/ElsevierSoftwareX/SOFTX_2020_220,ElsevierSoftwareX GitHub Organization,18 June 2026
10.1016/j.softx.2020.100652,SoftwareX,PhaseWare: Phase map retrieval for fringe projection profilometry and off-axis digital holographic interferometry,PhaseWare,PhaseWare,https://github.com/Lawson-Optics-Lab/PhaseWare,swh:1:dir:e096e839058bafd52e1ea8c0eb55be9f040c02ff;origin=https://github.com/Lawson-Optics-Lab/PhaseWare;visit=swh:1:snp:457750f10427555f2f7ec85478e652f125010f44;anchor=swh:1:rev:65f608f2848a02e85a24c906eb9f8c44a1963b24,2021-01,Elsevier BV,en,SoftwareX,2352-7110,https://doi.org/10.1016/j.softx.2020.100652,https://api.crossref.org/works/10.1016/j.softx.2020.100652,Crossref,https://github.com/ElsevierSoftwareX/SOFTX-D-20-00036,ElsevierSoftwareX GitHub Organization,18 June 2026
10.1016/j.softx.2020.100651,SoftwareX,Neper2CAE and PyCiGen: Scripts to generate polycrystals and interface elements in Abaqus,Neper2CAE,Neper2CAE and PyCiGen,https://github.com/ngrilli/Neper2CAE,swh:1:dir:becc2b46946d1a86e0bb6db6056d2ba95bb96260;origin=https://github.com/ngrilli/Neper2CAE;visit=swh:1:snp:795371a9da12bac35068a44ec3da2fd95171f636;anchor=swh:1:rev:ee600f72a6c38dca653412427a0d7d9186a2150e,2021-01,Elsevier BV,en,SoftwareX,2352-7110,https://doi.org/10.1016/j.softx.2020.100651,https://api.crossref.org/works/10.1016/j.softx.2020.100651,Crossref,https://github.com/ElsevierSoftwareX/SOFTX-D-20-00041,ElsevierSoftwareX GitHub Organization,18 June 2026
10.1016/j.softx.2021.100661,SoftwareX,WLDT: A general purpose library to build IoT digital twins,wldt-core-0.1-deprecated,WLDT,https://github.com/wldt/wldt-core-0.1-deprecated,swh:1:dir:9cca52622963345f506d7b3f5aedd49f20248c7f;origin=https://github.com/wldt/wldt-core-0.1-deprecated;visit=swh:1:snp:5591436ed01fdbb47573b5fe38df80e39a8894f1;anchor=swh:1:rev:f37faedcc598654ca2655f5d964ba1b5a9614ae7,2021-01,Elsevier BV,en,SoftwareX,2352-7110,https://doi.org/10.1016/j.softx.2021.100661,https://api.crossref.org/works/10.1016/j.softx.2021.100661,Crossref,https://github.com/ElsevierSoftwareX/SOFTX-D-20-00018,ElsevierSoftwareX GitHub Organization,18 June 2026
10.1016/j.softx.2021.100657,SoftwareX,GWpy: A Python package for gravitational-wave astrophysics,gwpy,GWpy,https://github.com/gwpy/gwpy,swh:1:dir:023e078a734b14504ab0d6916c66d5cbf6616c4b;origin=https://github.com/gwpy/gwpy;visit=swh:1:snp:eb34d4d3f92b4fa61c561a9dee98f6d7b0c5afed;anchor=swh:1:rev:45ce8f347b8c50a304f5837a00a8d552224b4691,2021-01,Elsevier BV,en,SoftwareX,2352-7110,https://doi.org/10.1016/j.softx.2021.100657,https://api.crossref.org/works/10.1016/j.softx.2021.100657,Crossref,https://github.com/ElsevierSoftwareX/SOFTX_2020_127,ElsevierSoftwareX GitHub Organization,18 June 2026
10.1016/j.softx.2021.100659,SoftwareX,Polyrun: A Java library for sampling from the bounded convex polytopes,polyrun,Polyrun,https://github.com/kciomek/polyrun,swh:1:dir:4027ccf1d83bbecea5d63d9dd58d18e23d0a2517;origin=https://github.com/kciomek/polyrun;visit=swh:1:snp:1e8c4407b54d3736d7e5d199c99167dfb1205835;anchor=swh:1:rev:d05b0df02bbca8d32d7ec1f7127d9c8a34dfd7ad,2021-01,Elsevier BV,en,SoftwareX,2352-7110,https://doi.org/10.1016/j.softx.2021.100659,https://api.crossref.org/works/10.1016/j.softx.2021.100659,Crossref,https://github.com/ElsevierSoftwareX/SOFTX-D-20-00026,ElsevierSoftwareX GitHub Organization,18 June 2026
10.1016/j.softx.2021.100660,SoftwareX,"ORTiS solver codegen: C++ code generation tools for high performance, FPGA-based, real-time simulation of power electronic systems",SolverCodegen,ORTiS solver codegen,https://github.com/OpenRealTimeSimulation/SolverCodegen,swh:1:dir:b13127d8c27834e984bda6e8606a0ec6a0f6f868;origin=https://github.com/OpenRealTimeSimulation/SolverCodegen;visit=swh:1:snp:d2325f23d8193c84ef3d875a11b5368d41807aaf;anchor=swh:1:rev:39268a062473823976be7550fee48e019998300b,2021-01,Elsevier BV,en,SoftwareX,2352-7110,https://doi.org/10.1016/j.softx.2021.100660,https://api.crossref.org/works/10.1016/j.softx.2021.100660,Crossref,https://github.com/ElsevierSoftwareX/SOFTX-D-20-00073,ElsevierSoftwareX GitHub Organization,18 June 2026
10.1016/j.softx.2021.100662,SoftwareX,Founsure 1.0: An erasure code library with efficient repair and update features,founsure,Founsure 1.0,https://github.com/suaybarslan/founsure,swh:1:dir:35bf36eba487c0e53d78a2f151ee2cc5092bb9f9;origin=https://github.com/suaybarslan/founsure;visit=swh:1:snp:0662345f828138f34d54eee960fc3bb9a22abdec;anchor=swh:1:rev:ef2042264dd53e49da4db3cdc4ca86d682989eae,2021-01,Elsevier BV,en,SoftwareX,2352-7110,https://doi.org/10.1016/j.softx.2021.100662,https://api.crossref.org/works/10.1016/j.softx.2021.100662,Crossref,https://github.com/ElsevierSoftwareX/SOFTX-D-20-00043,ElsevierSoftwareX GitHub Organization,18 June 2026
10.1016/j.softx.2021.100663,SoftwareX,EZFF: Python library for multi-objective parameterization and uncertainty quantification of interatomic forcefields for molecular dynamics,EZFF,EZFF,https://github.com/arvk/EZFF,swh:1:dir:afb1e11e9bb554c8218c2fa5bbb4470650559a80;origin=https://github.com/arvk/EZFF;visit=swh:1:snp:713eb08cd77d03c9746f59cc2c7e0f5160f8babf;anchor=swh:1:rev:b43f8bbb1321d7ed3eeec4f8bb894fe431779433,2021-01,Elsevier BV,en,SoftwareX,2352-7110,https://doi.org/10.1016/j.softx.2021.100663,https://api.crossref.org/works/10.1016/j.softx.2021.100663,Crossref,https://github.com/ElsevierSoftwareX/SOFTX-D-20-00066,ElsevierSoftwareX GitHub Organization,18 June 2026
10.1016/j.softx.2021.100664,SoftwareX,CU-MSDSp: A flexible parallelized Reversible jump Markov chain Monte Carlo method,CU-MSDSp,CU-MSDSp,https://github.com/jtchavisIII/CU-MSDSp,swh:1:dir:198b1fac1575eccc0f66c132e301a0af8b7e1783;origin=https://github.com/jtchavisIII/CU-MSDSp;visit=swh:1:snp:460214f89916661a2601e60f1e22c7ba6af458a5;anchor=swh:1:rev:1365b54962bc748c0348c0467db874ea28cdc430,2021-06,Elsevier BV,en,SoftwareX,2352-7110,https://doi.org/10.1016/j.softx.2021.100664,https://api.crossref.org/works/10.1016/j.softx.2021.100664,Crossref,https://github.com/ElsevierSoftwareX/SOFTX-D-20-00033,ElsevierSoftwareX GitHub Organization,18 June 2026
10.1016/j.softx.2021.100665,SoftwareX,High-throughput analysis of contact angle goniometry data using DropPy,droppy,,https://github.com/michaelorella/droppy,swh:1:dir:c1bb192fe29c761c31bba7986db28c419de647f7;origin=https://github.com/michaelorella/droppy;visit=swh:1:snp:72d1750f771b73301b7c323e854772fa7dd6728c;anchor=swh:1:rev:3552d2ad38da57239c7b8abab992d8653895cb33,2021-06,Elsevier BV,en,SoftwareX,2352-7110,https://doi.org/10.1016/j.softx.2021.100665,https://api.crossref.org/works/10.1016/j.softx.2021.100665,Crossref,https://github.com/ElsevierSoftwareX/SOFTX_2020_122,ElsevierSoftwareX GitHub Organization,18 June 2026
10.1016/j.softx.2021.100675,SoftwareX,OONIS — Object-Oriented Network Infection Simulator,oonis,OONIS,https://github.com/ideaspot-pl/oonis,swh:1:dir:fb2d2fe791934bffa8b989254c8b90834cf0e5f9;origin=https://github.com/ideaspot-pl/oonis;visit=swh:1:snp:7df85c372937d7d96f7867ca68dc51b3e77df7bd;anchor=swh:1:rev:8ae07b0e48e6cad7d2fd3a68102e00274fae6362,2021-06,Elsevier BV,en,SoftwareX,2352-7110,https://doi.org/10.1016/j.softx.2021.100675,https://api.crossref.org/works/10.1016/j.softx.2021.100675,Crossref,https://github.com/ElsevierSoftwareX/SOFTX_2020_39,ElsevierSoftwareX GitHub Organization,18 June 2026
10.1016/j.softx.2021.100674,SoftwareX,Meander Statistics Toolbox (MStaT): A toolbox for geometry characterization of bends in large meandering channels,meanderstatisticstoolbox,Meander Statistics Toolbox (MStaT),https://github.com/ldominguezruben/meanderstatisticstoolbox,swh:1:dir:076207b933ddd9a81b27108c032cb13cd3b871af;origin=https://github.com/ldominguezruben/meanderstatisticstoolbox;visit=swh:1:snp:99836e3b955f3e44ace16304b45729045459f735;anchor=swh:1:rev:6b8009e0d45276e22be9cfab8cc7bc614ab446a3,2021-06,Elsevier BV,en,SoftwareX,2352-7110,https://doi.org/10.1016/j.softx.2021.100674,https://api.crossref.org/works/10.1016/j.softx.2021.100674,Crossref,https://github.com/ElsevierSoftwareX/SOFTX-D-20-00032,ElsevierSoftwareX GitHub Organization,18 June 2026
10.1016/j.softx.2021.100682,SoftwareX,Historical geocoding assistant,historical-geocoding-assistant,,https://github.com/adammertel/historical-geocoding-assistant,swh:1:dir:1fddd0c78023f45afba7db1689f1ce646be37b98;origin=https://github.com/adammertel/historical-geocoding-assistant;visit=swh:1:snp:4d21d4002cd3c249f775bd9ede5657218db3acc4;anchor=swh:1:rev:dc9e92a25a0f4eefc1f2682a25f301f71e2fb0a3,2021-06,Elsevier BV,en,SoftwareX,2352-7110,https://doi.org/10.1016/j.softx.2021.100682,https://api.crossref.org/works/10.1016/j.softx.2021.100682,Crossref,https://github.com/ElsevierSoftwareX/SOFTX-D-20-00085,ElsevierSoftwareX GitHub Organization,18 June 2026
10.1016/j.softx.2021.100689,SoftwareX,SepINav (Sepsis ICU Navigator): A data-driven software tool for sepsis monitoring and intervention using Bayesian Online Change Point Detection,SepINav,SepINav (Sepsis ICU Navigator),https://github.com/ShiyuTI/SepINav,swh:1:dir:f202bfe7e93a81551f3653fa9ff3a8057d8c6938;origin=https://github.com/ShiyuTI/SepINav;visit=swh:1:snp:3d9545b9869decd1ed4ef0ed1d73fbac26fef538;anchor=swh:1:rev:db0d91179c2ed0472b1389aa8bed4cc87a1ee2b9,2021-06,Elsevier BV,en,SoftwareX,2352-7110,https://doi.org/10.1016/j.softx.2021.100689,https://api.crossref.org/works/10.1016/j.softx.2021.100689,Crossref,https://github.com/ElsevierSoftwareX/SOFTX-D-20-00034,ElsevierSoftwareX GitHub Organization,18 June 2026
10.1016/j.softx.2021.100694,SoftwareX,Fast-DENSER: Fast Deep Evolutionary Network Structured Representation,fast-denser3,Fast-DENSER,https://github.com/cdvetal/fast-denser3,swh:1:dir:1642611b98052f560dd8099d895fa682675ebc81;origin=https://github.com/cdvetal/fast-denser3;visit=swh:1:snp:29bc07191c80bfba25ed323b7bb001577dab8cce;anchor=swh:1:rev:96f78b0646af89ef879e32e71ac71b82e3c8087b,2021-06,Elsevier BV,en,SoftwareX,2352-7110,https://doi.org/10.1016/j.softx.2021.100694,https://api.crossref.org/works/10.1016/j.softx.2021.100694,Crossref,https://github.com/ElsevierSoftwareX/SOFTX_2019_192,ElsevierSoftwareX GitHub Organization,18 June 2026
10.1016/j.softx.2021.100691,SoftwareX,Executable HTML,executable_HTML,,https://github.com/b3008/executable_HTML,swh:1:dir:2c48ab977c8a9ac0a5bd95561a077a71076d7f90;origin=https://github.com/b3008/executable_HTML;visit=swh:1:snp:1cb42acfc9b9f3d4d37595ee0f9843034276e4aa;anchor=swh:1:rev:d6d441be8fa08f6f3c4ff17fdfe06a0bb917fa05,2021-06,Elsevier BV,en,SoftwareX,2352-7110,https://doi.org/10.1016/j.softx.2021.100691,https://api.crossref.org/works/10.1016/j.softx.2021.100691,Crossref,https://github.com/ElsevierSoftwareX/SOFTX_2020_59,ElsevierSoftwareX GitHub Organization,18 June 2026
10.1016/j.softx.2021.100692,SoftwareX,Whisper2: Indel-sensitive short read mapping,Whisper,Whisper2,https://github.com/refresh-bio/Whisper,swh:1:dir:1b6cf1ce82ade3122864fdf0e4b4410ec1889e23;origin=https://github.com/refresh-bio/Whisper;visit=swh:1:snp:7e1f3ae2b706181c52f0eca6aadac443ff8a4a35;anchor=swh:1:rev:ff156df07e11c656c27b8f633dbdaefb7ac9c521,2021-06,Elsevier BV,en,SoftwareX,2352-7110,https://doi.org/10.1016/j.softx.2021.100692,https://api.crossref.org/works/10.1016/j.softx.2021.100692,Crossref,https://github.com/ElsevierSoftwareX/SOFTX_2020_130,ElsevierSoftwareX GitHub Organization,18 June 2026
10.1016/j.softx.2021.100693,SoftwareX,ReSS: A tool for discovering relevant sets in complex systems,ress,ReSS,https://github.com/ri-unipr/ress,swh:1:dir:b7e9bb68547f3c19c12cac0e4bab009a82cd2d1a;origin=https://github.com/ri-unipr/ress;visit=swh:1:snp:6a414c96d220d92a311a1ce55282dc33b048d27e;anchor=swh:1:rev:f27b39e8a31c7f7c99692df52dce4e20c45da8d6,2021-06,Elsevier BV,en,SoftwareX,2352-7110,https://doi.org/10.1016/j.softx.2021.100693,https://api.crossref.org/works/10.1016/j.softx.2021.100693,Crossref,https://github.com/ElsevierSoftwareX/SOFTX-D-20-00103,ElsevierSoftwareX GitHub Organization,18 June 2026
10.1016/j.softx.2021.100699,SoftwareX,"PyLESA: A Python modelling tool for planning-level Local, integrated, and smart Energy Systems Analysis",PyLESA,PyLESA,https://github.com/andrewlyden/PyLESA,swh:1:dir:236d9f952c020d2436c25257f605f67add5482cc;origin=https://github.com/andrewlyden/PyLESA;visit=swh:1:snp:6d983f2419df9bcf9123c18639ee23f8c5f9fb67;anchor=swh:1:rev:0691d63c8d8c1f920c206c1bfb04582a35031fd5,2021-06,Elsevier BV,en,SoftwareX,2352-7110,https://doi.org/10.1016/j.softx.2021.100699,https://api.crossref.org/works/10.1016/j.softx.2021.100699,Crossref,https://github.com/ElsevierSoftwareX/SOFTX-D-21-00013,ElsevierSoftwareX GitHub Organization,18 June 2026
10.1016/j.softx.2021.100701,SoftwareX,IbIPP for topology optimization—An Image-based Initialization and Post-Processing code written in MATLAB,IbIPP,,https://github.com/ooibhadode/IbIPP,swh:1:dir:1d9a567303c3910c4ac6d2da375b1ff399e6ab88;origin=https://github.com/ooibhadode/IbIPP;visit=swh:1:snp:d9dc81befdc81e319e4573595310556f2eb04759;anchor=swh:1:rev:7b976b91a7ff6a340fe6a4ba13452a73f9b78ac4,2021-06,Elsevier BV,en,SoftwareX,2352-7110,https://doi.org/10.1016/j.softx.2021.100701,https://api.crossref.org/works/10.1016/j.softx.2021.100701,Crossref,https://github.com/ElsevierSoftwareX/SOFTX-D-21-00033,ElsevierSoftwareX GitHub Organization,18 June 2026
10.1016/j.softx.2021.100696,SoftwareX,MISTIQS: An open-source software for performing quantum dynamics simulations on quantum computers,MISTIQS,MISTIQS,https://github.com/USCCACS/MISTIQS,swh:1:dir:317a96ca87bfc507fe44ab97c84b69c4b5e3ad27;origin=https://github.com/USCCACS/MISTIQS;visit=swh:1:snp:1a80753ce59b698a7ef85a9434d36c6a2e7b5ace;anchor=swh:1:rev:54aa8d94330f9df911e5addba4be22daa8bad29d,2021-06,Elsevier BV,en,SoftwareX,2352-7110,https://doi.org/10.1016/j.softx.2021.100696,https://api.crossref.org/works/10.1016/j.softx.2021.100696,Crossref,https://github.com/ElsevierSoftwareX/SOFTX-D-20-00090,ElsevierSoftwareX GitHub Organization,18 June 2026
10.1016/j.softx.2021.100711,SoftwareX,Cnerator: A Python application for the controlled stochastic generation of standard C source code,Cnerator,Cnerator,https://github.com/ComputationalReflection/Cnerator,swh:1:dir:6a13bd255a87095f09314a715069bc19ac60d3c6;origin=https://github.com/ComputationalReflection/Cnerator;visit=swh:1:snp:65cd9510351f9fed0cd435fde1bd2c172a939c1f;anchor=swh:1:rev:e8791a10ad3ba1f9387f968543d559bc9ae7d99a,2021-07,Elsevier BV,en,SoftwareX,2352-7110,https://doi.org/10.1016/j.softx.2021.100711,https://api.crossref.org/works/10.1016/j.softx.2021.100711,Crossref,https://github.com/ElsevierSoftwareX/SOFTX-D-21-00022,ElsevierSoftwareX GitHub Organization,18 June 2026
10.1016/j.softx.2021.100712,SoftwareX,OpenMoist: A Python code for transient moisture transfer analysis,OpenMOIST,OpenMoist,https://github.com/CMalagaC/OpenMOIST,swh:1:dir:40fe4f3afcf93107fdcf2d6073927d1a4e00b4b7;origin=https://github.com/CMalagaC/OpenMOIST;visit=swh:1:snp:153605b9e2604104da0467af84e777beb47268ea;anchor=swh:1:rev:ec760996938f599e14b510e42de88bd8fc0a6122,2021-07,Elsevier BV,en,SoftwareX,2352-7110,https://doi.org/10.1016/j.softx.2021.100712,https://api.crossref.org/works/10.1016/j.softx.2021.100712,Crossref,https://github.com/ElsevierSoftwareX/SOFTX-D-21-00037,ElsevierSoftwareX GitHub Organization,18 June 2026
10.1016/j.softx.2021.100709,SoftwareX,SPARC: Simulation Package for Ab-initio Real-space Calculations,SPARC,SPARC,https://github.com/SPARC-X/SPARC,swh:1:dir:f38040ad701a9d41b94bb359d05f664580260aa3;origin=https://github.com/SPARC-X/SPARC;visit=swh:1:snp:466b682bce9f049a82284ff46b0c0ba1e8b8db84;anchor=swh:1:rev:2a8c68f00f978740b8c6eaa0b882ce39b20cd00c,2021-07,Elsevier BV,en,SoftwareX,2352-7110,https://doi.org/10.1016/j.softx.2021.100709,https://api.crossref.org/works/10.1016/j.softx.2021.100709,Crossref,https://github.com/ElsevierSoftwareX/SOFTX_2020_221,ElsevierSoftwareX GitHub Organization,18 June 2026
10.1016/j.softx.2021.100707,SoftwareX,GridTools: A framework for portable weather and climate applications,gridtools,GridTools,https://github.com/GridTools/gridtools,swh:1:dir:2a85b0b7b50b08db18b50dee167a644e21647d55;origin=https://github.com/GridTools/gridtools;visit=swh:1:snp:ab91b465483443a496087ba9ff95bfc42ceb14d0;anchor=swh:1:rev:daf28928b724e123791042d054ee232cfc604b24,2021-07,Elsevier BV,en,SoftwareX,2352-7110,https://doi.org/10.1016/j.softx.2021.100707,https://api.crossref.org/works/10.1016/j.softx.2021.100707,Crossref,https://github.com/ElsevierSoftwareX/SOFTX_2020_43,ElsevierSoftwareX GitHub Organization,18 June 2026
10.1016/j.softx.2021.100706,SoftwareX,PSPSO: A package for parameters selection using particle swarm optimization,pspso,PSPSO,https://github.com/ayhaidar/pspso,swh:1:dir:7115470e05a5d3cb778bc0001dd61ecd5cf0a30c;origin=https://github.com/ayhaidar/pspso;visit=swh:1:snp:bb30f0f87754a27223160b9d2ddeac385cd0d8e8;anchor=swh:1:rev:0a755973cd101b17e883d3d159b46111966c5636,2021-07,Elsevier BV,en,SoftwareX,2352-7110,https://doi.org/10.1016/j.softx.2021.100706,https://api.crossref.org/works/10.1016/j.softx.2021.100706,Crossref,https://github.com/ElsevierSoftwareX/SOFTX_2020_230,ElsevierSoftwareX GitHub Organization,18 June 2026
10.1016/j.softx.2021.100729,SoftwareX,OpenImpala: OPEN source IMage based PArallisable Linear Algebra solver,openImpala,OpenImpala,https://github.com/kramergroup/openImpala,swh:1:dir:0c86c3576f828598b1a428d357c867e067af3be0;origin=https://github.com/kramergroup/openImpala;visit=swh:1:snp:9e3069b7eb24a797baf391b6c9776d97e4955bf2;anchor=swh:1:rev:da6d24f9cac5ad685edb3a9dae2d8f5ed6143003,2021-07,Elsevier BV,en,SoftwareX,2352-7110,https://doi.org/10.1016/j.softx.2021.100729,https://api.crossref.org/works/10.1016/j.softx.2021.100729,Crossref,https://github.com/ElsevierSoftwareX/SOFTX-D-21-00024,ElsevierSoftwareX GitHub Organization,18 June 2026
10.1016/j.softx.2021.100728,SoftwareX,MWSegEval—An image analysis toolbox for microwave breast images,MWSegEval,,https://github.com/djkurran/MWSegEval,swh:1:dir:d85a08c4b6ea4f06ddf69c443b57fb307927fc1e;origin=https://github.com/djkurran/MWSegEval;visit=swh:1:snp:b7e57f4834e00acc15498369cc31a0c70c844717;anchor=swh:1:rev:ffd371caeb7827067046f78c3258ace20d531876,2021-07,Elsevier BV,en,SoftwareX,2352-7110,https://doi.org/10.1016/j.softx.2021.100728,https://api.crossref.org/works/10.1016/j.softx.2021.100728,Crossref,https://github.com/ElsevierSoftwareX/SOFTX-D-21-00016,ElsevierSoftwareX GitHub Organization,18 June 2026
10.1016/j.softx.2021.100747,SoftwareX,PowerSystems.jl — A power system data management package for large scale modeling,PowerSystems.jl,PowerSystems.jl,https://github.com/Sienna-Platform/PowerSystems.jl,swh:1:dir:9f5879b66c39df0a0aea2e6e89ff14cf38e56655;origin=https://github.com/Sienna-Platform/PowerSystems.jl;visit=swh:1:snp:767d00c58763fe376eb15521c2e5ef5a8919ae53;anchor=swh:1:rev:1d22c29a22e6a3bcc3089cecb926ba7429fcfc41,2021-07,Elsevier BV,en,SoftwareX,2352-7110,https://doi.org/10.1016/j.softx.2021.100747,https://api.crossref.org/works/10.1016/j.softx.2021.100747,Crossref,https://github.com/ElsevierSoftwareX/SOFTX_2020_107,ElsevierSoftwareX GitHub Organization,18 June 2026
10.1016/j.softx.2021.100722,SoftwareX,genieclust: Fast and robust hierarchical clustering,genieclust,genieclust,https://github.com/gagolews/genieclust,swh:1:dir:04a971d1eb76e3779780b04d9901625588a072f7;origin=https://github.com/gagolews/genieclust;visit=swh:1:snp:4b072bacffa85213b4ebb0e02d0ef5a89a60d0da;anchor=swh:1:rev:f14a62e003a02290424cdb21c849391444689931,2021-07,Elsevier BV,en,SoftwareX,2352-7110,https://doi.org/10.1016/j.softx.2021.100722,https://api.crossref.org/works/10.1016/j.softx.2021.100722,Crossref,https://github.com/ElsevierSoftwareX/SOFTX-D-20-00039,ElsevierSoftwareX GitHub Organization,18 June 2026
10.1016/j.softx.2021.100720,SoftwareX,pyEIA: A Python-based framework for data analysis of electrochemical methods for immunoassays,Impedimetric_analysis,pyEIA,https://github.com/jonadventure/Impedimetric_analysis,swh:1:dir:93412dd192cf24201da72781392a4022af29d597;origin=https://github.com/jonadventure/Impedimetric_analysis;visit=swh:1:snp:f5f34d524a7e0be49986c4560d5aa632508006b8;anchor=swh:1:rev:83e25b95dfbe39315fb32581cfe99eeb0d4ddc2f,2021-07,Elsevier BV,en,SoftwareX,2352-7110,https://doi.org/10.1016/j.softx.2021.100720,https://api.crossref.org/works/10.1016/j.softx.2021.100720,Crossref,https://github.com/ElsevierSoftwareX/SOFTX-D-20-00057,ElsevierSoftwareX GitHub Organization,18 June 2026
10.1016/j.softx.2021.100725,SoftwareX,STL_Process: A .STL-based preprocessor for robot path planning in manufacturing and quality control processes,STL_process,STL_Process,https://github.com/AbantiS/STL_process,swh:1:dir:8f6b47a43bd71bae23ef5fffa928a2c0c02d6412;origin=https://github.com/AbantiS/STL_process;visit=swh:1:snp:08be09778c4eade76c184dc687f29cfb36c960c5;anchor=swh:1:rev:c5edd6da1d5b8479d588228322e3b39e5dfdc18f,2021-07,Elsevier BV,en,SoftwareX,2352-7110,https://doi.org/10.1016/j.softx.2021.100725,https://api.crossref.org/works/10.1016/j.softx.2021.100725,Crossref,https://github.com/ElsevierSoftwareX/SOFTX-D-20-00094,ElsevierSoftwareX GitHub Organization,18 June 2026
10.1016/j.softx.2021.100733,SoftwareX,Generating molecular entities as structured data,molstruct,,https://github.com/lszeremeta/molstruct,swh:1:dir:971ca2678d9d8d7e74c0105ad8ffd014f15b5b2d;origin=https://github.com/lszeremeta/molstruct;visit=swh:1:snp:3446147b1ca478cd15a373b51dcd665e1b5f410e;anchor=swh:1:rev:6a13d4e54ae75ffec5abe4f96a541f6da4abf737,2021-07,Elsevier BV,en,SoftwareX,2352-7110,https://doi.org/10.1016/j.softx.2021.100733,https://api.crossref.org/works/10.1016/j.softx.2021.100733,Crossref,https://github.com/ElsevierSoftwareX/SOFTX-D-20-00067,ElsevierSoftwareX GitHub Organization,18 June 2026
10.1016/j.softx.2021.100703,SoftwareX,HeNDS: A program for calculating average Helium NanoDroplet Sizes,HeNDS,HeNDS,https://github.com/spectroscopy/HeNDS,swh:1:dir:02e9d706563d2e4f7a9c5208d92f9242d2f881b0;origin=https://github.com/spectroscopy/HeNDS;visit=swh:1:snp:b30a9917f5fd50a9554216d2351e961c44e2a987;anchor=swh:1:rev:5ada5848e92786a6c540d9d2047e55201940af0d,2021-06,Elsevier BV,en,SoftwareX,2352-7110,https://doi.org/10.1016/j.softx.2021.100703,https://api.crossref.org/works/10.1016/j.softx.2021.100703,Crossref,https://github.com/ElsevierSoftwareX/SOFTX-D-21-00048,ElsevierSoftwareX GitHub Organization,18 June 2026
10.1016/j.softx.2021.100717,SoftwareX,CLoTH: A Lightning Network Simulator,cloth,CLoTH,https://github.com/marcono/cloth,swh:1:dir:fd4c8b9617ba295634fd0e98602caf7ba31c8a21;origin=https://github.com/marcono/cloth;visit=swh:1:snp:91ace376a8b628d9abfeae7c95ddae49a6a91c71;anchor=swh:1:rev:e0e40430238a3a00ae4a60edab72ef31ee29c062,2021-07,Elsevier BV,en,SoftwareX,2352-7110,https://doi.org/10.1016/j.softx.2021.100717,https://api.crossref.org/works/10.1016/j.softx.2021.100717,Crossref,https://github.com/ElsevierSoftwareX/SOFTX-D-21-00019,ElsevierSoftwareX GitHub Organization,18 June 2026
10.1016/j.softx.2021.100735,SoftwareX,CLUMP: A Code Library to generate Universal Multi-sphere Particles,CLUMP,CLUMP,https://github.com/vsangelidakis/CLUMP,swh:1:dir:36d8821322454324682385ff1c62622c0c9908c2;origin=https://github.com/vsangelidakis/CLUMP;visit=swh:1:snp:86dc308aa6392152f3f4e631e4681351283a8535;anchor=swh:1:rev:28b8963d9d794174290b3641a261f059be00cb76,2021-07,Elsevier BV,en,SoftwareX,2352-7110,https://doi.org/10.1016/j.softx.2021.100735,https://api.crossref.org/works/10.1016/j.softx.2021.100735,Crossref,https://github.com/ElsevierSoftwareX/SOFTX-D-21-00045,ElsevierSoftwareX GitHub Organization,18 June 2026
10.1016/j.softx.2021.100741,SoftwareX,pyGLLE: A Python toolkit for solving the generalized Lugiato–Lefever equation,pyGLLE,pyGLLE,https://github.com/omelchert/pyGLLE,swh:1:dir:f33192b22804ccd8c7d14ff36cbef802face5eba;origin=https://github.com/omelchert/pyGLLE;visit=swh:1:snp:068fb2fa2753a5d0f6687ac66dcbff40e8e59300;anchor=swh:1:rev:47e9e8437fe6d121a815429b4680aca13c71a080,2021-07,Elsevier BV,en,SoftwareX,2352-7110,https://doi.org/10.1016/j.softx.2021.100741,https://api.crossref.org/works/10.1016/j.softx.2021.100741,Crossref,https://github.com/ElsevierSoftwareX/SOFTX_2020_88,ElsevierSoftwareX GitHub Organization,18 June 2026
10.1016/j.softx.2021.100743,SoftwareX,ResEntSG: Restoration entropy estimation for dynamical systems via Riemannian metric optimization,EntEstSG,ResEntSG,https://github.com/shafstein/EntEstSG,swh:1:dir:7ace4634264b5ec8b92d86b82e6f996e9bcb1ccf;origin=https://github.com/shafstein/EntEstSG;visit=swh:1:snp:3dff2aca766495c2762dabb594e43339fcb3a862;anchor=swh:1:rev:8acea9d6752750f3204c3fb3162bf61b347d11e1,2021-07,Elsevier BV,en,SoftwareX,2352-7110,https://doi.org/10.1016/j.softx.2021.100743,https://api.crossref.org/works/10.1016/j.softx.2021.100743,Crossref,https://github.com/ElsevierSoftwareX/SOFTX-D-21-00086,ElsevierSoftwareX GitHub Organization,18 June 2026
10.1016/j.softx.2021.100745,SoftwareX,eeglib: A Python module for EEG feature extraction,eeglib,eeglib,https://github.com/Xiul109/eeglib,swh:1:dir:8d0af1d1f393be71ae960d759cc7154e301afb45;origin=https://github.com/Xiul109/eeglib;visit=swh:1:snp:96db1f2c8c89e0ae3902eed17f02c6d183b43978;anchor=swh:1:rev:02b61137ff7c51bdb2ff911c840333f23d99ff14,2021-07,Elsevier BV,en,SoftwareX,2352-7110,https://doi.org/10.1016/j.softx.2021.100745,https://api.crossref.org/works/10.1016/j.softx.2021.100745,Crossref,https://github.com/ElsevierSoftwareX/SOFTX-D-21-00087,ElsevierSoftwareX GitHub Organization,18 June 2026
10.1016/j.softx.2021.100751,SoftwareX,FeView: Finite element model (FEM) visualization and post-processing tool for OpenSees,FeView,FeView,https://github.com/motiurce/FeView,swh:1:dir:5431d523f990a7813c407f6819a50b982e5ca4be;origin=https://github.com/motiurce/FeView;visit=swh:1:snp:d37a537082dcf7f9e2d25546ff4930f3399dac18;anchor=swh:1:rev:1bf6a4a0a45ae6e9f60ccc66e3b3ee936e498cbb,2021-07,Elsevier BV,en,SoftwareX,2352-7110,https://doi.org/10.1016/j.softx.2021.100751,https://api.crossref.org/works/10.1016/j.softx.2021.100751,Crossref,https://github.com/ElsevierSoftwareX/SOFTX-D-21-00063,ElsevierSoftwareX GitHub Organization,18 June 2026
10.1016/j.softx.2021.100739,SoftwareX,Automatic dataset builder for Machine Learning applications to satellite imagery,SentinelDataDownloaderTool,,https://github.com/alessandrosebastianelli/SentinelDataDownloaderTool,swh:1:dir:fe6e96456813eadb570eddcb2e93be93402753d6;origin=https://github.com/alessandrosebastianelli/SentinelDataDownloaderTool;visit=swh:1:snp:5bbe1d22ef96a8f2920f9f7f3f87d9acb01b6aea;anchor=swh:1:rev:51b785dc0555fbdd34aa37e0c8d7876c573244bf,2021-07,Elsevier BV,en,SoftwareX,2352-7110,https://doi.org/10.1016/j.softx.2021.100739,https://api.crossref.org/works/10.1016/j.softx.2021.100739,Crossref,https://github.com/ElsevierSoftwareX/SOFTX-D-20-00065,ElsevierSoftwareX GitHub Organization,18 June 2026
10.1016/j.softx.2021.100761,SoftwareX,impulseest: A Python package for non-parametric impulse response estimation with input–output data,impulseest,impulseest,https://github.com/LVF784/impulseest,swh:1:dir:1a86933145d38bf57aa1568e8e0a6f4ced70b690;origin=https://github.com/LVF784/impulseest;visit=swh:1:snp:39f8a9f8b52780b189cc595d2c269efabf0a6efc;anchor=swh:1:rev:6a7734676c50070caef3b1719a90e512d88f4904,2021-07,Elsevier BV,en,SoftwareX,2352-7110,https://doi.org/10.1016/j.softx.2021.100761,https://api.crossref.org/works/10.1016/j.softx.2021.100761,Crossref,https://github.com/ElsevierSoftwareX/SOFTX-D-21-00056,ElsevierSoftwareX GitHub Organization,18 June 2026
10.1016/j.softx.2021.100757,SoftwareX,SCRAMBLE: Sweep Comparison Research Application for Multiple Back-Gated FieLd Effect measurements of graphene field effect transistors,SCRAMBLE,SCRAMBLE,https://github.com/phukeo/SCRAMBLE,swh:1:dir:d6ebb9c3b9087e6f92aaf34312c476d588db98d7;origin=https://github.com/phukeo/SCRAMBLE;visit=swh:1:snp:4635b5b1c4e1bf5722ef75e74e5103d918e60f06;anchor=swh:1:rev:35d222edb6533e24d09f48a82175281af32eb91f,2021-07,Elsevier BV,en,SoftwareX,2352-7110,https://doi.org/10.1016/j.softx.2021.100757,https://api.crossref.org/works/10.1016/j.softx.2021.100757,Crossref,https://github.com/ElsevierSoftwareX/SOFTX-D-20-00068,ElsevierSoftwareX GitHub Organization,18 June 2026
10.1016/j.softx.2021.100765,SoftwareX,PESummary: The code agnostic Parameter Estimation Summary page builder,pesummary,PESummary,https://github.com/pesummary/pesummary,swh:1:dir:fdd66dcb014cb06dbfadb9a4415203232087f92d;origin=https://github.com/pesummary/pesummary;visit=swh:1:snp:cdb6c9602ef9bc29736a69e23979b55d023915c9;anchor=swh:1:rev:c7c8ae3cedf84d481f7f590c859ca5a5c94cfd15,2021-07,Elsevier BV,en,SoftwareX,2352-7110,https://doi.org/10.1016/j.softx.2021.100765,https://api.crossref.org/works/10.1016/j.softx.2021.100765,Crossref,https://github.com/ElsevierSoftwareX/SOFTX-D-20-00022,ElsevierSoftwareX GitHub Organization,18 June 2026
10.1016/j.softx.2021.100767,SoftwareX,SOUL: Scala Oversampling and Undersampling Library for imbalance classification,SOUL,SOUL,https://github.com/NestorRV/SOUL,swh:1:dir:c0c16db2aefb9e74ac165373209e28aa3c5f2788;origin=https://github.com/NestorRV/SOUL;visit=swh:1:snp:30d7ff107e09a18c5e5d453ce9bc49b2b0c61eb8;anchor=swh:1:rev:7f831eb3882b3724efdc39957ad7198e5581be7a,2021-07,Elsevier BV,en,SoftwareX,2352-7110,https://doi.org/10.1016/j.softx.2021.100767,https://api.crossref.org/works/10.1016/j.softx.2021.100767,Crossref,https://github.com/ElsevierSoftwareX/SOFTX_2019_253,ElsevierSoftwareX GitHub Organization,18 June 2026
10.1016/j.softx.2021.100771,SoftwareX,ABMU: An Agent-Based Modelling Framework for Unity3D,unity_abm_framework,ABMU,https://github.com/cheliotk/unity_abm_framework,swh:1:dir:670a6220bdec814c853e59ede591862716efaf94;origin=https://github.com/cheliotk/unity_abm_framework;visit=swh:1:snp:4fe5eb85bc89bd6a6a27454fa11a0c607301aca0;anchor=swh:1:rev:9b7667258b203cb06274bfe01a5b3db44fdb9f1c,2021-07,Elsevier BV,en,SoftwareX,2352-7110,https://doi.org/10.1016/j.softx.2021.100771,https://api.crossref.org/works/10.1016/j.softx.2021.100771,Crossref,https://github.com/ElsevierSoftwareX/SOFTX_2020_159,ElsevierSoftwareX GitHub Organization,18 June 2026
10.1016/j.softx.2021.100775,SoftwareX,"Update 3.0 to “PuMA: The Porous Microstructure Analysis software”, (PII:S2352711018300281)",puma,Update 3.0 to “PuMA,https://github.com/nasa/puma,swh:1:dir:8c1733869e090161729a3022cd862a44236a92f6;origin=https://github.com/nasa/puma;visit=swh:1:snp:aa6c2d26ea20aa756e22116ec4e18754c0f159df;anchor=swh:1:rev:65a05d7d693924590e8433f2f402c04c5031845c,2021-07,Elsevier BV,en,SoftwareX,2352-7110,https://doi.org/10.1016/j.softx.2021.100775,https://api.crossref.org/works/10.1016/j.softx.2021.100775,Crossref,https://github.com/ElsevierSoftwareX/SOFTX-D-21-00131,ElsevierSoftwareX GitHub Organization,18 June 2026
10.1016/j.softx.2021.100777,SoftwareX,INACITY - INvestigate and Analyze a CITY,INACITY,INACITY,https://github.com/arturandre/INACITY,swh:1:dir:3d7f3de08fd67d82a7747b1387e3ed7d11b96d51;origin=https://github.com/arturandre/INACITY;visit=swh:1:snp:57a821c00fc9616119573e96b3ce3ea68c68750d;anchor=swh:1:rev:5fbd2bf60456188d608c5b255420a049770acc3d,2021-07,Elsevier BV,en,SoftwareX,2352-7110,https://doi.org/10.1016/j.softx.2021.100777,https://api.crossref.org/works/10.1016/j.softx.2021.100777,Crossref,https://github.com/ElsevierSoftwareX/SOFTX-D-21-00075,ElsevierSoftwareX GitHub Organization,18 June 2026
10.1016/j.softx.2021.100779,SoftwareX,PanNDE: A modular architecture for high-performance NDE simulation,PanNDE,PanNDE,https://github.com/nasa/PanNDE,swh:1:dir:ba55638cfa171227c4aa05d483b8710dd81e65d8;origin=https://github.com/nasa/PanNDE;visit=swh:1:snp:66b437b80e9a400211185e4920c04c4ccea55107;anchor=swh:1:rev:713d9684edaa1d4d59bd19b0ba6cf66ff2c37f8f,2021-07,Elsevier BV,en,SoftwareX,2352-7110,https://doi.org/10.1016/j.softx.2021.100779,https://api.crossref.org/works/10.1016/j.softx.2021.100779,Crossref,https://github.com/ElsevierSoftwareX/SOFTX-D-21-00071,ElsevierSoftwareX GitHub Organization,18 June 2026
10.1016/j.softx.2021.100789,SoftwareX,PND: Physics-informed neural-network software for molecular dynamics applications,PND,PND,https://github.com/USCCACS/PND,swh:1:dir:f851c408e4e1bcb1ca5971e2ada6395035b55b85;origin=https://github.com/USCCACS/PND;visit=swh:1:snp:01541b67363d90c291507ffca7a5affa90f207e0;anchor=swh:1:rev:2f9c6e4efa703fe121291688104fdd2c63102282,2021-07,Elsevier BV,en,SoftwareX,2352-7110,https://doi.org/10.1016/j.softx.2021.100789,https://api.crossref.org/works/10.1016/j.softx.2021.100789,Crossref,https://github.com/ElsevierSoftwareX/SOFTX-D-21-00077,ElsevierSoftwareX GitHub Organization,18 June 2026
10.1016/j.softx.2021.100791,SoftwareX,Flame Tracker: An image analysis program to measure flame characteristics,flameTracker,Flame Tracker,https://github.com/combustionTools/flameTracker,swh:1:dir:2b4393b4d91f65b2961f377189a60fe1729ff21a;origin=https://github.com/combustionTools/flameTracker;visit=swh:1:snp:6403157eeafb6f68dda8557f5f71f37a93e14df5;anchor=swh:1:rev:3076f2d5e68dd30226b072026ce4bd29873113c2,2021-07,Elsevier BV,en,SoftwareX,2352-7110,https://doi.org/10.1016/j.softx.2021.100791,https://api.crossref.org/works/10.1016/j.softx.2021.100791,Crossref,https://github.com/ElsevierSoftwareX/SOFTX-D-21-00060,ElsevierSoftwareX GitHub Organization,18 June 2026
10.1016/j.softx.2021.100801,SoftwareX,NL4Py: Agent-based modeling in Python with parallelizable NetLogo workspaces,NL4Py,NL4Py,https://github.com/chathika/NL4Py,swh:1:dir:ec1183b3160a8c2f2383e49d250b7cf32e8e8b8b;origin=https://github.com/chathika/NL4Py;visit=swh:1:snp:a49cdb7e08f5d00a7c1b3d744cdbbbb5841fa695;anchor=swh:1:rev:ba35b4c2b947172d5b8a3c43fe6f15296db041b9,2021-12,Elsevier BV,en,SoftwareX,2352-7110,https://doi.org/10.1016/j.softx.2021.100801,https://api.crossref.org/works/10.1016/j.softx.2021.100801,Crossref,https://github.com/ElsevierSoftwareX/SOFTX-D-21-00070,ElsevierSoftwareX GitHub Organization,18 June 2026
10.1016/j.softx.2021.100797,SoftwareX,Simplifying computational workflows with the Multiscale Atomic Zeolite Simulation Environment (MAZE),MAZE-sim,,https://github.com/kul-group/MAZE-sim,swh:1:dir:7def65b7e0f193f73835344faa1985da0dd646dc;origin=https://github.com/kul-group/MAZE-sim;visit=swh:1:snp:307d72019673b115bbb7e7888609955fdca076e8;anchor=swh:1:rev:232ff9c24d41b23995288df20f7ce8d6c1ab9e0c,2021-12,Elsevier BV,en,SoftwareX,2352-7110,https://doi.org/10.1016/j.softx.2021.100797,https://api.crossref.org/works/10.1016/j.softx.2021.100797,Crossref,https://github.com/ElsevierSoftwareX/SOFTX-D-21-00107,ElsevierSoftwareX GitHub Organization,18 June 2026
10.1016/j.softx.2021.100795,SoftwareX,AniLength: GUI-based automatic worm length measurement software using image processing and deep neural network,AniLength,AniLength,https://github.com/QuantSK/AniLength,swh:1:dir:debb37c0fd8e24ed3c351a8bdbf061d5a852c67f;origin=https://github.com/QuantSK/AniLength;visit=swh:1:snp:6fc6b615e9c5782ada2b8b3084396e5cf11f1991;anchor=swh:1:rev:d259d4c65a53cb66bff27cc4ddb10a113c764f93,2021-07,Elsevier BV,en,SoftwareX,2352-7110,https://doi.org/10.1016/j.softx.2021.100795,https://api.crossref.org/works/10.1016/j.softx.2021.100795,Crossref,https://github.com/ElsevierSoftwareX/SOFTX-D-21-00104,ElsevierSoftwareX GitHub Organization,18 June 2026
10.1016/j.softx.2021.100805,SoftwareX,magcoilcalc: A Python package for modeling and optimization of axisymmetric magnet coils generating uniform magnetic field for noble gas spin-polarizers,coilcalc,magcoilcalc,https://github.com/sq-meng/coilcalc,swh:1:dir:bd68992c31814d1b71c82c31b91bf5338f452cf5;origin=https://github.com/sq-meng/coilcalc;visit=swh:1:snp:e885ff17fe9ebdd6b7786c781b39cfbbcff8dfa7;anchor=swh:1:rev:096bec7d4f2bda7c4071a13abe70179a94b17f37,2021-12,Elsevier BV,en,SoftwareX,2352-7110,https://doi.org/10.1016/j.softx.2021.100805,https://api.crossref.org/works/10.1016/j.softx.2021.100805,Crossref,https://github.com/ElsevierSoftwareX/SOFTX-D-21-00099,ElsevierSoftwareX GitHub Organization,18 June 2026
10.1016/j.softx.2021.100823,SoftwareX,QuantImPy: Minkowski functionals and functions with Python,quantimpy,QuantImPy,https://github.com/boeleman/quantimpy,swh:1:dir:5dd25fa100d66078d20e09d44d691c7b30020f30;origin=https://github.com/boeleman/quantimpy;visit=swh:1:snp:a8a996c0d1b5ce85db4e776b36483be0bca43770;anchor=swh:1:rev:054e4bb49db30b61b254c7e87e9d36be1a027243,2021-12,Elsevier BV,en,SoftwareX,2352-7110,https://doi.org/10.1016/j.softx.2021.100823,https://api.crossref.org/works/10.1016/j.softx.2021.100823,Crossref,https://github.com/ElsevierSoftwareX/SOFTX-D-21-00096,ElsevierSoftwareX GitHub Organization,18 June 2026
10.1016/j.softx.2021.100817,SoftwareX,2P-Kt: A logic-based ecosystem for symbolic AI,2p-kt,2P-Kt,https://github.com/tuProlog/2p-kt,swh:1:dir:5b88e87c5bf8a4aa0359b509461a266a7017c31a;origin=https://github.com/tuProlog/2p-kt;visit=swh:1:snp:e85586c2f2ec32d9ffd5d9806aa3bb564e148094;anchor=swh:1:rev:4da6e0d7752879633a30eff947544ebe5b7464bb,2021-12,Elsevier BV,en,SoftwareX,2352-7110,https://doi.org/10.1016/j.softx.2021.100817,https://api.crossref.org/works/10.1016/j.softx.2021.100817,Crossref,https://github.com/ElsevierSoftwareX/SOFTX-D-21-00007,ElsevierSoftwareX GitHub Organization,18 June 2026
10.1016/j.softx.2021.100815,SoftwareX,GPUCorrel: A GPU accelerated Digital Image Correlation software written in Python,GPUCorrel,GPUCorrel,https://github.com/Dad0u/GPUCorrel,swh:1:dir:7f281e443f89de86a9487f597ce92361b68af001;origin=https://github.com/Dad0u/GPUCorrel;visit=swh:1:snp:84ab3e49d13ff5d09a5c36b319ed0de26c479ad7;anchor=swh:1:rev:62b0ec1343cb891df96e6a3c412ca27e399c7826,2021-12,Elsevier BV,en,SoftwareX,2352-7110,https://doi.org/10.1016/j.softx.2021.100815,https://api.crossref.org/works/10.1016/j.softx.2021.100815,Crossref,https://github.com/ElsevierSoftwareX/SOFTX-D-21-00012,ElsevierSoftwareX GitHub Organization,18 June 2026
10.1016/j.softx.2021.100814,SoftwareX,DecisionMaster: A multi-criteria decision support system with ability to combine different decision rules,decisionmaster,DecisionMaster,https://github.com/BSTU/decisionmaster,swh:1:dir:8fa4cf32700e2d99a904487497d6f885f4013ba7;origin=https://github.com/BSTU/decisionmaster;visit=swh:1:snp:c756c144b35728941721cbc2a23e6720c40b7c82;anchor=swh:1:rev:7634fe166057af1e6e415c7f85ee4faa6f110712,2021-12,Elsevier BV,en,SoftwareX,2352-7110,https://doi.org/10.1016/j.softx.2021.100814,https://api.crossref.org/works/10.1016/j.softx.2021.100814,Crossref,https://github.com/ElsevierSoftwareX/SOFTX-D-21-00059,ElsevierSoftwareX GitHub Organization,18 June 2026
10.1016/j.softx.2021.100835,SoftwareX,RegionTPMS — Region based triply periodic minimal surfaces (TPMS) for 3-D printed multiphase bone scaffolds with exact porosity values,RegionTPMS,RegionTPMS,https://github.com/metudust/RegionTPMS,swh:1:dir:585b71dccde2422b33ef70844d6eaccf8d763e5f;origin=https://github.com/metudust/RegionTPMS;visit=swh:1:snp:d619170d2c7227e196abab4d09e65ca46ab5fe01;anchor=swh:1:rev:4d95c435aaaccc5ec75750539208cc79fbfb6c1a,2021-12,Elsevier BV,en,SoftwareX,2352-7110,https://doi.org/10.1016/j.softx.2021.100835,https://api.crossref.org/works/10.1016/j.softx.2021.100835,Crossref,https://github.com/ElsevierSoftwareX/SOFTX-D-21-00076,ElsevierSoftwareX GitHub Organization,18 June 2026
10.1016/j.softx.2021.100832,SoftwareX,CrackDect: Detecting crack densities in images of fiber-reinforced polymers,CrackDect,CrackDect,https://github.com/mattdrvo/CrackDect,swh:1:dir:52e37a1b90b25185db02f7a38fc032d528f92d1c;origin=https://github.com/mattdrvo/CrackDect;visit=swh:1:snp:59db17c5cc448010ccf7bd483b078a92b66e9cae;anchor=swh:1:rev:03845d08481e633f291d5616bd1d01b8d8a4c6c0,2021-12,Elsevier BV,en,SoftwareX,2352-7110,https://doi.org/10.1016/j.softx.2021.100832,https://api.crossref.org/works/10.1016/j.softx.2021.100832,Crossref,https://github.com/ElsevierSoftwareX/SOFTX-D-21-00109,ElsevierSoftwareX GitHub Organization,18 June 2026
10.1016/j.softx.2021.100834,SoftwareX,ttcrpy: A Python package for traveltime computation and raytracing,ttcr,ttcrpy,https://github.com/groupeLIAMG/ttcr,swh:1:dir:ebb3c57ed0e431f06f0a2388729e14e8786f48ff;origin=https://github.com/groupeLIAMG/ttcr;visit=swh:1:snp:2dc2ec6a00b55855259a145f11a09ae98432c559;anchor=swh:1:rev:21dd9eda192738fd600273be2647b7818e997101,2021-12,Elsevier BV,en,SoftwareX,2352-7110,https://doi.org/10.1016/j.softx.2021.100834,https://api.crossref.org/works/10.1016/j.softx.2021.100834,Crossref,https://github.com/ElsevierSoftwareX/SOFTX-D-21-00123,ElsevierSoftwareX GitHub Organization,18 June 2026
10.1016/j.softx.2021.100879,SoftwareX,OpenMechanochem: A Python module for mechanochemical simulations,OpenMechanochem,OpenMechanochem,https://github.com/danjodc/OpenMechanochem,swh:1:dir:a902e29475c0c9ddc1666eae0299352b1d404d66;origin=https://github.com/danjodc/OpenMechanochem;visit=swh:1:snp:c5b03a5a4b624c6b469a5eb2bcf1c9597f90ce5c;anchor=swh:1:rev:178168b043d6a0cb372cb92ed7cfbe80e0c1448f,2021-12,Elsevier BV,en,SoftwareX,2352-7110,https://doi.org/10.1016/j.softx.2021.100879,https://api.crossref.org/works/10.1016/j.softx.2021.100879,Crossref,https://github.com/ElsevierSoftwareX/SOFTX-D-21-00140,ElsevierSoftwareX GitHub Organization,18 June 2026
10.1016/j.softx.2021.100877,SoftwareX,EMPIRE: An open-source model based on multi-horizon programming for energy transition analyses,OpenEMPIRE,EMPIRE,https://github.com/ntnuiotenergy/OpenEMPIRE,swh:1:dir:16d61a3773e75faf7881e11bb2f0e0cba46b052c;origin=https://github.com/ntnuiotenergy/OpenEMPIRE;visit=swh:1:snp:6c0f2551b5ad04f33881bb4a603c82962e32fe5c;anchor=swh:1:rev:a48580abde5fb7096e5a8b0df19e4114ec8a7002,2022-01,Elsevier BV,en,SoftwareX,2352-7110,https://doi.org/10.1016/j.softx.2021.100877,https://api.crossref.org/works/10.1016/j.softx.2021.100877,Crossref,https://github.com/ElsevierSoftwareX/SOFTX_2020_62,ElsevierSoftwareX GitHub Organization,18 June 2026
10.1016/j.softx.2021.100875,SoftwareX,A modular LabVIEW application frame for Knudsen Effusion Mass Spectrometry instrument control,JRC-KEMS-Softwares,,https://github.com/ec-jrc/JRC-KEMS-Softwares,swh:1:dir:49b5cfa9bea0d795680f103711c37daf45e77ec8;origin=https://github.com/ec-jrc/JRC-KEMS-Softwares;visit=swh:1:snp:0fd63b0a5d7aaa73696ed40e312c3b17fdaa01bd;anchor=swh:1:rev:b2674316c87102165a26e6c47cf803a4c84fd0fb,2021-12,Elsevier BV,en,SoftwareX,2352-7110,https://doi.org/10.1016/j.softx.2021.100875,https://api.crossref.org/works/10.1016/j.softx.2021.100875,Crossref,https://github.com/ElsevierSoftwareX/SOFTX-D-21-00114,ElsevierSoftwareX GitHub Organization,18 June 2026
10.1016/j.softx.2021.100863,SoftwareX,Imaging framework: An interoperable and extendable connector for image-related Java frameworks,imaging,Imaging framework,https://github.com/FHOOEAIST/imaging,swh:1:dir:6e58fbde783b88365884623ca7ddcf4f5a5d55c1;origin=https://github.com/FHOOEAIST/imaging;visit=swh:1:snp:e1528ae8a63f90b44f4b8106bca9773e7cc105f9;anchor=swh:1:rev:c425a24d8c712c443b4a8f49300036a782b3c126,2021-12,Elsevier BV,en,SoftwareX,2352-7110,https://doi.org/10.1016/j.softx.2021.100863,https://api.crossref.org/works/10.1016/j.softx.2021.100863,Crossref,https://github.com/ElsevierSoftwareX/SOFTX-D-21-00126,ElsevierSoftwareX GitHub Organization,18 June 2026
10.1016/j.softx.2021.100873,SoftwareX,"Covira: A COVID-19 risk assessment, visualization and communication tool",covira,Covira,https://github.com/er-beeps/covira,swh:1:dir:90e471bf214b5cdc8575983dfb116d94c7cc6862;origin=https://github.com/er-beeps/covira;visit=swh:1:snp:64a5d01fae1e1f78c2253e644ad2686fe3a054ca;anchor=swh:1:rev:fa1031627f3a81228d23d94029ef3297b1cac578,2021-12,Elsevier BV,en,SoftwareX,2352-7110,https://doi.org/10.1016/j.softx.2021.100873,https://api.crossref.org/works/10.1016/j.softx.2021.100873,Crossref,https://github.com/ElsevierSoftwareX/SOFTX-D-21-00015,ElsevierSoftwareX GitHub Organization,18 June 2026
10.1016/j.softx.2021.100861,SoftwareX,PowerDynamics.jl—An experimentally validated open-source package for the dynamical analysis of power grids,PowerDynamics.jl,,https://github.com/JuliaEnergy/PowerDynamics.jl,swh:1:dir:afdfe71c0471efbbe42aa680935033978bf35175;origin=https://github.com/JuliaEnergy/PowerDynamics.jl;visit=swh:1:snp:8ada49d41dc4943f7897ae2c85fe24f9cbe6b32c;anchor=swh:1:rev:1120f760a7875d9254d92f7c428f8aa40a83b10e,2022-01,Elsevier BV,en,SoftwareX,2352-7110,https://doi.org/10.1016/j.softx.2021.100861,https://api.crossref.org/works/10.1016/j.softx.2021.100861,Crossref,https://github.com/ElsevierSoftwareX/SOFTX-D-20-00105,ElsevierSoftwareX GitHub Organization,18 June 2026
10.1016/j.softx.2021.100871,SoftwareX,AnyMOD.jl: A Julia package for creating energy system models,AnyMOD.jl,AnyMOD.jl,https://github.com/leonardgoeke/AnyMOD.jl,swh:1:dir:377c570354d0dcdca9849bdef3ea035f7c4039be;origin=https://github.com/leonardgoeke/AnyMOD.jl;visit=swh:1:snp:dc428c3848fdafcd923f8dcf8f6681b4a8b4d5bd;anchor=swh:1:rev:dede89b9e9875d4a4c0abb3cd0ef401cc724c46a,2021-12,Elsevier BV,en,SoftwareX,2352-7110,https://doi.org/10.1016/j.softx.2021.100871,https://api.crossref.org/works/10.1016/j.softx.2021.100871,Crossref,https://github.com/ElsevierSoftwareX/SOFTX_2020_103,ElsevierSoftwareX GitHub Organization,18 June 2026
10.1016/j.softx.2021.100869,SoftwareX,JHeaps: An open-source library of priority queues,jheaps,JHeaps,https://github.com/d-michail/jheaps,swh:1:dir:d44ba5ddb67119f7eece0576ffdc26c63a92487e;origin=https://github.com/d-michail/jheaps;visit=swh:1:snp:3eb07552d820a58c4fd80ea68e1272634e4093fa;anchor=swh:1:rev:658ab034d2faf3735a71a8029a657f7c41b8137c,2021-12,Elsevier BV,en,SoftwareX,2352-7110,https://doi.org/10.1016/j.softx.2021.100869,https://api.crossref.org/works/10.1016/j.softx.2021.100869,Crossref,https://github.com/ElsevierSoftwareX/SOFTX_2020_271,ElsevierSoftwareX GitHub Organization,18 June 2026
10.1016/j.softx.2021.100865,SoftwareX,edgar: An R package for the U.S. SEC EDGAR retrieval and parsing of corporate filings,edgar,edgar,https://github.com/Gunratan/edgar,swh:1:dir:5e9e46c523a8f136adb66c3d296dd2278fcd9aea;origin=https://github.com/Gunratan/edgar;visit=swh:1:snp:cbb68c07c563b1b087480853e96e902102bbda7b;anchor=swh:1:rev:b2f9b47fa3722f03b81e7adb9c8ec94b576bc823,2021-12,Elsevier BV,en,SoftwareX,2352-7110,https://doi.org/10.1016/j.softx.2021.100865,https://api.crossref.org/works/10.1016/j.softx.2021.100865,Crossref,https://github.com/ElsevierSoftwareX/SOFTX_2020_222,ElsevierSoftwareX GitHub Organization,18 June 2026
10.1016/j.softx.2021.100857,SoftwareX,uFTIR: An R package to process hyperspectral images of environmental samples captured with μ FTIR microscopes,uFTIR,uFTIR,https://github.com/fcorra/uFTIR,swh:1:dir:ca8fd6229054f759a7d292717bb9793e6f683806;origin=https://github.com/fcorra/uFTIR;visit=swh:1:snp:48c8e8223504fa3501ff843d3bb2fd2284258161;anchor=swh:1:rev:1d96de264ab39e1b5e9a063a5e7e42ea8c6bd83a,2021-12,Elsevier BV,en,SoftwareX,2352-7110,https://doi.org/10.1016/j.softx.2021.100857,https://api.crossref.org/works/10.1016/j.softx.2021.100857,Crossref,https://github.com/ElsevierSoftwareX/SOFTX_2020_170,ElsevierSoftwareX GitHub Organization,18 June 2026
10.1016/j.softx.2021.100851,SoftwareX,BuckinghamPy: A Python software for dimensional analysis,BuckinghamPy,BuckinghamPy,https://github.com/saadgroup/BuckinghamPy,swh:1:dir:a133f4a1722ea814fa5708ea9bf82b8040068b88;origin=https://github.com/saadgroup/BuckinghamPy;visit=swh:1:snp:1fd37e17da5e0f57febeb133cdbdcc4fb56e49d1;anchor=swh:1:rev:cd17546ebcbeaba79cd589707b8c2e198829b8fc,2021-12,Elsevier BV,en,SoftwareX,2352-7110,https://doi.org/10.1016/j.softx.2021.100851,https://api.crossref.org/works/10.1016/j.softx.2021.100851,Crossref,https://github.com/ElsevierSoftwareX/SOFTX-D-21-00156,ElsevierSoftwareX GitHub Organization,18 June 2026
10.1016/j.softx.2021.100848,SoftwareX,"CRAPPY: Command and Real-Time Acquisition in Parallelized Python, a Python module for experimental setups",crappy,CRAPPY,https://github.com/LaboratoireMecaniqueLille/crappy,swh:1:dir:3730e0dd95055234d50ec66b792ff50aa1fcd3c1;origin=https://github.com/LaboratoireMecaniqueLille/crappy;visit=swh:1:snp:3f1207e9baacb866d08a788ba6a3c20078d49c6e;anchor=swh:1:rev:5d0ca4688da2dceb8d8ed7eb4e6c7ebfb9febca1,2021-12,Elsevier BV,en,SoftwareX,2352-7110,https://doi.org/10.1016/j.softx.2021.100848,https://api.crossref.org/works/10.1016/j.softx.2021.100848,Crossref,https://github.com/ElsevierSoftwareX/SOFTX-D-21-00120,ElsevierSoftwareX GitHub Organization,18 June 2026
10.1016/j.softx.2021.100845,SoftwareX,Acme: A small 3D geometry library,acme,Acme,https://github.com/StoccoDavide/acme,swh:1:dir:e08b523a847297c254aff0529123f96a7298e1f7;origin=https://github.com/StoccoDavide/acme;visit=swh:1:snp:f2ef8729876703023fbefdbfbf12d0a05b5d161e;anchor=swh:1:rev:73294fa01fe9983fb1aef64cee247c4ea88e93e0,2021-12,Elsevier BV,en,SoftwareX,2352-7110,https://doi.org/10.1016/j.softx.2021.100845,https://api.crossref.org/works/10.1016/j.softx.2021.100845,Crossref,https://github.com/ElsevierSoftwareX/SOFTX-D-21-00130,ElsevierSoftwareX GitHub Organization,18 June 2026
10.1016/j.softx.2021.100843,SoftwareX,"New, flexible and open-source fisheries self-reporting app: The Shiny4SelfReport",Paper,,https://github.com/Filhomn/Paper,swh:1:dir:8bf3674f60fb8e3d6dd4521aee00ee01f037ca7b;origin=https://github.com/Filhomn/Paper;visit=swh:1:snp:f5072ee8ed4e67d5b3382d0c7e82dbcf7238e108;anchor=swh:1:rev:09f76aac8325a7e2bb5a98cf48c4165001ef0313,2021-12,Elsevier BV,en,SoftwareX,2352-7110,https://doi.org/10.1016/j.softx.2021.100843,https://api.crossref.org/works/10.1016/j.softx.2021.100843,Crossref,https://github.com/ElsevierSoftwareX/SOFTX-D-21-00079,ElsevierSoftwareX GitHub Organization,18 June 2026
10.1016/j.softx.2021.100841,SoftwareX,ImbTreeEntropy: An R package for building entropy-based classification trees on imbalanced datasets,ImbTreeEntropy,ImbTreeEntropy,https://github.com/KrzyGajow/ImbTreeEntropy,swh:1:dir:9937a99f707af42baf38543e969b11445e85e215;origin=https://github.com/KrzyGajow/ImbTreeEntropy;visit=swh:1:snp:848456297ae7ae6d7ea538b3a0783ea3b3116f9a;anchor=swh:1:rev:1f6e5863d5ae35329d0063e461f47bbb46b7f9f1,2021-12,Elsevier BV,en,SoftwareX,2352-7110,https://doi.org/10.1016/j.softx.2021.100841,https://api.crossref.org/works/10.1016/j.softx.2021.100841,Crossref,https://github.com/ElsevierSoftwareX/SOFTX-D-20-00097,ElsevierSoftwareX GitHub Organization,18 June 2026
10.1016/j.softx.2021.100883,SoftwareX,Trial Monitor: Scaffolding personalised Web dashboards for Human–Computer Interaction field trials,trial-monitor,Trial Monitor,https://github.com/fraunhoferportugal/trial-monitor,swh:1:dir:5abc1e987c0c7a6a5fe9890065a308c3be1b53e3;origin=https://github.com/fraunhoferportugal/trial-monitor;visit=swh:1:snp:a03d181a6fe880bb88d65cbbd6a740ab4febc81a;anchor=swh:1:rev:f7f008b5400f7f6e050011f28427b8e7fd23bea2,2021-12,Elsevier BV,en,SoftwareX,2352-7110,https://doi.org/10.1016/j.softx.2021.100883,https://api.crossref.org/works/10.1016/j.softx.2021.100883,Crossref,https://github.com/ElsevierSoftwareX/SOFTX-D-21-00122,ElsevierSoftwareX GitHub Organization,18 June 2026
10.1016/j.softx.2021.100889,SoftwareX,TreeTool: A tool for detecting trees and estimating their DBH using forest point clouds,TreeTool,TreeTool,https://github.com/porteratzo/TreeTool,swh:1:dir:00f02f8413fb3b3e3e68a55a05492006a32d9c85;origin=https://github.com/porteratzo/TreeTool;visit=swh:1:snp:1f9bfb0a415aaf0d7031b24a4818e47d76be38e6;anchor=swh:1:rev:7b5abc26bd6eef1763c4922c384405861bc5f107,2021-12,Elsevier BV,en,SoftwareX,2352-7110,https://doi.org/10.1016/j.softx.2021.100889,https://api.crossref.org/works/10.1016/j.softx.2021.100889,Crossref,https://github.com/ElsevierSoftwareX/SOFTX-D-21-00028,ElsevierSoftwareX GitHub Organization,18 June 2026
10.1016/j.softx.2021.100895,SoftwareX,"PADRES: Tool for PrivAcy, Data REgulation and Security",PADRES,PADRES,https://github.com/FabioAndrePereira/PADRES,swh:1:dir:faa064f9b491a0614879942df756804b505bfbe7;origin=https://github.com/FabioAndrePereira/PADRES;visit=swh:1:snp:326f695ec943263ff85084ffa51738fa7a2abdf7;anchor=swh:1:rev:e8be4e2c518a7c8428edecef4ea22269ac716bd3,2022-01,Elsevier BV,en,SoftwareX,2352-7110,https://doi.org/10.1016/j.softx.2021.100895,https://api.crossref.org/works/10.1016/j.softx.2021.100895,Crossref,https://github.com/ElsevierSoftwareX/SOFTX-D-20-00011,ElsevierSoftwareX GitHub Organization,18 June 2026
10.1016/j.softx.2021.100893,SoftwareX,KrakN: Transfer Learning framework and dataset for infrastructure thin crack detection,KrakN,KrakN,https://github.com/MatZar01/KrakN,swh:1:dir:2ff5bc14753846528130372434c7fef6f1ae1fa7;origin=https://github.com/MatZar01/KrakN;visit=swh:1:snp:b4a36fc0f1cc91911251260c0c0dfc8720d9da14;anchor=swh:1:rev:7f12447f4c49495d84a977f078dc17609630bf6b,2021-12,Elsevier BV,en,SoftwareX,2352-7110,https://doi.org/10.1016/j.softx.2021.100893,https://api.crossref.org/works/10.1016/j.softx.2021.100893,Crossref,https://github.com/ElsevierSoftwareX/SOFTX-D-21-00162,ElsevierSoftwareX GitHub Organization,18 June 2026
10.1016/j.softx.2021.100897,SoftwareX,NiceProp: An interactive Python-based educational tool for non-ideal compressible fluid dynamics,NiceProp,NiceProp,https://github.com/Propulsion-Power-TU-Delft/NiceProp,swh:1:dir:c500b354bb3ceec2a6c2d61a4d6745174ce37f20;origin=https://github.com/Propulsion-Power-TU-Delft/NiceProp;visit=swh:1:snp:caee40cbb43d4042b0dd68cf5e3b2ed53b549efa;anchor=swh:1:rev:5259b9b15d1a967786774b98de4d9cc302696d04,2022-01,Elsevier BV,en,SoftwareX,2352-7110,https://doi.org/10.1016/j.softx.2021.100897,https://api.crossref.org/works/10.1016/j.softx.2021.100897,Crossref,https://github.com/ElsevierSoftwareX/SOFTX-D-21-00170,ElsevierSoftwareX GitHub Organization,18 June 2026
10.1016/j.softx.2021.100892,SoftwareX,BIcenter: A collaborative Web ETL solution based on a reflective software approach,BIcenter,BIcenter,https://github.com/bioinformatics-ua/BIcenter,swh:1:dir:b510f166392f66508a3dc159578d6f4f19ddd023;origin=https://github.com/bioinformatics-ua/BIcenter;visit=swh:1:snp:6bb4a37af11f3c4de370a746589dfd1fec97f01a;anchor=swh:1:rev:713b87d446d5f0872d6c5914041f1f0f0d318556,2021-12,Elsevier BV,en,SoftwareX,2352-7110,https://doi.org/10.1016/j.softx.2021.100892,https://api.crossref.org/works/10.1016/j.softx.2021.100892,Crossref,https://github.com/ElsevierSoftwareX/SOFTX-D-21-00169,ElsevierSoftwareX GitHub Organization,18 June 2026
10.1016/j.softx.2021.100899,SoftwareX,coppeCosenzaR: A hierarchical decision model,coppeCosenzaR,coppeCosenzaR,https://github.com/ptaranti/coppeCosenzaR,swh:1:dir:2af940a518b834d9d43e3d80490a81a644251f7e;origin=https://github.com/ptaranti/coppeCosenzaR;visit=swh:1:snp:5319085c23c1d329fa830c5cf04f677b880d3d5f;anchor=swh:1:rev:63cd07ede86aa61867f0bb4c2fcaae353f1d4bbb,2022-01,Elsevier BV,en,SoftwareX,2352-7110,https://doi.org/10.1016/j.softx.2021.100899,https://api.crossref.org/works/10.1016/j.softx.2021.100899,Crossref,https://github.com/ElsevierSoftwareX/SOFTX_2020_136,ElsevierSoftwareX GitHub Organization,18 June 2026
10.1016/j.softx.2021.100901,SoftwareX,ACORNS: An easy-to-use code generator for gradients and Hessians,acorns,ACORNS,https://github.com/deshanadesai/acorns,swh:1:dir:6069aca30a4f758acc3753a6ccd22b1c53139887;origin=https://github.com/deshanadesai/acorns;visit=swh:1:snp:748855ecd503fdc9cab088a4ad624af827136e7b;anchor=swh:1:rev:a6b649af35789c3cbe7e7d326bf4277baf3bdea7,2022-01,Elsevier BV,en,SoftwareX,2352-7110,https://doi.org/10.1016/j.softx.2021.100901,https://api.crossref.org/works/10.1016/j.softx.2021.100901,Crossref,https://github.com/ElsevierSoftwareX/SOFTX-D-21-00129,ElsevierSoftwareX GitHub Organization,18 June 2026
10.1016/j.softx.2021.100907,SoftwareX,Simplify: A Python library for optimizing pruned neural networks,simplify,Simplify,https://github.com/EIDOSLAB/simplify,swh:1:dir:fbbc800b56ac7668c951e745e080598fcc2b0325;origin=https://github.com/EIDOSLAB/simplify;visit=swh:1:snp:9c55b1cecfe8fdfc19f1b35ad67fb94ad57ec9bd;anchor=swh:1:rev:2309b5aaf290db1863bd8b0f984e45e11cc72f6f,2022-01,Elsevier BV,en,SoftwareX,2352-7110,https://doi.org/10.1016/j.softx.2021.100907,https://api.crossref.org/works/10.1016/j.softx.2021.100907,Crossref,https://github.com/ElsevierSoftwareX/SOFTX-D-21-00143,ElsevierSoftwareX GitHub Organization,18 June 2026
10.1016/j.softx.2021.100903,SoftwareX,MIROR: A middleware software tool for interfacing mobile industrial robots with optimization routing algorithms,miror,MIROR,https://github.com/EvangelosSyrmos/miror,swh:1:dir:82d42ceea111e938f5bf62b079328b1ace0ce414;origin=https://github.com/EvangelosSyrmos/miror;visit=swh:1:snp:5047be5c4b0310cd52e17d1d3a6d55c79a5ddbfc;anchor=swh:1:rev:a5089b0b0124b5880c2f8cd89ab7675ca2ab2d93,2022-01,Elsevier BV,en,SoftwareX,2352-7110,https://doi.org/10.1016/j.softx.2021.100903,https://api.crossref.org/works/10.1016/j.softx.2021.100903,Crossref,https://github.com/ElsevierSoftwareX/SOFTX-D-21-00161,ElsevierSoftwareX GitHub Organization,18 June 2026
10.1016/j.softx.2021.100909,SoftwareX,A covariate software tool to guide test activity allocation,C-SFRAT,,https://github.com/LanceFiondella/C-SFRAT,swh:1:dir:94d33e1278ddcbf0c039c70bd5cf9abb359f4b35;origin=https://github.com/LanceFiondella/C-SFRAT;visit=swh:1:snp:a382015f3289568199ff1f8cfbe181e99208cb41;anchor=swh:1:rev:410fe957480dbfa8d175b26c4df94f150e9187f8,2022-01,Elsevier BV,en,SoftwareX,2352-7110,https://doi.org/10.1016/j.softx.2021.100909,https://api.crossref.org/works/10.1016/j.softx.2021.100909,Crossref,https://github.com/ElsevierSoftwareX/SOFTX-D-21-00110,ElsevierSoftwareX GitHub Organization,18 June 2026
10.1016/j.softx.2021.100911,SoftwareX,ShakerMaker: A framework that simplifies the simulation of seismic ground-motions,ShakerMaker,ShakerMaker,https://github.com/jaabell/ShakerMaker,swh:1:dir:efa903c854eebc9d9d293d575b6283ecc27c839e;origin=https://github.com/jaabell/ShakerMaker;visit=swh:1:snp:bff6b89d7748fda521e3e433b60669b7ad328719;anchor=swh:1:rev:e735792968dd41df172126adb17fc4cdd1df1cd2,2022-01,Elsevier BV,en,SoftwareX,2352-7110,https://doi.org/10.1016/j.softx.2021.100911,https://api.crossref.org/works/10.1016/j.softx.2021.100911,Crossref,https://github.com/ElsevierSoftwareX/SOFTX-D-20-00086,ElsevierSoftwareX GitHub Organization,18 June 2026
10.1016/j.softx.2021.100913,SoftwareX,StatMechGlass: Python based software for composition–structure prediction in oxide glasses using statistical mechanics,StatMechGlass,StatMechGlass,https://github.com/OxideGlassGroupAAU/StatMechGlass,swh:1:dir:881b06d7ad7b5101963f2d2cf0ab525bae72cf4b;origin=https://github.com/OxideGlassGroupAAU/StatMechGlass;visit=swh:1:snp:f4166d27d2441554a176923cf584da0aa30881c6;anchor=swh:1:rev:daa70f2c565e7d488fa59d70bb9cb05649cf7fec,2022-01,Elsevier BV,en,SoftwareX,2352-7110,https://doi.org/10.1016/j.softx.2021.100913,https://api.crossref.org/works/10.1016/j.softx.2021.100913,Crossref,https://github.com/ElsevierSoftwareX/SOFTX-D-21-00004,ElsevierSoftwareX GitHub Organization,18 June 2026
10.1016/j.softx.2021.100915,SoftwareX,"MATBOX: An Open-source Microstructure Analysis Toolbox for microstructure generation, segmentation, characterization, visualization, correlation, and meshing",MATBOX_Microstructure_analysis_toolbox,MATBOX,https://github.com/NatLabRockies/MATBOX_Microstructure_analysis_toolbox,swh:1:dir:a15ab0b06c5fb015dd54bc387f0d55fd644ff812;origin=https://github.com/NatLabRockies/MATBOX_Microstructure_analysis_toolbox;visit=swh:1:snp:dd5359c94cf76f3f7295e4ed7ec354c753779204;anchor=swh:1:rev:0151c878bef5fb4979e9e80709574a16e7c55ce7,2022-01,Elsevier BV,en,SoftwareX,2352-7110,https://doi.org/10.1016/j.softx.2021.100915,https://api.crossref.org/works/10.1016/j.softx.2021.100915,Crossref,https://github.com/ElsevierSoftwareX/SOFTX-D-21-00097,ElsevierSoftwareX GitHub Organization,18 June 2026
10.1016/j.softx.2021.100919,SoftwareX,AMLBID: An auto-explained Automated Machine Learning tool for Big Industrial Data,AMLBID,AMLBID,https://github.com/LeMGarouani/AMLBID,swh:1:dir:ffaccb7f27bd7108c3c4cc6bb9d0b036e86eff64;origin=https://github.com/LeMGarouani/AMLBID;visit=swh:1:snp:7c304c44755acb4b76edabbbc660bd523364a83f;anchor=swh:1:rev:58f3c58dbec86bee8a909c2d2d3755bb2ecb8259,2022-01,Elsevier BV,en,SoftwareX,2352-7110,https://doi.org/10.1016/j.softx.2021.100919,https://api.crossref.org/works/10.1016/j.softx.2021.100919,Crossref,https://github.com/ElsevierSoftwareX/SOFTX-D-21-00111,ElsevierSoftwareX GitHub Organization,18 June 2026
10.1016/j.softx.2021.100921,SoftwareX,GSITK: A sentiment analysis framework for agile replication and development,gsitk,GSITK,https://github.com/gsi-upm/gsitk,swh:1:dir:a778fbae7d9035a22a2700d56fb9242cd3998e09;origin=https://github.com/gsi-upm/gsitk;visit=swh:1:snp:29a32b1491339b3180dcea2aa0e21e4350c95626;anchor=swh:1:rev:573bf5c80738dba3598e8b5a61d29b9d2f82e189,2022-01,Elsevier BV,en,SoftwareX,2352-7110,https://doi.org/10.1016/j.softx.2021.100921,https://api.crossref.org/works/10.1016/j.softx.2021.100921,Crossref,https://github.com/ElsevierSoftwareX/SOFTX-D-21-00125,ElsevierSoftwareX GitHub Organization,18 June 2026
10.1016/j.softx.2021.100917,SoftwareX,OpenPLC61850: An IEC 61850 MMS compatible open source PLC for smart grid research,OpenPLC61850,OpenPLC61850,https://github.com/smartgridadsc/OpenPLC61850,swh:1:dir:24f1d5ceef23603f579dc3a32fa2c5583933d01e;origin=https://github.com/smartgridadsc/OpenPLC61850;visit=swh:1:snp:df5c45451a48e626a9d479c0b279fd7b8abf2165;anchor=swh:1:rev:57c49bd0f7b0441b833b298891ec4bd7a3ebca00,2022-01,Elsevier BV,en,SoftwareX,2352-7110,https://doi.org/10.1016/j.softx.2021.100917,https://api.crossref.org/works/10.1016/j.softx.2021.100917,Crossref,https://github.com/ElsevierSoftwareX/SOFTX-D-21-00164,ElsevierSoftwareX GitHub Organization,18 June 2026
10.1016/j.softx.2021.100923,SoftwareX,Fast parallel calculation of modified Bessel function of the second kind and its derivatives,logbesselk,,https://github.com/tk2lab/logbesselk,swh:1:dir:346a1f32da42173fe97b190be84d4884ee31aadd;origin=https://github.com/tk2lab/logbesselk;visit=swh:1:snp:e0b757b080caf7ef651e9a2cadec399f3e9f2ac3;anchor=swh:1:rev:0ecc1a058a22162c374380dafa1f2bd9a617815e,2022-01,Elsevier BV,en,SoftwareX,2352-7110,https://doi.org/10.1016/j.softx.2021.100923,https://api.crossref.org/works/10.1016/j.softx.2021.100923,Crossref,https://github.com/ElsevierSoftwareX/SOFTX-D-21-00193,ElsevierSoftwareX GitHub Organization,18 June 2026
10.1016/j.softx.2021.100927,SoftwareX,FM-2D - open-source platform for the 2-dimensional numerical modeling and seismic analysis of buildings,FM-2D,FM-2D,https://github.com/amaelkady/FM-2D,swh:1:dir:34b5bf004aa396cb958fa049669ad630ad1bce95;origin=https://github.com/amaelkady/FM-2D;visit=swh:1:snp:ee75d15006a0fbb7ae037950390252968682b367;anchor=swh:1:rev:b7147af6f0fee2abfe98c05738f798522b2fa89d,2022-01,Elsevier BV,en,SoftwareX,2352-7110,https://doi.org/10.1016/j.softx.2021.100927,https://api.crossref.org/works/10.1016/j.softx.2021.100927,Crossref,https://github.com/ElsevierSoftwareX/SOFTX-D-20-00081,ElsevierSoftwareX GitHub Organization,18 June 2026
10.1016/j.softx.2021.100925,SoftwareX,SiTree: A framework to implement single-tree simulators,sitree,SiTree,https://github.com/cantonfe/sitree,swh:1:dir:b72ace02ff658bdf8d576a2b35ff3c50b42f4634;origin=https://github.com/cantonfe/sitree;visit=swh:1:snp:a5578c97dc6edff82c5de65d378f4beacc313d7a;anchor=swh:1:rev:d80c286c1a1fcd1fc05471997f5b4bd0e64a5e00,2022-06,Elsevier BV,en,SoftwareX,2352-7110,https://doi.org/10.1016/j.softx.2021.100925,https://api.crossref.org/works/10.1016/j.softx.2021.100925,Crossref,https://github.com/ElsevierSoftwareX/SOFTX-D-21-00145,ElsevierSoftwareX GitHub Organization,18 June 2026
10.1016/j.softx.2021.100929,SoftwareX,flow-models: A framework for analysis and modeling of IP network flows,flow-models,flow-models,https://github.com/piotrjurkiewicz/flow-models,swh:1:dir:6a070cd4a117f30adafe4a06d68e9e9279358195;origin=https://github.com/piotrjurkiewicz/flow-models;visit=swh:1:snp:ed636e7610a79c829e73d63ec3172c6f25bd6bf7;anchor=swh:1:rev:119c831e8573ca293c7fbda257aa712ffc4170c4,2022-01,Elsevier BV,en,SoftwareX,2352-7110,https://doi.org/10.1016/j.softx.2021.100929,https://api.crossref.org/works/10.1016/j.softx.2021.100929,Crossref,https://github.com/ElsevierSoftwareX/SOFTX-D-21-00003,ElsevierSoftwareX GitHub Organization,18 June 2026
10.1016/j.softx.2021.100931,SoftwareX,SfM Flow: A comprehensive toolset for the evaluation of 3D reconstruction pipelines,sfm_flow,SfM Flow,https://github.com/davidemarelli/sfm_flow,swh:1:dir:3865597b84e1a6e5da3969542b7a4c58e8b2f2b6;origin=https://github.com/davidemarelli/sfm_flow;visit=swh:1:snp:c02bb4dc02b4f392b78dcd5c47edec772d9c6b38;anchor=swh:1:rev:524353258b7f84c5d58121ed16ee9e26116d1e2a,2022-01,Elsevier BV,en,SoftwareX,2352-7110,https://doi.org/10.1016/j.softx.2021.100931,https://api.crossref.org/works/10.1016/j.softx.2021.100931,Crossref,https://github.com/ElsevierSoftwareX/SOFTX_2020_51,ElsevierSoftwareX GitHub Organization,18 June 2026
10.1016/j.softx.2021.100933,SoftwareX,DRT: A new toolbox for the Standard EEG Data Structure in large-scale EEG applications,DRT,DRT,https://github.com/WeCloudHub/DRT,swh:1:dir:c83fe60ca7dc9faab16aea9ecf32d3a3c8a01eef;origin=https://github.com/WeCloudHub/DRT;visit=swh:1:snp:314b2ae8e43dce3b35a8f6bbe511188b0edc1f52;anchor=swh:1:rev:14e9ff4e1c16fa0d025c2f6b9ea1134e60b67f83,2022-01,Elsevier BV,en,SoftwareX,2352-7110,https://doi.org/10.1016/j.softx.2021.100933,https://api.crossref.org/works/10.1016/j.softx.2021.100933,Crossref,https://github.com/ElsevierSoftwareX/SOFTX-D-21-00166,ElsevierSoftwareX GitHub Organization,18 June 2026
10.1016/j.softx.2021.100935,SoftwareX,SMS-Builder: An adaptive software tool for building systematic mapping studies,sms-builder,SMS-Builder,https://github.com/grid-uq/sms-builder,swh:1:dir:b8607382cc2aff5dd4bad8b9253fa2078355c105;origin=https://github.com/grid-uq/sms-builder;visit=swh:1:snp:866be934281d506aeaa40c1dd9916e4133a88af2;anchor=swh:1:rev:b74ced88263890073d0a842df39fa52e4de6f78c,2022-01,Elsevier BV,en,SoftwareX,2352-7110,https://doi.org/10.1016/j.softx.2021.100935,https://api.crossref.org/works/10.1016/j.softx.2021.100935,Crossref,https://github.com/ElsevierSoftwareX/SOFTX-D-21-00082,ElsevierSoftwareX GitHub Organization,18 June 2026
10.1016/j.softx.2021.100937,SoftwareX,libcommute/pycommute: A quantum operator algebra domain-specific language and exact diagonalization toolkit,libcommute,libcommute/pycommute,https://github.com/krivenko/libcommute,swh:1:dir:908d87b486e90a948ede7884521cb4cc52abaef1;origin=https://github.com/krivenko/libcommute;visit=swh:1:snp:518499e653e381851be4fc73779a34ddcf44624c;anchor=swh:1:rev:c71a837a79da760a066cac33164b3e90391a67df,2022-01,Elsevier BV,en,SoftwareX,2352-7110,https://doi.org/10.1016/j.softx.2021.100937,https://api.crossref.org/works/10.1016/j.softx.2021.100937,Crossref,https://github.com/ElsevierSoftwareX/SOFTX-D-21-00208_1,ElsevierSoftwareX GitHub Organization,18 June 2026
10.1016/j.softx.2021.100937,SoftwareX,libcommute/pycommute: A quantum operator algebra domain-specific language and exact diagonalization toolkit,pycommute,libcommute/pycommute,https://github.com/krivenko/pycommute,swh:1:dir:45c9010ef5fba954659b9fa23016c0b7c7f7172d;origin=https://github.com/krivenko/pycommute;visit=swh:1:snp:1129dd0c0985596e1a636b92397c3a131c432501;anchor=swh:1:rev:62b775a9fbc4e209b74e1736a99af0567a3cac48,2022-01,Elsevier BV,en,SoftwareX,2352-7110,https://doi.org/10.1016/j.softx.2021.100937,https://api.crossref.org/works/10.1016/j.softx.2021.100937,Crossref,https://github.com/ElsevierSoftwareX/SOFTX-D-21-00208_1,ElsevierSoftwareX GitHub Organization,18 June 2026
10.1016/j.softx.2021.100944,SoftwareX,DCEM: An R package for clustering big data via data-centric modification of Expectation Maximization,DCEM,DCEM,https://github.com/parichit/DCEM,swh:1:dir:166745a0a997ccf5a6aa5d6fb0d3ff7dcf322ac9;origin=https://github.com/parichit/DCEM;visit=swh:1:snp:21498e70e4fd03c04e5160370afa1677a091cc93;anchor=swh:1:rev:9c88ddaf031d3c572491f1d5952eca44ed8a5a36,2022-01,Elsevier BV,en,SoftwareX,2352-7110,https://doi.org/10.1016/j.softx.2021.100944,https://api.crossref.org/works/10.1016/j.softx.2021.100944,Crossref,https://github.com/ElsevierSoftwareX/SOFTX-D-21-00177,ElsevierSoftwareX GitHub Organization,18 June 2026
10.1016/j.softx.2021.100947,SoftwareX,Towards reproducible software studies with MAO and Renku,mao-orchestrator,,https://github.com/serviceprototypinglab/mao-orchestrator,swh:1:dir:fb9e2680c167d2c544443e65646c93da3c1a2984;origin=https://github.com/serviceprototypinglab/mao-orchestrator;visit=swh:1:snp:bb7a88fa018fa86ca5eee89d23c9d68c6419413c;anchor=swh:1:rev:f0aa6e8778dd22b2b173cc5ff493157d7c948d5a,2022-01,Elsevier BV,en,SoftwareX,2352-7110,https://doi.org/10.1016/j.softx.2021.100947,https://api.crossref.org/works/10.1016/j.softx.2021.100947,Crossref,https://github.com/ElsevierSoftwareX/SOFTX-D-20-00082,ElsevierSoftwareX GitHub Organization,18 June 2026
10.1016/j.softx.2021.100959,SoftwareX,PRETUS: A plug-in based platform for real-time ultrasound imaging research,pretus,PRETUS,https://github.com/gomezalberto/pretus,swh:1:dir:f57d08c16b11dfac0f4b197e9d172ea641916ed4;origin=https://github.com/gomezalberto/pretus;visit=swh:1:snp:6c1a96f5390a5bab58be947548ce4823f9615ceb;anchor=swh:1:rev:7561eacebaa5f459134bb2ec2fd4bab4f2ccc3f2,2022-01,Elsevier BV,en,SoftwareX,2352-7110,https://doi.org/10.1016/j.softx.2021.100959,https://api.crossref.org/works/10.1016/j.softx.2021.100959,Crossref,https://github.com/ElsevierSoftwareX/SOFTX-D-21-00173,ElsevierSoftwareX GitHub Organization,18 June 2026
10.1016/j.softx.2021.100967,SoftwareX,Spine Toolbox: A flexible open-source workflow management system with scenario and data management,Spine-Toolbox,Spine Toolbox,https://github.com/spine-tools/Spine-Toolbox,swh:1:dir:7869b489dd45f6abe101feb6d8c622206dddd64c;origin=https://github.com/spine-tools/Spine-Toolbox;visit=swh:1:snp:67fb35312779c680ccef700a2e465a0a72e55a3b;anchor=swh:1:rev:b39050af79fd0bb8df298fdff47fd03ccabd1c08,2022-01,Elsevier BV,en,SoftwareX,2352-7110,https://doi.org/10.1016/j.softx.2021.100967,https://api.crossref.org/works/10.1016/j.softx.2021.100967,Crossref,https://github.com/ElsevierSoftwareX/SOFTX-D-21-00187,ElsevierSoftwareX GitHub Organization,18 June 2026
10.1016/j.softx.2021.100965,SoftwareX,rethnicity: An R package for predicting ethnicity from names,rethnicity,rethnicity,https://github.com/fangzhou-xie/rethnicity,swh:1:dir:c87936496518c786c623c23455350488e0067832;origin=https://github.com/fangzhou-xie/rethnicity;visit=swh:1:snp:9005fd808288151ab9404a2dc350e4336be2caa3;anchor=swh:1:rev:065fa4a4755878a4371cc4a6ddf4d050a02db6c9,2022-01,Elsevier BV,en,SoftwareX,2352-7110,https://doi.org/10.1016/j.softx.2021.100965,https://api.crossref.org/works/10.1016/j.softx.2021.100965,Crossref,https://github.com/ElsevierSoftwareX/SOFTX-D-21-00198,ElsevierSoftwareX GitHub Organization,18 June 2026
10.1016/j.softx.2021.100964,SoftwareX,Gideon Replay: A library to replay interactions in web-applications,gideon-replay,Gideon Replay,https://github.com/tmdt-buw/gideon-replay,swh:1:dir:196627ab42976d6ebc864f280b1f17eb04e87559;origin=https://github.com/tmdt-buw/gideon-replay;visit=swh:1:snp:88179a8eccebf05c9ada70604b154e968da32ff7;anchor=swh:1:rev:915eb0901e5ceec52f128148d6f6cd384911b5f5,2022-01,Elsevier BV,en,SoftwareX,2352-7110,https://doi.org/10.1016/j.softx.2021.100964,https://api.crossref.org/works/10.1016/j.softx.2021.100964,Crossref,https://github.com/ElsevierSoftwareX/SOFTX-D-21-00179,ElsevierSoftwareX GitHub Organization,18 June 2026
10.1016/j.softx.2021.100971,SoftwareX,tsflex: Flexible time series processing & feature extraction,tsflex,tsflex,https://github.com/predict-idlab/tsflex,swh:1:dir:36f0482f64a439fcc0b6586d0893410426bf5acd;origin=https://github.com/predict-idlab/tsflex;visit=swh:1:snp:4851a9a6c9de32b85d7d233b3a095ac499c1587b;anchor=swh:1:rev:31959d1ab15133f5dfaac3a780f43efd4493e98a,2022-01,Elsevier BV,en,SoftwareX,2352-7110,https://doi.org/10.1016/j.softx.2021.100971,https://api.crossref.org/works/10.1016/j.softx.2021.100971,Crossref,https://github.com/ElsevierSoftwareX/SOFTX-D-21-00171,ElsevierSoftwareX GitHub Organization,18 June 2026
10.1016/j.softx.2021.100953,SoftwareX,Open community platform for hearing aid algorithm research: open Master Hearing Aid (openMHA),openMHA,,https://github.com/HoerTech-gGmbH/openMHA,swh:1:dir:3fb4cc451bb9f586f7841be7c3463f2a0c02e8e7;origin=https://github.com/HoerTech-gGmbH/openMHA;visit=swh:1:snp:3ac6968112d0c4c210c3496c58544140e09dd9ef;anchor=swh:1:rev:b8c8bf613863ed1f866cb1a1c77091770c97fbf1,2022-01,Elsevier BV,en,SoftwareX,2352-7110,https://doi.org/10.1016/j.softx.2021.100953,https://api.crossref.org/works/10.1016/j.softx.2021.100953,Crossref,https://github.com/ElsevierSoftwareX/SOFTX-D-21-00049,ElsevierSoftwareX GitHub Organization,18 June 2026
10.1016/j.softx.2021.100956,SoftwareX,tx2_fcnn_node: An open-source ROS compatible tool for monocular depth reconstruction,tx2_fcnn_node,tx2_fcnn_node,https://github.com/CnnDepth/tx2_fcnn_node,swh:1:dir:b6a2bcc751bc6a5d8843501911e1008ca3aee94d;origin=https://github.com/CnnDepth/tx2_fcnn_node;visit=swh:1:snp:2f6a46b48033467e433625ec4e24aba1704366ab;anchor=swh:1:rev:76c781cd68f97ec312ab088a00783e6a2a14c68d,2022-01,Elsevier BV,en,SoftwareX,2352-7110,https://doi.org/10.1016/j.softx.2021.100956,https://api.crossref.org/works/10.1016/j.softx.2021.100956,Crossref,https://github.com/ElsevierSoftwareX/SOFTX-D-21-00133,ElsevierSoftwareX GitHub Organization,18 June 2026
10.1016/j.softx.2021.100952,SoftwareX,OWLOOP: A modular API to describe OWL axioms in OOP objects hierarchies,OWLOOP,OWLOOP,https://github.com/TheEngineRoom-UniGe/OWLOOP,swh:1:dir:52a8e5acc1072a95022931607395fbe09974baae;origin=https://github.com/TheEngineRoom-UniGe/OWLOOP;visit=swh:1:snp:a4ae33b2455071d3c5712e1e0e69855032bfab33;anchor=swh:1:rev:1e1a8e48407098361a4656d1ba0bad0cbe535775,2022-01,Elsevier BV,en,SoftwareX,2352-7110,https://doi.org/10.1016/j.softx.2021.100952,https://api.crossref.org/works/10.1016/j.softx.2021.100952,Crossref,https://github.com/ElsevierSoftwareX/SOFTX-D-21-00008,ElsevierSoftwareX GitHub Organization,18 June 2026
10.1016/j.softx.2021.100951,SoftwareX,MNEflow: Neural networks for EEG/MEG decoding and interpretation,mneflow,MNEflow,https://github.com/zubara/mneflow,swh:1:dir:2c3bbd61f15dd690282b9b3efb6c082a684e6077;origin=https://github.com/zubara/mneflow;visit=swh:1:snp:40be20a564e2121de78b3cab004b227f71411bfe;anchor=swh:1:rev:92ee4f85c27427c869116ab6a1c9693b5da8089e,2022-01,Elsevier BV,en,SoftwareX,2352-7110,https://doi.org/10.1016/j.softx.2021.100951,https://api.crossref.org/works/10.1016/j.softx.2021.100951,Crossref,https://github.com/ElsevierSoftwareX/SOFTX-D-20-00108,ElsevierSoftwareX GitHub Organization,18 June 2026
10.1016/j.softx.2022.100973,SoftwareX,MFPP: Matrix-based flexible project planning,GENALG_PDM,MFPP,https://github.com/kzst/GENALG_PDM,swh:1:dir:b2fb51eb827ca6915a0f8eb8cb4903d6836bf13b;origin=https://github.com/kzst/GENALG_PDM;visit=swh:1:snp:9b6740531cc43f5fd3b7261f5e11259fceaca20f;anchor=swh:1:rev:34bb67ff497288ecb495d48ea5443f60a1359eec,2022-01,Elsevier BV,en,SoftwareX,2352-7110,https://doi.org/10.1016/j.softx.2022.100973,https://api.crossref.org/works/10.1016/j.softx.2022.100973,Crossref,https://github.com/ElsevierSoftwareX/SOFTX-D-21-00050,ElsevierSoftwareX GitHub Organization,18 June 2026
10.1016/j.softx.2022.100995,SoftwareX,azTotMD 2.0: Molecular dynamics with the radiative thermostat and temperature-dependent force field (CUDA version),aztotmd,azTotMD 2.0,https://github.com/raadyn/aztotmd,swh:1:dir:3ae4f5e9ce1ae1c8ad498da11c28c3a497c8f3f2;origin=https://github.com/raadyn/aztotmd;visit=swh:1:snp:1af4748bcd30827784d9cd1a30d96f7c1d68f010;anchor=swh:1:rev:f5867e2368cacc5fcb4fea282c087c6592d12993,2022-01,Elsevier BV,en,SoftwareX,2352-7110,https://doi.org/10.1016/j.softx.2022.100995,https://api.crossref.org/works/10.1016/j.softx.2022.100995,Crossref,https://github.com/ElsevierSoftwareX/SOFTX-D-21-00211,ElsevierSoftwareX GitHub Organization,18 June 2026
10.1016/j.softx.2022.100997,SoftwareX,EvalNE: A framework for network embedding evaluation,EvalNE,EvalNE,https://github.com/Dru-Mara/EvalNE,swh:1:dir:994d2601d4fb0808a51abce50b46383e5e01ab22;origin=https://github.com/Dru-Mara/EvalNE;visit=swh:1:snp:59efb4179b772000a8c078edac81818aafa74e32;anchor=swh:1:rev:1e86bbf71dd291f7063c3d20dddd5cf41f90dd97,2022-01,Elsevier BV,en,SoftwareX,2352-7110,https://doi.org/10.1016/j.softx.2022.100997,https://api.crossref.org/works/10.1016/j.softx.2022.100997,Crossref,https://github.com/ElsevierSoftwareX/SOFTX-D-21-00057,ElsevierSoftwareX GitHub Organization,18 June 2026
10.1016/j.softx.2022.100993,SoftwareX,XReport: An online structured reporting platform for radiologists,xreport,XReport,https://github.com/wpmed92/xreport,swh:1:dir:154996b9e44ff983a2a2a0883216c412115a09b6;origin=https://github.com/wpmed92/xreport;visit=swh:1:snp:83919833f1009917d7676c003ecb42fa5d4c1da0;anchor=swh:1:rev:cf131dbaa3a863507848c75514405bf2736a62ec,2022-01,Elsevier BV,en,SoftwareX,2352-7110,https://doi.org/10.1016/j.softx.2022.100993,https://api.crossref.org/works/10.1016/j.softx.2022.100993,Crossref,https://github.com/ElsevierSoftwareX/SOFTX-D-21-00182,ElsevierSoftwareX GitHub Organization,18 June 2026
10.1016/j.softx.2022.100990,SoftwareX,An open-source application software to determine the preconsolidation pressure of soils in incremental loading oedometer testing: pySigmaP,pySigmaP,,https://github.com/eamontoyaa/pySigmaP,swh:1:dir:f3d463f3d0a98e37d61ca54d1fd1c7f1c1399205;origin=https://github.com/eamontoyaa/pySigmaP;visit=swh:1:snp:336c0bed939a47cc74745bf51fa9944f3547f7d7;anchor=swh:1:rev:852a7fd425c1c57872c3efcf81a5f592cad084da,2022-01,Elsevier BV,en,SoftwareX,2352-7110,https://doi.org/10.1016/j.softx.2022.100990,https://api.crossref.org/works/10.1016/j.softx.2022.100990,Crossref,https://github.com/ElsevierSoftwareX/SOFTX-D-21-00138,ElsevierSoftwareX GitHub Organization,18 June 2026
10.1016/j.softx.2022.100988,SoftwareX,RPaSDT—Rumor Propagation and Source Detection Toolkit,rpasdt,,https://github.com/damianfraszczak/rpasdt,swh:1:dir:710b2bb2fc0bf6c821e897fa4eaf9bc051be0883;origin=https://github.com/damianfraszczak/rpasdt;visit=swh:1:snp:70c64c1c3037d8a84c0fa762ac30b4d4f3582333;anchor=swh:1:rev:b7a9c1d25ab4263344f5394cdd8946253f9c1e79,2022-01,Elsevier BV,en,SoftwareX,2352-7110,https://doi.org/10.1016/j.softx.2022.100988,https://api.crossref.org/works/10.1016/j.softx.2022.100988,Crossref,https://github.com/ElsevierSoftwareX/SOFTX-D-21-00167,ElsevierSoftwareX GitHub Organization,18 June 2026
10.1016/j.softx.2022.100982,SoftwareX,Quail: A lightweight open-source discontinuous Galerkin code in Python for teaching and prototyping,quail,Quail,https://github.com/IhmeGroup/quail,swh:1:dir:13fe454d82a0e7d42c12fa2d899274bdf68a49c3;origin=https://github.com/IhmeGroup/quail;visit=swh:1:snp:a97fa3451b8bdaba14654404403fa0759bcbbfa1;anchor=swh:1:rev:621d9f16dfc965247d5f27cad8b690ef34498efc,2022-01,Elsevier BV,en,SoftwareX,2352-7110,https://doi.org/10.1016/j.softx.2022.100982,https://api.crossref.org/works/10.1016/j.softx.2022.100982,Crossref,https://github.com/ElsevierSoftwareX/SOFTX-D-21-00020,ElsevierSoftwareX GitHub Organization,18 June 2026
10.1016/j.softx.2022.100985,SoftwareX,Web Generator: An open-source software for synthetic web-based user interface dataset generation,webgenerator,Web Generator,https://github.com/agsoto/webgenerator,swh:1:dir:466ab9ec36a0a0bf0aacbd83ebcd89209d9fd059;origin=https://github.com/agsoto/webgenerator;visit=swh:1:snp:61fe4105ca0e3d10b9cf0fc255e5d5c80af1c6de;anchor=swh:1:rev:db4e4012d2be8d83a02489661b642f7213eab567,2022-01,Elsevier BV,en,SoftwareX,2352-7110,https://doi.org/10.1016/j.softx.2022.100985,https://api.crossref.org/works/10.1016/j.softx.2022.100985,Crossref,https://github.com/ElsevierSoftwareX/SOFTX-D-20-00055,ElsevierSoftwareX GitHub Organization,18 June 2026
10.1016/j.softx.2022.101011,SoftwareX,2PJIT: Two-phase 3D jet instability tool in cylindrical coordinates,2PJIT,2PJIT,https://github.com/mananth2/2PJIT,swh:1:dir:edcda586b27223ff5351754e47932a35d26e5cd5;origin=https://github.com/mananth2/2PJIT;visit=swh:1:snp:9c32ff62c113c5f17879f57ca9a04b2e0f421eec;anchor=swh:1:rev:a65de85d4b1275d71584706ea97c5ab62b3eded8,2022-06,Elsevier BV,en,SoftwareX,2352-7110,https://doi.org/10.1016/j.softx.2022.101011,https://api.crossref.org/works/10.1016/j.softx.2022.101011,Crossref,https://github.com/ElsevierSoftwareX/SOFTX-D-21-00119,ElsevierSoftwareX GitHub Organization,18 June 2026
10.1016/j.softx.2022.101013,SoftwareX,fastmat: Efficient linear transforms in Python,fastmat,fastmat,https://github.com/EMS-TU-Ilmenau/fastmat,swh:1:dir:82b9d17695f491fef37984ff6c070ca5375986b3;origin=https://github.com/EMS-TU-Ilmenau/fastmat;visit=swh:1:snp:02aa2888375854df7965575b4943b4f2edc8f005;anchor=swh:1:rev:e51957f6425b1eb51be8d79b4094df36461bbff9,2022-06,Elsevier BV,en,SoftwareX,2352-7110,https://doi.org/10.1016/j.softx.2022.101013,https://api.crossref.org/works/10.1016/j.softx.2022.101013,Crossref,https://github.com/ElsevierSoftwareX/SOFTX-D-21-00172,ElsevierSoftwareX GitHub Organization,18 June 2026
10.1016/j.softx.2022.101001,SoftwareX,YADPF: A reusable deterministic dynamic programming implementation in MATLAB,yadpf,YADPF,https://github.com/auralius/yadpf,swh:1:dir:99b48c6124118053ba8d27cef6ea424ca71ab045;origin=https://github.com/auralius/yadpf;visit=swh:1:snp:4215068835820c42588019b7f6d12123c5408595;anchor=swh:1:rev:5c781d86149433422b3f2c086035a1a8a5dff00e,2022-01,Elsevier BV,en,SoftwareX,2352-7110,https://doi.org/10.1016/j.softx.2022.101001,https://api.crossref.org/works/10.1016/j.softx.2022.101001,Crossref,https://github.com/ElsevierSoftwareX/SOFTX-D-21-00222,ElsevierSoftwareX GitHub Organization,18 June 2026
10.1016/j.softx.2022.101017,SoftwareX,MATLAB tool for probability density assessment and nonparametric estimation,PDFAnalyze,,https://github.com/jennyfarmer/PDFAnalyze,swh:1:dir:32e8b224e8eff5f0955f58911f0cf9e9a342a8d6;origin=https://github.com/jennyfarmer/PDFAnalyze;visit=swh:1:snp:28d1059402f37da9b878171deb644d20f1125225;anchor=swh:1:rev:63c5dd4b41abbd4f6658908ab98e42bf27b2be21,2022-06,Elsevier BV,en,SoftwareX,2352-7110,https://doi.org/10.1016/j.softx.2022.101017,https://api.crossref.org/works/10.1016/j.softx.2022.101017,Crossref,https://github.com/ElsevierSoftwareX/SOFTX_2020_166,ElsevierSoftwareX GitHub Organization,18 June 2026
10.1016/j.softx.2022.101016,SoftwareX,Efficient Bayesian generalized linear models with time-varying coefficients: The walker package in R,walker,,https://github.com/helske/walker,swh:1:dir:d584691d36573915d1dca9cb193f5510a9211ea3;origin=https://github.com/helske/walker;visit=swh:1:snp:ca60757e655e3900292768236d9d14737b07da10;anchor=swh:1:rev:068caa9c6ad32f2168178b1abed5761533b396a3,2022-06,Elsevier BV,en,SoftwareX,2352-7110,https://doi.org/10.1016/j.softx.2022.101016,https://api.crossref.org/works/10.1016/j.softx.2022.101016,Crossref,https://github.com/ElsevierSoftwareX/SOFTX_2020_212,ElsevierSoftwareX GitHub Organization,18 June 2026
10.1016/j.softx.2022.101019,SoftwareX,BOXVIA: Bayesian optimization executable and visualizable application,BOXVIA,BOXVIA,https://github.com/Yamanaka-Lab-TUAT/BOXVIA,swh:1:dir:b7a94f8244bc003fc56d16fd180b6f9de5f9fc86;origin=https://github.com/Yamanaka-Lab-TUAT/BOXVIA;visit=swh:1:snp:fa59f76ce628bc3a7484d0b9d834a48998ba8a95;anchor=swh:1:rev:ab862f6808cfcf44fc886e73c4475135db9ab61d,2022-06,Elsevier BV,en,SoftwareX,2352-7110,https://doi.org/10.1016/j.softx.2022.101019,https://api.crossref.org/works/10.1016/j.softx.2022.101019,Crossref,https://github.com/ElsevierSoftwareX/SOFTX-D-21-00205,ElsevierSoftwareX GitHub Organization,18 June 2026
10.1016/j.softx.2022.101005,SoftwareX,Thermofeel: A python thermal comfort indices library,thermofeel,Thermofeel,https://github.com/ecmwf/thermofeel,swh:1:dir:c2667bce37b0ef7c39728469cc097ebd51412a28;origin=https://github.com/ecmwf/thermofeel;visit=swh:1:snp:1ac07354f7032df1fdd87fd135cb6d7d12b75581;anchor=swh:1:rev:98b3c014c7cd1952a62e6f3ff8de2aff26b173b0,2022-06,Elsevier BV,en,SoftwareX,2352-7110,https://doi.org/10.1016/j.softx.2022.101005,https://api.crossref.org/works/10.1016/j.softx.2022.101005,Crossref,https://github.com/ElsevierSoftwareX/SOFTX-D-21-00124,ElsevierSoftwareX GitHub Organization,18 June 2026
10.1016/j.softx.2022.101030,SoftwareX,Applying positivity constraints to q-space trajectory imaging: The QTI+ implementation,qtiplus,,https://github.com/DenebBoito/qtiplus,swh:1:dir:c8507bd400df449f7677fcbe06191765c4fa69f5;origin=https://github.com/DenebBoito/qtiplus;visit=swh:1:snp:903d0968dd7e2b0a6483267fb10ded9408a17988;anchor=swh:1:rev:4deff738eddae3a2c311cc5d5a2a27134e28e4c6,2022-06,Elsevier BV,en,SoftwareX,2352-7110,https://doi.org/10.1016/j.softx.2022.101030,https://api.crossref.org/works/10.1016/j.softx.2022.101030,Crossref,https://github.com/ElsevierSoftwareX/SOFTX-D-21-00175,ElsevierSoftwareX GitHub Organization,18 June 2026
10.1016/j.softx.2022.101038,SoftwareX,NSDPY: A python package to download DNA sequences from NCBI,nsdpy,NSDPY,https://github.com/RaphaelHebert/nsdpy,swh:1:dir:fe990f7680cae3ccb438127fc5772213ac69c47d;origin=https://github.com/RaphaelHebert/nsdpy;visit=swh:1:snp:7e14c9e804404d8b109ea9262def8fe3111b7448;anchor=swh:1:rev:c42052d70260d2d8e13864629952bc53764a65af,2022-06,Elsevier BV,en,SoftwareX,2352-7110,https://doi.org/10.1016/j.softx.2022.101038,https://api.crossref.org/works/10.1016/j.softx.2022.101038,Crossref,https://github.com/ElsevierSoftwareX/SOFTX-D-21-00195,ElsevierSoftwareX GitHub Organization,18 June 2026
10.1016/j.softx.2022.101047,SoftwareX,MatHH: A Matlab-based Hyper-Heuristic framework,MatHH,MatHH,https://github.com/iamaya2/MatHH,swh:1:dir:6063633288c82cf2a19c03eeda3d6f60a8f11188;origin=https://github.com/iamaya2/MatHH;visit=swh:1:snp:2d112f718c19afa3c1fb814a27587a98c1820c8d;anchor=swh:1:rev:88013cbf96a6ba2c8ffab15630ce6f8d6c5b62b7,2022-06,Elsevier BV,en,SoftwareX,2352-7110,https://doi.org/10.1016/j.softx.2022.101047,https://api.crossref.org/works/10.1016/j.softx.2022.101047,Crossref,https://github.com/ElsevierSoftwareX/SOFTX-D-21-00223,ElsevierSoftwareX GitHub Organization,18 June 2026
10.1016/j.softx.2022.101059,SoftwareX,Data driven simulations of infectious diseases: Exploring facial recognition approach in predicting the infection severity,SimulatorX,,https://github.com/yxshsoni/SimulatorX,swh:1:dir:9e1adad05eea41cd76cf914a84916df3c34d0e43;origin=https://github.com/yxshsoni/SimulatorX;visit=swh:1:snp:4ea51a3a953373e721ebc05026923b6623275faf;anchor=swh:1:rev:ee2f15655c77daab551936c908e84a284e7c425a,2022-06,Elsevier BV,en,SoftwareX,2352-7110,https://doi.org/10.1016/j.softx.2022.101059,https://api.crossref.org/works/10.1016/j.softx.2022.101059,Crossref,https://github.com/ElsevierSoftwareX/SOFTX-D-22-00005,ElsevierSoftwareX GitHub Organization,18 June 2026
10.1016/j.softx.2022.101061,SoftwareX,GNNkeras: A Keras-based library for Graph Neural Networks and homogeneous and heterogeneous graph processing,GNNkeras,GNNkeras,https://github.com/NickDrake117/GNNkeras,swh:1:dir:fc36b6fe1ef0c22c8281f42669b3d8db7f91e6fc;origin=https://github.com/NickDrake117/GNNkeras;visit=swh:1:snp:342b38affdfc62ff8a7f7cdcf1f9af2ebf26678e;anchor=swh:1:rev:17fc756dcc3102c4e33d213cd83f4990659af003,2022-06,Elsevier BV,en,SoftwareX,2352-7110,https://doi.org/10.1016/j.softx.2022.101061,https://api.crossref.org/works/10.1016/j.softx.2022.101061,Crossref,https://github.com/ElsevierSoftwareX/SOFTX-D-22-00019,ElsevierSoftwareX GitHub Organization,18 June 2026
10.1016/j.softx.2022.101081,SoftwareX,ENTIRETY — sEmanNTIc pRovisioning and govErning ioT devices in smart energY domain,n5geh.tools.entirety_deprecated,ENTIRETY,https://github.com/N5GEH/n5geh.tools.entirety_deprecated,swh:1:dir:a0f460c37bdc49f912a6cd3bea385b8ad0ee8f41;origin=https://github.com/N5GEH/n5geh.tools.entirety_deprecated;visit=swh:1:snp:af9ba73ae54bdfc359ca3ac2fce914419e63b0aa;anchor=swh:1:rev:d348434aa6555d420b8b96927e9407ef41ff568d,2022-06,Elsevier BV,en,SoftwareX,2352-7110,https://doi.org/10.1016/j.softx.2022.101081,https://api.crossref.org/works/10.1016/j.softx.2022.101081,Crossref,https://github.com/ElsevierSoftwareX/SOFTX-D-21-00185,ElsevierSoftwareX GitHub Organization,18 June 2026
10.1016/j.softx.2022.101093,SoftwareX,2BarG—A program to process split Hopkinson (Kolsky) bar test results,2BarG_V1,,https://github.com/CraZMe/2BarG_V1,swh:1:dir:5a637179ec2505e520b3670bd2dddaafe6689df8;origin=https://github.com/CraZMe/2BarG_V1;visit=swh:1:snp:5d382302a763937254c84fa8c9fbcd3bd892be32;anchor=swh:1:rev:d8601ac5f1626147df9ab2f1fdc31be4c85a334b,2022-06,Elsevier BV,en,SoftwareX,2352-7110,https://doi.org/10.1016/j.softx.2022.101093,https://api.crossref.org/works/10.1016/j.softx.2022.101093,Crossref,https://github.com/ElsevierSoftwareX/SOFTX-D-22-00057,ElsevierSoftwareX GitHub Organization,18 June 2026
10.1016/j.softx.2022.101091,SoftwareX,CESSIPy: A Python open-source module for stochastic system identification in civil engineering,CESSIPy,CESSIPy,https://github.com/MatheusCarini/CESSIPy,swh:1:dir:ca526c785d757c14a5dda577d2d704cd8332719d;origin=https://github.com/MatheusCarini/CESSIPy;visit=swh:1:snp:f5bbc1f8c0fb2ac3ef11b14a2cfb0029dd1e4ee6;anchor=swh:1:rev:d8f1138ab53c3c54f99fa8a393ac9bb1a308946f,2022-06,Elsevier BV,en,SoftwareX,2352-7110,https://doi.org/10.1016/j.softx.2022.101091,https://api.crossref.org/works/10.1016/j.softx.2022.101091,Crossref,https://github.com/ElsevierSoftwareX/SOFTX-D-21-00072,ElsevierSoftwareX GitHub Organization,18 June 2026
10.1016/j.softx.2022.101163,SoftwareX,NEFBDAA — .NET Environment for Building Dynamic Angular Applications,nefbdaa,NEFBDAA,https://github.com/damianfraszczak/nefbdaa,swh:1:dir:43d8b9f8e6c8c3c1bad6a3170e548fe3d6441b54;origin=https://github.com/damianfraszczak/nefbdaa;visit=swh:1:snp:cc56ebdfcf9623ea6ccf093930325db03645f0e8;anchor=swh:1:rev:17e50878c30fc89852889bb85ad3e845f2e9aced,2022-07,Elsevier BV,en,SoftwareX,2352-7110,https://doi.org/10.1016/j.softx.2022.101163,https://api.crossref.org/works/10.1016/j.softx.2022.101163,Crossref,https://github.com/ElsevierSoftwareX/SOFTX-D-22-00062,ElsevierSoftwareX GitHub Organization,18 June 2026
10.1016/j.softx.2022.101226,SoftwareX,PyOPAsolver: A python based tool for ordinal priority approach operations and normalization,-ElsevierSoftwareX-,PyOPAsolver,https://github.com/abendarag/-ElsevierSoftwareX-,swh:1:dir:f38b7b1e694c44cdfcc851ccaf2a06db594c349f;origin=https://github.com/abendarag/-ElsevierSoftwareX-;visit=swh:1:snp:52119788eb2c33d0bed01e1f2e0fd6daa2f8859c;anchor=swh:1:rev:fdc02dc74830265500962146245046e7bb17d213,2022-12,Elsevier BV,en,SoftwareX,2352-7110,https://doi.org/10.1016/j.softx.2022.101226,https://api.crossref.org/works/10.1016/j.softx.2022.101226,Crossref,https://github.com/ElsevierSoftwareX/SOFTX-D-22-00144,ElsevierSoftwareX GitHub Organization,18 June 2026
10.1016/j.softx.2022.101270,SoftwareX,A framework for benchmarking clustering algorithms,clustering-benchmarks,,https://github.com/gagolews/clustering-benchmarks,swh:1:dir:9d5b4421b4996d30291e8f5e759848b5ffa90ae9;origin=https://github.com/gagolews/clustering-benchmarks;visit=swh:1:snp:8f4552a102c499124a78f28a644cfa95717cc364;anchor=swh:1:rev:4b59be94c124a6be3234906ae3200b4611ef4b92,2022-12,Elsevier BV,en,SoftwareX,2352-7110,https://doi.org/10.1016/j.softx.2022.101270,https://api.crossref.org/works/10.1016/j.softx.2022.101270,Crossref,https://github.com/ElsevierSoftwareX/SOFTX-D-22-00288,ElsevierSoftwareX GitHub Organization,18 June 2026
10.1016/j.softx.2023.101385,SoftwareX,Kernel Tuning Toolkit,KTT,,https://github.com/HiPerCoRe/KTT,swh:1:dir:003645337e778ac1e26512c4da14fe22e3a87612;origin=https://github.com/HiPerCoRe/KTT;visit=swh:1:snp:5a635cac114fdc6217889c05b9dd26b9a1b358ff;anchor=swh:1:rev:931c41570df4ae279a2fb1d422be781728b39bed,2023-05,Elsevier BV,en,SoftwareX,2352-7110,https://doi.org/10.1016/j.softx.2023.101385,https://api.crossref.org/works/10.1016/j.softx.2023.101385,Crossref,https://github.com/ElsevierSoftwareX/SOFTX-D-22-00331,ElsevierSoftwareX GitHub Organization,18 June 2026
10.1016/j.softx.2023.101439,SoftwareX,Dynameta: A dynamic platform for ecological meta-analyses in R Shiny,Dynameta,Dynameta,https://github.com/gls21/Dynameta,swh:1:dir:c7aed68c89f15696a7a564e471969ba8c4aa9a5a;origin=https://github.com/gls21/Dynameta;visit=swh:1:snp:2f7bb11197809806602522bfd735362cc3a0663c;anchor=swh:1:rev:20931adb9b6c8a2608f6b79869ff9971f2c6a340,2023-07,Elsevier BV,en,SoftwareX,2352-7110,https://doi.org/10.1016/j.softx.2023.101439,https://api.crossref.org/works/10.1016/j.softx.2023.101439,Crossref,https://github.com/ElsevierSoftwareX/SOFTX-D-23-00129,ElsevierSoftwareX GitHub Organization,18 June 2026
10.1016/j.softx.2023.101455,SoftwareX,Motion planning for triple-axis spectrometers,taspaths,,https://github.com/ILLGrenoble/taspaths,swh:1:dir:0ceb4b781d21321d7e6506cd1fd03e14ec81d418;origin=https://github.com/ILLGrenoble/taspaths;visit=swh:1:snp:1e2653a0dc6d04b03bef218ce50e06d68d3a0617;anchor=swh:1:rev:34d5b50ab2e52bba2e2aad2b92a6773819f118cc,2023-07,Elsevier BV,en,SoftwareX,2352-7110,https://doi.org/10.1016/j.softx.2023.101455,https://api.crossref.org/works/10.1016/j.softx.2023.101455,Crossref,https://github.com/ElsevierSoftwareX/SOFTX-D-23-00243,ElsevierSoftwareX GitHub Organization,18 June 2026
10.1016/j.softx.2023.101552,SoftwareX,MultiGlobAl: Global alignment of multilayer networks,multiglobal,MultiGlobAl,https://github.com/pietrocinaglia/multiglobal,swh:1:dir:d2894029283336a2dd570e9029669fade7d06d60;origin=https://github.com/pietrocinaglia/multiglobal;visit=swh:1:snp:4b56d0059a8d5d39ac3a5162ccea196882e68fa3;anchor=swh:1:rev:1a53992c1abae256e03bd65ce8ac587048e8ae34,2023-12,Elsevier BV,en,SoftwareX,2352-7110,https://doi.org/10.1016/j.softx.2023.101552,https://api.crossref.org/works/10.1016/j.softx.2023.101552,Crossref,https://github.com/ElsevierSoftwareX/SOFTX-D-23-00565,ElsevierSoftwareX GitHub Organization,18 June 2026
10.1016/j.softx.2023.101562,SoftwareX,ViBA Rad: Visualization and basic analysis tools for radiative cooling,ViBA-Rad,ViBA Rad,https://github.com/Dasol-Lee-Yonsei-BME/ViBA-Rad,swh:1:dir:065f5575b6f02c3bf5cb29162bc375b3d910b847;origin=https://github.com/Dasol-Lee-Yonsei-BME/ViBA-Rad;visit=swh:1:snp:440b4bd6a011a4a0a500f766cc5cd78f28108ae5;anchor=swh:1:rev:2586551edf7e755e06d659b6f43b90cd44fb56d2,2023-12,Elsevier BV,en,SoftwareX,2352-7110,https://doi.org/10.1016/j.softx.2023.101562,https://api.crossref.org/works/10.1016/j.softx.2023.101562,Crossref,https://github.com/ElsevierSoftwareX/SOFTX-D-23-00341,ElsevierSoftwareX GitHub Organization,18 June 2026
10.1016/j.softx.2023.101597,SoftwareX,MetaCluster: An open-source Python library for metaheuristic-based clustering problems,MetaCluster,MetaCluster,https://github.com/thieu1995/MetaCluster,swh:1:dir:faee80c3a2a5e2afe27ab5d67710ac41893884dd;origin=https://github.com/thieu1995/MetaCluster;visit=swh:1:snp:084774bf1cdd38bd274390660b8bdede8f61640a;anchor=swh:1:rev:b2bba74fc0578c5d9f4244dda2d97958ce427dcc,2023-12,Elsevier BV,en,SoftwareX,2352-7110,https://doi.org/10.1016/j.softx.2023.101597,https://api.crossref.org/works/10.1016/j.softx.2023.101597,Crossref,https://github.com/ElsevierSoftwareX/SOFTX-D-23-00642,ElsevierSoftwareX GitHub Organization,18 June 2026
10.1016/j.softx.2023.101628,SoftwareX,UAVradio: Radio link path loss estimation for UAVs,uav-radio,UAVradio,https://github.com/UPNAdrone/uav-radio,swh:1:dir:bc63d31681f3f0f3470e52de0652bea0767c5a51;origin=https://github.com/UPNAdrone/uav-radio;visit=swh:1:snp:904b85f57bbd69218a6d76d16aa7a70bf53491a2;anchor=swh:1:rev:f4979732fdadaa51cd5d2df70c1ad4bd8e534570,2024-02,Elsevier BV,en,SoftwareX,2352-7110,https://doi.org/10.1016/j.softx.2023.101628,https://api.crossref.org/works/10.1016/j.softx.2023.101628,Crossref,https://github.com/ElsevierSoftwareX/SOFTX-D-23-00731,ElsevierSoftwareX GitHub Organization,18 June 2026
10.1016/j.softx.2024.101637,SoftwareX,Daily Video: A tool for quality of experience (QoE) in long-term context research,Daily-Video,Daily Video,https://github.com/TUFIQoE/Daily-Video,swh:1:dir:c6aad1d5274b1180e626ab19e0851d68bd4fe084;origin=https://github.com/TUFIQoE/Daily-Video;visit=swh:1:snp:73e48c89ef60e126cc06deb3ef56f22b77219050;anchor=swh:1:rev:be7d7e25b251389ef227872c13381f968ec2fa08,2024-02,Elsevier BV,en,SoftwareX,2352-7110,https://doi.org/10.1016/j.softx.2024.101637,https://api.crossref.org/works/10.1016/j.softx.2024.101637,Crossref,https://github.com/ElsevierSoftwareX/SOFTX-D-23-00782,ElsevierSoftwareX GitHub Organization,18 June 2026
10.1016/j.softx.2024.101642,SoftwareX,Hyper-Data: A Matlab based optimization software for data-driven hyperelasticity,HyperData,Hyper-Data,https://github.com/Computational-Micromechanics-Laboratory/HyperData,swh:1:dir:595e6f961ff4a224f400657020e4708610d9d6f2;origin=https://github.com/Computational-Micromechanics-Laboratory/HyperData;visit=swh:1:snp:973e978507281a035385d7092d63a3277b109775;anchor=swh:1:rev:930f7eae485ce2de0de0025b0af720613a220e66,2024-05,Elsevier BV,en,SoftwareX,2352-7110,https://doi.org/10.1016/j.softx.2024.101642,https://api.crossref.org/works/10.1016/j.softx.2024.101642,Crossref,https://github.com/ElsevierSoftwareX/SOFTX-D-23-00641,ElsevierSoftwareX GitHub Organization,18 June 2026
10.1016/j.softx.2024.101666,SoftwareX,bioScience: A new python science library for high-performance computing bioinformatics analytics,bioscience,bioScience,https://github.com/aureliolfdez/bioscience,swh:1:dir:71f3b249a4b279edecc3cd4f9eecd0211f26ed51;origin=https://github.com/aureliolfdez/bioscience;visit=swh:1:snp:2d003c7fa3fd1fffa592146b876e049cd93b48cc;anchor=swh:1:rev:326947c7df8f91164ee3cab62255c3290e2e22b4,2024-05,Elsevier BV,en,SoftwareX,2352-7110,https://doi.org/10.1016/j.softx.2024.101666,https://api.crossref.org/works/10.1016/j.softx.2024.101666,Crossref,https://github.com/ElsevierSoftwareX/SOFTX-D-23-00803,ElsevierSoftwareX GitHub Organization,18 June 2026
10.1016/j.softx.2024.101674,SoftwareX,MoveR: An R package for easy processing and analysis of animal video-tracking data,MoveR,MoveR,https://github.com/qpetitjean/MoveR,swh:1:dir:4b5a94eab0d28f6ecd6dd82b2fa54df35323c3dc;origin=https://github.com/qpetitjean/MoveR;visit=swh:1:snp:b8294076752ac1751ffff44b2b6a1d4672348750;anchor=swh:1:rev:6ee426b094f4a30f026a31a45f87853efdfd5c11,2024-05,Elsevier BV,en,SoftwareX,2352-7110,https://doi.org/10.1016/j.softx.2024.101674,https://api.crossref.org/works/10.1016/j.softx.2024.101674,Crossref,https://github.com/ElsevierSoftwareX/SOFTX-D-23-00765,ElsevierSoftwareX GitHub Organization,18 June 2026
10.1016/j.softx.2024.101733,SoftwareX,Frouros: An open-source Python library for drift detection in machine learning systems,frouros,Frouros,https://github.com/IFCA-Advanced-Computing/frouros,swh:1:dir:70008e29a923164ef72b78830fbcd8292c03d030;origin=https://github.com/IFCA-Advanced-Computing/frouros;visit=swh:1:snp:047254b6203d2c9c381510e8c05021dec120f216;anchor=swh:1:rev:9fc1f1cd2174f0aaa7eefb7133f2a17b7ba7b970,2024-05,Elsevier BV,en,SoftwareX,2352-7110,https://doi.org/10.1016/j.softx.2024.101733,https://api.crossref.org/works/10.1016/j.softx.2024.101733,Crossref,https://github.com/ElsevierSoftwareX/SOFTX-D-24-00119,ElsevierSoftwareX GitHub Organization,18 June 2026
10.1016/j.softx.2024.101752,SoftwareX,"ClassNoise: An R package for modeling, generating, and validating data with class noise",ClassNoise,ClassNoise,https://github.com/dmgalicia/ClassNoise,swh:1:dir:f8aaeb2143424998b653126b5f065357a9819386;origin=https://github.com/dmgalicia/ClassNoise;visit=swh:1:snp:0fe4887eb9a9cc596390e362c60a9bd7f0f747b1;anchor=swh:1:rev:aba8af495af38865b84d0383cfc01199f0fa0325,2024-05,Elsevier BV,en,SoftwareX,2352-7110,https://doi.org/10.1016/j.softx.2024.101752,https://api.crossref.org/works/10.1016/j.softx.2024.101752,Crossref,https://github.com/ElsevierSoftwareX/SOFTX-D-24-00105,ElsevierSoftwareX GitHub Organization,18 June 2026
10.1016/j.softx.2024.101783,SoftwareX,An application for solving minimization problems using the Harmony search algorithm,Solver_of_minimization_problems,,https://github.com/TATU-hacker/Solver_of_minimization_problems,swh:1:dir:d68b19cbcb38651e04e8e1ebd60fe75f22d6b9ea;origin=https://github.com/TATU-hacker/Solver_of_minimization_problems;visit=swh:1:snp:ed8cee65d49f943f239df60ac5504b8d05b39b01;anchor=swh:1:rev:08c9cd28b213710d15a9a14642e7c80d82ba274e,2024-09,Elsevier BV,en,SoftwareX,2352-7110,https://doi.org/10.1016/j.softx.2024.101783,https://api.crossref.org/works/10.1016/j.softx.2024.101783,Crossref,https://github.com/ElsevierSoftwareX/SOFTX-D-24-00207,ElsevierSoftwareX GitHub Organization,18 June 2026
10.1016/j.softx.2024.101843,SoftwareX,GCBICT: Green Coffee Bean Identification Command-line Tool,GCBICT,GCBICT,https://github.com/Arc13Tangent/GCBICT,swh:1:dir:43d197dcef53936cf570ba3453635d34e7fd710e;origin=https://github.com/Arc13Tangent/GCBICT;visit=swh:1:snp:eff02eccb100de9cad6522ecb5f4587fe35b98b5;anchor=swh:1:rev:6fbd53585b5c5b16e3af049c3ebff535e44ae6df,2024-12,Elsevier BV,en,SoftwareX,2352-7110,https://doi.org/10.1016/j.softx.2024.101843,https://api.crossref.org/works/10.1016/j.softx.2024.101843,Crossref,https://github.com/ElsevierSoftwareX/SOFTX-D-24-00141,ElsevierSoftwareX GitHub Organization,18 June 2026
10.1016/j.softx.2024.101860,SoftwareX,DifFault: Simulation of diffraction patterns of faulted crystals,DifFault,DifFault,https://github.com/balintkaszas/DifFault,swh:1:dir:6ad106cd39473e670e90dbe731c4c6a3c8e6815c;origin=https://github.com/balintkaszas/DifFault;visit=swh:1:snp:1e2220f9e9d60debb387e8310e0d1e00a83b115a;anchor=swh:1:rev:033ee7cdd39cb9336cfd998a5ffe4be513f7b9b2,2024-09,Elsevier BV,en,SoftwareX,2352-7110,https://doi.org/10.1016/j.softx.2024.101860,https://api.crossref.org/works/10.1016/j.softx.2024.101860,Crossref,https://github.com/ElsevierSoftwareX/SOFTX-D-24-00278,ElsevierSoftwareX GitHub Organization,18 June 2026
10.1016/j.softx.2024.101872,SoftwareX,End-to-end vertical web search pseudo relevance feedback queries recommendation software,Pseudo-feedback-software,,https://github.com/HQuser/Pseudo-feedback-software,swh:1:dir:24b8748529cfdc71e16f0f8edb2847209b70444f;origin=https://github.com/HQuser/Pseudo-feedback-software;visit=swh:1:snp:dfb9040fca3f3f198dbe6ae5dc49a9de631aec37;anchor=swh:1:rev:96d27b216506e273ba89fd197319681b312e8ad7,2024-09,Elsevier BV,en,SoftwareX,2352-7110,https://doi.org/10.1016/j.softx.2024.101872,https://api.crossref.org/works/10.1016/j.softx.2024.101872,Crossref,https://github.com/ElsevierSoftwareX/SOFTX-D-24-00262,ElsevierSoftwareX GitHub Organization,18 June 2026
10.1016/j.softx.2024.101889,SoftwareX,PyDEMATEL: A Python-based tool implementing DEMATEL and fuzzy DEMATEL methods for improved decision making,-Elsevier-SoftwareX-pyDEMATEL,PyDEMATEL,https://github.com/achekry/-Elsevier-SoftwareX-pyDEMATEL,swh:1:dir:15b4865b434d22996efb56a18491307ab8a7d4fa;origin=https://github.com/achekry/-Elsevier-SoftwareX-pyDEMATEL;visit=swh:1:snp:53e6a324c3f868a6efba8e7dbb51132353d3fd26;anchor=swh:1:rev:e984763f8ba1db067c409d95fa3b98f708ed5a82,2024-12,Elsevier BV,en,SoftwareX,2352-7110,https://doi.org/10.1016/j.softx.2024.101889,https://api.crossref.org/works/10.1016/j.softx.2024.101889,Crossref,https://github.com/ElsevierSoftwareX/SOFTX-D-24-00301,ElsevierSoftwareX GitHub Organization,18 June 2026
10.1016/j.softx.2024.101971,SoftwareX,PACU: Precision agriculture computational utilities,pacu,PACU,https://github.com/cldossantos/pacu,swh:1:dir:5c9cadeeec4fcc1529ff40b68ae09aeea7c6921c;origin=https://github.com/cldossantos/pacu;visit=swh:1:snp:64075d686b9da42cb1b1be5caefeb83e84341213;anchor=swh:1:rev:4928d5027973851c761d608498746ef431ab0825,2024-12,Elsevier BV,en,SoftwareX,2352-7110,https://doi.org/10.1016/j.softx.2024.101971,https://api.crossref.org/works/10.1016/j.softx.2024.101971,Crossref,https://github.com/ElsevierSoftwareX/SOFTX-D-24-00471,ElsevierSoftwareX GitHub Organization,18 June 2026
10.1016/j.softx.2024.101951,SoftwareX,CDL: A fast and flexible library for the study of permutation sets with structural restrictions,cdl,CDL,https://github.com/sagebei/cdl,swh:1:dir:ae10aabbffe89f3aaad858817ab5f3567bdd1a9b;origin=https://github.com/sagebei/cdl;visit=swh:1:snp:f39971adc8e680be481986fe1f957790f52669cd;anchor=swh:1:rev:a5a1f3f31d42fbe43222d41b516da4be3cce2e4a,2024-12,Elsevier BV,en,SoftwareX,2352-7110,https://doi.org/10.1016/j.softx.2024.101951,https://api.crossref.org/works/10.1016/j.softx.2024.101951,Crossref,https://github.com/ElsevierSoftwareX/SOFTX-D-24-00048,ElsevierSoftwareX GitHub Organization,18 June 2026
10.1016/j.softx.2024.101996,SoftwareX,ScreenSafeFuture: A parent-empathetic and pragmatic mhealth application for toddlers' brain development addressing screen-addiction challenges,ScreenSafeFuture,ScreenSafeFuture,https://github.com/mehediy/ScreenSafeFuture,swh:1:dir:a49db4ef3c58d28edc3d964d94a353d058fd5b6a;origin=https://github.com/mehediy/ScreenSafeFuture;visit=swh:1:snp:9177315673d4970b911d6f79998fda15e784c03b;anchor=swh:1:rev:aa4a1ef0291d471620add1657e6a921a1de6c6fd,2025-02,Elsevier BV,en,SoftwareX,2352-7110,https://doi.org/10.1016/j.softx.2024.101996,https://api.crossref.org/works/10.1016/j.softx.2024.101996,Crossref,https://github.com/ElsevierSoftwareX/SOFTX-D-24-00200,ElsevierSoftwareX GitHub Organization,18 June 2026
10.1016/j.softx.2025.102056,SoftwareX,ParticleHolography.jl: Holographic particle measurement in Julia,ParticleHolography.jl,ParticleHolography.jl,https://github.com/dainakai/ParticleHolography.jl,swh:1:dir:27be6cacf2abd7723088b6b428d5d72c5fb2ef7e;origin=https://github.com/dainakai/ParticleHolography.jl;visit=swh:1:snp:40e4357f6b1477317993ed29eae6b766d4eb7d99;anchor=swh:1:rev:c23ea0777478d16c73ece4c869bd365d71577b25,2025-02,Elsevier BV,en,SoftwareX,2352-7110,https://doi.org/10.1016/j.softx.2025.102056,https://api.crossref.org/works/10.1016/j.softx.2025.102056,Crossref,https://github.com/ElsevierSoftwareX/SOFTX-D-24-00564,ElsevierSoftwareX GitHub Organization,18 June 2026
10.1016/j.softx.2025.102117,SoftwareX,GenSDF: An MPI-Fortran based signed-distance-field generator for computational fluid dynamics applications,GenSDF,GenSDF,https://github.com/tudelft3d/GenSDF,swh:1:dir:fc43ff8e43449dbcb2003f3cf0faa08c8c0786ed;origin=https://github.com/tudelft3d/GenSDF;visit=swh:1:snp:823862aba64d0ad41c29a014cdb6f598dda10261;anchor=swh:1:rev:e58ad149d52655e90e08c480aa050e1949ad9391,2025-05,Elsevier BV,en,SoftwareX,2352-7110,https://doi.org/10.1016/j.softx.2025.102117,https://api.crossref.org/works/10.1016/j.softx.2025.102117,Crossref,https://github.com/ElsevierSoftwareX/SOFTX-D-24-00647,ElsevierSoftwareX GitHub Organization,18 June 2026
10.1016/j.softx.2022.101228,SoftwareX,TROVA: TRansport Of water VApor,TROVA-master,TROVA,https://github.com/tramo-ephyslab/TROVA-master,swh:1:dir:84278b92b417850fbec130f7b115b6e81bb8d10f;origin=https://github.com/tramo-ephyslab/TROVA-master;visit=swh:1:snp:1c36dfc81631701e83631268c6415135d692b82e;anchor=swh:1:rev:55c91b4193af4d9b35ed307513fba0c31f2cc987,2022-12,Elsevier BV,en,SoftwareX,2352-7110,https://doi.org/10.1016/j.softx.2022.101228,https://api.crossref.org/works/10.1016/j.softx.2022.101228,Crossref,https://github.com/ElsevierSoftwareX/SOFTX-D-23-00824,ElsevierSoftwareX GitHub Organization,18 June 2026
10.1016/j.softx.2025.102096,SoftwareX,U-TRAFMAN: Unmanned traffic management simulator,utrafman_sim,U-TRAFMAN,https://github.com/I3A-NavSys/utrafman_sim,swh:1:dir:1ea2ea0f83b9d55c11baa1263f3ac75b59781159;origin=https://github.com/I3A-NavSys/utrafman_sim;visit=swh:1:snp:65df4a3aa319d64f73f67133d523ae5bb37f5517;anchor=swh:1:rev:270d7650b2760287d45641c5d879b8de00621f55,2025-05,Elsevier BV,en,SoftwareX,2352-7110,https://doi.org/10.1016/j.softx.2025.102096,https://api.crossref.org/works/10.1016/j.softx.2025.102096,Crossref,https://github.com/ElsevierSoftwareX/SOFTX-D-23-00370,ElsevierSoftwareX GitHub Organization,18 June 2026
10.1016/j.softx.2025.102139,SoftwareX,MCTS-NC: A thorough GPU parallelization of Monte Carlo Tree Search implemented in Python via numba.cuda,mcts_numba_cuda,MCTS-NC,https://github.com/pklesk/mcts_numba_cuda,swh:1:dir:5834c0420d51191b67ad888bcc07cefc73903cc9;origin=https://github.com/pklesk/mcts_numba_cuda;visit=swh:1:snp:b72e92936f2571c3e817034fc01801487471d4af;anchor=swh:1:rev:533b0c2165aff2b85c1651c92379b6d9df75f724,2025-05,Elsevier BV,en,SoftwareX,2352-7110,https://doi.org/10.1016/j.softx.2025.102139,https://api.crossref.org/works/10.1016/j.softx.2025.102139,Crossref,https://github.com/ElsevierSoftwareX/SOFTX-D-24-00708,ElsevierSoftwareX GitHub Organization,18 June 2026
10.1016/j.softx.2025.102141,SoftwareX,pytopicgram: A library for data extraction and topic modeling from Telegram channels,pytopicgram,pytopicgram,https://github.com/ugr-sail/pytopicgram,swh:1:dir:043099d6ca9a9b844d58b3a21c96230a7f404136;origin=https://github.com/ugr-sail/pytopicgram;visit=swh:1:snp:e5afd78bb84046e9265d7cf166995aa58e34ec8f;anchor=swh:1:rev:3dbb90feb9f5fd29911ef6edafe971c31141e0c3,2025-05,Elsevier BV,en,SoftwareX,2352-7110,https://doi.org/10.1016/j.softx.2025.102141,https://api.crossref.org/works/10.1016/j.softx.2025.102141,Crossref,https://github.com/ElsevierSoftwareX/SOFTX-D-24-00620,ElsevierSoftwareX GitHub Organization,18 June 2026
10.1016/j.softx.2025.102164,SoftwareX,HITS: Hyperplanes intersection tabu search for maximum score estimation,hits,HITS,https://github.com/kflorios/hits,swh:1:dir:fbe284157ad8fa3c53cbbaa2c4cc60abd6034cb8;origin=https://github.com/kflorios/hits;visit=swh:1:snp:e1d1084904994cf7792895ae5ff3ecc9ef4867e5;anchor=swh:1:rev:affeb41c9adb02b3db3ea6ed2bea00c2a82ce8f2,2025-05,Elsevier BV,en,SoftwareX,2352-7110,https://doi.org/10.1016/j.softx.2025.102164,https://api.crossref.org/works/10.1016/j.softx.2025.102164,Crossref,https://github.com/ElsevierSoftwareX/SOFTX-D-24-00692,ElsevierSoftwareX GitHub Organization,18 June 2026
10.1016/j.softx.2025.102306,SoftwareX,MetrikaBox: An open framework for experimenting with audio classification,metrikabox,MetrikaBox,https://github.com/i3uex/metrikabox,swh:1:dir:84c0678273fcf8af63328bde203c4579294c002d;origin=https://github.com/i3uex/metrikabox;visit=swh:1:snp:fe3a73de913ae143ceebb0fd9eb5d97ace1e82c1;anchor=swh:1:rev:86d6b065de94a1e8eedc7feb7de58c4c2af16aed,2025-09,Elsevier BV,en,SoftwareX,2352-7110,https://doi.org/10.1016/j.softx.2025.102306,https://api.crossref.org/works/10.1016/j.softx.2025.102306,Crossref,https://github.com/ElsevierSoftwareX/SOFTX-D-25-00308,ElsevierSoftwareX GitHub Organization,18 June 2026
10.1016/j.softx.2025.102328,SoftwareX,RapidX annotator: A specialized software tool for industrial radiographic image annotation and enhancement,RapidX-Annotator,RapidX annotator,https://github.com/bit628/RapidX-Annotator,swh:1:dir:b4ffb6023171c6c73b5992ef2e3ed6910dfd981f;origin=https://github.com/bit628/RapidX-Annotator;visit=swh:1:snp:ad12893e7d483aecdfb10a7c4656ac3a14fac4f7;anchor=swh:1:rev:ab16e58748a2f97cc9846603acc46e8d993bb4c9,2025-09,Elsevier BV,en,SoftwareX,2352-7110,https://doi.org/10.1016/j.softx.2025.102328,https://api.crossref.org/works/10.1016/j.softx.2025.102328,Crossref,https://github.com/ElsevierSoftwareX/SOFTX-D-25-00286,ElsevierSoftwareX GitHub Organization,18 June 2026
10.1016/j.softx.2025.102342,SoftwareX,GAMMA_FLOW: Guided Analysis of Multi-label spectra by MAtrix Factorization for Lightweight Operational Workflows,gamma_flow,GAMMA_FLOW,https://github.com/Schlavioner/gamma_flow,swh:1:dir:264a86f51c3836f0c2d77da436d46815976c6eca;origin=https://github.com/Schlavioner/gamma_flow;visit=swh:1:snp:6519aba810002c2e44bfefba5df6426c6f5e9c7f;anchor=swh:1:rev:fe4b7f8c31b774486305930b4abafd36afe3d490,2025-12,Elsevier BV,en,SoftwareX,2352-7110,https://doi.org/10.1016/j.softx.2025.102342,https://api.crossref.org/works/10.1016/j.softx.2025.102342,Crossref,https://github.com/ElsevierSoftwareX/SOFTX-D-25-00403,ElsevierSoftwareX GitHub Organization,18 June 2026
10.1016/j.softx.2025.102351,SoftwareX,TC: Optimizing compiler,tc-optimizer,TC,https://github.com/piotr-skotnicki/tc-optimizer,swh:1:dir:2db2bef9279fee7ef7cec54289ef4c9038f21447;origin=https://github.com/piotr-skotnicki/tc-optimizer;visit=swh:1:snp:bae63cb4a53cc97a235e7b6d6368d760162f7c9c;anchor=swh:1:rev:3cdd29bb9bbb1be499343034b630fe46a15d21ee,2025-12,Elsevier BV,en,SoftwareX,2352-7110,https://doi.org/10.1016/j.softx.2025.102351,https://api.crossref.org/works/10.1016/j.softx.2025.102351,Crossref,https://github.com/ElsevierSoftwareX/SOFTX-D-25-00418,ElsevierSoftwareX GitHub Organization,18 June 2026
10.1016/j.softx.2025.102389,SoftwareX,Program for earthquake-induced sand liquefaction hazard classification based on cone penetration testing,ZS,,https://github.com/MrDou01/ZS,swh:1:dir:1e6d6a8250bc2c01f2e270622e357b537f6cab3f;origin=https://github.com/MrDou01/ZS;visit=swh:1:snp:45026821fe5079c988c63bf821358cea0e604f5f;anchor=swh:1:rev:98a15f2a8d0c109cda3b0df1c537c44a13f81d33,2025-12,Elsevier BV,en,SoftwareX,2352-7110,https://doi.org/10.1016/j.softx.2025.102389,https://api.crossref.org/works/10.1016/j.softx.2025.102389,Crossref,https://github.com/ElsevierSoftwareX/SOFTX-D-25-00453,ElsevierSoftwareX GitHub Organization,18 June 2026
10.1016/j.softx.2025.102374,SoftwareX,GaDGeT: An open-source R-workflow for fast and flexible GDGT index calculations,GaDGeT,GaDGeT,https://github.com/brGDGTs/GaDGeT,swh:1:dir:495f28931e469fcb9de72e930d8e952406a41901;origin=https://github.com/brGDGTs/GaDGeT;visit=swh:1:snp:aecd2393910dd767f0b97e7c5c6c4f8ad783dbba;anchor=swh:1:rev:7fd367611d01902221eb1e9c9ddc856fc6037f67,2025-12,Elsevier BV,en,SoftwareX,2352-7110,https://doi.org/10.1016/j.softx.2025.102374,https://api.crossref.org/works/10.1016/j.softx.2025.102374,Crossref,https://github.com/ElsevierSoftwareX/SOFTX-D-25-00525,ElsevierSoftwareX GitHub Organization,18 June 2026
10.1016/j.softx.2025.102401,SoftwareX,"Turn+: A MATLAB-based software for dynamic turning, chatter analysis, and surface roughness prediction",TurnPlus,Turn+,https://github.com/Gourpe23/TurnPlus,swh:1:dir:d1b6ad49da6c89e3b49f72539ff8db451b4d8e5a;origin=https://github.com/Gourpe23/TurnPlus;visit=swh:1:snp:9712a54b86359ab9787bc6f1ffa3430bf86a1116;anchor=swh:1:rev:aaade16fffe04212e0181495b60736ca1811b0aa,2025-12,Elsevier BV,en,SoftwareX,2352-7110,https://doi.org/10.1016/j.softx.2025.102401,https://api.crossref.org/works/10.1016/j.softx.2025.102401,Crossref,https://github.com/ElsevierSoftwareX/SOFTX-D-25-00559,ElsevierSoftwareX GitHub Organization,18 June 2026
10.1016/j.softx.2025.102415,SoftwareX,GeoPOINT – synthetic point generator for geospatial applications,GeoPOINT,GeoPOINT,https://github.com/Baltic-Coastal-Monitoring-Team/GeoPOINT,swh:1:dir:fa6d55ed8c4caf7b8f09004c96bc86149662025d;origin=https://github.com/Baltic-Coastal-Monitoring-Team/GeoPOINT;visit=swh:1:snp:0367ba3c90b88ddeb7fc1f657b4ff2cc0cb6daaa;anchor=swh:1:rev:47a582287534e47022d2e6d9d2fcf8d479fabc1c,2025-12,Elsevier BV,en,SoftwareX,2352-7110,https://doi.org/10.1016/j.softx.2025.102415,https://api.crossref.org/works/10.1016/j.softx.2025.102415,Crossref,https://github.com/ElsevierSoftwareX/SOFTX-D-25-00642,ElsevierSoftwareX GitHub Organization,18 June 2026
10.1016/j.softx.2025.102423,SoftwareX,CardioMark: An open-source MATLAB toolbox for ECG annotation for machine learning and academic research,CardioMark,CardioMark,https://github.com/CardioMark/CardioMark,swh:1:dir:87299876a8a776400d26645e8ab05fd6fe078985;origin=https://github.com/CardioMark/CardioMark;visit=swh:1:snp:00b5dfa433438e8b497eb8ce9aaa4a80cd288131;anchor=swh:1:rev:f39b0ae8577d44c82c5a147a89da60315173a321,2025-12,Elsevier BV,en,SoftwareX,2352-7110,https://doi.org/10.1016/j.softx.2025.102423,https://api.crossref.org/works/10.1016/j.softx.2025.102423,Crossref,https://github.com/ElsevierSoftwareX/SOFTX-D-25-00423,ElsevierSoftwareX GitHub Organization,18 June 2026
10.1016/j.softx.2025.102483,SoftwareX,AssociationExplorer: A user-friendly shiny application for exploring associations and visual patterns,AssociationExplorer,AssociationExplorer,https://github.com/AntoineSoetewey/AssociationExplorer,swh:1:dir:22dabccfd3fa956bfa234a05442aa1d6a485f9fc;origin=https://github.com/AntoineSoetewey/AssociationExplorer;visit=swh:1:snp:c44f6a7debdd3edb91575a5cff7b041975925277;anchor=swh:1:rev:b24d14da7176175a5c7812285f8a247c1c3d6984,2026-02,Elsevier BV,en,SoftwareX,2352-7110,https://doi.org/10.1016/j.softx.2025.102483,https://api.crossref.org/works/10.1016/j.softx.2025.102483,Crossref,https://github.com/ElsevierSoftwareX/SOFTX-D-25-00732,ElsevierSoftwareX GitHub Organization,18 June 2026
10.1016/j.softx.2026.102519,SoftwareX,DIZEST: A low-code platform for workflow-driven artificial intelligence and data analysis,dizest,DIZEST,https://github.com/season-framework/dizest,swh:1:dir:3171d99b14e8dcabff4cd9c3d1d1a27a2c96ac25;origin=https://github.com/season-framework/dizest;visit=swh:1:snp:d5394d77ebaf656714367cf8c5d8140b0b7e99ff;anchor=swh:1:rev:9df18671d4fbf360caec21faeb6c095a3a833d47,2026-02,Elsevier BV,en,SoftwareX,2352-7110,https://doi.org/10.1016/j.softx.2026.102519,https://api.crossref.org/works/10.1016/j.softx.2026.102519,Crossref,https://github.com/ElsevierSoftwareX/SOFTX-D-25-00554,ElsevierSoftwareX GitHub Organization,18 June 2026
10.1016/j.softx.2026.102579,SoftwareX,Predicting fishing vs. not-fishing in small-scale fisheries: A sample vessel tracking dataset and a reproducible machine learning approach,softwarex_paper,,https://github.com/PamelaLattanzi/softwarex_paper,swh:1:dir:eb7fd0a4fc170d027f965e3ea069f7d8925828e1;origin=https://github.com/PamelaLattanzi/softwarex_paper;visit=swh:1:snp:19bcf630ebd8df4d7000047dc8f49ce0f4eac797;anchor=swh:1:rev:b3c14024a44a0f9f8c05ef5ac5a22e3e7be75251,2026-06,Elsevier BV,en,SoftwareX,2352-7110,https://doi.org/10.1016/j.softx.2026.102579,https://api.crossref.org/works/10.1016/j.softx.2026.102579,Crossref,https://github.com/ElsevierSoftwareX/SOFTX-D-25-00827,ElsevierSoftwareX GitHub Organization,18 June 2026
10.1016/j.softx.2026.102584,SoftwareX,MPLACE: MicroPlate layout arrangement with constraint engines,MPLACE,MPLACE,https://github.com/astra-uu-se/MPLACE,swh:1:dir:869350ed2d8ecf18271d9f2903fa014dd5be856c;origin=https://github.com/astra-uu-se/MPLACE;visit=swh:1:snp:1c336e504f9558aec148ae4c5e145b519228ed0c;anchor=swh:1:rev:f5732255fcdd311add5623c74389c9a82ee18eef,2026-06,Elsevier BV,en,SoftwareX,2352-7110,https://doi.org/10.1016/j.softx.2026.102584,https://api.crossref.org/works/10.1016/j.softx.2026.102584,Crossref,https://github.com/ElsevierSoftwareX/SOFTX-D-26-00031,ElsevierSoftwareX GitHub Organization,18 June 2026
10.1016/j.softx.2026.102628,SoftwareX,Speak2Scene: Voice-based Storyboarding,Speak2Scene,Speak2Scene,https://github.com/studiorobot/Speak2Scene,swh:1:dir:829f7ccb77254ebfa8976871e241766ba3888b1f;origin=https://github.com/studiorobot/Speak2Scene;visit=swh:1:snp:b784b2bfc37aed2dc6997c786cee93cb21335a06;anchor=swh:1:rev:97c4f0537f068a82efa4ccac16b0a051e38ac591,2026-06,Elsevier BV,en,SoftwareX,2352-7110,https://doi.org/10.1016/j.softx.2026.102628,https://api.crossref.org/works/10.1016/j.softx.2026.102628,Crossref,https://github.com/ElsevierSoftwareX/SOFTX-D-25-00901,ElsevierSoftwareX GitHub Organization,18 June 2026
10.1016/j.softx.2026.102695,SoftwareX,PSCount: A deep learning tool for automated polystyrene particle counting in brightfield microscopy images,pscount,PSCount,https://github.com/seoleuns/pscount,swh:1:dir:f7afdf48ac146be951616e40200e204cee67e424;origin=https://github.com/seoleuns/pscount;visit=swh:1:snp:9ec5cf02b11bbe036f055b78f925a8d56bc653c6;anchor=swh:1:rev:849ba81d89e396de0f0ba81ef4a12238c5338b6e,2026-06,Elsevier BV,en,SoftwareX,2352-7110,https://doi.org/10.1016/j.softx.2026.102695,https://api.crossref.org/works/10.1016/j.softx.2026.102695,Crossref,https://github.com/ElsevierSoftwareX/SOFTX-D-26-00075,ElsevierSoftwareX GitHub Organization,18 June 2026
