article_doi,venue,series_ordinal_P1545,author_name_P2093
10.21105/joss.07308,JOSS,1,Juan Pablo P. de Aquino
10.21105/joss.07308,JOSS,2,José Fernando de M. Firmino
10.21105/joss.07308,JOSS,3,Diogo D. Moreira
10.21105/joss.07308,JOSS,4,Ricardo de S. Job
10.21105/joss.01338,JOSS,1,Oleksandr Moliavko
10.21105/joss.01338,JOSS,2,Taras Drozdovskyi
10.21105/joss.01338,JOSS,3,Vitalii Petrychenko
10.21105/joss.01338,JOSS,4,Oleg Kopysov
10.21105/joss.01229,JOSS,1,Ellert van der Velden
10.21105/joss.01444,JOSS,1,Kamil Romaszko
10.21105/joss.01444,JOSS,2,Magda Tatarynowicz
10.21105/joss.01444,JOSS,3,Mateusz Urbański
10.21105/joss.01444,JOSS,4,Przemysław Biecek
10.21105/joss.00194,JOSS,1,Scott Chamberlain
10.21105/joss.00194,JOSS,2,Jeffrey W. Hollister
10.21105/joss.00650,JOSS,1,Caley Finn
10.21105/joss.00060,JOSS,1,Jonathan A Michaels
10.21105/joss.00060,JOSS,2,Hansjörg Scherberger
10.21105/joss.00869,JOSS,1,Michael T Porter
10.21105/joss.03619,JOSS,1,Brian Savage
10.21105/joss.06825,JOSS,1,David T Kerns
10.21105/joss.06825,JOSS,2,Tosiron Adegbija
10.21105/joss.06880,JOSS,1,Aadya A. Chinubhai
10.21105/joss.03596,JOSS,1,Nicholas Gorman
10.21105/joss.03596,JOSS,2,Anna Bruce
10.21105/joss.03596,JOSS,3,Iain MacGill
10.21105/joss.02449,JOSS,1,Lukas Adamowicz
10.21105/joss.02449,JOSS,2,Shyamal Patel
10.21105/joss.07441,JOSS,1,Humberto Medina
10.21105/joss.07441,JOSS,2,Christopher D. Ellis
10.21105/joss.07441,JOSS,3,Tom Mazin
10.21105/joss.07441,JOSS,4,Oscar Osborn
10.21105/joss.07441,JOSS,5,Timothy Ward
10.21105/joss.07441,JOSS,6,Stephen Ambrose
10.21105/joss.07441,JOSS,7,Svetlana Aleksandrova
10.21105/joss.07441,JOSS,8,Benjamin Rothwell
10.21105/joss.07441,JOSS,9,Carol Eastwick
10.21105/joss.01411,JOSS,1,Stefanie Lueck
10.21105/joss.01411,JOSS,2,Dimitar Douchkov
10.21105/joss.02284,JOSS,1,Vanessa Sochat
10.21105/joss.07316,JOSS,1,Deron Smith
10.21105/joss.07316,JOSS,2,Michael Cyterski
10.21105/joss.07316,JOSS,3,John M Johnston
10.21105/joss.07316,JOSS,4,Kurt Wolfe
10.21105/joss.07316,JOSS,5,Rajbir Parmar
10.21105/joss.07823,JOSS,1,Angel Monsalve
10.21105/joss.07823,JOSS,2,Sebastian Bernal
10.21105/joss.07823,JOSS,3,Oscar Link
10.21105/joss.07758,JOSS,1,Yanrong Song
10.21105/joss.07758,JOSS,2,Zijie Zhu
10.21105/joss.07758,JOSS,3,David Kane
10.21105/joss.07758,JOSS,4,Heidi Chen
10.21105/joss.07758,JOSS,5,Yuanchu Dang
10.21105/joss.07758,JOSS,6,Yang Lu
10.21105/joss.07758,JOSS,7,Kanishka Malik
10.21105/joss.07758,JOSS,8,Skylar Smith
10.21105/joss.00242,JOSS,1,Sean M. Anderson
10.21105/joss.00242,JOSS,2,Bernardo S. Mendoza
10.21105/joss.08164,JOSS,1,Mark Radwin
10.21105/joss.00400,JOSS,1,Ben Lauwens
10.21105/joss.06511,JOSS,1,Walter Laurito
10.21105/joss.06511,JOSS,2,Nora Belrose
10.21105/joss.06511,JOSS,3,Alex Mallen
10.21105/joss.06511,JOSS,4,Kay Kozaronek
10.21105/joss.06511,JOSS,5,Fabien Roger
10.21105/joss.06511,JOSS,6,Christy Koh
10.21105/joss.06511,JOSS,7,James Chua
10.21105/joss.06511,JOSS,8,Jonathan NG
10.21105/joss.06511,JOSS,9,Alexander Wan
10.21105/joss.06511,JOSS,10,Reagan Lee
10.21105/joss.06511,JOSS,11,Ben W.
10.21105/joss.06511,JOSS,12,Kyle O’Brien
10.21105/joss.06511,JOSS,13,Augustas Macijauskas
10.21105/joss.06511,JOSS,14,Eric Mungai Kinuthia
10.21105/joss.06511,JOSS,15,Marius PL
10.21105/joss.06511,JOSS,16,Waree Sethapun
10.21105/joss.06511,JOSS,17,Kaarel Hänni
10.21105/joss.08049,JOSS,1,Felix Burkhardt
10.21105/joss.08049,JOSS,2,Bagus Tris Atmaja
10.21105/joss.04300,JOSS,1,Maximilian Bittens
10.21105/joss.00718,JOSS,1,Ashlee N. Ford Versypt
10.21105/joss.00718,JOSS,2,James D. Crall
10.21105/joss.00718,JOSS,3,Biswadip Dey
10.21105/joss.05284,JOSS,1,Euan N. Furness
10.21105/joss.05284,JOSS,2,Russell J. Garwood
10.21105/joss.05284,JOSS,3,Mark D. Sutton
10.21105/joss.00259,JOSS,1,Dominique Makowski
10.21105/joss.00259,JOSS,2,Léo Dutriaux
10.21105/joss.03257,JOSS,1,J. Burgess
10.21105/joss.03257,JOSS,2,Francesca Capel
10.21105/joss.08563,JOSS,1,Morgane des Ligneris
10.21105/joss.08563,JOSS,2,Gabriel Husak
10.21105/joss.08563,JOSS,3,Azéline Aillet
10.21105/joss.08563,JOSS,4,Guillaume Dollé
10.21105/joss.08563,JOSS,5,Carole Frindel
10.21105/joss.08563,JOSS,6,Odyssée Merveille
10.21105/joss.02976,JOSS,1,Isaías Rodríguez
10.21105/joss.02976,JOSS,2,Renela Valladares
10.21105/joss.02976,JOSS,3,Alexander Valladares
10.21105/joss.02976,JOSS,4,David Hinojosa-Romero
10.21105/joss.02976,JOSS,5,Ulises Santiago
10.21105/joss.02976,JOSS,6,Ariel Valladares
10.21105/joss.08479,JOSS,1,Air M. Forbes
10.21105/joss.08479,JOSS,2,Jennifer L. Beverly
10.21105/joss.07544,JOSS,1,Anders Reenberg Andersen
10.21105/joss.07544,JOSS,2,Jesper Fink Andersen
10.21105/joss.01799,JOSS,1,Pratik Sachdeva
10.21105/joss.01799,JOSS,2,Jesse Livezey
10.21105/joss.01799,JOSS,3,Andrew Tritt
10.21105/joss.01799,JOSS,4,Kristofer Bouchard
10.21105/joss.08079,JOSS,1,Jonathan Demaeyer
10.21105/joss.08079,JOSS,2,Oisín Hamilton
10.21105/joss.03764,JOSS,1,Simon Dobson
10.21105/joss.08487,JOSS,1,Alexander Barth
10.21105/joss.01326,JOSS,1,Kai von Szadkowski
10.21105/joss.01326,JOSS,2,Simon Reichel
10.21105/joss.04874,JOSS,1,Marc Spiegelman
10.21105/joss.04874,JOSS,2,Owen Evans
10.21105/joss.04874,JOSS,3,Mark Ghiorso
10.21105/joss.04874,JOSS,4,Lucy Tweed
10.21105/joss.04874,JOSS,5,Cian Wilson
10.21105/joss.05040,JOSS,1,Koen Van Daele
10.21105/joss.05040,JOSS,2,Tinne Cahy
10.21105/joss.05040,JOSS,3,Wim De Clercq
10.21105/joss.05040,JOSS,4,Jonas Geuens
10.21105/joss.05040,JOSS,5,Bram Goessens
10.21105/joss.05040,JOSS,6,Jonathan Piraux
10.21105/joss.05040,JOSS,7,Bart Saelen
10.21105/joss.05040,JOSS,8,Maarten Taeymans
10.21105/joss.05040,JOSS,9,Cedrik Vanderhaegen
10.21105/joss.06914,JOSS,1,Joseph D. Carpinelli
10.21105/joss.06507,JOSS,1,Wenjie Li
10.21105/joss.06507,JOSS,2,Haoze Li
10.21105/joss.06507,JOSS,3,Qifan Song
10.21105/joss.06507,JOSS,4,Jean Honorio
10.21105/joss.05149,JOSS,1,Tanja Tornede
10.21105/joss.05149,JOSS,2,Alexander Tornede
10.21105/joss.05149,JOSS,3,Lukas Fehring
10.21105/joss.05149,JOSS,4,Lukas Gehring
10.21105/joss.05149,JOSS,5,Helena Graf
10.21105/joss.05149,JOSS,6,Jonas Hanselle
10.21105/joss.05149,JOSS,7,Felix Mohr
10.21105/joss.05149,JOSS,8,Marcel Wever
10.21105/joss.05074,JOSS,1,Simon R. Proud
10.21105/joss.04554,JOSS,1,Joren Six
10.21105/joss.04389,JOSS,1,Julian Karl Bauer
10.21105/joss.04389,JOSS,2,Philipp Lothar Kinon
10.21105/joss.04389,JOSS,3,Jonas Hund
10.21105/joss.04389,JOSS,4,Lisa Latussek
10.21105/joss.04389,JOSS,5,Nils Meyer
10.21105/joss.04389,JOSS,6,Thomas Böhlke
10.21105/joss.05391,JOSS,1,Chenglin Niu
10.21105/joss.05391,JOSS,2,Dagang Guo
10.21105/joss.05391,JOSS,3,Marcus Eng Hock Ong
10.21105/joss.05391,JOSS,4,Zhi Xiong Koh
10.21105/joss.05391,JOSS,5,Guerry Alexiane Laure Marie-Alix
10.21105/joss.05391,JOSS,6,Andrew Fu Wah Ho
10.21105/joss.05391,JOSS,7,Zhiping Lin
10.21105/joss.05391,JOSS,8,Chengyu Liu
10.21105/joss.05391,JOSS,9,Gari D. Clifford
10.21105/joss.05391,JOSS,10,Nan Liu
10.21105/joss.05451,JOSS,1,Jakob L. Sønstebø
10.21105/joss.05451,JOSS,2,Herman Brunborg
10.21105/joss.05451,JOSS,3,Mikkel Elle Lepperød
10.21105/joss.04171,JOSS,1,Elizabeth Newman
10.21105/joss.04171,JOSS,2,Lars Ruthotto
10.21105/joss.05492,JOSS,1,Matthew G. Cooper
10.21105/joss.05492,JOSS,2,Tian Zhou
10.21105/joss.05776,JOSS,1,Arnau Quera-Bofarull
10.21105/joss.05776,JOSS,2,Joel Dyer
10.21105/joss.05776,JOSS,3,Anisoara Calinescu
10.21105/joss.05776,JOSS,4,J. Doyne Farmer
10.21105/joss.05776,JOSS,5,Michael Wooldridge
10.21105/joss.07843,JOSS,1,Wenbo Wu
10.21105/joss.07843,JOSS,2,Xinyi Zhang
10.21105/joss.07843,JOSS,3,Jann Spiess
10.21105/joss.07843,JOSS,4,Rahul Ladhania
10.21105/joss.02669,JOSS,1,Neal Morton
10.21105/joss.04942,JOSS,1,Nicolas T. Kurtovic
10.21105/joss.01970,JOSS,1,Matheus de Moraes
10.21105/joss.01970,JOSS,2,André Gradvohl
10.21105/joss.03082,JOSS,1,Vincent Russo
10.21105/joss.01252,JOSS,1,Amir Mir
10.21105/joss.01252,JOSS,2,Jalal Nasiri
10.21105/joss.06306,JOSS,1,Saipraneeth Devunuri
10.21105/joss.06306,JOSS,2,Lewis Lehe
10.21105/joss.08333,JOSS,1,Nerea Piñeiro-Juncal
10.21105/joss.08333,JOSS,2,Julen Astigarraga
10.21105/joss.08333,JOSS,3,Valentina Costa
10.21105/joss.08333,JOSS,4,Márcio Martins
10.21105/joss.08333,JOSS,5,Francisco Rodríguez-Sánchez
10.21105/joss.09774,JOSS,1,Seth Stadick
10.21105/joss.09093,JOSS,1,Jon Nordby
10.21105/joss.03313,JOSS,1,Amanda Smith
10.21105/joss.03313,JOSS,2,Benjamin St&amp;uuml;rmer
10.21105/joss.03313,JOSS,3,Travis Thurber
10.21105/joss.03313,JOSS,4,Chris Vernon
10.21105/joss.02403,JOSS,1,Sam Ritchie
10.21105/joss.02403,JOSS,2,Ambrose Slone
10.21105/joss.02403,JOSS,3,Vinay Ramasesh
10.21105/joss.00634,JOSS,1,Fei Xiang
10.21105/joss.00634,JOSS,2,Bethany Dearlove
10.21105/joss.00634,JOSS,3,Simon Frost
10.21105/joss.06427,JOSS,1,Remie Janssen
10.21105/joss.08389,JOSS,1,Wentao Zhan
10.21105/joss.08389,JOSS,2,Abhirup Datta
10.21105/joss.08110,JOSS,1,Olivier Ali
10.21105/joss.00767,JOSS,1,Ruud van der Ham
10.21105/joss.07306,JOSS,1,Tongzhou Xu
10.21105/joss.07306,JOSS,2,Henk C. den Bakker
10.21105/joss.07306,JOSS,3,Xiangyu Deng
10.21105/joss.07306,JOSS,4,Lee S. Katz
10.21105/joss.06220,JOSS,1,Mengbing Li
10.21105/joss.06220,JOSS,2,Bolin Wu
10.21105/joss.06220,JOSS,3,Briana Stephenson
10.21105/joss.06220,JOSS,4,Zhenke Wu
10.21105/joss.02608,JOSS,1,Siavash Yasini
10.21105/joss.02608,JOSS,2,Marcelo Alvarez
10.21105/joss.02608,JOSS,3,Emmanuel Schaan
10.21105/joss.02608,JOSS,4,Karime Maamari
10.21105/joss.02608,JOSS,5,Shobeir Mazinani
10.21105/joss.02608,JOSS,6,Nareg Mirzatuny
10.21105/joss.02608,JOSS,7,Elena Pierpaoli
10.21105/joss.03539,JOSS,1,Giovanni Charles
10.21105/joss.03539,JOSS,2,Sean Wu
10.21105/joss.09218,JOSS,1,James A. Labyer
10.21105/joss.09218,JOSS,2,Erik Ferlanti
10.21105/joss.09218,JOSS,3,Martha Campbell-Thompson
10.21105/joss.09218,JOSS,4,Clayton E. Mathews
10.21105/joss.09218,JOSS,5,Wei-Jun Qian
10.21105/joss.09218,JOSS,6,James P. Carson
10.21105/joss.00085,JOSS,1,Manuel Holtgrewe
10.21105/joss.00085,JOSS,2,Dieter Beule
10.21105/joss.08249,JOSS,1,Alasdair Neil Warwick
10.21105/joss.08249,JOSS,2,Benjamin Zuckerman
10.21105/joss.08249,JOSS,3,Chuin Ying Ung
10.21105/joss.08249,JOSS,4,Robert Luben
10.21105/joss.08249,JOSS,5,Abraham Olvera-Barrios
10.21105/joss.02727,JOSS,1,Oliver Maier
10.21105/joss.02727,JOSS,2,Stefan Spann
10.21105/joss.02727,JOSS,3,Markus Bödenler
10.21105/joss.02727,JOSS,4,Rudolf Stollberger
10.21105/joss.05467,JOSS,1,KJ Schmidt
10.21105/joss.05467,JOSS,2,Aristana Scourtas
10.21105/joss.05467,JOSS,3,Logan Ward
10.21105/joss.05467,JOSS,4,Steve Wangen
10.21105/joss.05467,JOSS,5,Marcus Schwarting
10.21105/joss.05467,JOSS,6,Isaac Darling
10.21105/joss.05467,JOSS,7,Ethan Truelove
10.21105/joss.05467,JOSS,8,Aadit Ambadkar
10.21105/joss.05467,JOSS,9,Ribhav Bose
10.21105/joss.05467,JOSS,10,Zoa Katok
10.21105/joss.05467,JOSS,11,Jingrui Wei
10.21105/joss.05467,JOSS,12,Xiangguo Li
10.21105/joss.05467,JOSS,13,Ryan Jacobs
10.21105/joss.05467,JOSS,14,Lane Schultz
10.21105/joss.05467,JOSS,15,Doyeon Kim
10.21105/joss.05467,JOSS,16,Michael Ferris
10.21105/joss.05467,JOSS,17,Paul M. Voyles
10.21105/joss.05467,JOSS,18,Dane Morgan
10.21105/joss.05467,JOSS,19,Ian Foster
10.21105/joss.05467,JOSS,20,Ben Blaiszik
10.21105/joss.04033,JOSS,1,Kelly A. Douglass
10.21105/joss.04033,JOSS,2,Dahlia Veyrat
10.21105/joss.04033,JOSS,3,Stephen W. O’Neill Jr.
10.21105/joss.04033,JOSS,4,Segev BenZvi
10.21105/joss.04033,JOSS,5,Fatima Zaidouni
10.21105/joss.04033,JOSS,6,Michaela Guzzetti
10.21105/joss.04593,JOSS,1,Paul Ortmann
10.21105/joss.04593,JOSS,2,Chris M. J. Tampère
10.21105/joss.01906,JOSS,1,Kenneth Ho
10.21105/joss.01857,JOSS,1,Hugo Gruson
10.21105/joss.01857,JOSS,2,Thomas White
10.21105/joss.01857,JOSS,3,Rafael Maia
10.21105/joss.05694,JOSS,1,Gurjeet Sangra Singh
10.21105/joss.05694,JOSS,2,Luigi Acerbi
10.21105/joss.00045,JOSS,1,Samuel Hinton
10.21105/joss.04367,JOSS,1,Jonah M. Miller
10.21105/joss.04367,JOSS,2,Daniel Holladay
10.21105/joss.04367,JOSS,3,Chad D. Meyer
10.21105/joss.04367,JOSS,4,Joshua C. Dolence
10.21105/joss.04367,JOSS,5,Sriram Swaminarayan
10.21105/joss.04367,JOSS,6,Christopher M. Mauney
10.21105/joss.04367,JOSS,7,Karen Tsai
10.21105/joss.08879,JOSS,1,Maxim Moraru
10.21105/joss.08879,JOSS,2,Weiyi Xia
10.21105/joss.08879,JOSS,3,Zhuo Ye
10.21105/joss.08879,JOSS,4,Feng Zhang
10.21105/joss.08879,JOSS,5,Yongxin Yao
10.21105/joss.08879,JOSS,6,Ying Wai Li
10.21105/joss.08879,JOSS,7,Cai-Zhuang Wang
10.21105/joss.06912,JOSS,1,M. P. van der Schelling
10.21105/joss.06912,JOSS,2,B. P. Ferreira
10.21105/joss.06912,JOSS,3,M. A. Bessa
10.21105/joss.06710,JOSS,1,Gaël Forget
10.21105/joss.09368,JOSS,1,Subhajit Kar
10.21105/joss.09950,JOSS,1,Mohammed Ali
10.21105/joss.09950,JOSS,2,Ali Ezzat
10.21105/joss.07151,JOSS,1,Joan Maspons
10.21105/joss.08497,JOSS,1,Benjamin Smith
10.21105/joss.08497,JOSS,2,Jianhui Gao
10.21105/joss.08497,JOSS,3,Benson Chou
10.21105/joss.08497,JOSS,4,Jessica Gronsbell
10.21105/joss.08781,JOSS,1,Joshua W. Lambert
10.21105/joss.08781,JOSS,2,Adam J. Kucharski
10.21105/joss.08781,JOSS,3,Carmen Tamayo Cuartero
10.21105/joss.03771,JOSS,1,Pak Li
10.21105/joss.03771,JOSS,2,Andrew Cunningham
10.21105/joss.03771,JOSS,3,Brandt Gaches
10.21105/joss.03771,JOSS,4,Richard Klein
10.21105/joss.03771,JOSS,5,Mark Krumholz
10.21105/joss.03771,JOSS,6,Aaron Lee
10.21105/joss.03771,JOSS,7,Christopher McKee
10.21105/joss.03771,JOSS,8,Stella Offner
10.21105/joss.03771,JOSS,9,Anna Rosen
10.21105/joss.03771,JOSS,10,Aaron Skinner
10.21105/joss.05995,JOSS,1,Andrew S. Rosen
10.21105/joss.05995,JOSS,2,Max Gallant
10.21105/joss.05995,JOSS,3,Janine George
10.21105/joss.05995,JOSS,4,Janosh Riebesell
10.21105/joss.05995,JOSS,5,Hrushikesh Sahasrabuddhe
10.21105/joss.05995,JOSS,6,Jimmy-Xuan Shen
10.21105/joss.05995,JOSS,7,Mingjian Wen
10.21105/joss.05995,JOSS,8,Matthew L. Evans
10.21105/joss.05995,JOSS,9,Guido Petretto
10.21105/joss.05995,JOSS,10,David Waroquiers
10.21105/joss.05995,JOSS,11,Gian-Marco Rignanese
10.21105/joss.05995,JOSS,12,Kristin A. Persson
10.21105/joss.05995,JOSS,13,Anubhav Jain
10.21105/joss.05995,JOSS,14,Alex M. Ganose
10.21105/joss.02804,JOSS,1,Tristan Salles
10.21105/joss.02804,JOSS,2,Claire Mallard
10.21105/joss.02804,JOSS,3,Sabin Zahirovic
10.21105/joss.03210,JOSS,1,Jens Lange
10.21105/joss.10104,JOSS,1,A Samuel Pottinger
10.21105/joss.10104,JOSS,2,Balaji Natarajan
10.21105/joss.10104,JOSS,3,Magali de Bruyn
10.21105/joss.10104,JOSS,4,Ciera C. Martinez
10.21105/joss.05026,JOSS,1,Ryan R. Curtin
10.21105/joss.05026,JOSS,2,Marcus Edel
10.21105/joss.05026,JOSS,3,Omar Shrit
10.21105/joss.05026,JOSS,4,Shubham Agrawal
10.21105/joss.05026,JOSS,5,Suryoday Basak
10.21105/joss.05026,JOSS,6,James J. Balamuta
10.21105/joss.05026,JOSS,7,Ryan Birmingham
10.21105/joss.05026,JOSS,8,Kartik Dutt
10.21105/joss.05026,JOSS,9,Dirk Eddelbuettel
10.21105/joss.05026,JOSS,10,Rishabh Garg
10.21105/joss.05026,JOSS,11,Shikhar Jaiswal
10.21105/joss.05026,JOSS,12,Aakash Kaushik
10.21105/joss.05026,JOSS,13,Sangyeon Kim
10.21105/joss.05026,JOSS,14,Anjishnu Mukherjee
10.21105/joss.05026,JOSS,15,Nanubala Gnana Sai
10.21105/joss.05026,JOSS,16,Nippun Sharma
10.21105/joss.05026,JOSS,17,Yashwant Singh Parihar
10.21105/joss.05026,JOSS,18,Roshan Swain
10.21105/joss.05026,JOSS,19,Conrad Sanderson
10.21105/joss.07764,JOSS,1,Niklas M. Melton
10.21105/joss.07764,JOSS,2,Dustin Tanksley
10.21105/joss.07764,JOSS,3,Donald C. Wunsch II
10.21105/joss.08284,JOSS,1,Adam Kewley
10.21105/joss.08284,JOSS,2,Julia van Beesel
10.21105/joss.08284,JOSS,3,Ajay Seth
10.21105/joss.01698,JOSS,1,Toni Giorgino
10.21105/joss.05854,JOSS,1,Ziheng ‘Leo’ Li
10.21105/joss.05854,JOSS,2,Haowen ‘John’ Wei
10.21105/joss.05854,JOSS,3,Ziwen Xie
10.21105/joss.05854,JOSS,4,Yunxiang Peng
10.21105/joss.05854,JOSS,5,June Pyo Suh
10.21105/joss.05854,JOSS,6,Steven Feiner
10.21105/joss.05854,JOSS,7,Paul Sajda
10.21105/joss.05348,JOSS,1,Lorenzo V. Mugnai
10.21105/joss.05348,JOSS,2,Andrea Bocchieri
10.21105/joss.05348,JOSS,3,Enzo Pascale
10.21105/joss.00106,JOSS,1,Sean M Hughes
10.21105/joss.01118,JOSS,1,Kasper Peeters
10.21105/joss.10136,JOSS,1,Ekin Winogradow
10.21105/joss.10136,JOSS,2,Johannes Scheffler
10.21105/joss.10136,JOSS,3,Moritz Leucke
10.21105/joss.10136,JOSS,4,Thomas Heine
10.21105/joss.10136,JOSS,5,Dorothea Golze
10.21105/joss.04708,JOSS,1,Charles Prud’homme
10.21105/joss.04708,JOSS,2,Jean-Guillaume Fages
10.21105/joss.09149,JOSS,1,Philip G. Brodrick
10.21105/joss.09149,JOSS,2,Francisco Ochoa
10.21105/joss.09149,JOSS,3,Gregory Okin
10.21105/joss.09149,JOSS,4,Vatsal A. Jhalani
10.21105/joss.09149,JOSS,5,Winston Olson-Duvall
10.21105/joss.09149,JOSS,6,Sarah R. Lundeen
10.21105/joss.09149,JOSS,7,David R. Thompson
10.21105/joss.09149,JOSS,8,Robert O. Green
10.21105/joss.03598,JOSS,1,Derek Fujimoto
10.21105/joss.05947,JOSS,1,Marios S. Kyriakou
10.21105/joss.05947,JOSS,2,Marios Demetriades
10.21105/joss.05947,JOSS,3,Stelios G. Vrachimis
10.21105/joss.05947,JOSS,4,Demetrios G. Eliades
10.21105/joss.05947,JOSS,5,Marios M. Polycarpou
10.21105/joss.06383,JOSS,1,Gabriele Ottino
10.21105/joss.06383,JOSS,2,Daniele Panico
10.21105/joss.06383,JOSS,3,Daniele Tomatis
10.21105/joss.06383,JOSS,4,Pierre-Alexandre Pantel
10.21105/joss.06274,JOSS,1,Theresa Klütz
10.21105/joss.06274,JOSS,2,Kevin Knosala
10.21105/joss.06274,JOSS,3,Johannes Behrens
10.21105/joss.06274,JOSS,4,Rachel Maier
10.21105/joss.06274,JOSS,5,Maximilian Hoffmann
10.21105/joss.06274,JOSS,6,Noah Pflugradt
10.21105/joss.06274,JOSS,7,Detlef Stolten
10.21105/joss.01896,JOSS,1,Stefan Appelhoff
10.21105/joss.01896,JOSS,2,Matthew Sanderson
10.21105/joss.01896,JOSS,3,Teon Brooks
10.21105/joss.01896,JOSS,4,Marijn van Vliet
10.21105/joss.01896,JOSS,5,Romain Quentin
10.21105/joss.01896,JOSS,6,Chris Holdgraf
10.21105/joss.01896,JOSS,7,Maximilien Chaumon
10.21105/joss.01896,JOSS,8,Ezequiel Mikulan
10.21105/joss.01896,JOSS,9,Kambiz Tavabi
10.21105/joss.01896,JOSS,10,Richard Höchenberger
10.21105/joss.01896,JOSS,11,Dominik Welke
10.21105/joss.01896,JOSS,12,Clemens Brunner
10.21105/joss.01896,JOSS,13,Alexander Rockhill
10.21105/joss.01896,JOSS,14,Eric Larson
10.21105/joss.01896,JOSS,15,Alexandre Gramfort
10.21105/joss.01896,JOSS,16,Mainak Jas
10.21105/joss.05464,JOSS,1,Jonas Schmidt
10.21105/joss.05464,JOSS,2,Lukas Vollmer
10.21105/joss.05464,JOSS,3,Martin Dörenkämper
10.21105/joss.05464,JOSS,4,Bernhard Stoevesandt
10.21105/joss.02614,JOSS,1,Matija Čufar
10.21105/joss.01132,JOSS,1,Pieter Gijsbers
10.21105/joss.01132,JOSS,2,Joaquin Vanschoren
10.21105/joss.07855,JOSS,1,Kurt Irvin M. Rojas
10.21105/joss.07855,JOSS,2,Yoshitada Morikawa
10.21105/joss.07855,JOSS,3,Ikutaro Hamada
10.21105/joss.03941,JOSS,1,Michael Hall
10.21105/joss.03722,JOSS,1,Ajay Khanna
10.21105/joss.03722,JOSS,2,David Larson
10.21105/joss.03722,JOSS,3,Sridhar Srivatsan
10.21105/joss.03722,JOSS,4,Matthew Mosior
10.21105/joss.03722,JOSS,5,Travis Abbott
10.21105/joss.03722,JOSS,6,Susanna Kiwala
10.21105/joss.03722,JOSS,7,Timothy Ley
10.21105/joss.03722,JOSS,8,Eric Duncavage
10.21105/joss.03722,JOSS,9,Matthew Walter
10.21105/joss.03722,JOSS,10,Jason Walker
10.21105/joss.03722,JOSS,11,Obi Griffith
10.21105/joss.03722,JOSS,12,Malachi Griffith
10.21105/joss.03722,JOSS,13,Christopher Miller
10.21105/joss.03092,JOSS,1,Clemens Schmid
10.21105/joss.03092,JOSS,2,Stephan Schiffels
10.21105/joss.06708,JOSS,1,Joshua Benjamin Schramm
10.21105/joss.06708,JOSS,2,Marcel Lichters
10.21105/joss.06934,JOSS,1,Zhiyi Wu
10.21105/joss.06934,JOSS,2,David L. Dotson
10.21105/joss.06934,JOSS,3,Irfan Alibay
10.21105/joss.06934,JOSS,4,Bryce K. Allen
10.21105/joss.06934,JOSS,5,Mohammad Soroush Barhaghi
10.21105/joss.06934,JOSS,6,Jérôme Hénin
10.21105/joss.06934,JOSS,7,Thomas T. Joseph
10.21105/joss.06934,JOSS,8,Ian M. Kenney
10.21105/joss.06934,JOSS,9,Hyungro Lee
10.21105/joss.06934,JOSS,10,Haoxi Li
10.21105/joss.06934,JOSS,11,Victoria Lim
10.21105/joss.06934,JOSS,12,Shuai Liu
10.21105/joss.06934,JOSS,13,Domenico Marson
10.21105/joss.06934,JOSS,14,Pascal T. Merz
10.21105/joss.06934,JOSS,15,Alexander Schlaich
10.21105/joss.06934,JOSS,16,David Mobley
10.21105/joss.06934,JOSS,17,Michael R. Shirts
10.21105/joss.06934,JOSS,18,Oliver Beckstein
10.21105/joss.00861,JOSS,1,Leland McInnes
10.21105/joss.00861,JOSS,2,John Healy
10.21105/joss.00861,JOSS,3,Nathaniel Saul
10.21105/joss.00861,JOSS,4,Lukas Großberger
10.21105/joss.05923,JOSS,1,Keneth Garcia-Cifuentes
10.21105/joss.05923,JOSS,2,Rosa L. Becerra
10.21105/joss.05923,JOSS,3,Fabio De Colle
10.21105/joss.01244,JOSS,1,Scott Kolodziej
10.21105/joss.01244,JOSS,2,Mohsen Aznaveh
10.21105/joss.01244,JOSS,3,Matthew Bullock
10.21105/joss.01244,JOSS,4,Jarrett David
10.21105/joss.01244,JOSS,5,Timothy Davis
10.21105/joss.01244,JOSS,6,Matthew Henderson
10.21105/joss.01244,JOSS,7,Yifan Hu
10.21105/joss.01244,JOSS,8,Read Sandstrom
10.21105/joss.03139,JOSS,1,Daniel Lüdecke
10.21105/joss.03139,JOSS,2,Mattan Ben-Shachar
10.21105/joss.03139,JOSS,3,Indrajeet Patil
10.21105/joss.03139,JOSS,4,Philip Waggoner
10.21105/joss.03139,JOSS,5,Dominique Makowski
10.21105/joss.04719,JOSS,1,Isabel Pietka
10.21105/joss.04719,JOSS,2,Ralf Drautz
10.21105/joss.04719,JOSS,3,Thomas Hammerschmidt
10.21105/joss.04306,JOSS,1,Roman Parise
10.21105/joss.04306,JOSS,2,Georgios Is. Detorakis
10.21105/joss.06836,JOSS,1,Santiago Ospina De Los Ríos
10.21105/joss.06836,JOSS,2,Peter Bastian
10.21105/joss.06836,JOSS,3,Liam Keegan
10.21105/joss.06836,JOSS,4,Sven Sahle
10.21105/joss.06836,JOSS,5,Dylan Vermoortele
10.21105/joss.06836,JOSS,6,Lilija Wehling
10.21105/joss.07561,JOSS,1,Clemens Eppner
10.21105/joss.07561,JOSS,2,Adithyavairavan Murali
10.21105/joss.07561,JOSS,3,Caelan Garrett
10.21105/joss.07561,JOSS,4,Rowland O’Flaherty
10.21105/joss.07561,JOSS,5,Tucker Hermans
10.21105/joss.07561,JOSS,6,Wei Yang
10.21105/joss.07561,JOSS,7,Dieter Fox
10.21105/joss.04074,JOSS,1,Rafael Henkin
10.21105/joss.04074,JOSS,2,Michael Barnes
10.21105/joss.06625,JOSS,1,Julian Boesch
10.21105/joss.06123,JOSS,1,Maik Budzinski
10.21105/joss.06123,JOSS,2,Joao F. D. Rodrigues
10.21105/joss.06123,JOSS,3,Mathieu Delpierre
10.21105/joss.06201,JOSS,1,Marc E. Canby
10.21105/joss.03220,JOSS,1,Juniper L. Simonis
10.21105/joss.03220,JOSS,2,Glenda M. Yenni
10.21105/joss.03220,JOSS,3,Ellen K. Bledsoe
10.21105/joss.03220,JOSS,4,Erica M. Christensen
10.21105/joss.03220,JOSS,5,Henry Senyondo
10.21105/joss.03220,JOSS,6,Shawn D. Taylor
10.21105/joss.03220,JOSS,7,Hao Ye
10.21105/joss.03220,JOSS,8,Ethan P. White
10.21105/joss.03220,JOSS,9,S. K. Morgan Ernest
10.21105/joss.04442,JOSS,1,Eric S. Tellez
10.21105/joss.04442,JOSS,2,Guillermo Ruiz
10.21105/joss.08478,JOSS,1,Sara A. Miskovich
10.21105/joss.08478,JOSS,2,Bennet E. Meyers
10.21105/joss.08478,JOSS,3,Elpiniki Apostolaki-Iosifidou
10.21105/joss.08478,JOSS,4,Claire Berschauer
10.21105/joss.08478,JOSS,5,Chengcheng Ding
10.21105/joss.08478,JOSS,6,Aramis Dufour
10.21105/joss.08478,JOSS,7,David Jose Florez Rodriguez
10.21105/joss.08478,JOSS,8,Jonathan Goncalves
10.21105/joss.08478,JOSS,9,Alejandro Londono-Hurtado
10.21105/joss.08478,JOSS,10,Victor-Haoyang Lian
10.21105/joss.08478,JOSS,11,Tristan Lin
10.21105/joss.08478,JOSS,12,Junlin Luo
10.21105/joss.08478,JOSS,13,Xiao Ming
10.21105/joss.08478,JOSS,14,Duncan Ragsdale
10.21105/joss.08478,JOSS,15,Derin Serbetcioglu
10.21105/joss.08478,JOSS,16,Shixian Sheng
10.21105/joss.08478,JOSS,17,Jose St Louis
10.21105/joss.08478,JOSS,18,Tadatoshi Takahashi
10.21105/joss.08478,JOSS,19,Nimish Telang
10.21105/joss.08478,JOSS,20,Mitchell Victoriano
10.21105/joss.08478,JOSS,21,Haoxi Zhang
10.21105/joss.08478,JOSS,22,Nimish Yadav
10.21105/joss.02949,JOSS,1,Luka Pečnik
10.21105/joss.02949,JOSS,2,Iztok Fister
10.21105/joss.01141,JOSS,1,Blaise Thompson
10.21105/joss.01141,JOSS,2,Kyle Sunden
10.21105/joss.01141,JOSS,3,Darien Morrow
10.21105/joss.01141,JOSS,4,Daniel Kohler
10.21105/joss.01141,JOSS,5,John Wright
10.21105/joss.06868,JOSS,1,Qile Yang
10.21105/joss.04363,JOSS,1,Clément Agret
10.21105/joss.04363,JOSS,2,Annie Chateau
10.21105/joss.04363,JOSS,3,Gaetan Droc
10.21105/joss.04363,JOSS,4,Gautier Sarah
10.21105/joss.04363,JOSS,5,Manuel Ruiz
10.21105/joss.04363,JOSS,6,Alban Mancheron
10.21105/joss.02348,JOSS,1,Matthias Mittner
10.21105/joss.03824,JOSS,1,Christopher Cave-Ayland
10.21105/joss.03824,JOSS,2,Michael Bearpark
10.21105/joss.03824,JOSS,3,Charles Romain
10.21105/joss.03824,JOSS,4,Henry Rzepa
10.21105/joss.00921,JOSS,1,Lyndon White
10.21105/joss.00921,JOSS,2,Sebastin Santy
10.21105/joss.01266,JOSS,1,Mikkel Andersen
10.21105/joss.01021,JOSS,1,Andrew Page
10.21105/joss.01021,JOSS,2,Torsten Seemann
10.21105/joss.02116,JOSS,1,Johannes Titz
10.21105/joss.02694,JOSS,1,Kristen Yeh
10.21105/joss.02694,JOSS,2,Sophie Castel
10.21105/joss.02694,JOSS,3,Naomi Stock
10.21105/joss.02694,JOSS,4,Theresa Stotesbury
10.21105/joss.02694,JOSS,5,Wesley Burr
10.21105/joss.01675,JOSS,1,Sohrab Towfighi
10.21105/joss.02164,JOSS,1,Minnie Joo
10.21105/joss.02164,JOSS,2,Nicolás Schmidt
10.21105/joss.02164,JOSS,3,Sergio Béjar
10.21105/joss.02164,JOSS,4,Vineeta Yadav
10.21105/joss.02164,JOSS,5,Bumba Mukherjee
10.21105/joss.02761,JOSS,1,Philip Meier
10.21105/joss.02761,JOSS,2,Volker Lohweg
10.21105/joss.00153,JOSS,1,Matthew M McCormick
10.21105/joss.00153,JOSS,2,Mark L Palmeri
10.21105/joss.00153,JOSS,3,Jean-Christophe Fillion-Robin
10.21105/joss.00153,JOSS,4,Stephen Aylward
10.21105/joss.02395,JOSS,1,Jason Nance
10.21105/joss.02395,JOSS,2,Peter Baumgartner
10.21105/joss.04818,JOSS,1,He Zhang
10.21105/joss.07435,JOSS,1,Matthew T. Warkentin
10.21105/joss.07435,JOSS,2,John M. Hutchinson
10.21105/joss.07435,JOSS,3,Yibing Ruan
10.21105/joss.07435,JOSS,4,Darren R. Brenner
10.21105/joss.00116,JOSS,1,René L. Warren
10.21105/joss.03168,JOSS,1,David Montero
10.21105/joss.04908,JOSS,1,Christopher Pockrandt
10.21105/joss.04908,JOSS,2,Aleksey V. Zimin
10.21105/joss.04908,JOSS,3,Steven L. Salzberg
10.21105/joss.08178,JOSS,1,Mike Du
10.21105/joss.08178,JOSS,2,Núria Mercadé-Besora
10.21105/joss.08178,JOSS,3,Marta Alcalde-Herraiz
10.21105/joss.08178,JOSS,4,Xihang Chen
10.21105/joss.08178,JOSS,5,Yuchen Guo
10.21105/joss.08178,JOSS,6,Kim López-Güell
10.21105/joss.08178,JOSS,7,Edward Burn
10.21105/joss.08178,JOSS,8,Martí Català
10.21105/joss.06024,JOSS,1,Frederik L. Johansen
10.21105/joss.06024,JOSS,2,Andy S. Anker
10.21105/joss.06024,JOSS,3,Ulrik Friis-Jensen
10.21105/joss.06024,JOSS,4,Erik B. Dam
10.21105/joss.06024,JOSS,5,Kirsten M. Ø. Jensen
10.21105/joss.06024,JOSS,6,Raghavendra Selvan
10.21105/joss.01701,JOSS,1,Jonas Radtke
10.21105/joss.01701,JOSS,2,Guilherme Bertoldo
10.21105/joss.01701,JOSS,3,Carlos Marchi
10.21105/joss.03526,JOSS,1,Nils Lüttschwager
10.21105/joss.01147,JOSS,1,Ian Bell
10.21105/joss.02554,JOSS,1,Steven Goldman
10.21105/joss.01095,JOSS,1,Matthew Gidden
10.21105/joss.01095,JOSS,2,Daniel Huppmann
10.21105/joss.02597,JOSS,1,Jonathan Demaeyer
10.21105/joss.02597,JOSS,2,Lesley De Cruz
10.21105/joss.02597,JOSS,3,Stéphane Vannitsem
10.21105/joss.09501,JOSS,1,Ivan Borisov
10.21105/joss.09501,JOSS,2,Aleksander Demin
10.21105/joss.09501,JOSS,3,Evgeny Metelkin
10.21105/joss.07079,JOSS,1,Patrick Quéméré
10.21105/joss.07079,JOSS,2,Thomas David
10.21105/joss.06696,JOSS,1,Dennis Mronga
10.21105/joss.06696,JOSS,2,Frank Kirchner
10.21105/joss.09281,JOSS,1,Sebastian Krahmer
10.21105/joss.09281,JOSS,2,Sasan Jacob Rasti
10.21105/joss.09281,JOSS,3,Laura Fiedler
10.21105/joss.09281,JOSS,4,Maximilian Schmidt
10.21105/joss.09886,JOSS,1,Jin-Guo Liu
10.21105/joss.09886,JOSS,2,Xuanzhao Gao
10.21105/joss.09886,JOSS,3,Richard Samuelson
10.21105/joss.05731,JOSS,1,Carsten Lemmen
10.21105/joss.05731,JOSS,2,Sascha Hokamp
10.21105/joss.05731,JOSS,3,Serra Örey
10.21105/joss.05731,JOSS,4,Jürgen Scheffran
10.21105/joss.04120,JOSS,1,Leonid P. Pryadko
10.21105/joss.04120,JOSS,2,Vadim A. Shabashov
10.21105/joss.04120,JOSS,3,Valerii K. Kozin
10.21105/joss.01410,JOSS,1,Louis Moresi
10.21105/joss.01410,JOSS,2,Ben Mather
10.21105/joss.02699,JOSS,1,Florian Faucher
10.21105/joss.03079,JOSS,1,Jeffrey Oishi
10.21105/joss.03079,JOSS,2,Keaton Burns
10.21105/joss.03079,JOSS,3,S. Clark
10.21105/joss.03079,JOSS,4,Evan Anders
10.21105/joss.03079,JOSS,5,Benjamin Brown
10.21105/joss.03079,JOSS,6,Geoffrey Vasil
10.21105/joss.03079,JOSS,7,Daniel Lecoanet
10.21105/joss.05434,JOSS,1,Maxime Lenormand
10.21105/joss.03038,JOSS,1,Malte Brunn
10.21105/joss.03038,JOSS,2,Naveen Himthani
10.21105/joss.03038,JOSS,3,George Biros
10.21105/joss.03038,JOSS,4,Miriam Mehl
10.21105/joss.03038,JOSS,5,Andreas Mang
10.21105/joss.00281,JOSS,1,Alexander Bock
10.21105/joss.00281,JOSS,2,Emil Axelsson
10.21105/joss.00281,JOSS,3,Karl Bladin
10.21105/joss.00281,JOSS,4,Jonathas Costa
10.21105/joss.00281,JOSS,5,Gene Payne
10.21105/joss.00281,JOSS,6,Matthew Territo
10.21105/joss.00281,JOSS,7,Joakim Kilby
10.21105/joss.00281,JOSS,8,Masha Kuznetsova
10.21105/joss.00281,JOSS,9,Carter Emmart
10.21105/joss.00281,JOSS,10,Anders Ynnerman
10.21105/joss.00402,JOSS,1,Michael Kane
10.21105/joss.08053,JOSS,1,Hannah N. Turney
10.21105/joss.08053,JOSS,2,Micaela Matta
10.21105/joss.00053,JOSS,1,Rodrigo V Honorato
10.21105/joss.03738,JOSS,1,Jason Gellis
10.21105/joss.03738,JOSS,2,Camila Smith
10.21105/joss.03738,JOSS,3,Robert Foley
10.21105/joss.00782,JOSS,1,David H Hagan
10.21105/joss.00782,JOSS,2,Andrew Tolmie
10.21105/joss.00782,JOSS,3,Jakub Trochim
10.21105/joss.01912,JOSS,1,Kipngeno Kirui
10.21105/joss.01912,JOSS,2,Alois Pichler
10.21105/joss.01912,JOSS,3,Georg Pflug
10.21105/joss.06745,JOSS,1,Daniel Turek
10.21105/joss.06745,JOSS,2,Perry de Valpine
10.21105/joss.06745,JOSS,3,Christopher J. Paciorek
10.21105/joss.03325,JOSS,1,Arthur Voronin
10.21105/joss.03325,JOSS,2,Alexander Schug
10.21105/joss.01957,JOSS,1,Roman Feldbauer
10.21105/joss.01957,JOSS,2,Thomas Rattei
10.21105/joss.01957,JOSS,3,Arthur Flexer
10.21105/joss.02430,JOSS,1,Josh Borrow
10.21105/joss.02430,JOSS,2,Alexei Borrisov
10.21105/joss.04900,JOSS,1,Edward Antonian
10.21105/joss.04900,JOSS,2,Gareth W. Peters
10.21105/joss.04900,JOSS,3,Michael Chantler
10.21105/joss.01833,JOSS,1,Samuel Letellier-Duchesne
10.21105/joss.01833,JOSS,2,Louis Leroy
10.21105/joss.00465,JOSS,1,Daniel Suess
10.21105/joss.00465,JOSS,2,Milan Holzäpfel
10.21105/joss.07081,JOSS,1,Connor Stone
10.21105/joss.07081,JOSS,2,Alexandre Adam
10.21105/joss.07081,JOSS,3,Adam Coogan
10.21105/joss.07081,JOSS,4,M. J. Yantovski-Barth
10.21105/joss.07081,JOSS,5,Andreas Filipp
10.21105/joss.07081,JOSS,6,Landung Setiawan
10.21105/joss.07081,JOSS,7,Cordero Core
10.21105/joss.07081,JOSS,8,Ronan Legin
10.21105/joss.07081,JOSS,9,Charles Wilson
10.21105/joss.07081,JOSS,10,Gabriel Missael Barco
10.21105/joss.07081,JOSS,11,Yashar Hezaveh
10.21105/joss.07081,JOSS,12,Laurence Perreault-Levasseur
10.21105/joss.03959,JOSS,1,Samuel Burbulla
10.21105/joss.03959,JOSS,2,Andreas Dedner
10.21105/joss.03959,JOSS,3,Maximilian Hörl
10.21105/joss.03959,JOSS,4,Christian Rohde
10.21105/joss.00738,JOSS,1,Ryan G. James
10.21105/joss.00738,JOSS,2,Christopher J. Ellison
10.21105/joss.00738,JOSS,3,James P. Crutchfield
10.21105/joss.04280,JOSS,1,Christopher L. Aberson
10.21105/joss.08134,JOSS,1,Fredrick Bunt
10.21105/joss.08134,JOSS,2,Jesse Johnson
10.21105/joss.08134,JOSS,3,John Hogland
10.21105/joss.04022,JOSS,1,Charles Li
10.21105/joss.04303,JOSS,1,Sietze Norder
10.21105/joss.04303,JOSS,2,Laura Becker
10.21105/joss.04303,JOSS,3,Hedvig Skirgård
10.21105/joss.04303,JOSS,4,Leonardo Arias
10.21105/joss.04303,JOSS,5,Alena Witzlack-Makarevich
10.21105/joss.04303,JOSS,6,Rik van Gijn
10.21105/joss.03634,JOSS,1,Mingze Huang
10.21105/joss.03634,JOSS,2,Christian Müller
10.21105/joss.03634,JOSS,3,Irina Gaynanova
10.21105/joss.01387,JOSS,1,Jacob Lustig-Yaeger
10.21105/joss.01387,JOSS,2,Tyler Robinson
10.21105/joss.01387,JOSS,3,Giada Arney
10.21105/joss.05688,JOSS,1,Lingfeng Luo
10.21105/joss.05688,JOSS,2,Wenbo Wu
10.21105/joss.05688,JOSS,3,Jeremy M. G. Taylor
10.21105/joss.05688,JOSS,4,Jian Kang
10.21105/joss.05688,JOSS,5,Michael J. Kleinsasser
10.21105/joss.05688,JOSS,6,Kevin He
10.21105/joss.08600,JOSS,1,Damien Delforge
10.21105/joss.08600,JOSS,2,Alice Alonso
10.21105/joss.08600,JOSS,3,Olivier de Viron
10.21105/joss.08600,JOSS,4,Marnik Vanclooster
10.21105/joss.08600,JOSS,5,Niko Speybroeck
10.21105/joss.09109,JOSS,1,Rishi Koneru
10.21105/joss.09109,JOSS,2,Manjari Anant
10.21105/joss.09109,JOSS,3,Hyopil Kim
10.21105/joss.09109,JOSS,4,Julian Cheron
10.21105/joss.09109,JOSS,5,Justus M. Kebschull
10.21105/joss.04902,JOSS,1,Tomasz Tarkowski
10.21105/joss.08871,JOSS,1,Tomas Chlubna
10.21105/joss.06263,JOSS,1,Stefano Scali
10.21105/joss.06263,JOSS,2,Simon Horsley
10.21105/joss.06263,JOSS,3,Janet Anders
10.21105/joss.06263,JOSS,4,Federico Cerisola
10.21105/joss.00046,JOSS,1,Sebastian Bocquet
10.21105/joss.00046,JOSS,2,Faustin W. Carter
10.21105/joss.01699,JOSS,1,Kelly Kochanski
10.21105/joss.01699,JOSS,2,Gian-Carlo Defazio
10.21105/joss.01699,JOSS,3,Eric Green
10.21105/joss.01699,JOSS,4,Richard Barnes
10.21105/joss.01699,JOSS,5,Carlos Downie
10.21105/joss.01699,JOSS,6,Adam Rubin
10.21105/joss.01699,JOSS,7,Barry Rountree
10.21105/joss.05296,JOSS,1,Daniel F. Ryan
10.21105/joss.05296,JOSS,2,Stuart Mumford
10.21105/joss.05296,JOSS,3,Yash Sharma
10.21105/joss.05296,JOSS,4,Ankit Kumar Baruah
10.21105/joss.05296,JOSS,5,Adwait Bhope
10.21105/joss.05296,JOSS,6,Nabil Freij
10.21105/joss.05296,JOSS,7,Laura A. Hayes
10.21105/joss.05296,JOSS,8,Will T. Barnes
10.21105/joss.05296,JOSS,9,Baptiste Pellorce
10.21105/joss.05296,JOSS,10,Richard O’Steen
10.21105/joss.05296,JOSS,11,Derek Homeier
10.21105/joss.05296,JOSS,12,J. Marcus Hughes
10.21105/joss.05296,JOSS,13,David Stansby
10.21105/joss.05296,JOSS,14,Albert Y. Shih
10.21105/joss.05296,JOSS,15,Matthew J. West
10.21105/joss.04193,JOSS,1,Zebulun W. Arendsee
10.21105/joss.04193,JOSS,2,Amy L. Vincent Baker
10.21105/joss.04193,JOSS,3,Tavis K. Anderson
10.21105/joss.05820,JOSS,1,Bernd Hofmann
10.21105/joss.05820,JOSS,2,Paula Respondek
10.21105/joss.05820,JOSS,3,Simon B. Adrian
10.21105/joss.01926,JOSS,1,Malcolm Morgan
10.21105/joss.01926,JOSS,2,Marcus Young
10.21105/joss.01926,JOSS,3,Robin Lovelace
10.21105/joss.01926,JOSS,4,Layik Hama
10.21105/joss.05340,JOSS,1,Kevin Michalewicz
10.21105/joss.05340,JOSS,2,Martin Millon
10.21105/joss.05340,JOSS,3,Frédéric Dux
10.21105/joss.05340,JOSS,4,Frédéric Courbin
10.21105/joss.05428,JOSS,1,Bobby Huggins
10.21105/joss.05428,JOSS,2,Chengkun Li
10.21105/joss.05428,JOSS,3,Marlon Tobaben
10.21105/joss.05428,JOSS,4,Mikko J. Aarnos
10.21105/joss.05428,JOSS,5,Luigi Acerbi
10.21105/joss.07008,JOSS,1,Kidus Asfaw
10.21105/joss.07008,JOSS,2,Joonha Park
10.21105/joss.07008,JOSS,3,Aaron A. King
10.21105/joss.07008,JOSS,4,Edward L. Ionides
10.21105/joss.08457,JOSS,1,Maxime Paschoud
10.21105/joss.08457,JOSS,2,Luca Michel
10.21105/joss.08457,JOSS,3,David S. Kammer
10.21105/joss.03262,JOSS,1,Yaroslav Halchenko
10.21105/joss.03262,JOSS,2,Kyle Meyer
10.21105/joss.03262,JOSS,3,Benjamin Poldrack
10.21105/joss.03262,JOSS,4,Debanjum Solanky
10.21105/joss.03262,JOSS,5,Adina Wagner
10.21105/joss.03262,JOSS,6,Jason Gors
10.21105/joss.03262,JOSS,7,Dave MacFarlane
10.21105/joss.03262,JOSS,8,Dorian Pustina
10.21105/joss.03262,JOSS,9,Vanessa Sochat
10.21105/joss.03262,JOSS,10,Satrajit Ghosh
10.21105/joss.03262,JOSS,11,Christian Mönch
10.21105/joss.03262,JOSS,12,Christopher Markiewicz
10.21105/joss.03262,JOSS,13,Laura Waite
10.21105/joss.03262,JOSS,14,Ilya Shlyakhter
10.21105/joss.03262,JOSS,15,Alejandro de la Vega
10.21105/joss.03262,JOSS,16,Soichi Hayashi
10.21105/joss.03262,JOSS,17,Christian Häusler
10.21105/joss.03262,JOSS,18,Jean-Baptiste Poline
10.21105/joss.03262,JOSS,19,Tobias Kadelka
10.21105/joss.03262,JOSS,20,Kusti Skytén
10.21105/joss.03262,JOSS,21,Dorota Jarecka
10.21105/joss.03262,JOSS,22,David Kennedy
10.21105/joss.03262,JOSS,23,Ted Strauss
10.21105/joss.03262,JOSS,24,Matt Cieslak
10.21105/joss.03262,JOSS,25,Peter Vavra
10.21105/joss.03262,JOSS,26,Horea-Ioan Ioanas
10.21105/joss.03262,JOSS,27,Robin Schneider
10.21105/joss.03262,JOSS,28,Mika Pflüger
10.21105/joss.03262,JOSS,29,James Haxby
10.21105/joss.03262,JOSS,30,Simon Eickhoff
10.21105/joss.03262,JOSS,31,Michael Hanke
10.21105/joss.01915,JOSS,1,Katharine Crawford
10.21105/joss.01915,JOSS,2,Jesse Bloom
10.21105/joss.02977,JOSS,1,Andrew Quinn
10.21105/joss.02977,JOSS,2,Vitor Lopes-dos-Santos
10.21105/joss.02977,JOSS,3,David Dupret
10.21105/joss.02977,JOSS,4,Anna Nobre
10.21105/joss.02977,JOSS,5,Mark Woolrich
10.21105/joss.00139,JOSS,1,Kristian Jensen
10.21105/joss.00139,JOSS,2,Joao G.R. Cardoso
10.21105/joss.00139,JOSS,3,Nikolaus Sonnenschein
10.21105/joss.01169,JOSS,1,Maksim Terpilowski
10.21105/joss.00487,JOSS,1,J. P. Faria
10.21105/joss.00487,JOSS,2,N. C. Santos
10.21105/joss.00487,JOSS,3,P. Figueira
10.21105/joss.00487,JOSS,4,B. J. Brewer
10.21105/joss.00884,JOSS,1,William F. Holmgren
10.21105/joss.00884,JOSS,2,Clifford W. Hansen
10.21105/joss.00884,JOSS,3,Mark A. Mikofski
10.21105/joss.00580,JOSS,1,Michael Hirsch
10.21105/joss.02029,JOSS,1,Ryan McGehee
10.21105/joss.02029,JOSS,2,Dennis Flanagan
10.21105/joss.02029,JOSS,3,Puneet Srivastava
10.21105/joss.01361,JOSS,1,Daniel Davies
10.21105/joss.01361,JOSS,2,Keith Butler
10.21105/joss.01361,JOSS,3,Adam Jackson
10.21105/joss.01361,JOSS,4,Jonathan Skelton
10.21105/joss.01361,JOSS,5,Kazuki Morita
10.21105/joss.01361,JOSS,6,Aron Walsh
10.21105/joss.06537,JOSS,1,Eric M. Fell
10.21105/joss.06537,JOSS,2,Jeremy A. Fell
10.21105/joss.06537,JOSS,3,Michael J. Aziz
10.21105/joss.02717,JOSS,1,David Hassell
10.21105/joss.02717,JOSS,2,Sadie Bartholomew
10.21105/joss.00093,JOSS,1,Julien Ponge
10.21105/joss.00093,JOSS,2,Yannick Loiseau
10.21105/joss.00093,JOSS,3,Frédéric Le Mouël
10.21105/joss.00093,JOSS,4,Nicolas Stouls
10.21105/joss.00093,JOSS,5,Philippe Charrière
10.21105/joss.00093,JOSS,6,Daniel Petisme
10.21105/joss.00093,JOSS,7,Sylvain Desgrais
10.21105/joss.00093,JOSS,8,Franck Verrot
10.21105/joss.02515,JOSS,1,David Ketcheson
10.21105/joss.02515,JOSS,2,Hendrik Ranocha
10.21105/joss.02515,JOSS,3,Matteo Parsani
10.21105/joss.02515,JOSS,4,Umair Waheed
10.21105/joss.02515,JOSS,5,Yiannis Hadjimichael
10.21105/joss.02743,JOSS,1,John Gregg
10.21105/joss.02743,JOSS,2,Trang Le
10.21105/joss.02743,JOSS,3,Jason Moore
10.21105/joss.00185,JOSS,1,Brandon LeBeau
10.21105/joss.03133,JOSS,1,Sally Sun
10.21105/joss.03133,JOSS,2,Owen Ward
10.21105/joss.03133,JOSS,3,Jing Wu
10.21105/joss.03133,JOSS,4,Lihao Xiao
10.21105/joss.03133,JOSS,5,Xiaoxi Zhao
10.21105/joss.03133,JOSS,6,Tian Zheng
10.21105/joss.03114,JOSS,1,Pi-Yueh Chuang
10.21105/joss.03114,JOSS,2,Tracy Thorleifson
10.21105/joss.03114,JOSS,3,Lorena Barba
10.21105/joss.01201,JOSS,1,Dan Leehr
10.21105/joss.01201,JOSS,2,Mercedes Gosby
10.21105/joss.01533,JOSS,1,Weihong Tay
10.21105/joss.01533,JOSS,2,Erwin Tantoso
10.21105/joss.01533,JOSS,3,Frank Eisenhaber
10.21105/joss.01533,JOSS,4,Wing-Cheong Wong
10.21105/joss.00846,JOSS,1,David Wiley
10.21105/joss.00909,JOSS,1,David N. Sousa
10.21105/joss.00909,JOSS,2,João R. Daniel
10.21105/joss.03440,JOSS,1,Matthew VanEseltine
10.21105/joss.03546,JOSS,1,Frederik Gjørup
10.21105/joss.03546,JOSS,2,Mathias Mørch
10.21105/joss.03546,JOSS,3,Mogens Christensen
10.21105/joss.03631,JOSS,1,Wolfgang Traylor
10.21105/joss.02565,JOSS,1,Ian Nesbitt
10.21105/joss.02565,JOSS,2,Richard Boaz
10.21105/joss.02565,JOSS,3,Justin Long
10.21105/joss.00964,JOSS,1,Tristan Salles
10.21105/joss.03937,JOSS,1,Zeng Liew
10.21105/joss.03937,JOSS,2,Shozen Dan
10.21105/joss.03937,JOSS,3,Naoki Saito
10.21105/joss.02372,JOSS,1,Ramsharan Rangarajan
10.21105/joss.02372,JOSS,2,Adrian Lew
10.21105/joss.05804,JOSS,1,Coy J. Zimmermann
10.21105/joss.05804,JOSS,2,Keith B. Neeves
10.21105/joss.05804,JOSS,3,David W. M. Marr
10.21105/joss.07320,JOSS,1,Jiangmei Xiong
10.21105/joss.07320,JOSS,2,Sarah C. Lotspeich
10.21105/joss.07320,JOSS,3,Joey B. Sherrill
10.21105/joss.07320,JOSS,4,Gustavo Amorim
10.21105/joss.07320,JOSS,5,Bryan E. Shepherd
10.21105/joss.07320,JOSS,6,Ran Tao
10.21105/joss.08330,JOSS,1,He Zhang
10.21105/joss.06136,JOSS,1,Thomas Seidler
10.21105/joss.06136,JOSS,2,Fabian Emmerich
10.21105/joss.06136,JOSS,3,Kristian Ehlert
10.21105/joss.06136,JOSS,4,Rico Berner
10.21105/joss.06136,JOSS,5,Oliver Nagel-Kanzler
10.21105/joss.06136,JOSS,6,Norbert Schultz
10.21105/joss.06136,JOSS,7,Markus Quade
10.21105/joss.06136,JOSS,8,Martin G. Schultz
10.21105/joss.06136,JOSS,9,Markus Abel
10.21105/joss.02266,JOSS,1,Edward Oughton
10.21105/joss.02266,JOSS,2,Tom Russell
10.21105/joss.02266,JOSS,3,Joel Johnson
10.21105/joss.02266,JOSS,4,Caglar Yardim
10.21105/joss.02266,JOSS,5,Julius Kusuma
10.21105/joss.04759,JOSS,1,Saad Yalouz
10.21105/joss.04759,JOSS,2,Martin Rafael Gullin
10.21105/joss.04759,JOSS,3,Sajanthan Sekaran
10.21105/joss.03905,JOSS,1,Frederik De Ceuster
10.21105/joss.03905,JOSS,2,Thomas Ceulemans
10.21105/joss.03905,JOSS,3,Atulit Srivastava
10.21105/joss.03905,JOSS,4,Ward Homan
10.21105/joss.03905,JOSS,5,Jan Bolte
10.21105/joss.03905,JOSS,6,Jeremy Yates
10.21105/joss.03905,JOSS,7,Leen Decin
10.21105/joss.03905,JOSS,8,Peter Boyle
10.21105/joss.03905,JOSS,9,James Hetherington
10.21105/joss.07490,JOSS,1,Ankush Aggarwal
10.21105/joss.07490,JOSS,2,Ross Williams
10.21105/joss.07490,JOSS,3,Claire Rosnel
10.21105/joss.07490,JOSS,4,Silvia Renon
10.21105/joss.07490,JOSS,5,Jude M. Hussain
10.21105/joss.07490,JOSS,6,André F. Schmidt
10.21105/joss.07490,JOSS,7,Shiting Huang
10.21105/joss.07490,JOSS,8,Sean McGinty
10.21105/joss.07490,JOSS,9,Andrew McBride
10.21105/joss.09408,JOSS,1,Pablo Iturrieta
10.21105/joss.09408,JOSS,2,William H. Savran
10.21105/joss.09408,JOSS,3,Marcus Herrmann
10.21105/joss.09408,JOSS,4,José A. Bayona
10.21105/joss.09408,JOSS,5,Matthew C. Gerstenberger
10.21105/joss.09408,JOSS,6,Kenny Graham
10.21105/joss.09408,JOSS,7,Philip J. Maechling
10.21105/joss.09408,JOSS,8,Warner Marzocchi
10.21105/joss.09408,JOSS,9,Leila Mizrahi
10.21105/joss.09408,JOSS,10,Danijel Schorlemmer
10.21105/joss.09408,JOSS,11,Francesco Serafini
10.21105/joss.09408,JOSS,12,Fabio Silva
10.21105/joss.09408,JOSS,13,Maximilian J. Werner
10.21105/joss.09528,JOSS,1,Cunliang Geng
10.21105/joss.09528,JOSS,2,Giulia Crocioni
10.21105/joss.09528,JOSS,3,Helge Hecht
10.21105/joss.09528,JOSS,4,Arjan Draisma
10.21105/joss.09528,JOSS,5,Annette Lien
10.21105/joss.09528,JOSS,6,Laura Rosina Torres Ortega
10.21105/joss.09528,JOSS,7,Dora Ferreira
10.21105/joss.09528,JOSS,8,Pablo Lopez-Tarifa
10.21105/joss.09528,JOSS,9,Katherine R. Duncan
10.21105/joss.09528,JOSS,10,Marnix H. Medema
10.21105/joss.09528,JOSS,11,Justin J. J. van der Hooft
10.21105/joss.05295,JOSS,1,Nicolas Christ
10.21105/joss.05295,JOSS,2,Benedikt M. Scheuring
10.21105/joss.05295,JOSS,3,John Montesano
10.21105/joss.05295,JOSS,4,Jörg Hohe
10.21105/joss.04457,JOSS,1,Paul Tiede
10.21105/joss.02584,JOSS,1,Jolle Jolles
10.21105/joss.06874,JOSS,1,Jingxuan Yang
10.21105/joss.06874,JOSS,2,Juan Alday
10.21105/joss.06874,JOSS,3,Patrick Irwin
10.21105/joss.05023,JOSS,1,Aashish N. Patel
10.21105/joss.05023,JOSS,2,Andrew R. Sedler
10.21105/joss.05023,JOSS,3,Jingya Huang
10.21105/joss.05023,JOSS,4,Chethan Pandarinath
10.21105/joss.05023,JOSS,5,Vikash Gilja
10.21105/joss.07626,JOSS,1,Martin A. Stoffel
10.21105/joss.07626,JOSS,2,Bryan M. Li
10.21105/joss.07626,JOSS,3,Kalle Westerling
10.21105/joss.07626,JOSS,4,Sophie Arana
10.21105/joss.07626,JOSS,5,Max Balmus
10.21105/joss.07626,JOSS,6,Eric Daub
10.21105/joss.07626,JOSS,7,Steve Niederer
10.21105/joss.02180,JOSS,1,Colin Jacobs
10.21105/joss.05436,JOSS,1,Leah M. Crowe
10.21105/joss.05436,JOSS,2,Tim V. N. Cole
10.21105/joss.05436,JOSS,3,Heather J. Foley
10.21105/joss.05436,JOSS,4,Danielle M. Cholewiak
10.21105/joss.05938,JOSS,1,Kosuke Tahara
10.21105/joss.06677,JOSS,1,Ankit Barik
10.21105/joss.06677,JOSS,2,Regupathi Angappan
10.21105/joss.08510,JOSS,1,Colin Bousige
10.21105/joss.07580,JOSS,1,Salvador V. Balkus
10.21105/joss.07580,JOSS,2,Nima S. Hejazi
10.21105/joss.06601,JOSS,1,Sujay Shankar
10.21105/joss.06601,JOSS,2,Michael A. Gully-Santiago
10.21105/joss.06601,JOSS,3,Caroline V. Morley
10.21105/joss.06601,JOSS,4,Jiayi Cao
10.21105/joss.06601,JOSS,5,Kyle Kaplan
10.21105/joss.06601,JOSS,6,Karina Kimani-Stewart
10.21105/joss.06601,JOSS,7,Diana Gonzalez-Argúeta
10.21105/joss.04866,JOSS,1,Matthew Andres Moreno
10.21105/joss.04866,JOSS,2,Emily Dolson
10.21105/joss.04866,JOSS,3,Charles Ofria
10.21105/joss.06932,JOSS,1,Lily Clements
10.21105/joss.05265,JOSS,1,Julian Paul Reul
10.21105/joss.05265,JOSS,2,Thomas Grube
10.21105/joss.05265,JOSS,3,Jochen Linßen
10.21105/joss.05265,JOSS,4,Detlef Stolten
10.21105/joss.03742,JOSS,1,Elizabeth Julia Monte
10.21105/joss.03742,JOSS,2,Alexandru Andrei Vasile
10.21105/joss.03742,JOSS,3,James Lowman
10.21105/joss.03742,JOSS,4,Nasser Mohieddin Abukhdeir
10.21105/joss.05661,JOSS,1,Jessica M. Otis
10.21105/joss.05661,JOSS,2,James Safley
10.21105/joss.05661,JOSS,3,Megan Brett
10.21105/joss.05661,JOSS,4,Lincoln Mullen
10.21105/joss.05664,JOSS,1,Koki Tsuyuzaki
10.21105/joss.06186,JOSS,1,Petr Koráb
10.21105/joss.06186,JOSS,2,Jitka Poměnková
10.21105/joss.04173,JOSS,1,Azadeh Moradinezhad Dizgah
10.21105/joss.04173,JOSS,2,Alberto Vallinotto
10.21105/joss.04173,JOSS,3,Farnik Nikakhtar
10.21105/joss.08447,JOSS,1,Andrew T. Landau
10.21105/joss.05019,JOSS,1,Zuzana Sebechlebská
10.21105/joss.05019,JOSS,2,Lusine Mkrtchyan
10.21105/joss.05019,JOSS,3,Alrik Thiem
10.21105/joss.08336,JOSS,1,Anubhab Biswas
10.21105/joss.08336,JOSS,2,Lorenzo Nespoli
10.21105/joss.08336,JOSS,3,Dario Azzimonti
10.21105/joss.08336,JOSS,4,Lorenzo Zambon
10.21105/joss.08336,JOSS,5,Nicolò Rubattu
10.21105/joss.08336,JOSS,6,Giorgio Corani
10.21105/joss.09058,JOSS,1,Sebastian Gerhard Mutz
10.21105/joss.05873,JOSS,1,Enric Grau-Luque
10.21105/joss.05873,JOSS,2,Ignacio Becerril-Romero
10.21105/joss.05873,JOSS,3,Alejandro Perez-Rodriguez
10.21105/joss.05873,JOSS,4,Maxim Guc
10.21105/joss.05873,JOSS,5,Victor Izquierdo-Roca
10.21105/joss.03521,JOSS,1,Hubert Santuz
10.21105/joss.03521,JOSS,2,Amélie Bacle
10.21105/joss.03521,JOSS,3,Pierre Poulain
10.21105/joss.03521,JOSS,4,Patrick Fuchs
10.21105/joss.02579,JOSS,1,John Hoffer
10.21105/joss.02579,JOSS,2,Rumana Rashid
10.21105/joss.02579,JOSS,3,Jeremy Muhlich
10.21105/joss.02579,JOSS,4,Yu-An Chen
10.21105/joss.02579,JOSS,5,Douglas Russell
10.21105/joss.02579,JOSS,6,Juha Ruokonen
10.21105/joss.02579,JOSS,7,Robert Krueger
10.21105/joss.02579,JOSS,8,Hanspeter Pfister
10.21105/joss.02579,JOSS,9,Sandro Santagata
10.21105/joss.02579,JOSS,10,Peter Sorger
10.21105/joss.08326,JOSS,1,Nicholas Tierney
10.21105/joss.08326,JOSS,2,Chitra Saraswati
10.21105/joss.08326,JOSS,3,Aarathy Babu
10.21105/joss.08326,JOSS,4,Michael Lydeamore
10.21105/joss.08326,JOSS,5,Nick Golding
10.21105/joss.09271,JOSS,1,Colm Duffy
10.21105/joss.09271,JOSS,2,Daniel Henn
10.21105/joss.09271,JOSS,3,Takfarinas Saber
10.21105/joss.09271,JOSS,4,David Styles
10.21105/joss.08446,JOSS,1,Olivier Labayle
10.21105/joss.08446,JOSS,2,Chris P. Ponting
10.21105/joss.08446,JOSS,3,Mark J. van der Laan
10.21105/joss.08446,JOSS,4,Ava Khamseh
10.21105/joss.08446,JOSS,5,Sjoerd Viktor Beentjes
10.21105/joss.04707,JOSS,1,Robert Challen
10.21105/joss.01982,JOSS,1,Andrew Quinn
10.21105/joss.01982,JOSS,2,Mark Hymers
10.21105/joss.07858,JOSS,1,Ashley M. Blawas
10.21105/joss.08775,JOSS,1,Peter Eckhardt
10.21105/joss.08775,JOSS,2,Katharina Ernst
10.21105/joss.08775,JOSS,3,Thomas Fleischmann
10.21105/joss.08775,JOSS,4,Anna Geßler
10.21105/joss.08775,JOSS,5,Karl Schnickmann
10.21105/joss.08775,JOSS,6,Laureen Thurner
10.21105/joss.08775,JOSS,7,Gerit Wagner
10.21105/joss.08323,JOSS,1,Arthur P. Guillaumin
10.21105/joss.08323,JOSS,2,Thomas Goodwin
10.21105/joss.08323,JOSS,3,Olivia Walbert
10.21105/joss.08323,JOSS,4,Adam M. Sykulski
10.21105/joss.08323,JOSS,5,Sofia C. Olhede
10.21105/joss.08323,JOSS,6,Frederik J. Simons
10.21105/joss.08901,JOSS,1,Eliza C. Diggins
10.21105/joss.08901,JOSS,2,Daniel R. Wik
10.21105/joss.00018,JOSS,1,Matthew J. Wakefield
10.21105/joss.06950,JOSS,1,Stefano Riva
10.21105/joss.06950,JOSS,2,Carolina Introini
10.21105/joss.06950,JOSS,3,Antonio Cammi
10.21105/joss.08991,JOSS,1,José Evandeilton Lopes
10.21105/joss.08991,JOSS,2,Wagner Hugo Bonat
10.21105/joss.01166,JOSS,1,George Datseris
10.21105/joss.01166,JOSS,2,Joel Hobson
10.21105/joss.03997,JOSS,1,Taylor McDonnell
10.21105/joss.03997,JOSS,2,Andrew Ning
10.21105/joss.09261,JOSS,1,Robin P. van de Water
10.21105/joss.09261,JOSS,2,Hendrik Schmidt
10.21105/joss.09261,JOSS,3,Patrick Rockenschaub
10.21105/joss.00441,JOSS,1,Philippe Renard
10.21105/joss.05313,JOSS,1,Manavalan Gajapathy
10.21105/joss.05313,JOSS,2,Brandon M. Wilk
10.21105/joss.05313,JOSS,3,Elizabeth A. Worthey
10.21105/joss.05352,JOSS,1,Dario Coscia
10.21105/joss.05352,JOSS,2,Anna Ivagnes
10.21105/joss.05352,JOSS,3,Nicola Demo
10.21105/joss.05352,JOSS,4,Gianluigi Rozza
10.21105/joss.09539,JOSS,1,Gilles Colling
10.21105/joss.10143,JOSS,1,Morgan Schwartz
10.21105/joss.10143,JOSS,2,Caroline Malin-Mayor
10.21105/joss.10143,JOSS,3,Talley Lambert
10.21105/joss.10143,JOSS,4,Teun Huijben
10.21105/joss.10143,JOSS,5,Jan Funke
10.21105/joss.10143,JOSS,6,Laura Xénard
10.21105/joss.10143,JOSS,7,Mark Kittisopikul
10.21105/joss.10143,JOSS,8,Draga Doncila Pop
10.21105/joss.10143,JOSS,9,Yohsuke Fukai
10.21105/joss.10143,JOSS,10,Jordão Bragantini
10.21105/joss.10143,JOSS,11,Melisande Croft
10.21105/joss.10143,JOSS,12,Anniek Stokkermans
10.21105/joss.10143,JOSS,13,Georgeos Hardo
10.21105/joss.10143,JOSS,14,Benjamin Gallusser
10.21105/joss.10143,JOSS,15,Kasia Kedziora
10.21105/joss.10143,JOSS,16,Jean-Yves Tinevez
10.21105/joss.10143,JOSS,17,Ko Sugawara
10.21105/joss.10143,JOSS,18,Tobias Pietzsch
10.21105/joss.10143,JOSS,19,Ilan Theodoro
10.21105/joss.02974,JOSS,1,Geoffrey Pruvost
10.21105/joss.02974,JOSS,2,Bilel Derbel
10.21105/joss.02974,JOSS,3,Arnaud Liefooghe
10.21105/joss.02733,JOSS,1,Koen Derks
10.21105/joss.02733,JOSS,2,Jacques de Swart
10.21105/joss.02733,JOSS,3,Eric-Jan Wagenmakers
10.21105/joss.02733,JOSS,4,Jan Wille
10.21105/joss.02733,JOSS,5,Ruud Wetzels
10.21105/joss.05300,JOSS,1,Nikolas Ovaskainen
10.21105/joss.02388,JOSS,1,Tian-Yuan Huang
10.21105/joss.02388,JOSS,2,Bin Zhao
10.21105/joss.01540,JOSS,1,Maxime Borry
10.21105/joss.06002,JOSS,1,Werner Goebl
10.21105/joss.06002,JOSS,2,David M. Weigl
10.21105/joss.07059,JOSS,1,Fritz Lekschas
10.21105/joss.07059,JOSS,2,Trevor Manz
10.21105/joss.05275,JOSS,1,Fritz Lekschas
10.21105/joss.03344,JOSS,1,Eric W. H. Hutton
10.21105/joss.03344,JOSS,2,Mark D. Piper
10.21105/joss.03344,JOSS,3,Gregory E. Tucker
10.21105/joss.02353,JOSS,1,Sarah Hilton
10.21105/joss.02353,JOSS,2,John Huddleston$
10.21105/joss.02353,JOSS,3,Allison Black
10.21105/joss.02353,JOSS,4,Khrystyna North
10.21105/joss.02353,JOSS,5,Adam Dingens
10.21105/joss.02353,JOSS,6,Trevor Bedford
10.21105/joss.02353,JOSS,7,Jesse Bloom
10.21105/joss.07607,JOSS,1,Markus Pichler
10.21105/joss.05411,JOSS,1,Clemens Brunner
10.21105/joss.05411,JOSS,2,Florian Hofer
10.21105/joss.03416,JOSS,1,Barak Shoshany
10.21105/joss.00729,JOSS,1,Sepand Haghighi
10.21105/joss.00729,JOSS,2,Masoomeh Jasemi
10.21105/joss.00729,JOSS,3,Shaahin Hessabi
10.21105/joss.00729,JOSS,4,Alireza Zolanvari
10.21105/joss.06501,JOSS,1,Steven G. Murray
10.21105/joss.06501,JOSS,2,Jonathan Pober
10.21105/joss.06501,JOSS,3,Matthew Kolopanis
10.21105/joss.00904,JOSS,1,Vincent Knight
10.21105/joss.00904,JOSS,2,James Campbell
10.21105/joss.02440,JOSS,1,Shannon Axelrod
10.21105/joss.02440,JOSS,2,Matthew Cai
10.21105/joss.02440,JOSS,3,Ambrose Carr
10.21105/joss.02440,JOSS,4,Jeremy Freeman
10.21105/joss.02440,JOSS,5,Deep Ganguli
10.21105/joss.02440,JOSS,6,Justin Kiggins
10.21105/joss.02440,JOSS,7,Brian Long
10.21105/joss.02440,JOSS,8,Tony Tung
10.21105/joss.02440,JOSS,9,Kevin Yamauchi
10.21105/joss.01360,JOSS,1,Shawn Banasick
10.21105/joss.01144,JOSS,1,Steve Davis
10.21105/joss.02520,JOSS,1,Santiago Badia
10.21105/joss.02520,JOSS,2,Francesc Verdugo
10.21105/joss.07605,JOSS,1,Neil A. Butcher
10.21105/joss.07605,JOSS,2,James Tyrrell
10.21105/joss.07605,JOSS,3,David Smith
10.21105/joss.01848,JOSS,1,Fergus Cooper
10.21105/joss.01848,JOSS,2,Ruth Baker
10.21105/joss.01848,JOSS,3,Miguel Bernabeu
10.21105/joss.01848,JOSS,4,Rafel Bordas
10.21105/joss.01848,JOSS,5,Louise Bowler
10.21105/joss.01848,JOSS,6,Alfonso Bueno-Orovio
10.21105/joss.01848,JOSS,7,Helen Byrne
10.21105/joss.01848,JOSS,8,Valentina Carapella
10.21105/joss.01848,JOSS,9,Louie Cardone-Noott
10.21105/joss.01848,JOSS,10,Jonathan Cooper
10.21105/joss.01848,JOSS,11,Sara Dutta
10.21105/joss.01848,JOSS,12,Benjamin Evans
10.21105/joss.01848,JOSS,13,Alexander Fletcher
10.21105/joss.01848,JOSS,14,James Grogan
10.21105/joss.01848,JOSS,15,Wenxian Guo
10.21105/joss.01848,JOSS,16,Daniel Harvey
10.21105/joss.01848,JOSS,17,Maurice Hendrix
10.21105/joss.01848,JOSS,18,David Kay
10.21105/joss.01848,JOSS,19,Jochen Kursawe
10.21105/joss.01848,JOSS,20,Philip Maini
10.21105/joss.01848,JOSS,21,Beth McMillan
10.21105/joss.01848,JOSS,22,Gary Mirams
10.21105/joss.01848,JOSS,23,James Osborne
10.21105/joss.01848,JOSS,24,Pras Pathmanathan
10.21105/joss.01848,JOSS,25,Joe Pitt-Francis
10.21105/joss.01848,JOSS,26,Martin Robinson
10.21105/joss.01848,JOSS,27,Blanca Rodriguez
10.21105/joss.01848,JOSS,28,Raymond Spiteri
10.21105/joss.01848,JOSS,29,David Gavaghan
10.21105/joss.00615,JOSS,1,Patrick K Mogensen
10.21105/joss.00615,JOSS,2,Asbjørn N Riseth
10.21105/joss.04522,JOSS,1,Nima S. Hejazi
10.21105/joss.04522,JOSS,2,Mark J. van der Laan
10.21105/joss.04522,JOSS,3,David Benkeser
10.21105/joss.02111,JOSS,1,Donald Williams
10.21105/joss.02111,JOSS,2,Joris Mulder
10.21105/joss.00355,JOSS,1,Nicholas Tierney
10.21105/joss.09946,JOSS,1,Marcus Binder Nilsen
10.21105/joss.09946,JOSS,2,Julian Quick
10.21105/joss.09946,JOSS,3,Teodor Olof Benedict Åstrand
10.21105/joss.09946,JOSS,4,Ernestas Simutis
10.21105/joss.09946,JOSS,5,Pierre-Elouan Mikael Réthoré
10.21105/joss.00862,JOSS,1,Eshin Jolly
10.21105/joss.08252,JOSS,1,Robert McGibbon
10.21105/joss.08252,JOSS,2,John C. Helly
10.21105/joss.08252,JOSS,3,Joop Schaye
10.21105/joss.08252,JOSS,4,Matthieu Schaller
10.21105/joss.08252,JOSS,5,Bert Vandenbroucke
10.21105/joss.01337,JOSS,1,Jed Simson
10.21105/joss.02797,JOSS,1,Ashkbiz Danehkar
10.21105/joss.00182,JOSS,1,Miguel de Val-Borro
10.21105/joss.00182,JOSS,2,Martin A. Cordiner
10.21105/joss.00182,JOSS,3,Stefanie N. Milam
10.21105/joss.00182,JOSS,4,Steven B. Charnley
10.21105/joss.00307,JOSS,1,Edmund Noel Dawe
10.21105/joss.00307,JOSS,2,Piti Ongmongkolkul
10.21105/joss.00307,JOSS,3,Giordon Stark
10.21105/joss.03169,JOSS,1,Peer Herholz
10.21105/joss.03169,JOSS,2,Rita Ludwig
10.21105/joss.03169,JOSS,3,Jean-Baptiste Poline
10.21105/joss.07604,JOSS,1,Fábio Madeira
10.21105/joss.07604,JOSS,2,Nandana Madhusoodanan
10.21105/joss.07604,JOSS,3,Joonheung Lee
10.21105/joss.07604,JOSS,4,Alberto Eusebi
10.21105/joss.07604,JOSS,5,Ania Niewielska
10.21105/joss.07604,JOSS,6,Sarah Butcher
10.21105/joss.07275,JOSS,1,Sajjad A. Khan
10.21105/joss.07275,JOSS,2,Sandeep Pallikkuth
10.21105/joss.07275,JOSS,3,David J. Schodt
10.21105/joss.07275,JOSS,4,Marjolein B. M. Meddens
10.21105/joss.07275,JOSS,5,Hanieh Mazloom-Farsibaf
10.21105/joss.07275,JOSS,6,Michael J. Wester
10.21105/joss.07275,JOSS,7,Sheng Liu
10.21105/joss.07275,JOSS,8,Ellyse Taylor
10.21105/joss.07275,JOSS,9,Mohamadreza Fazel
10.21105/joss.07275,JOSS,10,Farzin Farzam
10.21105/joss.07275,JOSS,11,Keith A. Lidke
10.21105/joss.00651,JOSS,1,Laurent Fasnacht
10.21105/joss.05337,JOSS,1,Isak Roalkvam
10.21105/joss.08813,JOSS,1,Michael H. Goerz
10.21105/joss.08813,JOSS,2,Sebastián C. Carrasco
10.21105/joss.08813,JOSS,3,Alastair Marshall
10.21105/joss.08813,JOSS,4,Vladimir S. Malinovsky
10.21105/joss.02377,JOSS,1,Tamás Kiss
10.21105/joss.02377,JOSS,2,Stephen Morairty
10.21105/joss.02377,JOSS,3,Michael Schwartz
10.21105/joss.02377,JOSS,4,Thomas Kilduff
10.21105/joss.02377,JOSS,5,Derek Buhl
10.21105/joss.02377,JOSS,6,Dmitri Volfson
10.21105/joss.05961,JOSS,1,Kleydson Stenio
10.21105/joss.05961,JOSS,2,Débora Marcondes Bastos Pereira Milori
10.21105/joss.07875,JOSS,1,James W. Trayford
10.21105/joss.07875,JOSS,2,Samantha Youles
10.21105/joss.07875,JOSS,3,Chris Harrison
10.21105/joss.07875,JOSS,4,Rose Shepherd
10.21105/joss.07875,JOSS,5,Nicolas Bonne
10.21105/joss.09140,JOSS,1,Adrian Danzglock
10.21105/joss.09140,JOSS,2,Vamsi Krishna Origanti
10.21105/joss.09140,JOSS,3,Frank Kirchner
10.21105/joss.01053,JOSS,1,J.j. Neal
10.21105/joss.01053,JOSS,2,P. Figueira
10.21105/joss.07886,JOSS,1,Apostolos Chalkis
10.21105/joss.07886,JOSS,2,Vissarion Fisikopoulos
10.21105/joss.07886,JOSS,3,Marios Papachristou
10.21105/joss.07886,JOSS,4,Elias Tsigaridas
10.21105/joss.05510,JOSS,1,Yu-Kun Qian
10.21105/joss.05517,JOSS,1,David J. McKenna
10.21105/joss.05517,JOSS,2,Evan F. Keane
10.21105/joss.05517,JOSS,3,Peter T. Gallagher
10.21105/joss.05517,JOSS,4,Joe McCauley
10.21105/joss.03324,JOSS,1,Ulf Hamster
10.21105/joss.03495,JOSS,1,Michael Clair
10.21105/joss.03495,JOSS,2,Matthew Siegler
10.21105/joss.00985,JOSS,1,Edward Higson
10.21105/joss.00893,JOSS,1,Stuart Lacy
10.21105/joss.01069,JOSS,1,Hiromu Ochiai
10.21105/joss.01069,JOSS,2,Kenichi Chiba
10.21105/joss.01069,JOSS,3,Ai Okada
10.21105/joss.01069,JOSS,4,Yuichi Shiraishi
10.21105/joss.03725,JOSS,1,Timon Emken
10.21105/joss.01240,JOSS,1,Benjamin Wilson
10.21105/joss.01260,JOSS,1,Sam Abbott
10.21105/joss.02555,JOSS,1,Aaron Bray
10.21105/joss.02555,JOSS,2,Rachel Clipp
10.21105/joss.02555,JOSS,3,M. Qureshi
10.21105/joss.02555,JOSS,4,Sorin Mitran
10.21105/joss.02555,JOSS,5,Andinet Enquobahrie
10.21105/joss.01209,JOSS,1,Georgina Wellock
10.21105/joss.01209,JOSS,2,Benjamin Morgan
10.21105/joss.01269,JOSS,1,Emily Zabor
10.21105/joss.01776,JOSS,1,Katherine Barnhart
10.21105/joss.01776,JOSS,2,Eric Hutton
10.21105/joss.01776,JOSS,3,Gregory Tucker
10.21105/joss.07957,JOSS,1,Benny Sun
10.21105/joss.07957,JOSS,2,Yuansi Chen
10.21105/joss.07225,JOSS,1,Travis B. Thurber
10.21105/joss.07225,JOSS,2,Daniel Broman
10.21105/joss.07225,JOSS,3,Tian Zhou
10.21105/joss.07225,JOSS,4,Nathalie Voisin
10.21105/joss.04589,JOSS,1,Johannes Fett
10.21105/joss.04589,JOSS,2,Urs Kober
10.21105/joss.04589,JOSS,3,Christian Schwarz
10.21105/joss.04589,JOSS,4,Dirk Habich
10.21105/joss.04589,JOSS,5,Wolfgang Lehner
10.21105/joss.04492,JOSS,1,Dillon Bowen
10.21105/joss.04736,JOSS,1,Tangi Migot
10.21105/joss.04736,JOSS,2,Dominique Orban
10.21105/joss.04736,JOSS,3,Abel Soares Siqueira
10.21105/joss.05255,JOSS,1,Frank Male
10.21105/joss.05255,JOSS,2,Michael P. Marder
10.21105/joss.05255,JOSS,3,Leopoldo M. Ruiz-Maraggi
10.21105/joss.05255,JOSS,4,Larry W. Lake
10.21105/joss.06200,JOSS,1,Max Weiner
10.21105/joss.06200,JOSS,2,Christoph Renzing
10.21105/joss.06200,JOSS,3,Max Stirl
10.21105/joss.06200,JOSS,4,Matthias Schmidtchen
10.21105/joss.06200,JOSS,5,Ulrich Prahl
10.21105/joss.05582,JOSS,1,Augustin Marignier
10.21105/joss.05593,JOSS,1,A Samuel Pottinger
10.21105/joss.05593,JOSS,2,Giulia Zarpellon
10.21105/joss.05562,JOSS,1,Emmanuel Farhi
10.21105/joss.06154,JOSS,1,Mark W. Isken
10.21105/joss.06154,JOSS,2,Jacob W. Norman
10.21105/joss.05350,JOSS,1,Felix Leeb
10.21105/joss.06467,JOSS,1,Leo A. Bianchi
10.21105/joss.06826,JOSS,1,Alessandro Gerada
10.21105/joss.06826,JOSS,2,Nicholas Harper
10.21105/joss.06826,JOSS,3,Alex Howard
10.21105/joss.06826,JOSS,4,William Hope
10.21105/joss.02706,JOSS,1,Raymond Carragher
10.21105/joss.02706,JOSS,2,Chris Robertson
10.21105/joss.00082,JOSS,1,Christos Theodoropoulos
10.21105/joss.00082,JOSS,2,Nikolaos Skoulikidis
10.21105/joss.00082,JOSS,3,Anastasios Stamou
10.21105/joss.08264,JOSS,1,Alexander Kolpakov
10.21105/joss.08264,JOSS,2,Igor Rivin
10.21105/joss.00592,JOSS,1,Edward W. Doddridge
10.21105/joss.00592,JOSS,2,Alexey Radul
10.21105/joss.08391,JOSS,1,Yuuichi Asahi
10.21105/joss.08391,JOSS,2,Thomas Padioleau
10.21105/joss.08391,JOSS,3,Paul Zehner
10.21105/joss.08391,JOSS,4,Julien Bigot
10.21105/joss.08391,JOSS,5,Damien Lebrun-Grandie
10.21105/joss.00365,JOSS,1,Conrad Sanderson
10.21105/joss.00365,JOSS,2,Ryan Curtin
10.21105/joss.06159,JOSS,1,Ronan Docherty
10.21105/joss.06159,JOSS,2,Isaac Squires
10.21105/joss.06159,JOSS,3,Antonis Vamvakeros
10.21105/joss.06159,JOSS,4,Samuel J. Cooper
10.21105/joss.08207,JOSS,1,Felix Wühler
10.21105/joss.08207,JOSS,2,Matthias Rädle
10.21105/joss.03727,JOSS,1,Marten Koopmans
10.21105/joss.03727,JOSS,2,Vincent Corre
10.21105/joss.03727,JOSS,3,L. Koster
10.21105/joss.05671,JOSS,1,Damar Wicaksono
10.21105/joss.05671,JOSS,2,Michael Hecht
10.21105/joss.03424,JOSS,1,Edward Rusu
10.21105/joss.03424,JOSS,2,Ruben Glatt
10.21105/joss.08858,JOSS,1,AmirHosein Rostami
10.21105/joss.08858,JOSS,2,Sepand Haghighi
10.21105/joss.08858,JOSS,3,Sadra Sabouri
10.21105/joss.08858,JOSS,4,Alireza Zolanvari
10.21105/joss.07256,JOSS,1,Sierra V. Brown
10.21105/joss.07256,JOSS,2,Michael St. Clair
10.21105/joss.07256,JOSS,3,Chase Million
10.21105/joss.07256,JOSS,4,Sabrina A. Curtis
10.21105/joss.07256,JOSS,5,K.-Michael Aye
10.21105/joss.07256,JOSS,6,Zack Weinberg
10.21105/joss.03042,JOSS,1,Felix Matuschke
10.21105/joss.03042,JOSS,2,Katrin Amunts
10.21105/joss.03042,JOSS,3,Markus Axer
10.21105/joss.05476,JOSS,1,Xiangyun Lei
10.21105/joss.05476,JOSS,2,Joseph Montoya
10.21105/joss.00028,JOSS,1,Simon J. Greenhill
10.21105/joss.07493,JOSS,1,Dingshan Deng
10.21105/joss.07493,JOSS,2,Ilaria Pascucci
10.21105/joss.07493,JOSS,3,Rachel B. Fernandes
10.21105/joss.09270,JOSS,1,Brendan A. Harmon
10.21105/joss.09270,JOSS,2,Anna Petrasova
10.21105/joss.09270,JOSS,3,Vaclav Petras
10.21105/joss.02095,JOSS,1,Roshan Samuel
10.21105/joss.02095,JOSS,2,Shashwat Bhattacharya
10.21105/joss.02095,JOSS,3,Ali Asad
10.21105/joss.02095,JOSS,4,Soumyadeep Chatterjee
10.21105/joss.02095,JOSS,5,Mahendra Verma
10.21105/joss.02095,JOSS,6,Ravi Samtaney
10.21105/joss.02095,JOSS,7,Syed Anwer
10.21105/joss.06532,JOSS,1,Jakob Roth
10.21105/joss.06532,JOSS,2,Martin Reinecke
10.21105/joss.06532,JOSS,3,Gordian Edenhofer
10.21105/joss.03702,JOSS,1,Robert Richer
10.21105/joss.03702,JOSS,2,Arne Küderle
10.21105/joss.03702,JOSS,3,Martin Ullrich
10.21105/joss.03702,JOSS,4,Nicolas Rohleder
10.21105/joss.03702,JOSS,5,Bjoern Eskofier
10.21105/joss.06465,JOSS,1,Jonathan Knirsch
10.21105/joss.06465,JOSS,2,Felix Frölich
10.21105/joss.06465,JOSS,3,Lukas Hof
10.21105/joss.06465,JOSS,4,Florian Wittemann
10.21105/joss.06465,JOSS,5,Luise Kärger
10.21105/joss.06802,JOSS,1,Pau Cabaneros Lopez
10.21105/joss.09797,JOSS,1,Hassan Sadiq
10.21105/joss.09797,JOSS,2,Darren P. Martin
10.21105/joss.02382,JOSS,1,Kathryn Jones
10.21105/joss.02382,JOSS,2,Néstor Espinoza
10.21105/joss.08076,JOSS,1,Giandomenico Lupo
10.21105/joss.08076,JOSS,2,Peter Wellens
10.21105/joss.08076,JOSS,3,Pedro Costa
10.21105/joss.09416,JOSS,1,Ryan D. Lewis
10.21105/joss.09416,JOSS,2,Tobias S. Ginsburg
10.21105/joss.09416,JOSS,3,Doga Ozgulbas
10.21105/joss.09416,JOSS,4,Casey Stone
10.21105/joss.09416,JOSS,5,Abraham Stroka
10.21105/joss.09416,JOSS,6,Aileen Cleary
10.21105/joss.09416,JOSS,7,Ian T. Foster
10.21105/joss.09416,JOSS,8,Noah Paulson
10.21105/joss.00054,JOSS,1,Timothée Giraud
10.21105/joss.00054,JOSS,2,Nicolas Lambert
10.21105/joss.04056,JOSS,1,Alexander Bauer
10.21105/joss.04056,JOSS,2,Maximilian Weigert
10.21105/joss.04056,JOSS,3,Hawre Jalal
10.21105/joss.01358,JOSS,1,Alison Kirkby
10.21105/joss.01358,JOSS,2,Fei Zhang
10.21105/joss.01358,JOSS,3,Jared Peacock
10.21105/joss.01358,JOSS,4,Rakib Hassan
10.21105/joss.01358,JOSS,5,Jingming Duan
10.21105/joss.03190,JOSS,1,Sunil Anandatheertha
10.21105/joss.09598,JOSS,1,Manuel Geiger
10.21105/joss.09598,JOSS,2,Qunsheng Huang
10.21105/joss.09598,JOSS,3,Christian B. Mendl
10.21105/joss.06997,JOSS,1,Scott J. Staniewicz
10.21105/joss.06997,JOSS,2,Sara Mirzaee
10.21105/joss.06997,JOSS,3,Geoffrey M. Gunter
10.21105/joss.06997,JOSS,4,Talib Oliver-Cabrera
10.21105/joss.06997,JOSS,5,Emre Havazli
10.21105/joss.06997,JOSS,6,Heresh Fattahi
10.21105/joss.01272,JOSS,1,Scott Cole
10.21105/joss.01272,JOSS,2,Thomas Donoghue
10.21105/joss.01272,JOSS,3,Richard Gao
10.21105/joss.01272,JOSS,4,Bradley Voytek
10.21105/joss.03781,JOSS,1,Enric Grau-Luque
10.21105/joss.03781,JOSS,2,Fabien Atlan
10.21105/joss.03781,JOSS,3,Ignacio Becerril-Romero
10.21105/joss.03781,JOSS,4,Alejandro Perez-Rodriguez
10.21105/joss.03781,JOSS,5,Maxim Guc
10.21105/joss.03781,JOSS,6,Victor Izquierdo-Roca
10.21105/joss.06712,JOSS,1,Levi T. Sweet-Breu
10.21105/joss.06712,JOSS,2,Em Rexer
10.21105/joss.06712,JOSS,3,Chris R. Vernon
10.21105/joss.06712,JOSS,4,Melissa R. Allen-Dumas
10.21105/joss.06712,JOSS,5,Stefan Krawczyk
10.21105/joss.09283,JOSS,1,Satoshi Kume
10.21105/joss.06318,JOSS,1,Gerit Wagner
10.21105/joss.05974,JOSS,1,Bonan Zhu
10.21105/joss.05974,JOSS,2,Seán R. Kavanagh
10.21105/joss.05974,JOSS,3,David Scanlon
10.21105/joss.02063,JOSS,1,Guilherme Castelao
10.21105/joss.03537,JOSS,1,Tom Westerhout
10.21105/joss.09881,JOSS,1,Tristan S. W. Stevens
10.21105/joss.09881,JOSS,2,Wessel L. van Nierop
10.21105/joss.09881,JOSS,3,Ben Luijten
10.21105/joss.09881,JOSS,4,Vincent van de Schaft
10.21105/joss.09881,JOSS,5,Oisín Nolan
10.21105/joss.09881,JOSS,6,Beatrice Federici
10.21105/joss.09881,JOSS,7,Louis D. van Harten
10.21105/joss.09881,JOSS,8,Simon W. Penninga
10.21105/joss.09881,JOSS,9,Noortje I. P. Schueler
10.21105/joss.09881,JOSS,10,Ruud J. G. van Sloun
10.21105/joss.06683,JOSS,1,Sharon Fitzpatrick
10.21105/joss.06683,JOSS,2,Daniel Buscombe
10.21105/joss.06683,JOSS,3,Jonathan A. Warrick
10.21105/joss.06683,JOSS,4,Mark A. Lundine
10.21105/joss.06683,JOSS,5,Kilian Vos
10.21105/joss.06187,JOSS,1,Caleb Weinreb
10.21105/joss.06187,JOSS,2,Mohammed Abdal Monium Osman
10.21105/joss.06187,JOSS,3,Maya Jay
10.21105/joss.06187,JOSS,4,Sandeep Robert Datta
10.21105/joss.01572,JOSS,1,Yuan Tang
10.21105/joss.01572,JOSS,2,Wenxuan Li
10.21105/joss.01171,JOSS,1,Florian Aymanns
10.21105/joss.01171,JOSS,2,Markus Rudin
10.21105/joss.01171,JOSS,3,Horea-Ioan Ioanas
10.21105/joss.03173,JOSS,1,Tiago Tresoldi
10.21105/joss.01931,JOSS,1,Feiyu Chen
10.21105/joss.01931,JOSS,2,David Sondak
10.21105/joss.01931,JOSS,3,Pavlos Protopapas
10.21105/joss.01931,JOSS,4,Marios Mattheakis
10.21105/joss.01931,JOSS,5,Shuheng Liu
10.21105/joss.01931,JOSS,6,Devansh Agarwal
10.21105/joss.01931,JOSS,7,Marco Di Giovanni
10.21105/joss.03544,JOSS,1,Jesse Cambon
10.21105/joss.03544,JOSS,2,Diego Hernangómez
10.21105/joss.03544,JOSS,3,Christopher Belanger
10.21105/joss.03544,JOSS,4,Daniel Possenriede
10.21105/joss.07791,JOSS,1,Saransh Chopra
10.21105/joss.07791,JOSS,2,Henry Schreiner
10.21105/joss.07791,JOSS,3,Eduardo Rodrigues
10.21105/joss.07791,JOSS,4,Jonas Eschle
10.21105/joss.07791,JOSS,5,Jim Pivarski
10.21105/joss.01821,JOSS,1,Nicolas Frerebeau
10.21105/joss.03294,JOSS,1,Fabian Hofmann
10.21105/joss.03294,JOSS,2,Johannes Hampp
10.21105/joss.03294,JOSS,3,Fabian Neumann
10.21105/joss.03294,JOSS,4,Tom Brown
10.21105/joss.03294,JOSS,5,Jonas Hörsch
10.21105/joss.01081,JOSS,1,Patricia Wollstadt
10.21105/joss.01081,JOSS,2,Joseph Lizier
10.21105/joss.01081,JOSS,3,Raul Vicente
10.21105/joss.01081,JOSS,4,Conor Finn
10.21105/joss.01081,JOSS,5,Mario Martinez-Zarzuela
10.21105/joss.01081,JOSS,6,Pedro Mediano
10.21105/joss.01081,JOSS,7,Leonardo Novelli
10.21105/joss.01081,JOSS,8,Michael Wibral
10.21105/joss.05497,JOSS,1,Dominic Létourneau
10.21105/joss.05497,JOSS,2,Simon Brière
10.21105/joss.05497,JOSS,3,Marc-Antoine Maheux
10.21105/joss.05497,JOSS,4,Cédric Godin
10.21105/joss.05497,JOSS,5,Philippe Warren
10.21105/joss.05497,JOSS,6,Gabriel Lauzier
10.21105/joss.05497,JOSS,7,Ian-Mathieu Joly
10.21105/joss.05497,JOSS,8,Jérémie Bourque
10.21105/joss.05497,JOSS,9,Philippe Arsenault
10.21105/joss.05497,JOSS,10,Cynthia Vilanova
10.21105/joss.05497,JOSS,11,Michel Tousignant
10.21105/joss.05497,JOSS,12,François Michaud
10.21105/joss.08267,JOSS,1,Zhiwei Wei
10.21105/joss.08267,JOSS,2,Bing Li
10.21105/joss.08267,JOSS,3,Rongqing Zhang
10.21105/joss.01627,JOSS,1,Shixiang Wang
10.21105/joss.01627,JOSS,2,Xuesong Liu
10.21105/joss.02556,JOSS,1,"Joseph Baugher,"
10.21105/joss.00232,JOSS,1,Kevin D Murray
10.21105/joss.00232,JOSS,2,Justin O Borevitz
10.21105/joss.00458,JOSS,1,George Datseris
10.21105/joss.00306,JOSS,1,Natalia C. Clementi
10.21105/joss.00306,JOSS,2,Gilbert Forsyth
10.21105/joss.00306,JOSS,3,Christopher D. Cooper
10.21105/joss.00306,JOSS,4,Lorena A. Barba
10.21105/joss.02744,JOSS,1,Kenneth Higa
10.21105/joss.02744,JOSS,2,Vincent Battaglia
10.21105/joss.02744,JOSS,3,Venkat Srinivasan
10.21105/joss.00670,JOSS,1,Manuel Krebber
10.21105/joss.00670,JOSS,2,Henrik Barthels
10.21105/joss.00803,JOSS,1,Andrew P Smith
10.21105/joss.00803,JOSS,2,Tom Russell
10.21105/joss.01018,JOSS,1,William Norris
10.21105/joss.01018,JOSS,2,Carson Farmer
10.21105/joss.03347,JOSS,1,Ziying Yang
10.21105/joss.03347,JOSS,2,Gosia Mikolajczak
10.21105/joss.03347,JOSS,3,Andrew Turpin
10.21105/joss.01130,JOSS,1,Brett Morris
10.21105/joss.01130,JOSS,2,Trevor Dorn-Wallenstein
10.21105/joss.01130,JOSS,3,Emily Levesque
10.21105/joss.01130,JOSS,4,Charli Sakari
10.21105/joss.01130,JOSS,5,Doug Gies
10.21105/joss.01130,JOSS,6,Katherine Lester
10.21105/joss.01130,JOSS,7,Yuta Notsu
10.21105/joss.01130,JOSS,8,Allison Youngblood
10.21105/joss.01130,JOSS,9,Russet McMillan
10.21105/joss.08449,JOSS,1,Antonio Bulgheroni
10.21105/joss.08449,JOSS,2,Michael Krachler
10.21105/joss.03467,JOSS,1,Pasquale Buonomo
10.21105/joss.03435,JOSS,1,Adithi Upadhya
10.21105/joss.03435,JOSS,2,Pratyush Agrawal
10.21105/joss.03435,JOSS,3,Sreekanth Vakacherla
10.21105/joss.03435,JOSS,4,Meenakshi Kushwaha
10.21105/joss.06031,JOSS,1,Stephen Hudson
10.21105/joss.06031,JOSS,2,Jeffrey Larson
10.21105/joss.06031,JOSS,3,John-Luke Navarro
10.21105/joss.06031,JOSS,4,Stefan M. Wild
10.21105/joss.06536,JOSS,1,Anja Korber
10.21105/joss.06536,JOSS,2,Fabio E. Furcas
10.21105/joss.06536,JOSS,3,Mohit Pundir
10.21105/joss.06536,JOSS,4,David S. Kammer
10.21105/joss.06536,JOSS,5,Ueli M. Angst
10.21105/joss.03601,JOSS,1,Chris Vernon
10.21105/joss.03601,JOSS,2,Jennie Rice
10.21105/joss.03601,JOSS,3,Nino Zuljevic
10.21105/joss.03601,JOSS,4,Kendall Mongird
10.21105/joss.03601,JOSS,5,Kristian Nelson
10.21105/joss.03601,JOSS,6,Gokul Iyer
10.21105/joss.03601,JOSS,7,Nathalie Voisin
10.21105/joss.03601,JOSS,8,Matthew Binsted
10.21105/joss.04142,JOSS,1,Nathan Bell
10.21105/joss.04142,JOSS,2,Luke N. Olson
10.21105/joss.04142,JOSS,3,Jacob Schroder
10.21105/joss.05402,JOSS,1,Eidan J. Rosado
10.21105/joss.04822,JOSS,1,Aleksandra Pachalieva
10.21105/joss.04822,JOSS,2,Robert S. Pavel
10.21105/joss.04822,JOSS,3,Javier E. Santos
10.21105/joss.04822,JOSS,4,Abdourahmane Diaw
10.21105/joss.04822,JOSS,5,Nicholas Lubbers
10.21105/joss.04822,JOSS,6,Mohamed Mehana
10.21105/joss.04822,JOSS,7,Jeffrey R. Haack
10.21105/joss.04822,JOSS,8,Hari S. Viswanathan
10.21105/joss.04822,JOSS,9,Daniel Livescu
10.21105/joss.04822,JOSS,10,Timothy C. Germann
10.21105/joss.04822,JOSS,11,Christoph Junghans
10.21105/joss.10328,JOSS,1,Tinko Sebastian Bartels
10.21105/joss.10328,JOSS,2,Vissarion Fisikopoulos
10.21105/joss.10328,JOSS,3,Barend Gehrels
10.21105/joss.10328,JOSS,4,Menelaos Karavelas
10.21105/joss.10328,JOSS,5,Bruno Lalande
10.21105/joss.10328,JOSS,6,Mateusz Łoskot
10.21105/joss.10328,JOSS,7,Adam Wulkiewicz
10.21105/joss.07125,JOSS,1,Mattia Donato
10.21105/joss.07125,JOSS,2,Eli Slenders
10.21105/joss.07125,JOSS,3,Alessandro Zunino
10.21105/joss.07125,JOSS,4,Luca Bega
10.21105/joss.07125,JOSS,5,Giuseppe Vicidomini
10.21105/joss.02291,JOSS,1,Dennis Gläser
10.21105/joss.02291,JOSS,2,Bernd Flemisch
10.21105/joss.02291,JOSS,3,Holger Class
10.21105/joss.02291,JOSS,4,Rainer Helmig
10.21105/joss.01824,JOSS,1,Sarath Menon
10.21105/joss.01824,JOSS,2,Grisell Leines
10.21105/joss.01824,JOSS,3,Jutta Rogal
10.21105/joss.04869,JOSS,1,Oliver R. A. Dunbar
10.21105/joss.04869,JOSS,2,Ignacio Lopez-Gomez
10.21105/joss.04869,JOSS,3,Alfredo Garbuno-Iñigo
10.21105/joss.04869,JOSS,4,Daniel Zhengyu Huang
10.21105/joss.04869,JOSS,5,Eviatar Bach
10.21105/joss.04869,JOSS,6,Jin-long Wu
10.21105/joss.06762,JOSS,1,Rui Ying
10.21105/joss.00202,JOSS,1,Bradley C. Boehmke
10.21105/joss.00202,JOSS,2,Jason K. Freels
10.21105/joss.06722,JOSS,1,Russell J. Garwood
10.21105/joss.06722,JOSS,2,Alan R. T. Spencer
10.21105/joss.06722,JOSS,3,Charles T. M. Bates
10.21105/joss.06722,JOSS,4,Leah M. Callender-Crowe
10.21105/joss.06722,JOSS,5,Frances S. Dunn
10.21105/joss.06722,JOSS,6,Thomas J. D. Halliday
10.21105/joss.06722,JOSS,7,Joseph N. Keating
10.21105/joss.06722,JOSS,8,Nicolás Mongiardino Koch
10.21105/joss.06722,JOSS,9,Luke A. Parry
10.21105/joss.06722,JOSS,10,Robert S. Sansom
10.21105/joss.06722,JOSS,11,Thomas J. Smith
10.21105/joss.06722,JOSS,12,Mark D. Sutton
10.21105/joss.06722,JOSS,13,Thomas Vanteghem
10.21105/joss.06744,JOSS,1,Elif Fidan Acar
10.21105/joss.06744,JOSS,2,Martin Lysy
10.21105/joss.06744,JOSS,3,Alan Kuchinsky
10.21105/joss.04075,JOSS,1,Jiahe Cui
10.21105/joss.04075,JOSS,2,Karen M. Hampson
10.21105/joss.04075,JOSS,3,Matthew Wincott
10.21105/joss.04075,JOSS,4,Martin J. Booth
10.21105/joss.06293,JOSS,1,Moritz L. Obenauer
10.21105/joss.06293,JOSS,2,Kai N. Spauszus
10.21105/joss.06293,JOSS,3,Pol Besenius
10.21105/joss.06293,JOSS,4,Friederike Schmid
10.21105/joss.06424,JOSS,1,Ludger Sandig
10.21105/joss.08065,JOSS,1,Ira Zibbu
10.21105/joss.08065,JOSS,2,Claus O. Wilke
10.21105/joss.08065,JOSS,3,Jeffrey E. Barrick
10.21105/joss.04516,JOSS,1,Stine Fleischer Myhre
10.21105/joss.04516,JOSS,2,Olav Bjarte Fosso
10.21105/joss.04516,JOSS,3,Poul Einar Heegaard
10.21105/joss.04516,JOSS,4,Oddbjørn Gjerde
10.21105/joss.07593,JOSS,1,Felix Gerick
10.21105/joss.02027,JOSS,1,Nikolai Sellereite
10.21105/joss.02027,JOSS,2,Martin Jullum
10.21105/joss.01751,JOSS,1,Junbin Zhao
10.21105/joss.09521,JOSS,1,Mathis Gerdes
10.21105/joss.09521,JOSS,2,Miranda C. N. Cheng
10.21105/joss.00031,JOSS,1,Christopher R Madan
10.21105/joss.06202,JOSS,1,Derod Deal
10.21105/joss.06202,JOSS,2,Néstor Espinoza
10.21105/joss.05778,JOSS,1,Dennis Gläser
10.21105/joss.05778,JOSS,2,Timo Koch
10.21105/joss.05778,JOSS,3,Bernd Flemisch
10.21105/joss.08857,JOSS,1,Adrian Höhl
10.21105/joss.08857,JOSS,2,Paul Höhn
10.21105/joss.08857,JOSS,3,Xiao Xiang Zhu
10.21105/joss.09415,JOSS,1,Arvid Weyrauch
10.21105/joss.09415,JOSS,2,Lars H. Heyen
10.21105/joss.09415,JOSS,3,Juan Pedro Gutiérrez Hermosillo Muriedas
10.21105/joss.09415,JOSS,4,Pei-Hsuan Hsia
10.21105/joss.09415,JOSS,5,Asena Karolin Özdemir
10.21105/joss.09415,JOSS,6,Achim Streit
10.21105/joss.09415,JOSS,7,Markus Götz
10.21105/joss.09415,JOSS,8,Charlotte Debus
10.21105/joss.05118,JOSS,1,A. Rohskopf
10.21105/joss.05118,JOSS,2,C. Sievers
10.21105/joss.05118,JOSS,3,N. Lubbers
10.21105/joss.05118,JOSS,4,M. A. Cusentino
10.21105/joss.05118,JOSS,5,J. Goff
10.21105/joss.05118,JOSS,6,J. Janssen
10.21105/joss.05118,JOSS,7,M. McCarthy
10.21105/joss.05118,JOSS,8,D. Montes de Oca Zapiain
10.21105/joss.05118,JOSS,9,S. Nikolov
10.21105/joss.05118,JOSS,10,K. Sargsyan
10.21105/joss.05118,JOSS,11,D. Sema
10.21105/joss.05118,JOSS,12,E. Sikorski
10.21105/joss.05118,JOSS,13,L. Williams
10.21105/joss.05118,JOSS,14,A. P. Thompson
10.21105/joss.05118,JOSS,15,M. A. Wood
10.21105/joss.02879,JOSS,1,Timo Betcke
10.21105/joss.02879,JOSS,2,Matthew Scroggs
10.21105/joss.03118,JOSS,1,Alan Haynes
10.21105/joss.03118,JOSS,2,Armando Lenz
10.21105/joss.03118,JOSS,3,Odile Stalder
10.21105/joss.03118,JOSS,4,Andreas Limacher
10.21105/joss.05610,JOSS,1,Lisa Buchauer
10.21105/joss.05610,JOSS,2,Shalev Itzkovitz
10.21105/joss.02171,JOSS,1,Jordan Perr-Sauer
10.21105/joss.02171,JOSS,2,Mike Optis
10.21105/joss.02171,JOSS,3,Jason Fields
10.21105/joss.02171,JOSS,4,Nicola Bodini
10.21105/joss.02171,JOSS,5,Joseph Lee
10.21105/joss.02171,JOSS,6,Austin Todd
10.21105/joss.02171,JOSS,7,Eric Simley
10.21105/joss.02171,JOSS,8,Robert Hammond
10.21105/joss.02171,JOSS,9,Caleb Phillips
10.21105/joss.02171,JOSS,10,Monte Lunacek
10.21105/joss.02171,JOSS,11,Travis Kemper
10.21105/joss.02171,JOSS,12,Lindy Williams
10.21105/joss.02171,JOSS,13,Anna Craig
10.21105/joss.02171,JOSS,14,Nathan Agarwal
10.21105/joss.02171,JOSS,15,Shawn Sheng
10.21105/joss.02171,JOSS,16,John Meissner
10.21105/joss.04060,JOSS,1,Michael Mahoney
10.21105/joss.04060,JOSS,2,Colin Beier
10.21105/joss.04060,JOSS,3,Aidan Ackerman
10.21105/joss.00550,JOSS,1,William Michael Landau
10.21105/joss.07302,JOSS,1,Michael S. Petersen
10.21105/joss.07302,JOSS,2,Martin D. Weinberg
10.21105/joss.06928,JOSS,1,Luke Duttweiler
10.21105/joss.06928,JOSS,2,Shruthi Mahalingaiah
10.21105/joss.06928,JOSS,3,Brent Coull
10.21105/joss.03224,JOSS,1,David Shaw
10.21105/joss.03224,JOSS,2,Nicola Carslaw
10.21105/joss.09458,JOSS,1,Yuqin Wang
10.21105/joss.09458,JOSS,2,Keming Zhang
10.21105/joss.09458,JOSS,3,Arman Oganisian
10.21105/joss.05142,JOSS,1,Felipe Bordeu
10.21105/joss.05142,JOSS,2,Fabien Casenave
10.21105/joss.05142,JOSS,3,Julien Cortial
10.21105/joss.01620,JOSS,1,Matthew Hale
10.21105/joss.07323,JOSS,1,James C. Ross
10.21105/joss.07323,JOSS,2,Tingting Zhao
10.21105/joss.02989,JOSS,1,Hadrien Titeux
10.21105/joss.02989,JOSS,2,Rachid Riad
10.21105/joss.00051,JOSS,1,Claudia Vitolo
10.21105/joss.00051,JOSS,2,Andrew Russell
10.21105/joss.00051,JOSS,3,Allan Tucker
10.21105/joss.00818,JOSS,1,Jason K. Moore
10.21105/joss.00818,JOSS,2,Mont Hubbard
10.21105/joss.01239,JOSS,1,Tormod Landet
10.21105/joss.04337,JOSS,1,Helge Hecht
10.21105/joss.04337,JOSS,2,Maksym Skoryk
10.21105/joss.04337,JOSS,3,Martin Čech
10.21105/joss.04337,JOSS,4,Elliott James Price
10.21105/joss.03852,JOSS,1,Joshua D. Larsen
10.21105/joss.03852,JOSS,2,Ayman Alzraiee
10.21105/joss.03852,JOSS,3,Richard G. Niswonger
10.21105/joss.07250,JOSS,1,Dena Jane Clink
10.21105/joss.07250,JOSS,2,Abdul Hamid Ahmad
10.21105/joss.05345,JOSS,1,Adam Spannaus
10.21105/joss.05345,JOSS,2,John Gounley
10.21105/joss.05345,JOSS,3,Mayanka Chandra Shekar
10.21105/joss.05345,JOSS,4,Zachary R. Fox
10.21105/joss.05345,JOSS,5,Jamaludin Mohd-Yusof
10.21105/joss.05345,JOSS,6,Noah Schaefferkoetter
10.21105/joss.05345,JOSS,7,Heidi A. Hanson
10.21105/joss.06763,JOSS,1,Boris J. P. Kaus
10.21105/joss.06763,JOSS,2,Marcel Thielmann
10.21105/joss.06763,JOSS,3,Pascal Aellig
10.21105/joss.06763,JOSS,4,Albert de Montserrat
10.21105/joss.06763,JOSS,5,Luca de Siena
10.21105/joss.06763,JOSS,6,Jacob Frasukiewicz
10.21105/joss.06763,JOSS,7,Lukas Fuchs
10.21105/joss.06763,JOSS,8,Andrea Piccolo
10.21105/joss.06763,JOSS,9,Hendrik Ranocha
10.21105/joss.06763,JOSS,10,Nicolas Riel
10.21105/joss.06763,JOSS,11,Christian Schuler
10.21105/joss.06763,JOSS,12,Arne Spang
10.21105/joss.06763,JOSS,13,Tatjana Weiler
10.21105/joss.01065,JOSS,1,Henrik Kjeldsberg
10.21105/joss.01065,JOSS,2,Aslak Bergersen
10.21105/joss.01065,JOSS,3,Kristian Valen-Sendstad
10.21105/joss.01517,JOSS,1,Álvaro López García
10.21105/joss.00597,JOSS,1,Sander Wahls
10.21105/joss.00597,JOSS,2,Shrinivas Chimmalgi
10.21105/joss.00597,JOSS,3,Peter J Prins
10.21105/joss.03958,JOSS,1,Mathieu Bernard
10.21105/joss.03958,JOSS,2,Hadrien Titeux
10.21105/joss.07786,JOSS,1,Robbi Bishop-Taylor
10.21105/joss.07786,JOSS,2,Claire Phillips
10.21105/joss.07786,JOSS,3,Stephen Sagar
10.21105/joss.07786,JOSS,4,Vanessa Newey
10.21105/joss.07786,JOSS,5,Tyler Sutterley
10.21105/joss.05668,JOSS,1,Petr Grigorev
10.21105/joss.05668,JOSS,2,Lucas Frérot
10.21105/joss.05668,JOSS,3,Fraser Birks
10.21105/joss.05668,JOSS,4,Adrien Gola
10.21105/joss.05668,JOSS,5,Jacek Golebiowski
10.21105/joss.05668,JOSS,6,Jan Grießer
10.21105/joss.05668,JOSS,7,Johannes L. Hörmann
10.21105/joss.05668,JOSS,8,Andreas Klemenz
10.21105/joss.05668,JOSS,9,Gianpietro Moras
10.21105/joss.05668,JOSS,10,Wolfram G. Nöhring
10.21105/joss.05668,JOSS,11,Jonas A. Oldenstaedt
10.21105/joss.05668,JOSS,12,Punit Patel
10.21105/joss.05668,JOSS,13,Thomas Reichenbach
10.21105/joss.05668,JOSS,14,Thomas Rocke
10.21105/joss.05668,JOSS,15,Lakshmi Shenoy
10.21105/joss.05668,JOSS,16,Michael Walter
10.21105/joss.05668,JOSS,17,Simon Wengert
10.21105/joss.05668,JOSS,18,Lei Zhang
10.21105/joss.05668,JOSS,19,James R. Kermode
10.21105/joss.05668,JOSS,20,Lars Pastewka
10.21105/joss.05183,JOSS,1,Orion Archer Cohen
10.21105/joss.05183,JOSS,2,Hugo Macdermott-Opeskin
10.21105/joss.05183,JOSS,3,Lauren Lee
10.21105/joss.05183,JOSS,4,Tingzheng Hou
10.21105/joss.05183,JOSS,5,Kara D. Fong
10.21105/joss.05183,JOSS,6,Ryan Kingsbury
10.21105/joss.05183,JOSS,7,Jingyang Wang
10.21105/joss.05183,JOSS,8,Kristin A. Persson
10.21105/joss.04564,JOSS,1,Victor Férat
10.21105/joss.04564,JOSS,2,Mathieu Scheltienne
10.21105/joss.04564,JOSS,3,Denis Brunet
10.21105/joss.04564,JOSS,4,Tomas Ros
10.21105/joss.04564,JOSS,5,Christoph Michel
10.21105/joss.00741,JOSS,1,James Bourbeau
10.21105/joss.00741,JOSS,2,Zigfried Hampel-Arias
10.21105/joss.03127,JOSS,1,Anders Markvardsen
10.21105/joss.03127,JOSS,2,Tyrone Rees
10.21105/joss.03127,JOSS,3,Michael Wathen
10.21105/joss.03127,JOSS,4,Andrew Lister
10.21105/joss.03127,JOSS,5,Patrick Odagiu
10.21105/joss.03127,JOSS,6,Atijit Anuchitanukul
10.21105/joss.03127,JOSS,7,Tom Farmer
10.21105/joss.03127,JOSS,8,Anthony Lim
10.21105/joss.03127,JOSS,9,Federico Montesino
10.21105/joss.03127,JOSS,10,Tim Snow
10.21105/joss.03127,JOSS,11,Andrew McCluskey
10.21105/joss.08077,JOSS,1,Ryan Senne
10.21105/joss.08077,JOSS,2,Zachary Loschinskey
10.21105/joss.08077,JOSS,3,James Fourie
10.21105/joss.08077,JOSS,4,Carson Loughridge
10.21105/joss.08077,JOSS,5,Brian D. DePasquale
10.21105/joss.04753,JOSS,1,Henrik Nicolay Topnes Finsberg
10.21105/joss.04753,JOSS,2,Ilsbeth Gerarda Maria van Herck
10.21105/joss.04753,JOSS,3,Cécile Daversin-Catty
10.21105/joss.04753,JOSS,4,Hermenegild Arevalo
10.21105/joss.04753,JOSS,5,Samuel Wall
10.21105/joss.01830,JOSS,1,Jordan Creed
10.21105/joss.01830,JOSS,2,Travis Gerke
10.21105/joss.01830,JOSS,3,Anders Berglund
10.21105/joss.02105,JOSS,1,Roni Choudhury
10.21105/joss.02105,JOSS,2,Muratahan Aykol
10.21105/joss.02105,JOSS,3,Samuel Gratzl
10.21105/joss.02105,JOSS,4,Joseph Montoya
10.21105/joss.02105,JOSS,5,Jens Hummelshøj
10.21105/joss.00848,JOSS,1,Vincent Arel-Bundock
10.21105/joss.00848,JOSS,2,Nils Enevoldsen
10.21105/joss.00848,JOSS,3,CJ Yetman
10.21105/joss.01683,JOSS,1,Leo Stein
10.21105/joss.01221,JOSS,1,Christopher Prener
10.21105/joss.01221,JOSS,2,Charles Revord
10.21105/joss.01230,JOSS,1,Andrei Novikov
10.21105/joss.03201,JOSS,1,David Barnett
10.21105/joss.03201,JOSS,2,Ilja Arts
10.21105/joss.03201,JOSS,3,John Penders
10.21105/joss.01371,JOSS,1,Jérémie Deray
10.21105/joss.01371,JOSS,2,Joan Solà
10.21105/joss.02173,JOSS,1,Steffen Herbold
10.21105/joss.02673,JOSS,1,George Datseris
10.21105/joss.02673,JOSS,2,Jonas Isensee
10.21105/joss.02673,JOSS,3,Sebastian Pech
10.21105/joss.02673,JOSS,4,Tamás Gál
10.21105/joss.03001,JOSS,1,Johannes Buchner
10.21105/joss.01426,JOSS,1,Michael Mommert
10.21105/joss.01426,JOSS,2,Michael Kelley
10.21105/joss.01426,JOSS,3,Miguel De Val-Borro
10.21105/joss.01426,JOSS,4,Jian-Yang Li
10.21105/joss.01426,JOSS,5,Giannina Guzman
10.21105/joss.01426,JOSS,6,Brigitta Sipőcz
10.21105/joss.01426,JOSS,7,Josef Ďurech
10.21105/joss.01426,JOSS,8,Mikael Granvik
10.21105/joss.01426,JOSS,9,Will Grundy
10.21105/joss.01426,JOSS,10,Nick Moskovitz
10.21105/joss.01426,JOSS,11,Antti Penttilä
10.21105/joss.01426,JOSS,12,Nalin Samarasinha
10.21105/joss.04664,JOSS,1,David Neudecker
10.21105/joss.04664,JOSS,2,Michael Joos
10.21105/joss.04664,JOSS,3,Muhammad Salihin Bin Zaol-kefli
10.21105/joss.04664,JOSS,4,Yuhao Lu
10.21105/joss.04664,JOSS,5,Niraly Mangal
10.21105/joss.04664,JOSS,6,Stephen Cairns
10.21105/joss.04062,JOSS,1,Daniel Dee
10.21105/joss.04062,JOSS,2,Dean Corriveau
10.21105/joss.04062,JOSS,3,Jeffrey R. Ladd
10.21105/joss.04062,JOSS,4,Lakshmi Nannapaneni
10.21105/joss.04062,JOSS,5,John Arkins
10.21105/joss.04062,JOSS,6,Jeffrey Brown
10.21105/joss.04143,JOSS,1,Mick Carter
10.21105/joss.04143,JOSS,2,David Blunck
10.21105/joss.06495,JOSS,1,Thibault Fillion
10.21105/joss.06495,JOSS,2,Francesco Piazza
10.21105/joss.02016,JOSS,1,Waseem Sheikh
10.21105/joss.02016,JOSS,2,Nadeem Sheikh
10.21105/joss.00021,JOSS,1,J. K. Tauber
10.21105/joss.00080,JOSS,1,Andrew J. Page
10.21105/joss.00080,JOSS,2,Sascha Steinbiss
10.21105/joss.00080,JOSS,3,Ben Taylor
10.21105/joss.00080,JOSS,4,Torsten Seemann
10.21105/joss.00080,JOSS,5,Jacqueline A. Keane
10.21105/joss.00291,JOSS,1,Daniele De Vecchi
10.21105/joss.00291,JOSS,2,Fabio Dell&#8217;Acqua
10.21105/joss.00291,JOSS,3,Daniel Aurelio Galeazzo
10.21105/joss.00454,JOSS,1,Carl Boettiger
10.21105/joss.00886,JOSS,1,Benjamin Williams
10.21105/joss.00883,JOSS,1,Thomas Klebel
10.21105/joss.01146,JOSS,1,Ryan Hagenson
10.21105/joss.01125,JOSS,1,Jonathan Schnabel
10.21105/joss.00678,JOSS,1,Russell Y. Neches
10.21105/joss.00678,JOSS,2,Camille Scott
10.21105/joss.01418,JOSS,1,Vanessa Sochat
10.21105/joss.01473,JOSS,1,Robert Briers
10.21105/joss.08505,JOSS,1,Josephine Westermann
10.21105/joss.08505,JOSS,2,Joshua Chen
10.21105/joss.04643,JOSS,1,Gáspár Lukács
10.21105/joss.01940,JOSS,1,Dhanesh Krishnarao
10.21105/joss.05489,JOSS,1,Nando Hegemann
10.21105/joss.05489,JOSS,2,Sebastian Heidenreich
10.21105/joss.05213,JOSS,1,Chenhui Jia
10.21105/joss.05213,JOSS,2,Lizette Carpenter
10.21105/joss.05213,JOSS,3,Thu Tran
10.21105/joss.05213,JOSS,4,Amanda Y. Liu
10.21105/joss.05213,JOSS,5,Sasha Yeutseyeva
10.21105/joss.05213,JOSS,6,Marium Tapal
10.21105/joss.05213,JOSS,7,Yingke Wang
10.21105/joss.05213,JOSS,8,Zoie Kexin Zhao
10.21105/joss.05213,JOSS,9,Jordan Moody
10.21105/joss.05213,JOSS,10,Denise Nava
10.21105/joss.05213,JOSS,11,Eleanor Donaher
10.21105/joss.05213,JOSS,12,Lillian Yushu Jiang
10.21105/joss.05213,JOSS,13,Ben Bruncati
10.21105/joss.05213,JOSS,14,Katherine M. Kinnaird
10.21105/joss.04456,JOSS,1,Valentin Christiaens
10.21105/joss.04928,JOSS,1,Anders Logg
10.21105/joss.04928,JOSS,2,Vasilis Naserentin
10.21105/joss.04928,JOSS,3,Dag Wästberg
10.21105/joss.07744,JOSS,1,Ruthvik Mannem
10.21105/joss.07744,JOSS,2,Adrian Swindle
10.21105/joss.04838,JOSS,1,Sebastian Zieba
10.21105/joss.04838,JOSS,2,Laura Kreidberg
10.21105/joss.08768,JOSS,1,Chad B. Hovey
10.21105/joss.08768,JOSS,2,Michael R. Buche
10.21105/joss.00260,JOSS,1,Rory Nolan
10.21105/joss.00260,JOSS,2,Sergi Padilla-Parra
10.21105/joss.07004,JOSS,1,Cody R. Drisko
10.21105/joss.07004,JOSS,2,Hemanta Bhattarai
10.21105/joss.07004,JOSS,3,Christopher J. Fennell
10.21105/joss.07004,JOSS,4,Kelsey M. Stocker
10.21105/joss.07004,JOSS,5,Charles F. Vardeman II
10.21105/joss.07004,JOSS,6,J. Daniel Gezelter
10.21105/joss.02281,JOSS,1,Iva Laginja
10.21105/joss.02281,JOSS,2,Hannah Wakeford
10.21105/joss.08618,JOSS,1,Robert Reischke
10.21105/joss.00726,JOSS,1,Ryan R. Curtin
10.21105/joss.00726,JOSS,2,Marcus Edel
10.21105/joss.00726,JOSS,3,Mikhail Lozhnikov
10.21105/joss.00726,JOSS,4,Yannis Mentekidis
10.21105/joss.00726,JOSS,5,Sumedh Ghaisas
10.21105/joss.00726,JOSS,6,Shangtong Zhang
10.21105/joss.08776,JOSS,1,Ziv Meri
10.21105/joss.09309,JOSS,1,Daniel N. Blaschke
10.21105/joss.06171,JOSS,1,Philipp Holl
10.21105/joss.06171,JOSS,2,Nils Thuerey
10.21105/joss.06367,JOSS,1,Edward Bergman
10.21105/joss.06367,JOSS,2,Matthias Feurer
10.21105/joss.06367,JOSS,3,Aron Bahram
10.21105/joss.06367,JOSS,4,Amir Rezaei Balef
10.21105/joss.06367,JOSS,5,Lennart Purucker
10.21105/joss.06367,JOSS,6,Sarah Segel
10.21105/joss.06367,JOSS,7,Marius Lindauer
10.21105/joss.06367,JOSS,8,Frank Hutter
10.21105/joss.06367,JOSS,9,Katharina Eggensperger
10.21105/joss.03431,JOSS,1,Benjamin Edward Bolling
10.21105/joss.08101,JOSS,1,Ibrahim Hadzic
10.21105/joss.08101,JOSS,2,Suraj Pai
10.21105/joss.08101,JOSS,3,Keno Bressem
10.21105/joss.08101,JOSS,4,Borek Foldyna
10.21105/joss.08101,JOSS,5,Hugo JWL Aerts
10.21105/joss.06321,JOSS,1,Shael Brown
10.21105/joss.06321,JOSS,2,Reza Farivar-Mohseni
10.21105/joss.01603,JOSS,1,Daniel Nüst
10.21105/joss.01603,JOSS,2,Matthias Hinz
10.21105/joss.04182,JOSS,1,Michael Kilgour
10.21105/joss.04182,JOSS,2,Tao Liu
10.21105/joss.04182,JOSS,3,Ilya S. Dementyev
10.21105/joss.04182,JOSS,4,Lena Simine
10.21105/joss.04991,JOSS,1,Emily Bourne
10.21105/joss.04991,JOSS,2,Yaman Güçlü
10.21105/joss.04991,JOSS,3,Said Hadjout
10.21105/joss.04991,JOSS,4,Ahmed Ratnani
10.21105/joss.06876,JOSS,1,Philip Gouverneur
10.21105/joss.06876,JOSS,2,Frédéric Li
10.21105/joss.06876,JOSS,3,Luisa Luebke
10.21105/joss.06876,JOSS,4,Tibor M. Szikszay
10.21105/joss.06876,JOSS,5,Sonja Dana Roelen
10.21105/joss.06876,JOSS,6,Jarek Krajewski
10.21105/joss.06876,JOSS,7,Kerstin Luedtke
10.21105/joss.06876,JOSS,8,Marcin Grzegorzek
10.21105/joss.04716,JOSS,1,Connor Donegan
10.21105/joss.09517,JOSS,1,Francisco Campuzano-Jiménez
10.21105/joss.09517,JOSS,2,Arthur Zwaenepoel
10.21105/joss.09517,JOSS,3,Els Lea R De Keyzer
10.21105/joss.09517,JOSS,4,Hannes Svardal
10.21105/joss.02392,JOSS,1,Jannik Michelfeit
10.21105/joss.02003,JOSS,1,Thomas Helfer
10.21105/joss.02003,JOSS,2,Jeremy Bleyer
10.21105/joss.02003,JOSS,3,Tero Frondelius
10.21105/joss.02003,JOSS,4,Ivan Yashchuk
10.21105/joss.02003,JOSS,5,Thomas Nagel
10.21105/joss.02003,JOSS,6,Dmitri Naumov
10.21105/joss.00314,JOSS,1,Lincoln A. Mullen
10.21105/joss.00314,JOSS,2,Jordan Bratt
10.21105/joss.09343,JOSS,1,Koki Tsuyuzaki
10.21105/joss.07742,JOSS,1,Thomas Helfer
10.21105/joss.07742,JOSS,2,Maxence Wangermez
10.21105/joss.07742,JOSS,3,Eric Simo
10.21105/joss.07742,JOSS,4,Thomas Nagel
10.21105/joss.07742,JOSS,5,Christian B. Silbermann
10.21105/joss.07742,JOSS,6,Lorenzo Riparbelli
10.21105/joss.08321,JOSS,1,Hendrik Jung
10.21105/joss.08321,JOSS,2,Gerhard Hummer
10.21105/joss.01159,JOSS,1,Alexander Fabisch
10.21105/joss.05687,JOSS,1,Che-Wei Chang
10.21105/joss.05687,JOSS,2,Karl Schmid
10.21105/joss.01179,JOSS,1,Gáspár Lukács
10.21105/joss.01186,JOSS,1,Jasper Ho
10.21105/joss.01186,JOSS,2,Garway Ng
10.21105/joss.01186,JOSS,3,Mathias Renaud
10.21105/joss.01186,JOSS,4,Art Poon
10.21105/joss.08055,JOSS,1,Tomasz M. Stępkowski
10.21105/joss.03782,JOSS,1,Tin Lai
10.21105/joss.01203,JOSS,1,Mahmoud Gadalla
10.21105/joss.01203,JOSS,2,Marco Tezzele
10.21105/joss.01203,JOSS,3,Andrea Mola
10.21105/joss.01203,JOSS,4,Gianluigi Rozza
10.21105/joss.03395,JOSS,1,Philipp Lucas
10.21105/joss.03395,JOSS,2,Joachim Giesen
10.21105/joss.01208,JOSS,1,Victoria Rubin
10.21105/joss.01208,JOSS,2,Chris Brogly
10.21105/joss.01208,JOSS,3,Nadia Conroy
10.21105/joss.01208,JOSS,4,Yimin Chen
10.21105/joss.01208,JOSS,5,Sarah Cornwell
10.21105/joss.01208,JOSS,6,Toluwase Asubiaro
10.21105/joss.03376,JOSS,1,Mamadou Diallo
10.21105/joss.08163,JOSS,1,Andjelka B. Kovačević
10.21105/joss.08163,JOSS,2,Dragana Ilić
10.21105/joss.08163,JOSS,3,Momčilo Tošić
10.21105/joss.08163,JOSS,4,Marina Pavlović
10.21105/joss.08163,JOSS,5,Aman Raju
10.21105/joss.08163,JOSS,6,Mladen Nikolić
10.21105/joss.08163,JOSS,7,Saša Simić
10.21105/joss.08163,JOSS,8,Iva Čvorović-Hajdinjak
10.21105/joss.08163,JOSS,9,Luka Č. Popović
10.21105/joss.08347,JOSS,1,Jed Homer
10.21105/joss.06739,JOSS,1,Joseph Guman
10.21105/joss.06739,JOSS,2,Joseph C. O’Brien
10.21105/joss.06739,JOSS,3,Christopher Pondoc
10.21105/joss.06739,JOSS,4,Mykel J. Kochenderfer
10.21105/joss.00176,JOSS,1,Anthony Caravaggi
10.21105/joss.03709,JOSS,1,Alexander Jüstel
10.21105/joss.03709,JOSS,2,Arthur Endlein Correira
10.21105/joss.03709,JOSS,3,Marius Pischke
10.21105/joss.03709,JOSS,4,Miguel de la Varga
10.21105/joss.03709,JOSS,5,Florian Wellmann
10.21105/joss.02990,JOSS,1,Stefan McCabe
10.21105/joss.02990,JOSS,2,Leo Torres
10.21105/joss.02990,JOSS,3,Timothy LaRock
10.21105/joss.02990,JOSS,4,Syed Haque
10.21105/joss.02990,JOSS,5,Chia-Hung Yang
10.21105/joss.02990,JOSS,6,Harrison Hartle
10.21105/joss.02990,JOSS,7,Brennan Klein
10.21105/joss.03010,JOSS,1,Andrea Bommert
10.21105/joss.03010,JOSS,2,Michel Lang
10.21105/joss.07118,JOSS,1,Attila Bódi
10.21105/joss.08755,JOSS,1,Joost de Vries
10.21105/joss.08755,JOSS,2,Nicola A. Wiseman
10.21105/joss.08755,JOSS,3,Levi John Wolf
10.21105/joss.06586,JOSS,1,Jonathan B. Martin
10.21105/joss.06586,JOSS,2,Heng Sun
10.21105/joss.06586,JOSS,3,Madison Albert
10.21105/joss.06586,JOSS,4,Kevin M. Johnson
10.21105/joss.06586,JOSS,5,William A. Grissom
10.21105/joss.02911,JOSS,1,Benjamin Michaud
10.21105/joss.02911,JOSS,2,Mickaël Begon
10.21105/joss.06782,JOSS,1,Jean Mainguy
10.21105/joss.06782,JOSS,2,Claire Hoede
10.21105/joss.07754,JOSS,1,Jan Boelts
10.21105/joss.07754,JOSS,2,Michael Deistler
10.21105/joss.07754,JOSS,3,Manuel Gloeckler
10.21105/joss.07754,JOSS,4,Álvaro Tejero-Cantero
10.21105/joss.07754,JOSS,5,Jan-Matthis Lueckmann
10.21105/joss.07754,JOSS,6,Guy Moss
10.21105/joss.07754,JOSS,7,Peter Steinbach
10.21105/joss.07754,JOSS,8,Thomas Moreau
10.21105/joss.07754,JOSS,9,Fabio Muratore
10.21105/joss.07754,JOSS,10,Julia Linhart
10.21105/joss.07754,JOSS,11,Conor Durkan
10.21105/joss.07754,JOSS,12,Julius Vetter
10.21105/joss.07754,JOSS,13,Benjamin Kurt Miller
10.21105/joss.07754,JOSS,14,Maternus Herold
10.21105/joss.07754,JOSS,15,Abolfazl Ziaeemehr
10.21105/joss.07754,JOSS,16,Matthijs Pals
10.21105/joss.07754,JOSS,17,Theo Gruner
10.21105/joss.07754,JOSS,18,Sebastian Bischoff
10.21105/joss.07754,JOSS,19,Nastya Krouglova
10.21105/joss.07754,JOSS,20,Richard Gao
10.21105/joss.07754,JOSS,21,Janne K Lappalainen
10.21105/joss.07754,JOSS,22,Bálint Mucsányi
10.21105/joss.07754,JOSS,23,Felix Pei
10.21105/joss.07754,JOSS,24,Auguste Schulz
10.21105/joss.07754,JOSS,25,Zinovia Stefanidi
10.21105/joss.07754,JOSS,26,Pedro Rodrigues
10.21105/joss.07754,JOSS,27,Cornelius Schröder
10.21105/joss.07754,JOSS,28,Faried Abu Zaid
10.21105/joss.07754,JOSS,29,Jonas Beck
10.21105/joss.07754,JOSS,30,Jaivardhan Kapoor
10.21105/joss.07754,JOSS,31,David S. Greenberg
10.21105/joss.07754,JOSS,32,Pedro J. Gonçalves
10.21105/joss.07754,JOSS,33,Jakob H. Macke
10.21105/joss.03998,JOSS,1,Tom Wagg
10.21105/joss.03998,JOSS,2,Katelyn Breivik
10.21105/joss.03998,JOSS,3,Selma de Mink
10.21105/joss.05052,JOSS,1,Ritam Raha
10.21105/joss.05052,JOSS,2,Rajarshi Roy
10.21105/joss.05052,JOSS,3,Nathanaël Fijalkow
10.21105/joss.05052,JOSS,4,Daniel Neider
10.21105/joss.07563,JOSS,1,Selvakumar Kamatchinathan
10.21105/joss.07563,JOSS,2,Suresh Hewapathirana
10.21105/joss.07563,JOSS,3,Chakradhar Bandla
10.21105/joss.07563,JOSS,4,Santiago Insua
10.21105/joss.07563,JOSS,5,Juan Antonio Vizcaíno
10.21105/joss.07563,JOSS,6,Yasset Perez-Riverol
10.21105/joss.06717,JOSS,1,Rodrigo Pires
10.21105/joss.06717,JOSS,2,Anna Hepworth
10.21105/joss.06717,JOSS,3,Rebecca O’Leary
10.21105/joss.06717,JOSS,4,Jonathan Carroll
10.21105/joss.06717,JOSS,5,James Goldie
10.21105/joss.06717,JOSS,6,Dean Marchiori
10.21105/joss.06717,JOSS,7,Paul Melloy
10.21105/joss.06717,JOSS,8,Mark Padgam
10.21105/joss.06717,JOSS,9,Hugh Parsonage
10.21105/joss.06717,JOSS,10,Adam H. Sparks
10.21105/joss.04873,JOSS,1,Ryan J. MacDonald
10.21105/joss.02732,JOSS,1,David Stansby
10.21105/joss.02732,JOSS,2,Anthony Yeates
10.21105/joss.02732,JOSS,3,Samuel Badman
10.21105/joss.07405,JOSS,1,Newell H. Moser
10.21105/joss.07405,JOSS,2,Alexander K. Landauer
10.21105/joss.07405,JOSS,3,Orion L. Kafka
10.21105/joss.06860,JOSS,1,Kyle A. Oman
10.21105/joss.08063,JOSS,1,Tong Chen
10.21105/joss.08063,JOSS,2,S. Ghazaleh Dashti
10.21105/joss.08063,JOSS,3,Margarita Moreno-Betancur
10.21105/joss.02829,JOSS,1,Vincent Landau
10.21105/joss.02829,JOSS,2,Viral Shah
10.21105/joss.02829,JOSS,3,Ranjan Anantharaman
10.21105/joss.02829,JOSS,4,Kimberly Hall
10.21105/joss.01389,JOSS,1,Michał Kuźba
10.21105/joss.01389,JOSS,2,Ewa Baranowska
10.21105/joss.01389,JOSS,3,Przemysław Biecek
10.21105/joss.05374,JOSS,1,Phillip Chlap
10.21105/joss.05374,JOSS,2,Robert N. Finnegan
10.21105/joss.03525,JOSS,1,Matt Landreman
10.21105/joss.03525,JOSS,2,Bharat Medasani
10.21105/joss.03525,JOSS,3,Florian Wechsung
10.21105/joss.03525,JOSS,4,Andrew Giuliani
10.21105/joss.03525,JOSS,5,Rogerio Jorge
10.21105/joss.03525,JOSS,6,Caoxiang Zhu
10.21105/joss.06035,JOSS,1,Nathan Musoke
10.21105/joss.04484,JOSS,1,Adam Li
10.21105/joss.04484,JOSS,2,Jacob Feitelberg
10.21105/joss.04484,JOSS,3,Anand Prakash Saini
10.21105/joss.04484,JOSS,4,Richard Höchenberger
10.21105/joss.04484,JOSS,5,Mathieu Scheltienne
10.21105/joss.03703,JOSS,1,Tomas Andrade
10.21105/joss.03703,JOSS,2,Llibert Salo
10.21105/joss.03703,JOSS,3,Josu Aurrekoetxea
10.21105/joss.03703,JOSS,4,Jamie Bamber
10.21105/joss.03703,JOSS,5,Katy Clough
10.21105/joss.03703,JOSS,6,Robin Croft
10.21105/joss.03703,JOSS,7,Eloy de Jong
10.21105/joss.03703,JOSS,8,Amelia Drew
10.21105/joss.03703,JOSS,9,Alejandro Duran
10.21105/joss.03703,JOSS,10,Pedro Ferreira
10.21105/joss.03703,JOSS,11,Pau Figueras
10.21105/joss.03703,JOSS,12,Hal Finkel
10.21105/joss.03703,JOSS,13,Tiago Frana
10.21105/joss.03703,JOSS,14,Bo-Xuan Ge
10.21105/joss.03703,JOSS,15,Chenxia Gu
10.21105/joss.03703,JOSS,16,Thomas Helfer
10.21105/joss.03703,JOSS,17,Juha Jäykkä
10.21105/joss.03703,JOSS,18,Cristian Joana
10.21105/joss.03703,JOSS,19,Markus Kunesch
10.21105/joss.03703,JOSS,20,Kacper Kornet
10.21105/joss.03703,JOSS,21,Eugene Lim
10.21105/joss.03703,JOSS,22,Francesco Muia
10.21105/joss.03703,JOSS,23,Zainab Nazari
10.21105/joss.03703,JOSS,24,Miren Radia
10.21105/joss.03703,JOSS,25,Justin Ripley
10.21105/joss.03703,JOSS,26,Paul Shellard
10.21105/joss.03703,JOSS,27,Ulrich Sperhake
10.21105/joss.03703,JOSS,28,Dina Traykova
10.21105/joss.03703,JOSS,29,Saran Tunyasuvunakool
10.21105/joss.03703,JOSS,30,Zipeng Wang
10.21105/joss.03703,JOSS,31,James Widdicombe
10.21105/joss.03703,JOSS,32,Kaze Wong
10.21105/joss.02178,JOSS,1,Francesco Witte
10.21105/joss.02178,JOSS,2,Ilja Tuschy
10.21105/joss.00845,JOSS,1,Valentino Constantinou
10.21105/joss.00821,JOSS,1,Robert W. Schlegel
10.21105/joss.00821,JOSS,2,Albertus J. Smit
10.21105/joss.00566,JOSS,1,Jarvist Moore Frost
10.21105/joss.07969,JOSS,1,Dominique Makowski
10.21105/joss.07969,JOSS,2,Mattan S. Ben-Shachar
10.21105/joss.07969,JOSS,3,Brenton M. Wiernik
10.21105/joss.07969,JOSS,4,Indrajeet Patil
10.21105/joss.07969,JOSS,5,Rémi Thériault
10.21105/joss.07969,JOSS,6,Daniel Lüdecke
10.21105/joss.03714,JOSS,1,Félix Chénier
10.21105/joss.04899,JOSS,1,Szabolcs Horvát
10.21105/joss.04899,JOSS,2,Jakub Podkalicki
10.21105/joss.04899,JOSS,3,Gábor Csárdi
10.21105/joss.04899,JOSS,4,Tamás Nepusz
10.21105/joss.04899,JOSS,5,Vincent Traag
10.21105/joss.04899,JOSS,6,Fabio Zanini
10.21105/joss.04899,JOSS,7,Daniel Noom
10.21105/joss.01822,JOSS,1,Vítor Ramos
10.21105/joss.03318,JOSS,1,Alex Malins
10.21105/joss.03318,JOSS,2,Thom Lemoine
10.21105/joss.03979,JOSS,1,Nima Hejazi
10.21105/joss.03979,JOSS,2,Kara Rudolph
10.21105/joss.03979,JOSS,3,Iván Díaz
10.21105/joss.03612,JOSS,1,Milan Sharma Mandigo-Stoba
10.21105/joss.03612,JOSS,2,Christoffer Fremling
10.21105/joss.03612,JOSS,3,Mansi M. Kasliwal
10.21105/joss.02285,JOSS,1,Samuel Forbes
10.21105/joss.04742,JOSS,1,Aaron T. L. Lun
10.21105/joss.01834,JOSS,1,Giuseppe Morello
10.21105/joss.01834,JOSS,2,Antonio Claret
10.21105/joss.01834,JOSS,3,Marine Martin-Lagarde
10.21105/joss.01834,JOSS,4,Christophe Cossou
10.21105/joss.01834,JOSS,5,Angelos Tsiara
10.21105/joss.01834,JOSS,6,Pierre-Olivier Lagage
10.21105/joss.06715,JOSS,1,Hannah Sherrod
10.21105/joss.06715,JOSS,2,Nicholas Leong
10.21105/joss.06715,JOSS,3,Hannah Hapich
10.21105/joss.06715,JOSS,4,Fabian Gomez
10.21105/joss.06715,JOSS,5,Shelly Moore
10.21105/joss.06715,JOSS,6,Ben Maurer
10.21105/joss.06715,JOSS,7,Scott Coffin
10.21105/joss.06715,JOSS,8,Leah Thornton Hampton
10.21105/joss.06715,JOSS,9,Tony Hale
10.21105/joss.06715,JOSS,10,Richard Nelson
10.21105/joss.06715,JOSS,11,Clare Murphy-Hagan
10.21105/joss.06715,JOSS,12,Oluniyi O. Fadare
10.21105/joss.06715,JOSS,13,Anna Kukkola
10.21105/joss.06715,JOSS,14,Hsuan-Cheng Lu
10.21105/joss.06715,JOSS,15,Laura Markley
10.21105/joss.06715,JOSS,16,Win Cowger
10.21105/joss.02807,JOSS,1,The Collaboration
10.21105/joss.02807,JOSS,2,Axel Brandenburg
10.21105/joss.02807,JOSS,3,Anders Johansen
10.21105/joss.02807,JOSS,4,Philippe Bourdin
10.21105/joss.02807,JOSS,5,Wolfgang Dobler
10.21105/joss.02807,JOSS,6,Wladimir Lyra
10.21105/joss.02807,JOSS,7,Matthias Rheinhardt
10.21105/joss.02807,JOSS,8,Sven Bingert
10.21105/joss.02807,JOSS,9,Nils Haugen
10.21105/joss.02807,JOSS,10,Antony Mee
10.21105/joss.02807,JOSS,11,Frederick Gent
10.21105/joss.02807,JOSS,12,Natalia Babkovskaia
10.21105/joss.02807,JOSS,13,Chao-Chin Yang
10.21105/joss.02807,JOSS,14,Tobias Heinemann
10.21105/joss.02807,JOSS,15,Boris Dintrans
10.21105/joss.02807,JOSS,16,Dhrubaditya Mitra
10.21105/joss.02807,JOSS,17,Simon Candelaresi
10.21105/joss.02807,JOSS,18,Jörn Warnecke
10.21105/joss.02807,JOSS,19,Petri Käpylä
10.21105/joss.02807,JOSS,20,Andreas Schreiber
10.21105/joss.02807,JOSS,21,Piyali Chatterjee
10.21105/joss.02807,JOSS,22,Maarit Käpylä
10.21105/joss.02807,JOSS,23,Xiang-Yu Li
10.21105/joss.02807,JOSS,24,Jonas Krüger
10.21105/joss.02807,JOSS,25,Jørgen Aarnes
10.21105/joss.02807,JOSS,26,Graeme Sarson
10.21105/joss.02807,JOSS,27,Jeffrey Oishi
10.21105/joss.02807,JOSS,28,Jennifer Schober
10.21105/joss.02807,JOSS,29,Raphaël Plasson
10.21105/joss.02807,JOSS,30,Christer Sandin
10.21105/joss.02807,JOSS,31,Ewa Karchniwy
10.21105/joss.02807,JOSS,32,Luiz Rodrigues
10.21105/joss.02807,JOSS,33,Alexander Hubbard
10.21105/joss.02807,JOSS,34,Gustavo Guerrero
10.21105/joss.02807,JOSS,35,Andrew Snodin
10.21105/joss.02807,JOSS,36,Illa Losada
10.21105/joss.02807,JOSS,37,Johannes Pekkilä
10.21105/joss.02807,JOSS,38,Chengeng Qian
10.21105/joss.02752,JOSS,1,Vincent Berenz
10.21105/joss.02752,JOSS,2,Maximilien Naveau
10.21105/joss.02752,JOSS,3,Felix Widmaier
10.21105/joss.02752,JOSS,4,Manuel Wüthrich
10.21105/joss.02752,JOSS,5,Jean-Claude Passy
10.21105/joss.02752,JOSS,6,Simon Guist
10.21105/joss.02752,JOSS,7,Dieter Büchler
10.21105/joss.03464,JOSS,1,Satej Soman
10.21105/joss.03464,JOSS,2,Caitlin Loftus
10.21105/joss.03464,JOSS,3,Steven Buschbach
10.21105/joss.03464,JOSS,4,Manasi Phadnis
10.21105/joss.03464,JOSS,5,Luís Bettencourt
10.21105/joss.03705,JOSS,1,Ejike Ugba
10.21105/joss.00865,JOSS,1,Wim Vanderbauwhede
10.21105/joss.03981,JOSS,1,Pascal Merz
10.21105/joss.03981,JOSS,2,Wei-Tse Hsu
10.21105/joss.03981,JOSS,3,Matt Thompson
10.21105/joss.03981,JOSS,4,Simon Boothroyd
10.21105/joss.03981,JOSS,5,Chris Walker
10.21105/joss.03981,JOSS,6,Michael Shirts
10.21105/joss.01231,JOSS,1,John Garrett
10.21105/joss.01231,JOSS,2,Ghassan Yassin
10.21105/joss.02125,JOSS,1,Daniel Hey
10.21105/joss.02125,JOSS,2,Simon Murphy
10.21105/joss.02125,JOSS,3,Daniel Foreman-Mackey
10.21105/joss.02125,JOSS,4,Timothy Bedding
10.21105/joss.02125,JOSS,5,Benjamin Pope
10.21105/joss.02125,JOSS,6,David Hogg
10.21105/joss.00221,JOSS,1,Luca Romano
10.21105/joss.00298,JOSS,1,Alexander Lindsay
10.21105/joss.00298,JOSS,2,Kathryn Huff
10.21105/joss.02805,JOSS,1,Nelly Barret
10.21105/joss.02805,JOSS,2,Fabien Duchateau
10.21105/joss.02805,JOSS,3,Franck Favetta
10.21105/joss.08251,JOSS,1,Sadie L. Bartholomew
10.21105/joss.08251,JOSS,2,Lincoln Colling
10.21105/joss.08251,JOSS,3,Abhishek Dasgupta
10.21105/joss.08251,JOSS,4,Anthony J. Greenberg
10.21105/joss.08251,JOSS,5,Loïc Lannelongue
10.21105/joss.08251,JOSS,6,Thibault Lestang
10.21105/joss.08251,JOSS,7,Carlos Martinez-Ortiz
10.21105/joss.08251,JOSS,8,Colin Sauzé
10.21105/joss.08251,JOSS,9,Andrew M. Walker
10.21105/joss.08251,JOSS,10,Adam Stuart Ward
10.21105/joss.05430,JOSS,1,Fruzsina J. Agocs
10.21105/joss.05430,JOSS,2,Alex H. Barnett
10.21105/joss.02334,JOSS,1,Taylor Griswold
10.21105/joss.02334,JOSS,2,Curtis Kapsak
10.21105/joss.02334,JOSS,3,Jessica Chen
10.21105/joss.02334,JOSS,4,Henk Bakker
10.21105/joss.02334,JOSS,5,Grant Williams
10.21105/joss.02334,JOSS,6,Alyssa Kelley
10.21105/joss.02334,JOSS,7,Eshaw Vidyaprakash
10.21105/joss.02334,JOSS,8,Lee Katz
10.21105/joss.06842,JOSS,1,Masoud Abedinifar
10.21105/joss.06842,JOSS,2,Julius Welzel
10.21105/joss.06842,JOSS,3,Clint Hansen
10.21105/joss.06842,JOSS,4,Walter Maetzler
10.21105/joss.06842,JOSS,5,Robbin Romijnders
10.21105/joss.06855,JOSS,1,Cory Kinney
10.21105/joss.06855,JOSS,2,Subith Vasu
10.21105/joss.06967,JOSS,1,Damir Akchurin
10.21105/joss.02313,JOSS,1,Lukas Riedel
10.21105/joss.02313,JOSS,2,Santiago Ospina De Los Ríos
10.21105/joss.02313,JOSS,3,Dion Häfner
10.21105/joss.02313,JOSS,4,Ole Klein
10.21105/joss.05792,JOSS,1,Sadegh Mohammadi
10.21105/joss.03613,JOSS,1,Robert Luke
10.21105/joss.08091,JOSS,1,Jon Sampedro
10.21105/joss.08091,JOSS,2,Clàudia Rodés-Bachs
10.21105/joss.08091,JOSS,3,Steven J. Smith
10.21105/joss.08091,JOSS,4,Manuel Tomás
10.21105/joss.08091,JOSS,5,Ismael Urrutia
10.21105/joss.08091,JOSS,6,Dirk-Jan Van de Ven
10.21105/joss.05328,JOSS,1,Rex Parsons
10.21105/joss.05328,JOSS,2,Robin D. Blythe
10.21105/joss.05328,JOSS,3,Adrian G. Barnett
10.21105/joss.05328,JOSS,4,Susanna M. Cramb
10.21105/joss.05328,JOSS,5,Steven M. McPhail
10.21105/joss.00170,JOSS,1,Bradley C. Boehmke
10.21105/joss.00170,JOSS,2,Robert T. Montgomery
10.21105/joss.00170,JOSS,3,Jeffrey A. Ogden
10.21105/joss.00170,JOSS,4,Jason K. Freels
10.21105/joss.08485,JOSS,1,Valentin Niess
10.21105/joss.08485,JOSS,2,Kinson Vernet
10.21105/joss.08485,JOSS,3,Luca Terray
10.21105/joss.04952,JOSS,1,Gianluca Iori
10.21105/joss.04952,JOSS,2,Gianluigi Crimi
10.21105/joss.04952,JOSS,3,Enrico Schileo
10.21105/joss.04952,JOSS,4,Fulvia Taddei
10.21105/joss.04952,JOSS,5,Giulia Fraterrigo
10.21105/joss.04952,JOSS,6,Martino Pani
10.21105/joss.03068,JOSS,1,Jean Sexton
10.21105/joss.03068,JOSS,2,Zarija Lukic
10.21105/joss.03068,JOSS,3,Ann Almgren
10.21105/joss.03068,JOSS,4,Chris Daley
10.21105/joss.03068,JOSS,5,Brian Friesen
10.21105/joss.03068,JOSS,6,Andrew Myers
10.21105/joss.03068,JOSS,7,Weiqun Zhang
10.21105/joss.04937,JOSS,1,Kathryn L. Doering
10.21105/joss.04937,JOSS,2,Nathan R. Vaughan
10.21105/joss.04937,JOSS,3,John F. Walter
10.21105/joss.04937,JOSS,4,Richard D. Methot
10.21105/joss.04937,JOSS,5,Skyler R. Sagarese
10.21105/joss.04937,JOSS,6,Matthew Smith
10.21105/joss.04937,JOSS,7,Nicholas A. Farmer
10.21105/joss.04937,JOSS,8,Shannon Calay
10.21105/joss.04937,JOSS,9,Nancie J. Cummings
10.21105/joss.04937,JOSS,10,Kelli F. Johnson
10.21105/joss.04937,JOSS,11,Kristin Marshall
10.21105/joss.04937,JOSS,12,Cassidy D. Peterson
10.21105/joss.04937,JOSS,13,Ian G. Taylor
10.21105/joss.04937,JOSS,14,Chantel R. Wetzel
10.21105/joss.08946,JOSS,1,Lorenz Diener
10.21105/joss.08946,JOSS,2,Corentin Delcourt
10.21105/joss.06889,JOSS,1,Tennessee Leeuwenburg
10.21105/joss.06889,JOSS,2,Nicholas Loveday
10.21105/joss.06889,JOSS,3,Elizabeth E. Ebert
10.21105/joss.06889,JOSS,4,Harrison Cook
10.21105/joss.06889,JOSS,5,Mohammadreza Khanarmuei
10.21105/joss.06889,JOSS,6,Robert J. Taggart
10.21105/joss.06889,JOSS,7,Nikeeth Ramanathan
10.21105/joss.06889,JOSS,8,Maree Carroll
10.21105/joss.06889,JOSS,9,Stephanie Chong
10.21105/joss.06889,JOSS,10,Aidan Griffiths
10.21105/joss.06889,JOSS,11,John Sharples
10.21105/joss.05072,JOSS,1,E. Theodore L. Omtzigt
10.21105/joss.05072,JOSS,2,James Quinlan
10.21105/joss.01844,JOSS,1,Jens Mortensen
10.21105/joss.01844,JOSS,2,Morten Gjerding
10.21105/joss.01844,JOSS,3,Kristian Thygesen
10.21105/joss.00413,JOSS,1,Haytham M. Fayek
10.21105/joss.07364,JOSS,1,George Simmons
10.21105/joss.07364,JOSS,2,David Stern
10.21105/joss.07364,JOSS,3,Georg Osang
10.21105/joss.07364,JOSS,4,Luigi Ponti
10.21105/joss.07364,JOSS,5,Andrew Paul Gutierrez
10.21105/joss.07364,JOSS,6,Chiara Facciolà
10.21105/joss.07364,JOSS,7,Timothy Hosgood
10.21105/joss.09105,JOSS,1,Stefan Hiemer
10.21105/joss.08777,JOSS,1,Zisheng Ye
10.21105/joss.08777,JOSS,2,Zhan Ma
10.21105/joss.08777,JOSS,3,Ebrahim Safdarian
10.21105/joss.08777,JOSS,4,Shirindokht Yazdani
10.21105/joss.08777,JOSS,5,Wenxiao Pan
10.21105/joss.03780,JOSS,1,Arkajyoti Saha
10.21105/joss.03780,JOSS,2,Sumanta Basu
10.21105/joss.03780,JOSS,3,Abhirup Datta
10.21105/joss.08388,JOSS,1,Zachary R. Atkins
10.21105/joss.08388,JOSS,2,Jed Brown
10.21105/joss.08388,JOSS,3,Fabio Di Gioacchino
10.21105/joss.08388,JOSS,4,Layla Ghaffari
10.21105/joss.08388,JOSS,5,Zachariah T. Irwin
10.21105/joss.08388,JOSS,6,Rezgar Shakeri
10.21105/joss.08388,JOSS,7,Karen Stengel
10.21105/joss.08388,JOSS,8,Jeremy L Thompson
10.21105/joss.09688,JOSS,1,Bryan N. Lawrence
10.21105/joss.09688,JOSS,2,Ezequiel Cimadevilla
10.21105/joss.09688,JOSS,3,Wout De Nolf
10.21105/joss.09688,JOSS,4,David Hassell
10.21105/joss.09688,JOSS,5,Jonathan Helmus
10.21105/joss.09688,JOSS,6,Benjamin Hodel
10.21105/joss.09688,JOSS,7,Brian Maranville
10.21105/joss.09688,JOSS,8,Kai Mühlbauer
10.21105/joss.09688,JOSS,9,Valeriu Predoi
10.21105/joss.07852,JOSS,1,Fabian Schmidt
10.21105/joss.07852,JOSS,2,Nathan Weisz
10.21105/joss.07852,JOSS,3,Thomas Hartmann
10.21105/joss.08113,JOSS,1,Maxim Van de Wynckel
10.21105/joss.08113,JOSS,2,Beat Signer
10.21105/joss.07264,JOSS,1,Lissy-Anne M. Denkers
10.21105/joss.07264,JOSS,2,Marc D. Galland
10.21105/joss.07264,JOSS,3,Annabel Dekker
10.21105/joss.07264,JOSS,4,Valerio Bianchi
10.21105/joss.07264,JOSS,5,Petra M. Bleeker
10.21105/joss.04298,JOSS,1,Mario Krattenmacher
10.21105/joss.04298,JOSS,2,Markus Müller
10.21105/joss.04298,JOSS,3,Pascal Kuthe
10.21105/joss.04298,JOSS,4,Michael Schröter
10.21105/joss.05267,JOSS,1,Tom Eulenfeld
10.21105/joss.06622,JOSS,1,Nicolas Oudart
10.21105/joss.08066,JOSS,1,Robert L. Baker
10.21105/joss.08066,JOSS,2,Colin Smith
10.21105/joss.08066,JOSS,3,Sarah E. Wright
10.21105/joss.08066,JOSS,4,Issac Quevedo
10.21105/joss.08066,JOSS,5,Kristin Vanderbilt
10.21105/joss.08066,JOSS,6,Carl Boettiger
10.21105/joss.08066,JOSS,7,Judd M. Patterson
10.21105/joss.08066,JOSS,8,Joe DeVivo
10.21105/joss.08197,JOSS,1,Alexei Goumilevski
10.21105/joss.08197,JOSS,2,James Otterson
10.21105/joss.08266,JOSS,1,Robert QIAO
10.21105/joss.06803,JOSS,1,Sara Ha
10.21105/joss.06803,JOSS,2,Simona Onori
10.21105/joss.00257,JOSS,1,Paul Francis Harrison
10.21105/joss.03611,JOSS,1,Mike Smith
10.21105/joss.03611,JOSS,2,James Downs
10.21105/joss.08515,JOSS,1,Florian Maurer
10.21105/joss.08515,JOSS,2,Nick Harder
10.21105/joss.08515,JOSS,3,Kim K. Miskiw
10.21105/joss.08515,JOSS,4,Manish Khanra
10.21105/joss.09176,JOSS,1,Alban Bloor Riley
10.21105/joss.09176,JOSS,2,Marcus Webb
10.21105/joss.09176,JOSS,3,Michael L. Baker
10.21105/joss.06468,JOSS,1,Mathis Fédérico
10.21105/joss.06468,JOSS,2,Shang Wang
10.21105/joss.06468,JOSS,3,Yuxuan Li
10.21105/joss.06468,JOSS,4,Matthew E. Taylor
10.21105/joss.00380,JOSS,1,Pradeep Reddy Raamana
10.21105/joss.00380,JOSS,2,Stephen C. Strother
10.21105/joss.02528,JOSS,1,Soren Jordan
10.21105/joss.02528,JOSS,2,Andrew Philips
10.21105/joss.07743,JOSS,1,Pierre-Antoine Comby
10.21105/joss.07743,JOSS,2,Guillaume Daval-Frérot
10.21105/joss.07743,JOSS,3,Caini Pan
10.21105/joss.07743,JOSS,4,Asma Tanabene
10.21105/joss.07743,JOSS,5,Léna Oudjman
10.21105/joss.07743,JOSS,6,Matteo Cencini
10.21105/joss.07743,JOSS,7,Philippe Ciuciu
10.21105/joss.07743,JOSS,8,Chaithya GR
10.21105/joss.06605,JOSS,1,Carl Julius Martensen
10.21105/joss.06605,JOSS,2,Christoph Plate
10.21105/joss.06605,JOSS,3,Sebastian Sager
10.21105/joss.05706,JOSS,1,Liam Booth
10.21105/joss.05706,JOSS,2,Aziz Asghar
10.21105/joss.05706,JOSS,3,Anthony Bateson
10.21105/joss.01182,JOSS,1,Michael Conlon
10.21105/joss.01182,JOSS,2,Andrew Woods
10.21105/joss.01182,JOSS,3,Graham Triggs
10.21105/joss.01182,JOSS,4,Ralph O'Flinn
10.21105/joss.01182,JOSS,5,Muhammad Javed
10.21105/joss.01182,JOSS,6,Jim Blake
10.21105/joss.01182,JOSS,7,Benjamin Gross
10.21105/joss.01182,JOSS,8,Qazi Ahmad
10.21105/joss.01182,JOSS,9,Sabih Ali
10.21105/joss.01182,JOSS,10,Martin Barber
10.21105/joss.01182,JOSS,11,Don Elsborg
10.21105/joss.01182,JOSS,12,Kitio Fofack
10.21105/joss.01182,JOSS,13,Christian Hauschke
10.21105/joss.01182,JOSS,14,Violeta Ilik
10.21105/joss.01182,JOSS,15,Huda Khan
10.21105/joss.01182,JOSS,16,Ted Lawless
10.21105/joss.01182,JOSS,17,Jacob Levernier
10.21105/joss.01182,JOSS,18,Brian Lowe
10.21105/joss.01182,JOSS,19,Jose Martin
10.21105/joss.01182,JOSS,20,Steve McKay
10.21105/joss.01182,JOSS,21,Simon Porter
10.21105/joss.01182,JOSS,22,Tatiana Walther
10.21105/joss.01182,JOSS,23,Marijane White
10.21105/joss.01182,JOSS,24,Stefan Wolff
10.21105/joss.01182,JOSS,25,Rebecca Younes
10.21105/joss.08593,JOSS,1,Simon Besnard
10.21105/joss.08593,JOSS,2,Felix Dombrowski
10.21105/joss.08593,JOSS,3,Amelia Holcomb
10.21105/joss.08311,JOSS,1,Hunter N. Ratliff
10.21105/joss.01420,JOSS,1,Sanskriti Sharma
10.21105/joss.01420,JOSS,2,Hernan Gelaf-Romer
10.21105/joss.01420,JOSS,3,Travis Kessler
10.21105/joss.01420,JOSS,4,John Mack
10.21105/joss.03358,JOSS,1,Lluís Sancho
10.21105/joss.03358,JOSS,2,Juan-José Lozano
10.21105/joss.03358,JOSS,3,Azucena Salas
10.21105/joss.09122,JOSS,1,Thomas Padioleau
10.21105/joss.09122,JOSS,2,Julien Bigot
10.21105/joss.09122,JOSS,3,Emily Bourne
10.21105/joss.09122,JOSS,4,Baptiste Legouix
10.21105/joss.05504,JOSS,1,Samuel Duffield
10.21105/joss.05504,JOSS,2,Gabriel Matos
10.21105/joss.05504,JOSS,3,Melf Johannsen
10.21105/joss.08080,JOSS,1,Chun Li
10.21105/joss.08080,JOSS,2,Xuzhu Li
10.21105/joss.08080,JOSS,3,Yiliang Wang
10.21105/joss.08080,JOSS,4,Dewen Liu
10.21105/joss.08080,JOSS,5,Shuai He
10.21105/joss.08080,JOSS,6,Boqiao Huang
10.21105/joss.08080,JOSS,7,Haoran Cheng
10.21105/joss.08080,JOSS,8,Xiaokai Li
10.21105/joss.08080,JOSS,9,Wenzhuo Li
10.21105/joss.08080,JOSS,10,Mingze Tang
10.21105/joss.08080,JOSS,11,Zhengping Zhu
10.21105/joss.08080,JOSS,12,Yadong Zeng
10.21105/joss.04545,JOSS,1,Daniel Schalk
10.21105/joss.04545,JOSS,2,Verena Sophia Hoffmann
10.21105/joss.04545,JOSS,3,Bernd Bischl
10.21105/joss.04545,JOSS,4,Ulrich Mansmann
10.21105/joss.05089,JOSS,1,Simon Nolte
10.21105/joss.06840,JOSS,1,Dongdong Tian
10.21105/joss.07024,JOSS,1,Anna Graff
10.21105/joss.07024,JOSS,2,Marc Lischka
10.21105/joss.07024,JOSS,3,Taras Zakharko
10.21105/joss.07024,JOSS,4,Reinhard Furrer
10.21105/joss.07024,JOSS,5,Balthasar Bickel
10.21105/joss.04508,JOSS,1,Tomás E. Müller-Bravo
10.21105/joss.04508,JOSS,2,Lluís Galbany
10.21105/joss.01797,JOSS,1,John Mansour
10.21105/joss.01797,JOSS,2,Julian Giordani
10.21105/joss.01797,JOSS,3,Louis Moresi
10.21105/joss.01797,JOSS,4,Romain Beucher
10.21105/joss.01797,JOSS,5,Owen Kaluza
10.21105/joss.01797,JOSS,6,Mirko Velic
10.21105/joss.01797,JOSS,7,Rebecca Farrington
10.21105/joss.01797,JOSS,8,Steve Quenette
10.21105/joss.01797,JOSS,9,Adam Beall
10.21105/joss.05786,JOSS,1,Rik Huijzer
10.21105/joss.05786,JOSS,2,Frank Blaauw
10.21105/joss.05786,JOSS,3,Ruud J. R. den Hartigh
10.21105/joss.04228,JOSS,1,Al-Ahmadgaid B. Asaad
10.21105/joss.04228,JOSS,2,Arnold R. Salvacion
10.21105/joss.04228,JOSS,3,Bui Tan Yen
10.21105/joss.01330,JOSS,1,Grant Jenks
10.21105/joss.00671,JOSS,1,Hooman Sedghamiz
10.21105/joss.07062,JOSS,1,Rodoula Ktori
10.21105/joss.07062,JOSS,2,Fabrizio Vassallo
10.21105/joss.07062,JOSS,3,Giovanni Virruso
10.21105/joss.07062,JOSS,4,Carmelo Morgante
10.21105/joss.07062,JOSS,5,Andrea Culcasi
10.21105/joss.07062,JOSS,6,Dionysia Diamantidou
10.21105/joss.07062,JOSS,7,Niels Van Linden
10.21105/joss.07062,JOSS,8,Alessandro Trezzi
10.21105/joss.07062,JOSS,9,Adithya Krishnan
10.21105/joss.07062,JOSS,10,Andrea Cipollina
10.21105/joss.07062,JOSS,11,Giorgio Micale
10.21105/joss.07062,JOSS,12,Mark C. M. van Loosdrecht
10.21105/joss.07062,JOSS,13,Dimitrios Xevgenos
10.21105/joss.04881,JOSS,1,William Pettersson
10.21105/joss.05742,JOSS,1,W. Jake Thompson
10.21105/joss.04031,JOSS,1,Youjiao Yu
10.21105/joss.05128,JOSS,1,George A. Pantelopulos
10.21105/joss.05128,JOSS,2,Aaron Liberatore
10.21105/joss.05201,JOSS,1,Enrico Ubaldi
10.21105/joss.05201,JOSS,2,Takahiro Yabe
10.21105/joss.05201,JOSS,3,Nicholas Jones
10.21105/joss.05201,JOSS,4,Maham Faisal Khan
10.21105/joss.05201,JOSS,5,Alessandra Feliciotti
10.21105/joss.05201,JOSS,6,Riccardo Di Clemente
10.21105/joss.05201,JOSS,7,Satish V. Ukkusuri
10.21105/joss.05201,JOSS,8,Emanuele Strano
10.21105/joss.08196,JOSS,1,Donisha Smith
10.21105/joss.04910,JOSS,1,Magnus G. Jespersen
10.21105/joss.04910,JOSS,2,Andrew Hayes
10.21105/joss.04910,JOSS,3,Mark R. Davies
10.21105/joss.04312,JOSS,1,Stefan Zitz
10.21105/joss.04312,JOSS,2,Manuel Zellhöfer
10.21105/joss.04312,JOSS,3,Andrea Scagliarini
10.21105/joss.04312,JOSS,4,Jens Harting
10.21105/joss.01294,JOSS,1,Tal Yarkoni
10.21105/joss.01294,JOSS,2,Christopher Markiewicz
10.21105/joss.01294,JOSS,3,Alejandro de la Vega
10.21105/joss.01294,JOSS,4,Krzysztof Gorgolewski
10.21105/joss.01294,JOSS,5,Taylor Salo
10.21105/joss.01294,JOSS,6,Yaroslav Halchenko
10.21105/joss.01294,JOSS,7,Quinten McNamara
10.21105/joss.01294,JOSS,8,Krista DeStasio
10.21105/joss.01294,JOSS,9,Jean-Baptiste Poline
10.21105/joss.01294,JOSS,10,Dmitry Petrov
10.21105/joss.01294,JOSS,11,Valérie Hayot-Sasson
10.21105/joss.01294,JOSS,12,Dylan Nielson
10.21105/joss.01294,JOSS,13,Johan Carlin
10.21105/joss.01294,JOSS,14,Gregory Kiar
10.21105/joss.01294,JOSS,15,Kirstie Whitaker
10.21105/joss.01294,JOSS,16,Elizabeth DuPre
10.21105/joss.01294,JOSS,17,Adina Wagner
10.21105/joss.01294,JOSS,18,Lee Tirrell
10.21105/joss.01294,JOSS,19,Mainak Jas
10.21105/joss.01294,JOSS,20,Michael Hanke
10.21105/joss.01294,JOSS,21,Russell Poldrack
10.21105/joss.01294,JOSS,22,Oscar Esteban
10.21105/joss.01294,JOSS,23,Stefan Appelhoff
10.21105/joss.01294,JOSS,24,Chris Holdgraf
10.21105/joss.01294,JOSS,25,Isla Staden
10.21105/joss.01294,JOSS,26,Bertrand Thirion
10.21105/joss.01294,JOSS,27,Dave Kleinschmidt
10.21105/joss.01294,JOSS,28,John Lee
10.21105/joss.01294,JOSS,29,Matteo di Castello
10.21105/joss.01294,JOSS,30,Michael Notter
10.21105/joss.01294,JOSS,31,Ross Blair
10.21105/joss.07410,JOSS,1,Wytamma Wirth
10.21105/joss.07410,JOSS,2,Simon Mutch
10.21105/joss.07410,JOSS,3,Robert Turnbull
10.21105/joss.08334,JOSS,1,Povilas Karvelis
10.21105/joss.08334,JOSS,2,Andreea O. Diaconescu
10.21105/joss.09066,JOSS,1,Maksym Lupei
10.21105/joss.09066,JOSS,2,Shaopeng Liu
10.21105/joss.09066,JOSS,3,Chunyu Ma
10.21105/joss.09066,JOSS,4,Adam Park
10.21105/joss.09066,JOSS,5,Omar Hesham Rady
10.21105/joss.09066,JOSS,6,Mahmudur Rahman Hera
10.21105/joss.09066,JOSS,7,Judith S. Rodriguez
10.21105/joss.09066,JOSS,8,Stephanie J. Won
10.21105/joss.09066,JOSS,9,David Koslicki
10.21105/joss.02018,JOSS,1,Ali Ramadhan
10.21105/joss.02018,JOSS,2,Gregory Wagner
10.21105/joss.02018,JOSS,3,Chris Hill
10.21105/joss.02018,JOSS,4,Jean-Michel Campin
10.21105/joss.02018,JOSS,5,Valentin Churavy
10.21105/joss.02018,JOSS,6,Tim Besard
10.21105/joss.02018,JOSS,7,Andre Souza
10.21105/joss.02018,JOSS,8,Alan Edelman
10.21105/joss.02018,JOSS,9,Raffaele Ferrari
10.21105/joss.02018,JOSS,10,John Marshall
10.21105/joss.02472,JOSS,1,Stefano Mangiola
10.21105/joss.02472,JOSS,2,Anthony Papenfuss
10.21105/joss.06330,JOSS,1,Manuel Wetzel
10.21105/joss.06330,JOSS,2,Eugenio Salvador Arellano Ruiz
10.21105/joss.06330,JOSS,3,Francesco Witte
10.21105/joss.06330,JOSS,4,Jens Schmugge
10.21105/joss.06330,JOSS,5,Shima Sasanpour
10.21105/joss.06330,JOSS,6,Madhura Yeligeti
10.21105/joss.06330,JOSS,7,Fabia Miorelli
10.21105/joss.06330,JOSS,8,Jan Buschmann
10.21105/joss.06330,JOSS,9,Karl-Kiên Cao
10.21105/joss.06330,JOSS,10,Niklas Wulff
10.21105/joss.06330,JOSS,11,Hedda Gardian
10.21105/joss.06330,JOSS,12,Alexander Rubbert
10.21105/joss.06330,JOSS,13,Benjamin Fuchs
10.21105/joss.06330,JOSS,14,Yvonne Scholz
10.21105/joss.06330,JOSS,15,Hans Christian Gils
10.21105/joss.06060,JOSS,1,Niclas Rieger
10.21105/joss.06060,JOSS,2,Samuel J. Levang
10.21105/joss.03458,JOSS,1,Matthew Evans
10.21105/joss.03458,JOSS,2,Casper Andersen
10.21105/joss.03458,JOSS,3,Shyam Dwaraknath
10.21105/joss.03458,JOSS,4,Markus Scheidgen
10.21105/joss.03458,JOSS,5,Ádám Fekete
10.21105/joss.03458,JOSS,6,Donald Winston
10.21105/joss.06436,JOSS,1,Guillaume Dalle
10.21105/joss.02006,JOSS,1,Alexander Clausen
10.21105/joss.02006,JOSS,2,Dieter Weber
10.21105/joss.02006,JOSS,3,Karina Ruzaeva
10.21105/joss.02006,JOSS,4,Vadim Migunov
10.21105/joss.02006,JOSS,5,Anand Baburajan
10.21105/joss.02006,JOSS,6,Abijith Bahuleyan
10.21105/joss.02006,JOSS,7,Jan Caron
10.21105/joss.02006,JOSS,8,Rahul Chandra
10.21105/joss.02006,JOSS,9,Sayandip Halder
10.21105/joss.02006,JOSS,10,Magnus Nord
10.21105/joss.02006,JOSS,11,Knut Müller-Caspary
10.21105/joss.02006,JOSS,12,Rafal Dunin-Borkowski
10.21105/joss.02809,JOSS,1,Robert Falck
10.21105/joss.02809,JOSS,2,Justin Gray
10.21105/joss.02809,JOSS,3,Kaushik Ponnapalli
10.21105/joss.02809,JOSS,4,Ted Wright
10.21105/joss.00135,JOSS,1,Michel Lang
10.21105/joss.00135,JOSS,2,Bernd Bischl
10.21105/joss.00135,JOSS,3,Dirk Surmann
10.21105/joss.03859,JOSS,1,Charlie Pilgrim
10.21105/joss.00925,JOSS,1,Christopher Tralie
10.21105/joss.00925,JOSS,2,Nathaniel Saul
10.21105/joss.00925,JOSS,3,Rann Bar-On
10.21105/joss.02782,JOSS,1,Jason Evanoff
10.21105/joss.02782,JOSS,2,Chris Vernon
10.21105/joss.02782,JOSS,3,Stephanie Waldhoff
10.21105/joss.02782,JOSS,4,Abigail Snyder
10.21105/joss.02782,JOSS,5,Corinne Hartin
10.21105/joss.02892,JOSS,1,Mehmet Satman
10.21105/joss.02892,JOSS,2,Shreesh Adiga
10.21105/joss.02892,JOSS,3,Guillermo Angeris
10.21105/joss.02892,JOSS,4,Emre Akadal
10.21105/joss.02818,JOSS,1,Jens Eriksson
10.21105/joss.02818,JOSS,2,Daniel Styrström
10.21105/joss.02818,JOSS,3,Mikael Sellin
10.21105/joss.02838,JOSS,1,Swetanshu Tandon
10.21105/joss.02838,JOSS,2,Wolfgang Schmitt
10.21105/joss.02838,JOSS,3,Graeme Watson
10.21105/joss.00830,JOSS,1,Devarshi Ghoshal
10.21105/joss.00830,JOSS,2,Lavanya Ramakrishnan
10.21105/joss.03652,JOSS,1,Nathan Martindale
10.21105/joss.03652,JOSS,2,Scott Stewart
10.21105/joss.03766,JOSS,1,Vishwas Rao
10.21105/joss.03766,JOSS,2,Charlotte Haley
10.21105/joss.03766,JOSS,3,Mihai Anitescu
10.21105/joss.01532,JOSS,1,Christopher John
10.21105/joss.01532,JOSS,2,Denis Proshlyakov
10.21105/joss.01812,JOSS,1,Marcello Seri
10.21105/joss.01812,JOSS,2,Ta-Chu Kao
10.21105/joss.08129,JOSS,1,Wilson G. Gregory
10.21105/joss.08129,JOSS,2,Kaze W. K. Wong
10.21105/joss.08129,JOSS,3,David W. Hogg
10.21105/joss.08129,JOSS,4,Soledad Villar
10.21105/joss.06607,JOSS,1,Tangui Aladjidi
10.21105/joss.06607,JOSS,2,Clara Piekarski
10.21105/joss.06607,JOSS,3,Quentin Glorieux
10.21105/joss.07220,JOSS,1,Graciela Sanjurjo-Ferrín
10.21105/joss.07220,JOSS,2,Jessica Planelles Villalva
10.21105/joss.07220,JOSS,3,Jose Miguel Torrejón
10.21105/joss.07220,JOSS,4,Jose Joaquín Rodes-Roca
10.21105/joss.07208,JOSS,1,Kevin Godin-Dubois
10.21105/joss.07208,JOSS,2,Karine Miras
10.21105/joss.07208,JOSS,3,Anna V. Kononova
10.21105/joss.04848,JOSS,1,Anna Jenul
10.21105/joss.04848,JOSS,2,Stefan Schrunner
10.21105/joss.09217,JOSS,1,Nicolas Casajus
10.21105/joss.09217,JOSS,2,Sonia Chaabane
10.21105/joss.09217,JOSS,3,Xavier Giraud
10.21105/joss.09217,JOSS,4,Thibault de Garidel-Thoron
10.21105/joss.09217,JOSS,5,Mattia Greco
10.21105/joss.00179,JOSS,1,Julia Niskanen
10.21105/joss.00179,JOSS,2,Elina Salmela
10.21105/joss.00179,JOSS,3,Hannes Lohi
10.21105/joss.10130,JOSS,1,Luis Kraker
10.21105/joss.10130,JOSS,2,Gudrun Schappacher-Tilp
10.21105/joss.03434,JOSS,1,Meinard Müller
10.21105/joss.03434,JOSS,2,Yigitcan Özer
10.21105/joss.03434,JOSS,3,Michael Krause
10.21105/joss.03434,JOSS,4,Thomas Prätzlich
10.21105/joss.03434,JOSS,5,Jonathan Driedger
10.21105/joss.00979,JOSS,1,Katherine Barnhart
10.21105/joss.00979,JOSS,2,Eric Hutton
10.21105/joss.00979,JOSS,3,Nicole Gasparini
10.21105/joss.00979,JOSS,4,Gregory Tucker
10.21105/joss.06930,JOSS,1,Tarmo Nurmi
10.21105/joss.06930,JOSS,2,Arash Badie-Modiri
10.21105/joss.06930,JOSS,3,Corinna Coupette
10.21105/joss.06930,JOSS,4,Mikko Kivelä
10.21105/joss.08025,JOSS,1,Jonathan E. Moussa
10.21105/joss.08025,JOSS,2,James J. P. Stewart
10.21105/joss.03065,JOSS,1,Joël Foramitti
10.21105/joss.09286,JOSS,1,Ahmed Bargheet
10.21105/joss.00301,JOSS,1,Anush Krishnan
10.21105/joss.00301,JOSS,2,Olivier Mesnard
10.21105/joss.00301,JOSS,3,Lorena A. Barba
10.21105/joss.04458,JOSS,1,Vanessa Sochat
10.21105/joss.06963,JOSS,1,Alexandru Andrei Vasile
10.21105/joss.06963,JOSS,2,Matthew Peres Tino
10.21105/joss.06963,JOSS,3,Yuvraj Aseri
10.21105/joss.06963,JOSS,4,Nasser Mohieddin Abukhdeir
10.21105/joss.06272,JOSS,1,Sarah Maman
10.21105/joss.06272,JOSS,2,Philippe Bardou
10.21105/joss.06272,JOSS,3,Emilien Lasguignes
10.21105/joss.06272,JOSS,4,Faustine Oudin
10.21105/joss.06272,JOSS,5,Floréal Cabanettes
10.21105/joss.06272,JOSS,6,Christophe Klopp
10.21105/joss.04231,JOSS,1,Matthew Pitkin
10.21105/joss.03292,JOSS,1,Mark Heckmann
10.21105/joss.03292,JOSS,2,Viv Burr
10.21105/joss.03292,JOSS,3,Nigel King
10.21105/joss.05855,JOSS,1,Isaac Thompson
10.21105/joss.05855,JOSS,2,Chris R. Vernon
10.21105/joss.05855,JOSS,3,Zarrar Khan
10.21105/joss.04906,JOSS,1,Hongyang Zhou
10.21105/joss.04904,JOSS,1,James. W. Nightingale
10.21105/joss.04904,JOSS,2,Richard J. Massey
10.21105/joss.04904,JOSS,3,Jacob Kegerreis
10.21105/joss.04904,JOSS,4,Richard G. Hayes
10.21105/joss.07633,JOSS,1,Gabriel S. Gerlero
10.21105/joss.07633,JOSS,2,Pablo A. Kler
10.21105/joss.02641,JOSS,1,Michael Fitzgerald
10.21105/joss.02641,JOSS,2,Edward Gomez
10.21105/joss.02641,JOSS,3,Saeed Salimpour
10.21105/joss.02641,JOSS,4,Joe Singleton
10.21105/joss.02641,JOSS,5,Ridlo Wibowo
10.21105/joss.07994,JOSS,1,Ola Tangen Kulseng
10.21105/joss.07994,JOSS,2,Stanley Miao
10.21105/joss.07994,JOSS,3,Franz G. Fuchs
10.21105/joss.07994,JOSS,4,Alexander Stasik
10.21105/joss.05584,JOSS,1,Alexander T. Bradley
10.21105/joss.05584,JOSS,2,Robert J. Arthern
10.21105/joss.05584,JOSS,3,David T. Bett
10.21105/joss.05584,JOSS,4,C. Rosie Williams
10.21105/joss.05584,JOSS,5,James Byrne
10.21105/joss.02823,JOSS,1,Lukas Heinrich
10.21105/joss.02823,JOSS,2,Matthew Feickert
10.21105/joss.02823,JOSS,3,Giordon Stark
10.21105/joss.02823,JOSS,4,Kyle Cranmer
10.21105/joss.00091,JOSS,1,Andrew Halterman
10.21105/joss.04024,JOSS,1,Houman Mirzaalian Dastjerdi
10.21105/joss.04024,JOSS,2,Reza Gholami Mahmoodabadi
10.21105/joss.04024,JOSS,3,Matthias Bär
10.21105/joss.04024,JOSS,4,Vahid Sandoghdar
10.21105/joss.04024,JOSS,5,Harald Köstler
10.21105/joss.00667,JOSS,1,João Da Silva
10.21105/joss.00667,JOSS,2,Pedro Figueira
10.21105/joss.00667,JOSS,3,Nuno Santos
10.21105/joss.00667,JOSS,4,João Faria
10.21105/joss.02750,JOSS,1,Kshitij Aggarwal
10.21105/joss.02750,JOSS,2,Devansh Agarwal
10.21105/joss.02750,JOSS,3,Joseph Kania
10.21105/joss.02750,JOSS,4,William Fiore
10.21105/joss.02750,JOSS,5,Reshma Thomas
10.21105/joss.02750,JOSS,6,Scott Ransom
10.21105/joss.02750,JOSS,7,Paul Demorest
10.21105/joss.02750,JOSS,8,Robert Wharton
10.21105/joss.02750,JOSS,9,Sarah Burke-Spolaor
10.21105/joss.02750,JOSS,10,Duncan Lorimer
10.21105/joss.02750,JOSS,11,Maura Mclaughlin
10.21105/joss.02750,JOSS,12,Nathaniel Garver-Daniels
10.21105/joss.03965,JOSS,1,Matthieu Aussal
10.21105/joss.03965,JOSS,2,Marc Bakry
10.21105/joss.03965,JOSS,3,Laurent Series
10.21105/joss.04823,JOSS,1,Fabian Hofmann
10.21105/joss.08621,JOSS,1,Hua Huang
10.21105/joss.08621,JOSS,2,Tianshi Xu
10.21105/joss.08621,JOSS,3,Yuanzhe Xi
10.21105/joss.08621,JOSS,4,Edmond Chow
10.21105/joss.02060,JOSS,1,Joshua Steer
10.21105/joss.02060,JOSS,2,Oliver Stocks
10.21105/joss.02060,JOSS,3,Jack Parsons
10.21105/joss.02060,JOSS,4,Peter Worsley
10.21105/joss.02060,JOSS,5,Alexander Dickinson
10.21105/joss.06366,JOSS,1,Andrew Gard
10.21105/joss.06366,JOSS,2,Alexia Myers
10.21105/joss.06366,JOSS,3,Irene Luwabelwa
10.21105/joss.03700,JOSS,1,Alexander Moriarty
10.21105/joss.03700,JOSS,2,Kazuki Morita
10.21105/joss.03700,JOSS,3,Keith T. Butler
10.21105/joss.03700,JOSS,4,Aron Walsh
10.21105/joss.01800,JOSS,1,Taylor Arnold
10.21105/joss.01800,JOSS,2,Lauren Tilton
10.21105/joss.08412,JOSS,1,Carla J. Becker
10.21105/joss.08412,JOSS,2,Hrushikesh Sahasrabuddhe
10.21105/joss.08412,JOSS,3,Max C. Gallant
10.21105/joss.08412,JOSS,4,Anubhav Jain
10.21105/joss.08412,JOSS,5,Kristin A. Persson
10.21105/joss.08412,JOSS,6,Tarek I. Zohdi
10.21105/joss.06756,JOSS,1,Sarah Blunt
10.21105/joss.06756,JOSS,2,Jason Jinfei Wang
10.21105/joss.06756,JOSS,3,Lea Hirsch
10.21105/joss.06756,JOSS,4,Roberto Tejada
10.21105/joss.06756,JOSS,5,Vighnesh Nagpal
10.21105/joss.06756,JOSS,6,Tirth Dharmesh Surti
10.21105/joss.06756,JOSS,7,Sofia Covarrubias
10.21105/joss.06756,JOSS,8,Thea McKenna
10.21105/joss.06756,JOSS,9,Rodrigo Ferrer Chávez
10.21105/joss.06756,JOSS,10,Jorge Llop-Sayson
10.21105/joss.06756,JOSS,11,Mireya Arora
10.21105/joss.06756,JOSS,12,Amanda Chavez
10.21105/joss.06756,JOSS,13,Devin Cody
10.21105/joss.06756,JOSS,14,Saanika Choudhary
10.21105/joss.06756,JOSS,15,Adam J. R. W. Smith
10.21105/joss.06756,JOSS,16,William Balmer
10.21105/joss.06756,JOSS,17,Tomas Stolker
10.21105/joss.06756,JOSS,18,Hannah Gallamore
10.21105/joss.06756,JOSS,19,Clarissa R. Do Ó
10.21105/joss.06756,JOSS,20,Eric L. Nielsen
10.21105/joss.06756,JOSS,21,Robert J. De Rosa
10.21105/joss.00473,JOSS,1,Steve Lockley
10.21105/joss.00473,JOSS,2,Claudio Benghi
10.21105/joss.00473,JOSS,3,Martin Černý
10.21105/joss.07917,JOSS,1,Jamila Taaki
10.21105/joss.07917,JOSS,2,Athol Kemball
10.21105/joss.07917,JOSS,3,Farzad Kamalabadi
10.21105/joss.08759,JOSS,1,Celine Mercier
10.21105/joss.08759,JOSS,2,Joane Elleouet
10.21105/joss.08759,JOSS,3,Sean Husheer
10.21105/joss.08759,JOSS,4,Loretta Garrett
10.21105/joss.08759,JOSS,5,Steve A Wakelin
10.21105/joss.05813,JOSS,1,Stefano Rolfo
10.21105/joss.05813,JOSS,2,Cédric Flageul
10.21105/joss.05813,JOSS,3,Paul Bartholomew
10.21105/joss.05813,JOSS,4,Filippo Spiga
10.21105/joss.05813,JOSS,5,Sylvain Laizet
10.21105/joss.01839,JOSS,1,Georgios Detorakis
10.21105/joss.01839,JOSS,2,Andrew Burton
10.21105/joss.09302,JOSS,1,Salar Nouri
10.21105/joss.09302,JOSS,2,Kaidi Shao
10.21105/joss.09302,JOSS,3,Shervin Safavi
10.21105/joss.07139,JOSS,1,Danilo Couto de Souza
10.21105/joss.07139,JOSS,2,Pedro Leite da Silva Dias
10.21105/joss.07139,JOSS,3,Matheus Bonjour Laviola da Silva
10.21105/joss.07139,JOSS,4,Ricardo de Camargo
10.21105/joss.08539,JOSS,1,Benjamin N. Miller
10.21105/joss.08539,JOSS,2,David H. Meyer
10.21105/joss.08539,JOSS,3,Carter A. Montag
10.21105/joss.08539,JOSS,4,Omar Nagib
10.21105/joss.08539,JOSS,5,Teemu Virtanen
10.21105/joss.08539,JOSS,6,Peter K. Elgee
10.21105/joss.08539,JOSS,7,Kevin C. Cox
10.21105/joss.03078,JOSS,1,Alessandro Cheli
10.21105/joss.03947,JOSS,1,Nora Loose
10.21105/joss.03947,JOSS,2,Ryan Abernathey
10.21105/joss.03947,JOSS,3,Ian Grooms
10.21105/joss.03947,JOSS,4,Julius Busecke
10.21105/joss.03947,JOSS,5,Arthur Guillaumin
10.21105/joss.03947,JOSS,6,Elizabeth Yankovsky
10.21105/joss.03947,JOSS,7,Gustavo Marques
10.21105/joss.03947,JOSS,8,Jacob Steinberg
10.21105/joss.03947,JOSS,9,Andrew Ross
10.21105/joss.03947,JOSS,10,Hemant Khatri
10.21105/joss.03947,JOSS,11,Scott Bachman
10.21105/joss.03947,JOSS,12,Laure Zanna
10.21105/joss.03947,JOSS,13,Paige Martin
10.21105/joss.03901,JOSS,1,Alexander Pastukhov
10.21105/joss.06105,JOSS,1,Robbie van Leeuwen
10.21105/joss.06105,JOSS,2,Connor Ferster
10.21105/joss.02316,JOSS,1,Yunus Sevinchan
10.21105/joss.02316,JOSS,2,Benjamin Herdeanu
10.21105/joss.02316,JOSS,3,Jeremias Traub
10.21105/joss.05946,JOSS,1,Stefan Henneking
10.21105/joss.05946,JOSS,2,Socratis Petrides
10.21105/joss.05946,JOSS,3,Federico Fuentes
10.21105/joss.05946,JOSS,4,Jacob Badger
10.21105/joss.05946,JOSS,5,Leszek Demkowicz
10.21105/joss.04172,JOSS,1,Jeremiah Corrado
10.21105/joss.04172,JOSS,2,Jake J. Harmon
10.21105/joss.04172,JOSS,3,Milan M. Ilic
10.21105/joss.04172,JOSS,4,Branislav M. Notaroš
10.21105/joss.05549,JOSS,1,Fabian Plum
10.21105/joss.07402,JOSS,1,Jan F. Wiegner
10.21105/joss.07402,JOSS,2,Julia L. Tiggeloven
10.21105/joss.07402,JOSS,3,Luca Bertoni
10.21105/joss.07402,JOSS,4,Inge M. Ossentjuk
10.21105/joss.07402,JOSS,5,Matteo Gazzani
10.21105/joss.02975,JOSS,1,Ghislain Vieilledent
10.21105/joss.06918,JOSS,1,Mark Heckmann
10.21105/joss.05789,JOSS,1,Raghav Kansal
10.21105/joss.05789,JOSS,2,Carlos Pareja
10.21105/joss.05789,JOSS,3,Zichun Hao
10.21105/joss.05789,JOSS,4,Javier Duarte
10.21105/joss.07474,JOSS,1,Thomas Holland
10.21105/joss.07474,JOSS,2,Daniel Cummins
10.21105/joss.07474,JOSS,3,Monica Marinescu
10.21105/joss.07411,JOSS,1,Matilde Gargiani
10.21105/joss.07411,JOSS,2,Philip Pawlowsky
10.21105/joss.07411,JOSS,3,Robin Sieber
10.21105/joss.07411,JOSS,4,Václav Hapla
10.21105/joss.07411,JOSS,5,John Lygeros
10.21105/joss.00190,JOSS,1,Charles Crabtree
10.21105/joss.00190,JOSS,2,Michael J. Nelson
10.21105/joss.06224,JOSS,1,Federico Del Pup
10.21105/joss.06224,JOSS,2,Andrea Zanola
10.21105/joss.06224,JOSS,3,Louis Fabrice Tshimanga
10.21105/joss.06224,JOSS,4,Paolo Emilio Mazzon
10.21105/joss.06224,JOSS,5,Manfredo Atzori
10.21105/joss.04282,JOSS,1,Sarah Zwiep
10.21105/joss.04282,JOSS,2,Shawn M. Chartrand
10.21105/joss.04757,JOSS,1,Christopher Martin
10.21105/joss.04757,JOSS,2,Joseph Ranalli
10.21105/joss.04757,JOSS,3,Jacob Moore
10.21105/joss.05996,JOSS,1,Jackson W. Burns
10.21105/joss.05996,JOSS,2,Kevin A. Spiekermann
10.21105/joss.05996,JOSS,3,Himaghna Bhattacharjee
10.21105/joss.05996,JOSS,4,Dionisios G. Vlachos
10.21105/joss.05996,JOSS,5,William H. Green
10.21105/joss.03066,JOSS,1,Robert Martin
10.21105/joss.03990,JOSS,1,Joe Wandy
10.21105/joss.03990,JOSS,2,Vinny Davies
10.21105/joss.03990,JOSS,3,Ross McBride
10.21105/joss.03990,JOSS,4,Stefan Weidt
10.21105/joss.03990,JOSS,5,Simon Rogers
10.21105/joss.03990,JOSS,6,Rónán Daly
10.21105/joss.08852,JOSS,1,Wassim Kabalan
10.21105/joss.08852,JOSS,2,François Lanusse
10.21105/joss.08852,JOSS,3,Alexandre Boucaud
10.21105/joss.08852,JOSS,4,Eric Aubourg
10.21105/joss.07859,JOSS,1,Moritz Leucke
10.21105/joss.07859,JOSS,2,Ramón L. Panadés-Barrueta
10.21105/joss.07859,JOSS,3,Ekin E. Bas
10.21105/joss.07859,JOSS,4,Dorothea Golze
10.21105/joss.05647,JOSS,1,Emerson Martins de Andrade
10.21105/joss.05647,JOSS,2,Antonio Carlos Fernandes
10.21105/joss.05647,JOSS,3,Joel Sena Sales Junior
10.21105/joss.07385,JOSS,1,Brice Letcher
10.21105/joss.07385,JOSS,2,Marie Delattre
10.21105/joss.00695,JOSS,1,Gregory M. Green
10.21105/joss.05657,JOSS,1,Ole Bialas
10.21105/joss.05657,JOSS,2,Jin Dou
10.21105/joss.05657,JOSS,3,Edmund C. Lalor
10.21105/joss.01775,JOSS,1,Jeffrey Hazboun
10.21105/joss.01775,JOSS,2,Joseph Romano
10.21105/joss.01775,JOSS,3,Tristan Smith
10.21105/joss.01207,JOSS,1,Kel Markert
10.21105/joss.01392,JOSS,1,Niamh Fhionnlaoich
10.21105/joss.01392,JOSS,2,Alaric Taylor
10.21105/joss.01392,JOSS,3,Stefan Guldin
10.21105/joss.01390,JOSS,1,Jean-Michel Camadro
10.21105/joss.01390,JOSS,2,Pierre Poulain
10.21105/joss.01611,JOSS,1,Ali Vahdati
10.21105/joss.02432,JOSS,1,Lincoln Harris
10.21105/joss.02432,JOSS,2,Rohan Vanheusden
10.21105/joss.02432,JOSS,3,Olga Botvinnik
10.21105/joss.02432,JOSS,4,Spyros Darmanis
10.21105/joss.00247,JOSS,1,Benjamin J. Morgan
10.21105/joss.00217,JOSS,1,Andre Schmeißer
10.21105/joss.00217,JOSS,2,Daniel Burkhart
10.21105/joss.00217,JOSS,3,Dominik Linn
10.21105/joss.00217,JOSS,4,Johannes Schnebele
10.21105/joss.00217,JOSS,5,Manuel Ettmüller
10.21105/joss.00217,JOSS,6,Simone Gramsch
10.21105/joss.00217,JOSS,7,Walter Arne
10.21105/joss.03193,JOSS,1,William Landau
10.21105/joss.00710,JOSS,1,Momar G-O Hughes
10.21105/joss.00960,JOSS,1,Peter Volf
10.21105/joss.01756,JOSS,1,Shalin Shah
10.21105/joss.01809,JOSS,1,Kamran Javid
10.21105/joss.04451,JOSS,1,Ayush Garg
10.21105/joss.04451,JOSS,2,Richard D Smith-Unna
10.21105/joss.04451,JOSS,3,Peter Murray-Rust
10.21105/joss.04404,JOSS,1,J. W. Ngan
10.21105/joss.04404,JOSS,2,C. C. Caprani
10.21105/joss.05126,JOSS,1,Matthew S. Caudill
10.21105/joss.05587,JOSS,1,Riccardo Cadei
10.21105/joss.05587,JOSS,2,Naeem Khoshnevis
10.21105/joss.05587,JOSS,3,Kwonsang Lee
10.21105/joss.05587,JOSS,4,Daniela Maria Garcia
10.21105/joss.05587,JOSS,5,Falco J. Bargagli Stoffi
10.21105/joss.05605,JOSS,1,Tobin M. Wainer
10.21105/joss.05605,JOSS,2,Tom Wagg
10.21105/joss.05605,JOSS,3,Vijith Jacob Poovelil
10.21105/joss.05605,JOSS,4,Gail Zasowski
10.21105/joss.05453,JOSS,1,Jack M. Wolf
10.21105/joss.05858,JOSS,1,Alexander Power
10.21105/joss.05979,JOSS,1,Ellery Ames
10.21105/joss.05979,JOSS,2,Anders Logg
10.21105/joss.08516,JOSS,1,Jake W. Liu
10.21105/joss.08622,JOSS,1,David R. Connell
10.21105/joss.06850,JOSS,1,Joseph S. Wirth
10.21105/joss.06850,JOSS,2,Lee S. Katz
10.21105/joss.06850,JOSS,3,Grant M. Williams
10.21105/joss.06850,JOSS,4,Jessica C. Chen
10.21105/joss.06104,JOSS,1,Arjun B. Savel
10.21105/joss.06104,JOSS,2,Megan Bedell
10.21105/joss.06104,JOSS,3,Eliza M.-R. Kempton
10.21105/joss.04185,JOSS,1,Martin H. Skjelvareid
10.21105/joss.03329,JOSS,1,Gustave Coste
10.21105/joss.03329,JOSS,2,Arnaud Hélias
10.21105/joss.03967,JOSS,1,Jan Baumgärtner
10.21105/joss.03967,JOSS,2,Torben Miller
10.21105/joss.04949,JOSS,1,Andre Gosselink
10.21105/joss.04949,JOSS,2,Tatsiana Hofer
10.21105/joss.04949,JOSS,3,Elvira Criado-Moronati
10.21105/joss.04949,JOSS,4,Arndt von Haeseler
10.21105/joss.04949,JOSS,5,Jutta Kollet
10.21105/joss.03457,JOSS,1,Sacha Schutz
10.21105/joss.03457,JOSS,2,Charles Monod-Broca
10.21105/joss.03457,JOSS,3,Anne-Sophie Denommé-Pichon
10.21105/joss.08119,JOSS,1,Daniel J. Asay
10.21105/joss.08119,JOSS,2,Randy L. Buckner
10.21105/joss.08119,JOSS,3,Timothy M. O’Keefe
10.21105/joss.08050,JOSS,1,Olga Doronina
10.21105/joss.08050,JOSS,2,Ethan Young
10.21105/joss.08050,JOSS,3,Nicholas Carlson
10.21105/joss.08050,JOSS,4,Andrew Glaws
10.21105/joss.08050,JOSS,5,Hariswaran Sitaraman
10.21105/joss.08050,JOSS,6,Jonathan Stickel
10.21105/joss.05959,JOSS,1,Robin Greif
10.21105/joss.08088,JOSS,1,Mathieu Scheltienne
10.21105/joss.08088,JOSS,2,Eric Larson
10.21105/joss.08088,JOSS,3,Arnaud Desvachez
10.21105/joss.08088,JOSS,4,Kyuhwa Lee
10.21105/joss.08085,JOSS,1,Thomas Wanner
10.21105/joss.07876,JOSS,1,Lily Clements
10.21105/joss.07752,JOSS,1,Nicole Hill
10.21105/joss.07752,JOSS,2,Ayla Pearson
10.21105/joss.07752,JOSS,3,Andrea Kortello
10.21105/joss.04265,JOSS,1,Gabriele Lubatti
10.21105/joss.04265,JOSS,2,Elmir Mahammadov
10.21105/joss.04265,JOSS,3,Antonio Scialdone
10.21105/joss.01513,JOSS,1,Philipp Schäfer
10.21105/joss.08836,JOSS,1,William Benoit
10.21105/joss.08836,JOSS,2,Ethan Marx
10.21105/joss.08836,JOSS,3,Deep Chatterjee
10.21105/joss.08836,JOSS,4,Ravi Kumar
10.21105/joss.08836,JOSS,5,Alec Gunny
10.21105/joss.05092,JOSS,1,Matt Haberland
10.21105/joss.00282,JOSS,1,Bede Constantinides
10.21105/joss.00282,JOSS,2,David L. Robertson
10.21105/joss.05205,JOSS,1,Sebastian Haan
10.21105/joss.05205,JOSS,2,Januar Harianto
10.21105/joss.05205,JOSS,3,Nathaniel Butterworth
10.21105/joss.05205,JOSS,4,Thomas Bishop
10.21105/joss.00556,JOSS,1,Matilda Åslin
10.21105/joss.00556,JOSS,2,Monika Brandt
10.21105/joss.00556,JOSS,3,Johan Dahlberg
10.21105/joss.00103,JOSS,1,Kevin DeSimone
10.21105/joss.00103,JOSS,2,Ariel Rokem
10.21105/joss.00103,JOSS,3,Keith Schneider
10.21105/joss.08525,JOSS,1,Carter Lee Rhea
10.21105/joss.08525,JOSS,2,Pieter van Dokkum
10.21105/joss.08525,JOSS,3,Steven R. Janssens
10.21105/joss.08525,JOSS,4,Imad Pasha
10.21105/joss.08525,JOSS,5,Roberto Abraham
10.21105/joss.08525,JOSS,6,William P. Bowman
10.21105/joss.08525,JOSS,7,Deborah Lokhorst
10.21105/joss.08525,JOSS,8,Seery Chen
10.21105/joss.08111,JOSS,1,Cameron Cummins
10.21105/joss.08111,JOSS,2,Geeta Persad
10.21105/joss.00042,JOSS,1,Simon DW Frost
10.21105/joss.06037,JOSS,1,Jean Carlos Faoot Maia
10.21105/joss.06037,JOSS,2,Wagner Hugo Bonat
10.21105/joss.03710,JOSS,1,Athul Girija
10.21105/joss.03710,JOSS,2,Sarag Saikia
10.21105/joss.03710,JOSS,3,James Longuski
10.21105/joss.03710,JOSS,4,James Cutts
10.21105/joss.09294,JOSS,1,Andreas Kloeckner
10.21105/joss.09294,JOSS,2,Alexandru Fikl
10.21105/joss.09294,JOSS,3,Xiaoyu Wei
10.21105/joss.09294,JOSS,4,Thomas Gibson
10.21105/joss.09294,JOSS,5,Addison Alvey-Blanco
10.21105/joss.04365,JOSS,1,Vlad Stefan Barbu
10.21105/joss.04365,JOSS,2,Florian Lecocq
10.21105/joss.04365,JOSS,3,Corentin Lothodé
10.21105/joss.04365,JOSS,4,Nicolas Vergne
10.21105/joss.05494,JOSS,1,Robert J. Wilson
10.21105/joss.05494,JOSS,2,Yuri Artioli
10.21105/joss.05435,JOSS,1,Fabian Denner
10.21105/joss.05435,JOSS,2,Sören Schenke
10.21105/joss.07895,JOSS,1,Dan Bonachea
10.21105/joss.07895,JOSS,2,Katherine Rasmussen
10.21105/joss.07895,JOSS,3,Brad Richardson
10.21105/joss.07895,JOSS,4,Damian Rouson
10.21105/joss.04864,JOSS,1,Robert A. Caulk
10.21105/joss.04864,JOSS,2,Elin Törnquist
10.21105/joss.04864,JOSS,3,Matthias Voppichler
10.21105/joss.04864,JOSS,4,Andrew R. Lawless
10.21105/joss.04864,JOSS,5,Ryan McMullan
10.21105/joss.04864,JOSS,6,Wagner Costa Santos
10.21105/joss.04864,JOSS,7,Timothy C. Pogue
10.21105/joss.04864,JOSS,8,Johan van der Vlugt
10.21105/joss.04864,JOSS,9,Stefan P. Gehring
10.21105/joss.04864,JOSS,10,Pascal Schmidt
10.21105/joss.00989,JOSS,1,Chad Curtis
10.21105/joss.00989,JOSS,2,Ariel Rokem
10.21105/joss.00989,JOSS,3,Elizabeth Nance
10.21105/joss.05651,JOSS,1,Ian Hunt-Isaak
10.21105/joss.05651,JOSS,2,John Russell
10.21105/joss.05651,JOSS,3,Doeke Hekstra
10.21105/joss.02828,JOSS,1,Brian de Silva
10.21105/joss.02828,JOSS,2,Krithika Manohar
10.21105/joss.02828,JOSS,3,Emily Clark
10.21105/joss.02828,JOSS,4,Bingni Brunton
10.21105/joss.02828,JOSS,5,J. Kutz
10.21105/joss.02828,JOSS,6,Steven Brunton
10.21105/joss.06415,JOSS,1,Joanna Piper Morgan
10.21105/joss.06415,JOSS,2,Ilham Variansyah
10.21105/joss.06415,JOSS,3,Samuel L. Pasmann
10.21105/joss.06415,JOSS,4,Kayla B. Clements
10.21105/joss.06415,JOSS,5,Braxton Cuneo
10.21105/joss.06415,JOSS,6,Alexander Mote
10.21105/joss.06415,JOSS,7,Charles Goodman
10.21105/joss.06415,JOSS,8,Caleb Shaw
10.21105/joss.06415,JOSS,9,Jordan Northrop
10.21105/joss.06415,JOSS,10,Rohan Pankaj
10.21105/joss.06415,JOSS,11,Ethan Lame
10.21105/joss.06415,JOSS,12,Benjamin Whewell
10.21105/joss.06415,JOSS,13,Ryan G. McClarren
10.21105/joss.06415,JOSS,14,Todd S. Palmer
10.21105/joss.06415,JOSS,15,Lizhong Chen
10.21105/joss.06415,JOSS,16,Dmitriy Y. Anistratov
10.21105/joss.06415,JOSS,17,C. T. Kelley
10.21105/joss.06415,JOSS,18,Camille J. Palmer
10.21105/joss.06415,JOSS,19,Kyle E. Niemeyer
10.21105/joss.00133,JOSS,1,Clayton Norris
10.21105/joss.00133,JOSS,2,Philip Schrodt
10.21105/joss.00133,JOSS,3,John Beieler
10.21105/joss.02646,JOSS,1,Joseph Sweeney
10.21105/joss.02646,JOSS,2,Ruben Purdy
10.21105/joss.02646,JOSS,3,Ronald Blanton
10.21105/joss.02646,JOSS,4,Lawrence Pileggi
10.21105/joss.01989,JOSS,1,Richard Gerum
10.21105/joss.09516,JOSS,1,Noah Franz
10.21105/joss.09516,JOSS,2,Kate D. Alexander
10.21105/joss.09516,JOSS,3,Sebastian Gomez
10.21105/joss.00350,JOSS,1,Marcin Wojdyr
10.21105/joss.05240,JOSS,1,Martin Fleischmann
10.21105/joss.09909,JOSS,1,Rahil Miten Doshi
10.21105/joss.09909,JOSS,2,Harald Koestler
10.21105/joss.09909,JOSS,3,Matthias Markl
10.21105/joss.06064,JOSS,1,Chris Byrohl
10.21105/joss.06064,JOSS,2,Dylan Nelson
10.21105/joss.05570,JOSS,1,Maryam Azizi
10.21105/joss.05570,JOSS,2,Jan Wilhelm
10.21105/joss.05570,JOSS,3,Dorothea Golze
10.21105/joss.05570,JOSS,4,Matteo Giantomassi
10.21105/joss.05570,JOSS,5,Ramón L. Panadés-Barrueta
10.21105/joss.05570,JOSS,6,Francisco A. Delesma
10.21105/joss.05570,JOSS,7,Alexander Buccheri
10.21105/joss.05570,JOSS,8,Andris Gulans
10.21105/joss.05570,JOSS,9,Patrick Rinke
10.21105/joss.05570,JOSS,10,Claudia Draxl
10.21105/joss.05570,JOSS,11,Xavier Gonze
10.21105/joss.07399,JOSS,1,Obed K. Dzikunu
10.21105/joss.07399,JOSS,2,Maziar Sabouri
10.21105/joss.07399,JOSS,3,Shadab Ahamed
10.21105/joss.07399,JOSS,4,Carlos Uribe
10.21105/joss.07399,JOSS,5,Arman Rahmim
10.21105/joss.07399,JOSS,6,Lucas A. Polson
10.21105/joss.02376,JOSS,1,Emanuele Guidotti
10.21105/joss.02376,JOSS,2,David Ardia
10.21105/joss.03054,JOSS,1,Alexander Fabisch
10.21105/joss.09629,JOSS,1,Aaron Kujawa
10.21105/joss.09629,JOSS,2,Tangqi Shi
10.21105/joss.09629,JOSS,3,Thomas Booth
10.21105/joss.09629,JOSS,4,Tom Vercauteren
10.21105/joss.03617,JOSS,1,Jack Cushman
10.21105/joss.03617,JOSS,2,Matthew Dahl
10.21105/joss.03617,JOSS,3,Michael Lissner
10.21105/joss.02042,JOSS,1,Andrew Bennett
10.21105/joss.02042,JOSS,2,Joseph Hamman
10.21105/joss.02042,JOSS,3,Bart Nijssen
10.21105/joss.10076,JOSS,1,Stamatis Vretinaris
10.21105/joss.09148,JOSS,1,Marijn van van Vliet
10.21105/joss.09148,JOSS,2,Stefan Appelhoff
10.21105/joss.09148,JOSS,3,Takao Shimizu
10.21105/joss.09148,JOSS,4,Egor Eremin
10.21105/joss.09148,JOSS,5,Annika Hultén
10.21105/joss.09148,JOSS,6,Yuanfang Zhao
10.21105/joss.09148,JOSS,7,Richard Höchenberger
10.21105/joss.00588,JOSS,1,Donald E. Willcox
10.21105/joss.00588,JOSS,2,Michael Zingale
10.21105/joss.05054,JOSS,1,Iker Rivas-González
10.21105/joss.05054,JOSS,2,Lars Nørvang Andersen
10.21105/joss.05054,JOSS,3,Asger Hobolth
10.21105/joss.08564,JOSS,1,Daniel S. Stich
10.21105/joss.08564,JOSS,2,Joshua D. Hardesty
10.21105/joss.08564,JOSS,3,Nicholas T. Jordan
10.21105/joss.08564,JOSS,4,Samuel G. Roy
10.21105/joss.08564,JOSS,5,Timothy F. Sheehan
10.21105/joss.08564,JOSS,6,Shawn D. Snyder
10.21105/joss.08564,JOSS,7,Joseph D. Zydlewski
10.21105/joss.01661,JOSS,1,Thomas Etherington
10.21105/joss.01661,JOSS,2,O. Omondiagbe
10.21105/joss.07148,JOSS,1,Silke Maes
10.21105/joss.07148,JOSS,2,Frederik De Ceuster
10.21105/joss.07148,JOSS,3,Marie Van de Sande
10.21105/joss.07148,JOSS,4,Leen Decin
10.21105/joss.08663,JOSS,1,Christian J. Tai Udovicic
10.21105/joss.08663,JOSS,2,Ari Essunfeld
10.21105/joss.08663,JOSS,3,Emily S. Costello
10.21105/joss.04166,JOSS,1,Peter Kraus
10.21105/joss.04166,JOSS,2,Nicolas Vetsch
10.21105/joss.04166,JOSS,3,Corsin Battaglia
10.21105/joss.01015,JOSS,1,Georgios Gerasimou
10.21105/joss.01015,JOSS,2,Matúš Tejiščák
10.21105/joss.10425,JOSS,1,Luke Daniel Ring
10.21105/joss.10425,JOSS,2,Anna Zamm
10.21105/joss.10425,JOSS,3,Chris Mathys
10.21105/joss.10425,JOSS,4,Simon Lind Kappel
10.21105/joss.10166,JOSS,1,Darius A. Görgen
10.21105/joss.10166,JOSS,2,Om Prakash Bhandari
10.21105/joss.10166,JOSS,3,Andreas Petutschnig
10.21105/joss.10166,JOSS,4,Zivan Karaman
10.21105/joss.10166,JOSS,5,Florent Bédécarrats
10.21105/joss.10166,JOSS,6,Johannes Schielein
10.21105/joss.08572,JOSS,1,Mingxuan Li
10.21105/joss.08572,JOSS,2,Jungtaek Kim
10.21105/joss.08572,JOSS,3,Paul W. Leu
10.21105/joss.01417,JOSS,1,Paul Miles
10.21105/joss.06372,JOSS,1,Oliver R. A. Dunbar
10.21105/joss.06372,JOSS,2,Melanie Bieli
10.21105/joss.06372,JOSS,3,Alfredo Garbuno-Iñigo
10.21105/joss.06372,JOSS,4,Michael Howland
10.21105/joss.06372,JOSS,5,Andre Nogueira de Souza
10.21105/joss.06372,JOSS,6,Laura Anne Mansfield
10.21105/joss.06372,JOSS,7,Gregory L. Wagner
10.21105/joss.06372,JOSS,8,N. Efrat-Henrici
10.21105/joss.04200,JOSS,1,Marcin Wojdyr
10.21105/joss.00786,JOSS,1,Christoph Molnar
10.21105/joss.01746,JOSS,1,Lukas Geiger
10.21105/joss.01746,JOSS,2,Plumerai Team
10.21105/joss.02445,JOSS,1,Daniel Lüdecke
10.21105/joss.02445,JOSS,2,Mattan Ben-Shachar
10.21105/joss.02445,JOSS,3,Indrajeet Patil
10.21105/joss.02445,JOSS,4,Dominique Makowski
10.21105/joss.01082,JOSS,1,Joe Thorley
10.21105/joss.01082,JOSS,2,Carl Schwarz
10.21105/joss.07770,JOSS,1,John Coleman
10.21105/joss.07770,JOSS,2,Kellis Kincaid
10.21105/joss.07770,JOSS,3,Gerry L. Knapp
10.21105/joss.07770,JOSS,4,Benjamin Stump
10.21105/joss.07770,JOSS,5,Samuel Temple Reeve
10.21105/joss.07770,JOSS,6,Matt Rolchigo
10.21105/joss.07770,JOSS,7,Alex Plotkowski
10.21105/joss.04882,JOSS,1,Jaroslav M. Fowkes
10.21105/joss.04882,JOSS,2,Nicholas I. M. Gould
10.21105/joss.03124,JOSS,1,Jorge Davila-Chacon
10.21105/joss.03124,JOSS,2,Max Pumperla
10.21105/joss.00787,JOSS,1,Vyas Ramasubramani
10.21105/joss.00787,JOSS,2,Sharon C. Glotzer
10.21105/joss.00142,JOSS,1,Camille Scott
10.21105/joss.00384,JOSS,1,Sara Mahar
10.21105/joss.00384,JOSS,2,Matthew Bellis
10.21105/joss.00475,JOSS,1,David J Harris
10.21105/joss.02824,JOSS,1,Adam Symington
10.21105/joss.02992,JOSS,1,Alejandra Mart&amp;iacute;nez
10.21105/joss.02992,JOSS,2,Matias Salibian-Barrera
10.21105/joss.03864,JOSS,1,Tiago Toledo
10.21105/joss.01520,JOSS,1,Adam Diehl
10.21105/joss.01520,JOSS,2,Alan Boyle
10.21105/joss.01256,JOSS,1,Dario Solari
10.21105/joss.01256,JOSS,2,Andrea Sciandra
10.21105/joss.01256,JOSS,3,Livio Finos
10.21105/joss.01811,JOSS,1,Tobin Driscoll
10.21105/joss.02462,JOSS,1,Zachary del Rosario
10.21105/joss.02402,JOSS,1,Anwar Palakkan
10.21105/joss.03484,JOSS,1,Derryn Knife
10.21105/joss.05087,JOSS,1,Christoph Schimeczek
10.21105/joss.05087,JOSS,2,Marc Deissenroth-Uhrig
10.21105/joss.05087,JOSS,3,Ulrich Frey
10.21105/joss.05087,JOSS,4,Benjamin Fuchs
10.21105/joss.05087,JOSS,5,A. Achraf El Ghazi
10.21105/joss.05087,JOSS,6,Manuel Wetzel
10.21105/joss.05087,JOSS,7,Kristina Nienhaus
10.21105/joss.04958,JOSS,1,Felix Nitsch
10.21105/joss.04958,JOSS,2,Christoph Schimeczek
10.21105/joss.04958,JOSS,3,Ulrich Frey
10.21105/joss.04958,JOSS,4,Benjamin Fuchs
10.21105/joss.01071,JOSS,1,Mikael Mortensen
10.21105/joss.10122,JOSS,1,David A. Wells
10.21105/joss.10122,JOSS,2,Michael McAuley
10.21105/joss.06764,JOSS,1,Thivin Anandh
10.21105/joss.06764,JOSS,2,Divij Ghose
10.21105/joss.06764,JOSS,3,Sashikumaar Ganesan
10.21105/joss.00360,JOSS,1,James Hiebert
10.21105/joss.00360,JOSS,2,Alex J. Cannon
10.21105/joss.00360,JOSS,3,Trevor Murdock
10.21105/joss.00360,JOSS,4,Stephen Sobie
10.21105/joss.00360,JOSS,5,Arelia Werner
10.21105/joss.08295,JOSS,1,Tomoyuki Tokuue
10.21105/joss.08295,JOSS,2,Tomoaki Ishiyama
10.21105/joss.08295,JOSS,3,Ken Osato
10.21105/joss.08295,JOSS,4,Satoshi Tanaka
10.21105/joss.08295,JOSS,5,Peter Behroozi
10.21105/joss.07361,JOSS,1,Asim Shrestha
10.21105/joss.07361,JOSS,2,Adam Watkins
10.21105/joss.07361,JOSS,3,Fereshteh Yousefirizi
10.21105/joss.07361,JOSS,4,Arman Rahmim
10.21105/joss.07361,JOSS,5,Carlos Uribe
10.21105/joss.07322,JOSS,1,Sevgi Akten Karakaya
10.21105/joss.07322,JOSS,2,Mehmet Hakan Satman
10.21105/joss.08036,JOSS,1,Arkadeep Ghosh
10.21105/joss.08054,JOSS,1,Peter William Hogg
10.21105/joss.08054,JOSS,2,Jerry Shijie Tong
10.21105/joss.08054,JOSS,3,Kurt Haas
10.21105/joss.04443,JOSS,1,Eva-Maria Grommes
10.21105/joss.04443,JOSS,2,Ulf Blieske
10.21105/joss.06448,JOSS,1,Daniel S. Abdi
10.21105/joss.07897,JOSS,1,Marius Kaffai
10.21105/joss.07897,JOSS,2,Lukas Erhard
10.21105/joss.07897,JOSS,3,Maximilian Richter
10.21105/joss.00417,JOSS,1,Tim Folsom
10.21105/joss.00417,JOSS,2,VP Nagraj
10.21105/joss.04115,JOSS,1,Stuart Slattery
10.21105/joss.04115,JOSS,2,Samuel Temple Reeve
10.21105/joss.04115,JOSS,3,Christoph Junghans
10.21105/joss.04115,JOSS,4,Damien Lebrun-Grandié
10.21105/joss.04115,JOSS,5,Robert Bird
10.21105/joss.04115,JOSS,6,Guangye Chen
10.21105/joss.04115,JOSS,7,Shane Fogerty
10.21105/joss.04115,JOSS,8,Yuxing Qiu
10.21105/joss.04115,JOSS,9,Stephan Schulz
10.21105/joss.04115,JOSS,10,Aaron Scheinberg
10.21105/joss.04115,JOSS,11,Austin Isner
10.21105/joss.04115,JOSS,12,Kwitae Chong
10.21105/joss.04115,JOSS,13,Stan Moore
10.21105/joss.04115,JOSS,14,Timothy Germann
10.21105/joss.04115,JOSS,15,James Belak
10.21105/joss.04115,JOSS,16,Susan Mniszewski
10.21105/joss.09413,JOSS,1,André M. Silva
10.21105/joss.09413,JOSS,2,J. P. Faria
10.21105/joss.09413,JOSS,3,Nuno C. Santos
10.21105/joss.09413,JOSS,4,Sérgio G. Sousa
10.21105/joss.09413,JOSS,5,Pedro T. P. Viana
10.21105/joss.09413,JOSS,6,J. H. C. Martins
10.21105/joss.02721,JOSS,1,Francis Banville
10.21105/joss.02721,JOSS,2,Steve Vissault
10.21105/joss.02721,JOSS,3,Timothée Poisot
10.21105/joss.06139,JOSS,1,David-Elias Künstle
10.21105/joss.06139,JOSS,2,Ulrike von Luxburg
10.21105/joss.00548,JOSS,1,Robert Reinecke
10.21105/joss.01880,JOSS,1,Nicholas Potter
10.21105/joss.07424,JOSS,1,Yuefan Ji
10.21105/joss.07424,JOSS,2,Matthew D. Murbach
10.21105/joss.07424,JOSS,3,Daniel T. Schwartz
10.21105/joss.09462,JOSS,1,Heloise F. Stevance
10.21105/joss.09462,JOSS,2,Jack Leland
10.21105/joss.09462,JOSS,3,Ken W. Smith
10.21105/joss.08769,JOSS,1,Patrick Kopper
10.21105/joss.08769,JOSS,2,Marcel P. Blind
10.21105/joss.08769,JOSS,3,Anna Schwarz
10.21105/joss.08769,JOSS,4,Marius Kurz
10.21105/joss.08769,JOSS,5,Felix Rodach
10.21105/joss.08769,JOSS,6,Stephen M. Copplestone
10.21105/joss.08769,JOSS,7,Andrea D. Beck
10.21105/joss.09775,JOSS,1,David Riley
10.21105/joss.09775,JOSS,2,Ioannis Stefanou
10.21105/joss.05202,JOSS,1,Ann Almgren
10.21105/joss.05202,JOSS,2,Aaron Lattanzi
10.21105/joss.05202,JOSS,3,Riyaz Haque
10.21105/joss.05202,JOSS,4,Pankaj Jha
10.21105/joss.05202,JOSS,5,Branko Kosovic
10.21105/joss.05202,JOSS,6,Jeffrey Mirocha
10.21105/joss.05202,JOSS,7,Bruce Perry
10.21105/joss.05202,JOSS,8,Eliot Quon
10.21105/joss.05202,JOSS,9,Michael Sanders
10.21105/joss.05202,JOSS,10,David Wiersema
10.21105/joss.05202,JOSS,11,Donald Willcox
10.21105/joss.05202,JOSS,12,Xingqiu Yuan
10.21105/joss.05202,JOSS,13,Weiqun Zhang
10.21105/joss.06634,JOSS,1,Magdalena Fuentes
10.21105/joss.06634,JOSS,2,Genís Plaja-Roglans
10.21105/joss.06634,JOSS,3,Guillem Cortès-Sebastià
10.21105/joss.06634,JOSS,4,Tanmay Khandelwal
10.21105/joss.06634,JOSS,5,Marius Miron
10.21105/joss.06634,JOSS,6,Xavier Serra
10.21105/joss.06634,JOSS,7,Juan Pablo Bello
10.21105/joss.06634,JOSS,8,Justin Salamon
10.21105/joss.06904,JOSS,1,Miriam Kopperstad Wolff
10.21105/joss.06904,JOSS,2,Sam Royston
10.21105/joss.06904,JOSS,3,Rune Volden
10.21105/joss.07086,JOSS,1,Micha Silver
10.21105/joss.07086,JOSS,2,Ron Beiden
10.21105/joss.07086,JOSS,3,Zhe Dong
10.21105/joss.07086,JOSS,4,Natalya Panov
10.21105/joss.07086,JOSS,5,Arnon Karnieli
10.21105/joss.09540,JOSS,1,Trevor Hardy
10.21105/joss.09540,JOSS,2,Mitch Pelton
10.21105/joss.09540,JOSS,3,Nathan Gray
10.21105/joss.09540,JOSS,4,Fred Rutz
10.21105/joss.09540,JOSS,5,Wen Bo
10.21105/joss.04590,JOSS,1,Alister Johnson
10.21105/joss.04590,JOSS,2,Camille Coti
10.21105/joss.04590,JOSS,3,Allen D. Malony
10.21105/joss.04590,JOSS,4,Johannes Doerfert
10.21105/joss.05842,JOSS,1,Ishaan Desai
10.21105/joss.05842,JOSS,2,Erik Scheurer
10.21105/joss.05842,JOSS,3,Carina Bringedal
10.21105/joss.05842,JOSS,4,Benjamin Uekermann
10.21105/joss.05408,JOSS,1,Olga A. Doronina
10.21105/joss.05408,JOSS,2,Zachary J. Grey
10.21105/joss.05408,JOSS,3,Andrew Glaws
10.21105/joss.05988,JOSS,1,Guilherme P. Castelao
10.21105/joss.05988,JOSS,2,Luiz Irber
10.21105/joss.06703,JOSS,1,Stephen Francis Mann
10.21105/joss.06703,JOSS,2,Manolo Martínez
10.21105/joss.03743,JOSS,1,Egor Orachev
10.21105/joss.03743,JOSS,2,Maria Karpenko
10.21105/joss.03743,JOSS,3,Pavel Alimov
10.21105/joss.03743,JOSS,4,Semyon Grigorev
10.21105/joss.05572,JOSS,1,Vlad Stefan Barbu
10.21105/joss.05572,JOSS,2,Ioannis Mavrogiannis
10.21105/joss.05572,JOSS,3,Nicolas Vergne
10.21105/joss.07971,JOSS,1,Chao Liu
10.21105/joss.04433,JOSS,1,Jakob McBroome
10.21105/joss.04433,JOSS,2,Yatish Turakhia
10.21105/joss.04433,JOSS,3,Russell Corbett-Detig
10.21105/joss.07150,JOSS,1,Sarah Endicott
10.21105/joss.07150,JOSS,2,Ilona Naujokaitis-Lewis
10.21105/joss.04327,JOSS,1,Marc Costa Sitja
10.21105/joss.03733,JOSS,1,Corentin Nelias
10.21105/joss.06284,JOSS,1,Nathan Decaux
10.21105/joss.06284,JOSS,2,Pierre-Henri Conze
10.21105/joss.06284,JOSS,3,Juliette Ropars
10.21105/joss.06284,JOSS,4,Xinyan He
10.21105/joss.06284,JOSS,5,Frances T. Sheehan
10.21105/joss.06284,JOSS,6,Christelle Pons
10.21105/joss.06284,JOSS,7,Douraied Ben Salem
10.21105/joss.06284,JOSS,8,Sylvain Brochard
10.21105/joss.06284,JOSS,9,François Rousseau
10.21105/joss.08642,JOSS,1,Max Hinne
10.21105/joss.07529,JOSS,1,Andrew K Smith
10.21105/joss.07529,JOSS,2,Isaac Neuhaus
10.21105/joss.06895,JOSS,1,Muhammad Z. Khalid
10.21105/joss.06895,JOSS,2,Sverre M. Selbach
10.21105/joss.08504,JOSS,1,Thomas S. Binns
10.21105/joss.08504,JOSS,2,Franziska Pellegrini
10.21105/joss.08504,JOSS,3,Tin Jurhar
10.21105/joss.08504,JOSS,4,Tien D. Nguyen
10.21105/joss.08504,JOSS,5,Richard M. Köhler
10.21105/joss.08504,JOSS,6,Stefan Haufe
10.21105/joss.01265,JOSS,1,Alice Harpole
10.21105/joss.01265,JOSS,2,Michael Zingale
10.21105/joss.01265,JOSS,3,Ian Hawke
10.21105/joss.01265,JOSS,4,Taher Chegini
10.21105/joss.01663,JOSS,1,Yiorgos Christakis
10.21105/joss.01663,JOSS,2,Nikhil Mahadevan
10.21105/joss.01663,JOSS,3,Shyamal Patel
10.21105/joss.07595,JOSS,1,Karthik Menon
10.21105/joss.07595,JOSS,2,Jakob Richter
10.21105/joss.07595,JOSS,3,Martin R. Pfaller
10.21105/joss.07595,JOSS,4,Jonathan Pham
10.21105/joss.07595,JOSS,5,Emilin M. Mathew
10.21105/joss.07595,JOSS,6,Kaitlin E. Harold
10.21105/joss.07595,JOSS,7,Nicholas C. Dorn
10.21105/joss.07595,JOSS,8,Aekaansh Verma
10.21105/joss.07595,JOSS,9,Alison L. Marsden
10.21105/joss.08145,JOSS,1,Stephanie R. Merritt
10.21105/joss.08145,JOSS,2,Grigori Fedorets
10.21105/joss.08145,JOSS,3,Megan E. Schwamb
10.21105/joss.08145,JOSS,4,Samuel Cornwall
10.21105/joss.08145,JOSS,5,Pedro H. Bernardinelli
10.21105/joss.08145,JOSS,6,Mario Jurić
10.21105/joss.08145,JOSS,7,Matthew J. Holman
10.21105/joss.08145,JOSS,8,Jacob A. Kurlander
10.21105/joss.08145,JOSS,9,Siegfried Eggl
10.21105/joss.08145,JOSS,10,Drew Oldag
10.21105/joss.08145,JOSS,11,Maxine West
10.21105/joss.08145,JOSS,12,Jeremy Kubica
10.21105/joss.08145,JOSS,13,Joseph Murtagh
10.21105/joss.08145,JOSS,14,R. Lynne Jones
10.21105/joss.08145,JOSS,15,Peter Yoachim
10.21105/joss.08145,JOSS,16,Ryan R. Lyttle
10.21105/joss.08145,JOSS,17,Michael S. P. Kelley
10.21105/joss.08145,JOSS,18,Joachim Moeyens
10.21105/joss.08145,JOSS,19,Kathleen Kiker
10.21105/joss.08145,JOSS,20,Shantanu P. Naidu
10.21105/joss.08145,JOSS,21,Colin Snodgrass
10.21105/joss.08145,JOSS,22,Shannon M. Matthews
10.21105/joss.08145,JOSS,23,Colin Orion Chandler
10.21105/joss.03671,JOSS,1,Sasha Petrenko
10.21105/joss.03671,JOSS,2,Donald C. Wunsch II
10.21105/joss.02578,JOSS,1,Marina Manso Jimeno
10.21105/joss.02578,JOSS,2,John Vaughan
10.21105/joss.02578,JOSS,3,Sairam Geethanath
10.21105/joss.03444,JOSS,1,Richard A. Erickson
10.21105/joss.03444,JOSS,2,Daniel S. Stich
10.21105/joss.03444,JOSS,3,Jillian L. Hebert
10.21105/joss.00876,JOSS,1,Palash Goyal
10.21105/joss.00876,JOSS,2,Emilio Ferrara
10.21105/joss.07769,JOSS,1,Greg Sallaberry
10.21105/joss.07769,JOSS,2,Zofia Kaczmarek
10.21105/joss.07769,JOSS,3,Peter McGill
10.21105/joss.07769,JOSS,4,Scott E. Perkins
10.21105/joss.07769,JOSS,5,William A. Dawson
10.21105/joss.07769,JOSS,6,Caitlin G. Begbie
10.21105/joss.06887,JOSS,1,Johannes Holke
10.21105/joss.06887,JOSS,2,Johannes Markert
10.21105/joss.06887,JOSS,3,David Knapp
10.21105/joss.06887,JOSS,4,Lukas Dreyer
10.21105/joss.06887,JOSS,5,Sandro Elsweijer
10.21105/joss.06887,JOSS,6,Niklas Böing
10.21105/joss.06887,JOSS,7,Ioannis Lilikakis
10.21105/joss.06887,JOSS,8,Jakob Fussbroich
10.21105/joss.06887,JOSS,9,Tabea Leistikow
10.21105/joss.06887,JOSS,10,Florian Becker
10.21105/joss.06887,JOSS,11,Veli Uenlue
10.21105/joss.06887,JOSS,12,Ole Albers
10.21105/joss.06887,JOSS,13,Carsten Burstedde
10.21105/joss.06887,JOSS,14,Achim Basermann
10.21105/joss.06887,JOSS,15,Chiara Hergl
10.21105/joss.06887,JOSS,16,Weber Julia
10.21105/joss.06887,JOSS,17,Kathrin Schoenlein
10.21105/joss.06887,JOSS,18,Jonas Ackerschott
10.21105/joss.06887,JOSS,19,Andreev Evgenii
10.21105/joss.06887,JOSS,20,Zoltan Csati
10.21105/joss.06887,JOSS,21,Alexandra Dutka
10.21105/joss.06887,JOSS,22,Benedict Geihe
10.21105/joss.06887,JOSS,23,Pierre Kestener
10.21105/joss.06887,JOSS,24,Andrew Kirby
10.21105/joss.06887,JOSS,25,Hendrik Ranocha
10.21105/joss.06887,JOSS,26,Michael Schlottke-Lakemper
10.21105/joss.03653,JOSS,1,Antoine Diez
10.21105/joss.09331,JOSS,1,Raphaël Chenouard
10.21105/joss.09331,JOSS,2,Laurent Granvilliers
10.21105/joss.00431,JOSS,1,José Jiménez
10.21105/joss.00431,JOSS,2,Josep Ginebra
10.21105/joss.08795,JOSS,1,Anthony Baptista
10.21105/joss.08795,JOSS,2,Diane Cruiziat
10.21105/joss.08795,JOSS,3,Rosamond Nuamah
10.21105/joss.08795,JOSS,4,Ciro Chiappini
10.21105/joss.08795,JOSS,5,Anita Grigoriadis
10.21105/joss.04417,JOSS,1,Mattis Magg
10.21105/joss.04417,JOSS,2,Tilman Hartwig
10.21105/joss.04417,JOSS,3,Li-Hsin Chen
10.21105/joss.04417,JOSS,4,Yuta Tarumi
10.21105/joss.03827,JOSS,1,Richard Teague
10.21105/joss.03827,JOSS,2,Charles Law
10.21105/joss.03827,JOSS,3,Jane Huang
10.21105/joss.03827,JOSS,4,Feilong Meng
10.21105/joss.09386,JOSS,1,Sira Pornsiriprasert
10.21105/joss.07702,JOSS,1,Damar Wicaksono
10.21105/joss.07702,JOSS,2,Uwe Hernandez Acosta
10.21105/joss.07702,JOSS,3,Sachin Krishnan Thekke Veettil
10.21105/joss.07702,JOSS,4,Jannik Kissinger
10.21105/joss.07702,JOSS,5,Michael Hecht
10.21105/joss.06096,JOSS,1,Gerrit Ansmann
10.21105/joss.00661,JOSS,1,Nicola Demo
10.21105/joss.00661,JOSS,2,Marco Tezzele
10.21105/joss.00661,JOSS,3,Gianluigi Rozza
10.21105/joss.02347,JOSS,1,Adina Feinstein
10.21105/joss.02347,JOSS,2,Benjamin Montet
10.21105/joss.02347,JOSS,3,Megan Ansdell
10.21105/joss.09240,JOSS,1,Erling Devold
10.21105/joss.03677,JOSS,1,Alexander Kramer
10.21105/joss.03677,JOSS,2,Yatish Turakhia
10.21105/joss.03677,JOSS,3,Russell Corbett-Detig
10.21105/joss.02185,JOSS,1,Shubhadeep Sadhukhan
10.21105/joss.02185,JOSS,2,Shashwat Bhattacharya
10.21105/joss.02185,JOSS,3,Mahendra Verma
10.21105/joss.01731,JOSS,1,Joel Miller
10.21105/joss.01731,JOSS,2,Tony Ting
10.21105/joss.02352,JOSS,1,Hartmut Kaiser
10.21105/joss.02352,JOSS,2,Patrick Diehl
10.21105/joss.02352,JOSS,3,Adrian Lemoine
10.21105/joss.02352,JOSS,4,Bryce Lelbach
10.21105/joss.02352,JOSS,5,Parsa Amini
10.21105/joss.02352,JOSS,6,Agustín Berge
10.21105/joss.02352,JOSS,7,John Biddiscombe
10.21105/joss.02352,JOSS,8,Steven Brandt
10.21105/joss.02352,JOSS,9,Nikunj Gupta
10.21105/joss.02352,JOSS,10,Thomas Heller
10.21105/joss.02352,JOSS,11,Kevin Huck
10.21105/joss.02352,JOSS,12,Zahra Khatami
10.21105/joss.02352,JOSS,13,Alireza Kheirkhahan
10.21105/joss.02352,JOSS,14,Auriane Reverdell
10.21105/joss.02352,JOSS,15,Shahrzad Shirzad
10.21105/joss.02352,JOSS,16,Mikael Simberg
10.21105/joss.02352,JOSS,17,Bibek Wagle
10.21105/joss.02352,JOSS,18,Weile Wei
10.21105/joss.02352,JOSS,19,Tianyi Zhang
10.21105/joss.05881,JOSS,1,Shaowu Pan
10.21105/joss.05881,JOSS,2,Eurika Kaiser
10.21105/joss.05881,JOSS,3,Brian M. de Silva
10.21105/joss.05881,JOSS,4,J. Nathan Kutz
10.21105/joss.05881,JOSS,5,Steven L. Brunton
10.21105/joss.04405,JOSS,1,Kauê de Sousa
10.21105/joss.04405,JOSS,2,Jacob van Etten
10.21105/joss.04405,JOSS,3,Magne Neby
10.21105/joss.04405,JOSS,4,Svein Ø. Solberg
10.21105/joss.04364,JOSS,1,Jack D. Sundberg
10.21105/joss.04364,JOSS,2,Siona S. Benjamin
10.21105/joss.04364,JOSS,3,Lauren M. McRae
10.21105/joss.04364,JOSS,4,Scott C. Warren
10.21105/joss.00171,JOSS,1,David Ardia
10.21105/joss.00171,JOSS,2,Kris Boudt
10.21105/joss.00171,JOSS,3,Jean-Philippe Gagnon-Fleury
10.21105/joss.06027,JOSS,1,Jean-Baptiste Féret
10.21105/joss.06027,JOSS,2,Florian de Boissieu
10.21105/joss.04774,JOSS,1,Valentin Christiaens
10.21105/joss.04774,JOSS,2,Carlos Alberto Gómez Gonzalez
10.21105/joss.04774,JOSS,3,Ralf Farkas
10.21105/joss.04774,JOSS,4,Carl-Henrik Dahlqvist
10.21105/joss.04774,JOSS,5,Evert Nasedkin
10.21105/joss.04774,JOSS,6,Julien Milli
10.21105/joss.04774,JOSS,7,Olivier Absil
10.21105/joss.04774,JOSS,8,Henry Ngo
10.21105/joss.04774,JOSS,9,Carles Cantero
10.21105/joss.04774,JOSS,10,Alan Rainot
10.21105/joss.04774,JOSS,11,Iain Hammond
10.21105/joss.04774,JOSS,12,Markus Bonse
10.21105/joss.04774,JOSS,13,Faustine Cantalloube
10.21105/joss.04774,JOSS,14,Arthur Vigan
10.21105/joss.04774,JOSS,15,Vijay Phanindra Srikanth Kompella
10.21105/joss.04774,JOSS,16,Paul J. Hancock
10.21105/joss.09872,JOSS,1,Alexander G. Lucaci
10.21105/joss.09872,JOSS,2,Sergei Pond
10.21105/joss.03073,JOSS,1,Begüm Topçuoğlu
10.21105/joss.03073,JOSS,2,Zena Lapp
10.21105/joss.03073,JOSS,3,Kelly Sovacool
10.21105/joss.03073,JOSS,4,Evan Snitkin
10.21105/joss.03073,JOSS,5,Jenna Wiens
10.21105/joss.03073,JOSS,6,Patrick Schloss
10.21105/joss.03145,JOSS,1,Tingyu Wang
10.21105/joss.03145,JOSS,2,Rio Yokota
10.21105/joss.03145,JOSS,3,Lorena Barba
10.21105/joss.05220,JOSS,1,Jacqueline Höllig
10.21105/joss.05220,JOSS,2,Cedric Kulbach
10.21105/joss.05220,JOSS,3,Steffen Thoma
10.21105/joss.02272,JOSS,1,Cesar Aybar
10.21105/joss.02272,JOSS,2,Qiusheng Wu
10.21105/joss.02272,JOSS,3,Lesly Bautista
10.21105/joss.02272,JOSS,4,Roy Yali
10.21105/joss.02272,JOSS,5,Antony Barja
10.21105/joss.05495,JOSS,1,Nathan Bell
10.21105/joss.05495,JOSS,2,Luke N. Olson
10.21105/joss.05495,JOSS,3,Jacob Schroder
10.21105/joss.05495,JOSS,4,Ben Southworth
10.21105/joss.00860,JOSS,1,Raoul R. Wadhwa
10.21105/joss.00860,JOSS,2,Drew F.K. Williamson
10.21105/joss.00860,JOSS,3,Andrew Dhawan
10.21105/joss.00860,JOSS,4,Jacob G. Scott
10.21105/joss.06830,JOSS,1,Luiz Irber
10.21105/joss.06830,JOSS,2,N. Tessa Pierce-Ward
10.21105/joss.06830,JOSS,3,Mohamed Abuelanin
10.21105/joss.06830,JOSS,4,Harriet Alexander
10.21105/joss.06830,JOSS,5,Abhishek Anant
10.21105/joss.06830,JOSS,6,Keya Barve
10.21105/joss.06830,JOSS,7,Colton Baumler
10.21105/joss.06830,JOSS,8,Olga Botvinnik
10.21105/joss.06830,JOSS,9,Phillip Brooks
10.21105/joss.06830,JOSS,10,Daniel Dsouza
10.21105/joss.06830,JOSS,11,Laurent Gautier
10.21105/joss.06830,JOSS,12,Mahmudur Rahman Hera
10.21105/joss.06830,JOSS,13,Hannah Eve Houts
10.21105/joss.06830,JOSS,14,Lisa K. Johnson
10.21105/joss.06830,JOSS,15,Fabian Klötzl
10.21105/joss.06830,JOSS,16,David Koslicki
10.21105/joss.06830,JOSS,17,Marisa Lim
10.21105/joss.06830,JOSS,18,Ricky Lim
10.21105/joss.06830,JOSS,19,Bradley Nelson
10.21105/joss.06830,JOSS,20,Ivan Ogasawara
10.21105/joss.06830,JOSS,21,Taylor Reiter
10.21105/joss.06830,JOSS,22,Camille Scott
10.21105/joss.06830,JOSS,23,Andreas Sjödin
10.21105/joss.06830,JOSS,24,Daniel Standage
10.21105/joss.06830,JOSS,25,S. Joshua Swamidass
10.21105/joss.06830,JOSS,26,Connor Tiffany
10.21105/joss.06830,JOSS,27,Pranathi Vemuri
10.21105/joss.06830,JOSS,28,Erik Young
10.21105/joss.06830,JOSS,29,C. Titus Brown
10.21105/joss.00433,JOSS,1,Lester James V. Miranda
10.21105/joss.05450,JOSS,1,Lucas Esclapez
10.21105/joss.05450,JOSS,2,Marc Day
10.21105/joss.05450,JOSS,3,John Bell
10.21105/joss.05450,JOSS,4,Anne Felden
10.21105/joss.05450,JOSS,5,Candace Gilet
10.21105/joss.05450,JOSS,6,Ray Grout
10.21105/joss.05450,JOSS,7,Marc Henry de Frahan
10.21105/joss.05450,JOSS,8,Emmanuel Motheau
10.21105/joss.05450,JOSS,9,Andrew Nonaka
10.21105/joss.05450,JOSS,10,Landon Owen
10.21105/joss.05450,JOSS,11,Bruce Perry
10.21105/joss.05450,JOSS,12,Jon Rood
10.21105/joss.05450,JOSS,13,Nicolas Wimer
10.21105/joss.05450,JOSS,14,Weiqun Zhang
10.21105/joss.01450,JOSS,1,C. Sullivan
10.21105/joss.01450,JOSS,2,Alexander Kaszynski
10.21105/joss.06891,JOSS,1,Daylin Morgan
10.21105/joss.06891,JOSS,2,Amy Brock
10.21105/joss.03897,JOSS,1,Alexander Rockhill
10.21105/joss.03897,JOSS,2,Eric Larson
10.21105/joss.03897,JOSS,3,Brittany Stedelin
10.21105/joss.03897,JOSS,4,Alessandra Mantovani
10.21105/joss.03897,JOSS,5,Ahmed Raslan
10.21105/joss.03897,JOSS,6,Alexandre Gramfort
10.21105/joss.03897,JOSS,7,Nicole Swann
10.21105/joss.03349,JOSS,1,Simon Danisch
10.21105/joss.03349,JOSS,2,Julius Krumbiegel
10.21105/joss.05184,JOSS,1,Timothy J. Thurman
10.21105/joss.05184,JOSS,2,Charity L. Washam
10.21105/joss.05184,JOSS,3,Duah Alkam
10.21105/joss.05184,JOSS,4,Jordan T. Bird
10.21105/joss.05184,JOSS,5,Allen Gies
10.21105/joss.05184,JOSS,6,Kalyani Dhusia
10.21105/joss.05184,JOSS,7,Michael S. Robeson II
10.21105/joss.05184,JOSS,8,Stephanie D. Byrum
10.21105/joss.04061,JOSS,1,Sigurd Albrektsen
10.21105/joss.04061,JOSS,2,Kasper Gade Bøtker Rasmussen
10.21105/joss.04061,JOSS,3,Anders E. Liverud
10.21105/joss.04061,JOSS,4,Steffen Dalgard
10.21105/joss.04061,JOSS,5,Jakob Høgenes
10.21105/joss.04061,JOSS,6,Silje Ekroll Jahren
10.21105/joss.04061,JOSS,7,Jan Kocbach
10.21105/joss.04061,JOSS,8,Trine M. Seeberg
10.21105/joss.03651,JOSS,1,Samuel Duffield
10.21105/joss.03296,JOSS,1,Batuhan Taskaya
10.21105/joss.07560,JOSS,1,Vladimir Mikheev
10.21105/joss.07560,JOSS,2,Benedikt Ehinger
10.21105/joss.02693,JOSS,1,Hemanth Pruthvi.
10.21105/joss.07050,JOSS,1,Frédéric Goualard
10.21105/joss.06971,JOSS,1,Sidi Wang
10.21105/joss.06971,JOSS,2,Fang Fang
10.21105/joss.06971,JOSS,3,Roy Tamura
10.21105/joss.06971,JOSS,4,Thomas Braun
10.21105/joss.06971,JOSS,5,Kelley M Kidwell
10.21105/joss.07052,JOSS,1,Zenon Mathews
10.21105/joss.07052,JOSS,2,Romain Chessex
10.21105/joss.04894,JOSS,1,Lucas H. McCabe
10.21105/joss.05148,JOSS,1,Alexander Buccheri
10.21105/joss.05148,JOSS,2,Fabian Peschel
10.21105/joss.05148,JOSS,3,Benedikt Maurer
10.21105/joss.05148,JOSS,4,Mara Voiculescu
10.21105/joss.05148,JOSS,5,Daniel T. Speckhard
10.21105/joss.05148,JOSS,6,Hannah Kleine
10.21105/joss.05148,JOSS,7,Elisa Stephan
10.21105/joss.05148,JOSS,8,Martin Kuban
10.21105/joss.05148,JOSS,9,Claudia Draxl
10.21105/joss.05017,JOSS,1,Vincent Nguyen
10.21105/joss.05017,JOSS,2,Sarvnaz Karimi
10.21105/joss.05017,JOSS,3,Zhenchang Xing
10.21105/joss.04100,JOSS,1,Lily Wang
10.21105/joss.04100,JOSS,2,Megan L. O’Mara
10.21105/joss.06226,JOSS,1,Pierre Borie
10.21105/joss.06226,JOSS,2,Alain Marcotte
10.21105/joss.06226,JOSS,3,Fabian Bastin
10.21105/joss.06226,JOSS,4,Stéphane Dellacherie
10.21105/joss.06236,JOSS,1,Julia Wind
10.21105/joss.06236,JOSS,2,Asbjørn Ulvestad
10.21105/joss.06236,JOSS,3,Muhammad Abdelhamid
10.21105/joss.06236,JOSS,4,Jan Petter Mæhlen
10.21105/joss.06359,JOSS,1,Olivia S. Smith
10.21105/joss.06359,JOSS,2,Eucharist Kun
10.21105/joss.06359,JOSS,3,Vagheesh M. Narasimhan
10.21105/joss.05363,JOSS,1,Matt Higham
10.21105/joss.05363,JOSS,2,Jay Ver Hoef
10.21105/joss.05363,JOSS,3,Bryce Frank
10.21105/joss.05363,JOSS,4,Michael Dumelle
10.21105/joss.06058,JOSS,1,Matthew Peres Tino
10.21105/joss.06058,JOSS,2,Abbas Yusuf Abdulaziz
10.21105/joss.06058,JOSS,3,Robert Suderman
10.21105/joss.06058,JOSS,4,Thomas Akdeniz
10.21105/joss.06058,JOSS,5,Nasser Mohieddin Abukhdeir
10.21105/joss.00041,JOSS,1,Simon Bogutzky
10.21105/joss.00041,JOSS,2,Phillip Marsch
10.21105/joss.00041,JOSS,3,Licínio Roque
10.21105/joss.00041,JOSS,4,Nassrin Hajinejad
10.21105/joss.00041,JOSS,5,Barbara Grüter
10.21105/joss.05903,JOSS,1,Julian Müller
10.21105/joss.07134,JOSS,1,Jabir Ali Ouassou
10.21105/joss.08348,JOSS,1,Pedro Vinícius A. B. Venâncio
10.21105/joss.08348,JOSS,2,Lucas S. Batista
10.21105/joss.00038,JOSS,1,Matt Germonprez
10.21105/joss.00038,JOSS,2,Thomas Gurney
10.21105/joss.00038,JOSS,3,Sai Uday Shankar Korlimarla
10.21105/joss.00038,JOSS,4,Robin Gandhi
10.21105/joss.02598,JOSS,1,Raphael Sonabend
10.21105/joss.02598,JOSS,2,Franz Kiraly
10.21105/joss.00374,JOSS,1,Jakob Bossek
10.21105/joss.03153,JOSS,1,Diego Palma
10.21105/joss.03153,JOSS,2,Christian Soto
10.21105/joss.03153,JOSS,3,Mónica Veliz
10.21105/joss.03153,JOSS,4,Bruno Karelovic
10.21105/joss.03153,JOSS,5,Bernardo Riffo
10.21105/joss.03397,JOSS,1,Karin Knudson
10.21105/joss.03397,JOSS,2,Gabe Schoenbach
10.21105/joss.03397,JOSS,3,Amariah Becker
10.21105/joss.03203,JOSS,1,E. Arellano
10.21105/joss.03203,JOSS,2,N. Wulff
10.21105/joss.03203,JOSS,3,B. Fuchs
10.21105/joss.03203,JOSS,4,W. Hu
10.21105/joss.03951,JOSS,1,Dominique Sydow
10.21105/joss.03951,JOSS,2,Jaime Rodríguez-Guerra
10.21105/joss.03951,JOSS,3,Andrea Volkamer
10.21105/joss.01462,JOSS,1,Michael DeWitt
10.21105/joss.01462,JOSS,2,Mona Ahmadiani
10.21105/joss.01462,JOSS,3,Adam Hyde
10.21105/joss.01578,JOSS,1,Vanessa Sochat
10.21105/joss.01651,JOSS,1,Keming Zhang
10.21105/joss.01651,JOSS,2,Joshua Bloom
10.21105/joss.07185,JOSS,1,Robin Chartrand
10.21105/joss.07185,JOSS,2,Robert Fajber
10.21105/joss.07185,JOSS,3,Georgy Manucharyan
10.21105/joss.01983,JOSS,1,Mojtaba Fazli
10.21105/joss.01983,JOSS,2,Marcus Hill
10.21105/joss.01983,JOSS,3,Andrew Durden
10.21105/joss.01983,JOSS,4,Rachel Mattson
10.21105/joss.01983,JOSS,5,Allyson Loy
10.21105/joss.01983,JOSS,6,Barbara Reaves
10.21105/joss.01983,JOSS,7,Abigail Courtney
10.21105/joss.01983,JOSS,8,Frederick Quinn
10.21105/joss.01983,JOSS,9,Chakra Chennubhotla
10.21105/joss.01983,JOSS,10,Shannon Quinn
10.21105/joss.04569,JOSS,1,Asitha I. Senanayake
10.21105/joss.04569,JOSS,2,Roger J. Chandler
10.21105/joss.04569,JOSS,3,Tony Daly
10.21105/joss.04569,JOSS,4,Edward Lewis
10.21105/joss.03115,JOSS,1,Doğu Eraslan
10.21105/joss.02927,JOSS,1,Andrew Teucher
10.21105/joss.02927,JOSS,2,Sam Albers
10.21105/joss.02927,JOSS,3,Stephanie Hazlitt
10.21105/joss.02293,JOSS,1,Bartosz Bartmanski
10.21105/joss.02293,JOSS,2,Ruth Baker
10.21105/joss.01185,JOSS,1,Bernhard Fröhler
10.21105/joss.01185,JOSS,2,Johannes Weissenböck
10.21105/joss.01185,JOSS,3,Marcel Schiwarth
10.21105/joss.01185,JOSS,4,Johann Kastner
10.21105/joss.01185,JOSS,5,Christoph Heinzl
10.21105/joss.04021,JOSS,1,Qing Yu
10.21105/joss.04021,JOSS,2,Jian Yuan
10.21105/joss.07854,JOSS,1,Anton Elmiger
10.21105/joss.07854,JOSS,2,Kai von Szadkowski
10.21105/joss.07854,JOSS,3,Timo Korthals
10.21105/joss.00426,JOSS,1,Vanessa Sochat
10.21105/joss.05444,JOSS,1,Marcin Rogowski
10.21105/joss.05444,JOSS,2,Lisandro Dalcin
10.21105/joss.05444,JOSS,3,Jeff R. Hammond
10.21105/joss.05444,JOSS,4,David E. Keyes
10.21105/joss.05737,JOSS,1,Ilian Pihlajamaa
10.21105/joss.05737,JOSS,2,Corentin C. L. Laudicina
10.21105/joss.05737,JOSS,3,Thomas Voigtmann
10.21105/joss.05737,JOSS,4,Liesbeth M. C. Janssen
10.21105/joss.03666,JOSS,1,Nicolas Pucino
10.21105/joss.03666,JOSS,2,David Kennedy
10.21105/joss.03666,JOSS,3,Daniel Ierodiaconou
10.21105/joss.08862,JOSS,1,Moritz Makowski
10.21105/joss.08862,JOSS,2,Jia Chen
10.21105/joss.02412,JOSS,1,Keurfon Luu
10.21105/joss.07022,JOSS,1,Petros Liakopoulos
10.21105/joss.07022,JOSS,2,Julien Massonnet
10.21105/joss.07022,JOSS,3,Jonatan Bonjour
10.21105/joss.07022,JOSS,4,Medya Tekes Mizrakli
10.21105/joss.07022,JOSS,5,Simon Graham
10.21105/joss.07022,JOSS,6,Michel A. Cuendet
10.21105/joss.07022,JOSS,7,Amanda H. Seipel
10.21105/joss.07022,JOSS,8,Olivier Michielin
10.21105/joss.07022,JOSS,9,Doron Merkler
10.21105/joss.07022,JOSS,10,Andrew Janowczyk
10.21105/joss.07217,JOSS,1,Jackson Barr
10.21105/joss.07217,JOSS,2,Diptaparna Biswas
10.21105/joss.07217,JOSS,3,Maxence Draguet
10.21105/joss.07217,JOSS,4,Philipp Gadow
10.21105/joss.07217,JOSS,5,Emil Haines
10.21105/joss.07217,JOSS,6,Osama Karkout
10.21105/joss.07217,JOSS,7,Dmitrii Kobylianskii
10.21105/joss.07217,JOSS,8,Wei Sheng Lai
10.21105/joss.07217,JOSS,9,Matthew Leigh
10.21105/joss.07217,JOSS,10,Nicholas Luongo
10.21105/joss.07217,JOSS,11,Ivan Oleksiyuk
10.21105/joss.07217,JOSS,12,Nikita Pond
10.21105/joss.07217,JOSS,13,Sébastien Rettie
10.21105/joss.07217,JOSS,14,Andrius Vaitkus
10.21105/joss.07217,JOSS,15,Samuel Van Stroud
10.21105/joss.07217,JOSS,16,Johannes Wagner
10.21105/joss.07589,JOSS,1,Arkavo Hait
10.21105/joss.07589,JOSS,2,Santanu Mahapatra
10.21105/joss.02447,JOSS,1,Nima Hejazi
10.21105/joss.02447,JOSS,2,David Benkeser
10.21105/joss.07696,JOSS,1,William L. Conley
10.21105/joss.07696,JOSS,2,Steven R. Livingstone
10.21105/joss.07533,JOSS,1,Austin M. Weber
10.21105/joss.04808,JOSS,1,Ville Yrjänä
10.21105/joss.03389,JOSS,1,Jacob Merson
10.21105/joss.03389,JOSS,2,Mark Shephard
10.21105/joss.00973,JOSS,1,Jiao Lin
10.21105/joss.00973,JOSS,2,Gian Song
10.21105/joss.00855,JOSS,1,Maxime Rousseau
10.21105/joss.00855,JOSS,2,Jean-Marc Retrouvey
10.21105/joss.09734,JOSS,1,Nicolas Barré
10.21105/joss.01210,JOSS,1,Adam Symington
10.21105/joss.01210,JOSS,2,Joshua Tse
10.21105/joss.01210,JOSS,3,Marco Molinari
10.21105/joss.01210,JOSS,4,Arnaud Marmier
10.21105/joss.01210,JOSS,5,Stephen Parker
10.21105/joss.06227,JOSS,1,Dmitry Ustalov
10.21105/joss.06227,JOSS,2,Nikita Pavlichenko
10.21105/joss.06227,JOSS,3,Boris Tseitlin
10.21105/joss.01629,JOSS,1,Allison Stettler
10.21105/joss.01629,JOSS,2,Christopher John
10.21105/joss.01629,JOSS,3,Yegor Proshlyakov
10.21105/joss.01629,JOSS,4,Denis Proshlyakov
10.21105/joss.03418,JOSS,1,John Volk
10.21105/joss.03418,JOSS,2,Justin Huntington
10.21105/joss.03418,JOSS,3,Richard Allen
10.21105/joss.03418,JOSS,4,Forrest Melton
10.21105/joss.03418,JOSS,5,Martha Anderson
10.21105/joss.03418,JOSS,6,Ayse Kilic
10.21105/joss.01870,JOSS,1,Todd Pataky
10.21105/joss.01870,JOSS,2,Hanaa Naouma
10.21105/joss.01870,JOSS,3,Cyril Donnelly
10.21105/joss.00957,JOSS,1,Leonardo Uieda
10.21105/joss.04817,JOSS,1,Irea Mosquera-Lois
10.21105/joss.04817,JOSS,2,Seán R. Kavanagh
10.21105/joss.04817,JOSS,3,Aron Walsh
10.21105/joss.04817,JOSS,4,David O. Scanlon
10.21105/joss.09678,JOSS,1,Chris Soria
10.21105/joss.01570,JOSS,1,Albert Navarro
10.21105/joss.01570,JOSS,2,Jonas Eschle
10.21105/joss.01414,JOSS,1,Will Handley
10.21105/joss.00118,JOSS,1,Andrew J. Page
10.21105/joss.00118,JOSS,2,Ben Taylor
10.21105/joss.00118,JOSS,3,Jacqueline A. Keane
10.21105/joss.01761,JOSS,1,Garrett Weaver
10.21105/joss.01761,JOSS,2,Juan Lewinger
10.21105/joss.03074,JOSS,1,Vikram Baliga
10.21105/joss.01958,JOSS,1,Kiret Dhindsa
10.21105/joss.01958,JOSS,2,Oliver Cook
10.21105/joss.01958,JOSS,3,Thomas Mudway
10.21105/joss.01958,JOSS,4,Areeb Khawaja
10.21105/joss.01958,JOSS,5,Ron Harwood
10.21105/joss.01958,JOSS,6,Ranil Sonnadara
10.21105/joss.00584,JOSS,1,John Mount
10.21105/joss.00584,JOSS,2,Nina Zumel
10.21105/joss.00172,JOSS,1,David Ardia
10.21105/joss.00172,JOSS,2,Keven Bluteau
10.21105/joss.04851,JOSS,1,Babak Shaban
10.21105/joss.04851,JOSS,2,Maria del Mar Quiroga
10.21105/joss.04851,JOSS,3,Robert Turnbull
10.21105/joss.04851,JOSS,4,Edoardo Tescari
10.21105/joss.04851,JOSS,5,Kim-Anh Lê Cao
10.21105/joss.04851,JOSS,6,Heroen Verbruggen
10.21105/joss.00927,JOSS,1,Antoine Muller
10.21105/joss.00927,JOSS,2,Charles Pontonnier
10.21105/joss.00927,JOSS,3,Pierre Puchaud
10.21105/joss.00927,JOSS,4,Georges Dumont
10.21105/joss.08188,JOSS,1,Luis Vargas-Rojas
10.21105/joss.08188,JOSS,2,Diane R. Wang
10.21105/joss.06296,JOSS,1,Thomas Berlok
10.21105/joss.06296,JOSS,2,Léna Jlassi
10.21105/joss.06296,JOSS,3,Ewald Puchwein
10.21105/joss.06296,JOSS,4,Troels Haugbølle
10.21105/joss.06144,JOSS,1,Edward Berman
10.21105/joss.06144,JOSS,2,Jacqueline McCleary
10.21105/joss.05206,JOSS,1,Paul Ritsche
10.21105/joss.05206,JOSS,2,Olivier Seynnes
10.21105/joss.05206,JOSS,3,Neil Cronin
10.21105/joss.07575,JOSS,1,Andrea Nini
10.21105/joss.05320,JOSS,1,Jungtaek Kim
10.21105/joss.05320,JOSS,2,Seungjin Choi
10.21105/joss.09616,JOSS,1,Christian Sustay Martinez
10.21105/joss.09616,JOSS,2,Martin Zacharias
10.21105/joss.09616,JOSS,3,Patrick K. Quoika
10.21105/joss.06473,JOSS,1,Dan E. Kelley
10.21105/joss.00087,JOSS,1,Danny Arends
10.21105/joss.00087,JOSS,2,Yang Li
10.21105/joss.00087,JOSS,3,Gudrun A. Brockmann
10.21105/joss.00087,JOSS,4,Ritsert C. Jansen
10.21105/joss.00087,JOSS,5,Robert W. Williams
10.21105/joss.00087,JOSS,6,Pjotr Prins
10.21105/joss.02232,JOSS,1,Erik Sverdrup
10.21105/joss.02232,JOSS,2,Ayush Kanodia
10.21105/joss.02232,JOSS,3,Zhengyuan Zhou
10.21105/joss.02232,JOSS,4,Susan Athey
10.21105/joss.02232,JOSS,5,Stefan Wager
10.21105/joss.03695,JOSS,1,Anders Andreasen
10.21105/joss.09470,JOSS,1,Joel Aumedes
10.21105/joss.09470,JOSS,2,Xavier Celades
10.21105/joss.09470,JOSS,3,Josep Pijuan
10.21105/joss.09470,JOSS,4,Robert Sanfeliu
10.21105/joss.00955,JOSS,1,Lars Arvestad
10.21105/joss.04517,JOSS,1,Scott Sievert
10.21105/joss.04517,JOSS,2,Robert Nowak
10.21105/joss.04517,JOSS,3,Timothy Rogers
10.21105/joss.08106,JOSS,1,Nils Holle
10.21105/joss.08106,JOSS,2,Sebastian Walfort
10.21105/joss.08106,JOSS,3,Riccardo Mazzarello
10.21105/joss.08106,JOSS,4,Martin Salinga
10.21105/joss.09536,JOSS,1,Olatunde D. Akanbi
10.21105/joss.09536,JOSS,2,Vibha S. Mandayam
10.21105/joss.09536,JOSS,3,Yinghui Wu
10.21105/joss.09536,JOSS,4,Jeffrey Yarus
10.21105/joss.09536,JOSS,5,Erika I. Barcelos
10.21105/joss.09536,JOSS,6,Roger H. French
10.21105/joss.06623,JOSS,1,Amy Defnet
10.21105/joss.06623,JOSS,2,William Hasling
10.21105/joss.06623,JOSS,3,Laura Condon
10.21105/joss.06623,JOSS,4,Amy Johnson
10.21105/joss.06623,JOSS,5,Georgios Artavanis
10.21105/joss.06623,JOSS,6,Amanda Triplett
10.21105/joss.06623,JOSS,7,William Lytle
10.21105/joss.06623,JOSS,8,Reed Maxwell
10.21105/joss.04118,JOSS,1,Chi Zhu
10.21105/joss.04118,JOSS,2,Vijay Vedula
10.21105/joss.04118,JOSS,3,Dave Parker
10.21105/joss.04118,JOSS,4,Nathan Wilson
10.21105/joss.04118,JOSS,5,Shawn Shadden
10.21105/joss.04118,JOSS,6,Alison Marsden
10.21105/joss.04654,JOSS,1,Stef Smeets
10.21105/joss.04654,JOSS,2,Nicolas Renaud
10.21105/joss.04654,JOSS,3,Lars J. Corbijn van Willenswaard
10.21105/joss.00747,JOSS,1,Alexander LeNail
10.21105/joss.05872,JOSS,1,Maxime Lucas
10.21105/joss.05872,JOSS,2,Alex Townsend-Teague
10.21105/joss.05872,JOSS,3,Matteo Neri
10.21105/joss.05872,JOSS,4,Simone Poetto
10.21105/joss.05872,JOSS,5,Arthur Morris
10.21105/joss.05872,JOSS,6,Bianca Habermann
10.21105/joss.05872,JOSS,7,Laurent Tichit
10.21105/joss.07492,JOSS,1,Joe Thorley
10.21105/joss.07492,JOSS,2,Rebecca Fisher
10.21105/joss.07492,JOSS,3,David Fox
10.21105/joss.07492,JOSS,4,Carl Schwarz
10.21105/joss.01807,JOSS,1,Martin Fleischmann
10.21105/joss.06716,JOSS,1,Kristof Haneca
10.21105/joss.08661,JOSS,1,Kouao Laurent Kouadio
10.21105/joss.04448,JOSS,1,Žiga Stupan
10.21105/joss.04448,JOSS,2,Iztok Fister Jr.
10.21105/joss.04432,JOSS,1,Matthias Demuzere
10.21105/joss.04432,JOSS,2,Daniel Argüeso
10.21105/joss.04432,JOSS,3,Andrea Zonato
10.21105/joss.04432,JOSS,4,Jonas Kittner
10.21105/joss.05415,JOSS,1,Pascal Bourgault
10.21105/joss.05415,JOSS,2,David Huard
10.21105/joss.05415,JOSS,3,Trevor James Smith
10.21105/joss.05415,JOSS,4,Travis Logan
10.21105/joss.05415,JOSS,5,Abel Aoun
10.21105/joss.05415,JOSS,6,Juliette Lavoie
10.21105/joss.05415,JOSS,7,Éric Dupuis
10.21105/joss.05415,JOSS,8,Gabriel Rondeau-Genesse
10.21105/joss.05415,JOSS,9,Raquel Alegre
10.21105/joss.05415,JOSS,10,Clair Barnes
10.21105/joss.05415,JOSS,11,Alexis Beaupré Laperrière
10.21105/joss.05415,JOSS,12,Sébastien Biner
10.21105/joss.05415,JOSS,13,David Caron
10.21105/joss.05415,JOSS,14,Carsten Ehbrecht
10.21105/joss.05415,JOSS,15,Jeremy Fyke
10.21105/joss.05415,JOSS,16,Tom Keel
10.21105/joss.05415,JOSS,17,Marie-Pier Labonté
10.21105/joss.05415,JOSS,18,Ludwig Lierhammer
10.21105/joss.05415,JOSS,19,Jwen-Fai Low
10.21105/joss.05415,JOSS,20,Jamie Quinn
10.21105/joss.05415,JOSS,21,Philippe Roy
10.21105/joss.05415,JOSS,22,Dougie Squire
10.21105/joss.05415,JOSS,23,Ag Stephens
10.21105/joss.05415,JOSS,24,Maliko Tanguy
10.21105/joss.05415,JOSS,25,Christopher Whelan
10.21105/joss.06652,JOSS,1,R. P. Cardoso Coelho
10.21105/joss.06652,JOSS,2,A. Francisca Carvalho Alves
10.21105/joss.06652,JOSS,3,T. M. Nogueira Pires
10.21105/joss.06652,JOSS,4,F. M. Andrade Pires
10.21105/joss.00934,JOSS,1,Nicholas Bokulich
10.21105/joss.00934,JOSS,2,Matthew Dillon
10.21105/joss.00934,JOSS,3,Evan Bolyen
10.21105/joss.00934,JOSS,4,Benjamin Kaehler
10.21105/joss.00934,JOSS,5,Gavin Huttley
10.21105/joss.00934,JOSS,6,J Caporaso
10.21105/joss.06970,JOSS,1,Brad Crawford
10.21105/joss.06970,JOSS,2,Co D. Quach
10.21105/joss.06970,JOSS,3,Nicholas C. Craven
10.21105/joss.06970,JOSS,4,Christopher R. Iacovella
10.21105/joss.06970,JOSS,5,Clare McCabe
10.21105/joss.06970,JOSS,6,Peter T. Cummings
10.21105/joss.06970,JOSS,7,Jeffrey J. Potoff
10.21105/joss.01642,JOSS,1,Jared Noynaert
10.21105/joss.02072,JOSS,1,Aoife Hughes
10.21105/joss.02072,JOSS,2,Richard Morris
10.21105/joss.02072,JOSS,3,Melissa Tomkins
10.21105/joss.07241,JOSS,1,Matias D. Cattaneo
10.21105/joss.07241,JOSS,2,Rajita Chandak
10.21105/joss.07241,JOSS,3,Michael Jansson
10.21105/joss.07241,JOSS,4,Xinwei Ma
10.21105/joss.04992,JOSS,1,Tom Kimpson
10.21105/joss.07406,JOSS,1,Christopher David Jellen
10.21105/joss.00035,JOSS,1,Eetu Mäkelä
10.21105/joss.02379,JOSS,1,Monsuru Adepeju
10.21105/joss.02379,JOSS,2,Samuel Langton
10.21105/joss.02379,JOSS,3,Jon Bannister
10.21105/joss.02638,JOSS,1,Clare Horscroft
10.21105/joss.02638,JOSS,2,Reuben Pengelly
10.21105/joss.02638,JOSS,3,Timothy Sluckin
10.21105/joss.02638,JOSS,4,Andrew Collins
10.21105/joss.03605,JOSS,1,Monsuru Adepeju
10.21105/joss.01168,JOSS,1,Michael Heiber
10.21105/joss.03538,JOSS,1,Thomas Hegghammer
10.21105/joss.06742,JOSS,1,Shane Elipot
10.21105/joss.06742,JOSS,2,Philippe Miron
10.21105/joss.06742,JOSS,3,Milan Curcic
10.21105/joss.06742,JOSS,4,Kevin Santana
10.21105/joss.06742,JOSS,5,Rick Lumpkin
10.21105/joss.04129,JOSS,1,Colin Grudzien
10.21105/joss.04129,JOSS,2,Charlotte Merchant
10.21105/joss.04129,JOSS,3,Sukhreen Sandhu
10.21105/joss.06269,JOSS,1,Harsh Sinha
10.21105/joss.06269,JOSS,2,Pradeep Reddy Raamana
10.21105/joss.05753,JOSS,1,Nicolas Casajus
10.21105/joss.05753,JOSS,2,Érica Rievrs Borges
10.21105/joss.05753,JOSS,3,Éric Tabacchi
10.21105/joss.05753,JOSS,4,Guillaume Fried
10.21105/joss.05753,JOSS,5,Nicolas Mouquet
10.21105/joss.05620,JOSS,1,Paul J. Atzberger
10.21105/joss.03061,JOSS,1,Štefan Jaud
10.21105/joss.03061,JOSS,2,Helge Hecht
10.21105/joss.03061,JOSS,3,Jonas Schlenger
10.21105/joss.03061,JOSS,4,Julian Amann
10.21105/joss.03740,JOSS,1,Thejasvi Beleyur
10.21105/joss.08786,JOSS,1,Connor Stone
10.21105/joss.08786,JOSS,2,Alexandre Adam
10.21105/joss.08786,JOSS,3,Adam Coogan
10.21105/joss.08786,JOSS,4,Laurence Perreault-Levasseur
10.21105/joss.08786,JOSS,5,Yashar Hezaveh
10.21105/joss.05221,JOSS,1,Patrick J. Roddy
10.21105/joss.07728,JOSS,1,Lea Dang
10.21105/joss.07728,JOSS,2,René Groh
10.21105/joss.07728,JOSS,3,Andreas M. Kist
10.21105/joss.07610,JOSS,1,Habiba Eldababy
10.21105/joss.07610,JOSS,2,Roshan Philip Saji
10.21105/joss.07610,JOSS,3,Panos Pantidis
10.21105/joss.07610,JOSS,4,Mostafa Mobasher
10.21105/joss.05131,JOSS,1,Patrick Aigner
10.21105/joss.05131,JOSS,2,Moritz Makowski
10.21105/joss.05131,JOSS,3,Andreas Luther
10.21105/joss.05131,JOSS,4,Florian Dietrich
10.21105/joss.05131,JOSS,5,Jia Chen
10.21105/joss.01107,JOSS,1,Syver Agdestein
10.21105/joss.01107,JOSS,2,Kristian Valen-Sendstad
10.21105/joss.01107,JOSS,3,Alexandra Diem
10.21105/joss.08033,JOSS,1,Alexander V. Mantzaris
10.21105/joss.04149,JOSS,1,Morten Ledum
10.21105/joss.04149,JOSS,2,Manuel Carrer
10.21105/joss.04149,JOSS,3,Samiran Sen
10.21105/joss.04149,JOSS,4,Xinmeng Li
10.21105/joss.04149,JOSS,5,Michele Cascella
10.21105/joss.04149,JOSS,6,Sigbjørn Løland Bore
10.21105/joss.05519,JOSS,1,Christian Klemm
10.21105/joss.05519,JOSS,2,Gregor Becker
10.21105/joss.05519,JOSS,3,Jan N. Tockloth
10.21105/joss.05519,JOSS,4,Janik Budde
10.21105/joss.05519,JOSS,5,Peter Vennemann
10.21105/joss.08662,JOSS,1,Xavier Olive
10.21105/joss.08662,JOSS,2,Junzi Sun
10.21105/joss.08662,JOSS,3,Xiaogang Huang
10.21105/joss.08662,JOSS,4,Michel Khalaf
10.21105/joss.02431,JOSS,1,Romain Martinez
10.21105/joss.02431,JOSS,2,Benjamin Michaud
10.21105/joss.02431,JOSS,3,Mickael Begon
10.21105/joss.06127,JOSS,1,Yann Georg Büchau
10.21105/joss.06127,JOSS,2,Hasan Mashni
10.21105/joss.06127,JOSS,3,Matteo Bramati
10.21105/joss.06127,JOSS,4,Vasileios Savvakis
10.21105/joss.06127,JOSS,5,Ines Schäfer
10.21105/joss.06127,JOSS,6,Saskia Jung
10.21105/joss.06127,JOSS,7,Gabriela Miranda-Garcia
10.21105/joss.06127,JOSS,8,Daniel Hardt
10.21105/joss.06127,JOSS,9,Jens Bange
10.21105/joss.09534,JOSS,1,Christopher Añorve
10.21105/joss.09623,JOSS,1,J. Simon Kern
10.21105/joss.09623,JOSS,2,Ricardo S. Frantz
10.21105/joss.09623,JOSS,3,Jean-Christophe Loiseau
10.21105/joss.02855,JOSS,1,Jannis Hoch
10.21105/joss.02855,JOSS,2,Sophie de Bruin
10.21105/joss.02855,JOSS,3,Niko Wanders
10.21105/joss.07127,JOSS,1,David Schneider
10.21105/joss.07127,JOSS,2,Muhammed Kürşat Yurt
10.21105/joss.07127,JOSS,3,Frédéric Simonis
10.21105/joss.07127,JOSS,4,Benjamin Uekermann
10.21105/joss.07890,JOSS,1,Patrick J. Taylor
10.21105/joss.07890,JOSS,2,Benjamin J. Morgan
10.21105/joss.07871,JOSS,1,Rhyd Lewis
10.21105/joss.07871,JOSS,2,Geraint Palmer
10.21105/joss.08329,JOSS,1,Christophe Berthod
10.21105/joss.01631,JOSS,1,Jorge Casas
10.21105/joss.01631,JOSS,2,Chandramouli Chandrasekaran
10.21105/joss.05459,JOSS,1,Joren Six
10.21105/joss.02260,JOSS,1,Hartwig Anzt
10.21105/joss.02260,JOSS,2,Terry Cojean
10.21105/joss.02260,JOSS,3,Yen-Chen Chen
10.21105/joss.02260,JOSS,4,Goran Flegar
10.21105/joss.02260,JOSS,5,Fritz Göbel
10.21105/joss.02260,JOSS,6,Thomas Grützmacher
10.21105/joss.02260,JOSS,7,Pratik Nayak
10.21105/joss.02260,JOSS,8,Tobias Ribizel
10.21105/joss.02260,JOSS,9,Yu-Hsiang Tsai
10.21105/joss.08787,JOSS,1,Fang Liu
10.21105/joss.08787,JOSS,2,Rui He
10.21105/joss.08787,JOSS,3,Andrei Bombin
10.21105/joss.08787,JOSS,4,Ahmad B. Abdallah
10.21105/joss.08787,JOSS,5,Omar Eldaghar
10.21105/joss.08787,JOSS,6,Tommy R. Sheeley
10.21105/joss.08787,JOSS,7,Sam E. Ying
10.21105/joss.08787,JOSS,8,George Zaki
10.21105/joss.00111,JOSS,1,Matthew J. Wakefield
10.21105/joss.06682,JOSS,1,Zeke Marshall
10.21105/joss.06682,JOSS,2,Simon Mark Smart
10.21105/joss.06682,JOSS,3,Colin Harrower
10.21105/joss.06682,JOSS,4,Rob Marrs
10.21105/joss.01167,JOSS,1,Sivaram Ambikasaran
10.21105/joss.01167,JOSS,2,Karan Singh
10.21105/joss.01167,JOSS,3,Shyam Sankaran
10.21105/joss.02172,JOSS,1,Martí Bosch
10.21105/joss.04705,JOSS,1,Byron C. Jaeger
10.21105/joss.04705,JOSS,2,Sawyer Welden
10.21105/joss.04705,JOSS,3,Kristin Lenoir
10.21105/joss.04705,JOSS,4,Nicholas M Pajewski
10.21105/joss.09604,JOSS,1,Jorge Martín Pérez Zerpa
10.21105/joss.09604,JOSS,2,Mauricio Camilo Vanzulli Pena
10.21105/joss.09604,JOSS,3,Alexandre Villié
10.21105/joss.09604,JOSS,4,Joaquín Viera Sosa
10.21105/joss.09604,JOSS,5,Sergio Ariel Merlino Chiozza
10.21105/joss.09604,JOSS,6,Felipe Schaedler de Almeida
10.21105/joss.09604,JOSS,7,Bruno Bazzano García
10.21105/joss.07874,JOSS,1,Brady Planden
10.21105/joss.07874,JOSS,2,Nicola E. Courtier
10.21105/joss.07874,JOSS,3,Martin Robinson
10.21105/joss.07874,JOSS,4,Agriya Khetarpal
10.21105/joss.07874,JOSS,5,Ferran Brosa Planella
10.21105/joss.07874,JOSS,6,David A. Howey
10.21105/joss.05227,JOSS,1,William S. DeWitt
10.21105/joss.05227,JOSS,2,Luke Zhu
10.21105/joss.05227,JOSS,3,Mitchell R. Vollger
10.21105/joss.05227,JOSS,4,Michael E. Goldberg
10.21105/joss.05227,JOSS,5,Andrea Talenti
10.21105/joss.05227,JOSS,6,Annabel C. Beichman
10.21105/joss.05227,JOSS,7,Kelley Harris
10.21105/joss.02343,JOSS,1,Agah Karakuzu
10.21105/joss.02343,JOSS,2,Mathieu Boudreau
10.21105/joss.02343,JOSS,3,Tanguy Duval
10.21105/joss.02343,JOSS,4,Tommy Boshkovski
10.21105/joss.02343,JOSS,5,Ilana Leppert
10.21105/joss.02343,JOSS,6,Jean-François Cabana
10.21105/joss.02343,JOSS,7,Ian Gagnon
10.21105/joss.02343,JOSS,8,Pascale Beliveau
10.21105/joss.02343,JOSS,9,G. Pike
10.21105/joss.02343,JOSS,10,Julien Cohen-Adad
10.21105/joss.02343,JOSS,11,Nikola Stikov
10.21105/joss.01487,JOSS,1,Michael Tesch
10.21105/joss.06295,JOSS,1,Ryan Kingsbury
10.21105/joss.04302,JOSS,1,Michael A. Gully-Santiago
10.21105/joss.04302,JOSS,2,Jessica L. Luna
10.21105/joss.04302,JOSS,3,Caroline V. Morley
10.21105/joss.04302,JOSS,4,Kyle Kaplan
10.21105/joss.04302,JOSS,5,Aishwarya Ganesh
10.21105/joss.04302,JOSS,6,Erica A. Sawczynec
10.21105/joss.04302,JOSS,7,Joel Burke
10.21105/joss.04302,JOSS,8,Daniel M. Krolikowski
10.21105/joss.04284,JOSS,1,Anders Granholm
10.21105/joss.04284,JOSS,2,Aksel Karl Georg Jensen
10.21105/joss.04284,JOSS,3,Theis Lange
10.21105/joss.04284,JOSS,4,Benjamin Skov Kaas-Hansen
10.21105/joss.09436,JOSS,1,Will J. Roper
10.21105/joss.09436,JOSS,2,Christopher C. Lovell
10.21105/joss.09436,JOSS,3,Aswin Vijayan
10.21105/joss.09436,JOSS,4,Stephen Wilkins
10.21105/joss.09436,JOSS,5,Hollis Akins
10.21105/joss.09436,JOSS,6,Sabrina Berger
10.21105/joss.09436,JOSS,7,Connor Sant Fournier
10.21105/joss.09436,JOSS,8,Thomas Harvey
10.21105/joss.09436,JOSS,9,Kartheik Iyer
10.21105/joss.09436,JOSS,10,Marco Leonardi
10.21105/joss.09436,JOSS,11,Sophie Newman
10.21105/joss.09436,JOSS,12,Borja Pautasso
10.21105/joss.09436,JOSS,13,Ashley Perry
10.21105/joss.09436,JOSS,14,Louise Seeyave
10.21105/joss.09436,JOSS,15,Laura Sommovigo
10.21105/joss.09436,JOSS,16,Paurush Punyasheel
10.21105/joss.09436,JOSS,17,Adrien Aufan Stoffels d’Hautefort
10.21105/joss.09436,JOSS,18,Alex Rawlings
10.21105/joss.09070,JOSS,1,Isaac Llorente-Saguer
10.21105/joss.09070,JOSS,2,Neil P. Oxtoby
10.21105/joss.05334,JOSS,1,Eryk J. Walczak
10.21105/joss.03391,JOSS,1,Yu-Te Wu
10.21105/joss.03391,JOSS,2,Yin-Jyun Luo
10.21105/joss.03391,JOSS,3,Tsung-Ping Chen
10.21105/joss.03391,JOSS,4,I-Chieh Wei
10.21105/joss.03391,JOSS,5,Jui-Yang Hsu
10.21105/joss.03391,JOSS,6,Yi-Chin Chuang
10.21105/joss.03391,JOSS,7,Li Su
10.21105/joss.00432,JOSS,1,Marcus D Bloice
10.21105/joss.00432,JOSS,2,Christof Stocker
10.21105/joss.00432,JOSS,3,Andreas Holzinger
10.21105/joss.07996,JOSS,1,Agathe Senellart
10.21105/joss.07996,JOSS,2,Clément Chadebec
10.21105/joss.07996,JOSS,3,Stéphanie Allassonnière
10.21105/joss.01656,JOSS,1,Sangkeun Lee
10.21105/joss.01656,JOSS,2,Jian Peng
10.21105/joss.01656,JOSS,3,Andrew Williams
10.21105/joss.01656,JOSS,4,Dongwon Shin
10.21105/joss.05394,JOSS,1,Lucas Miranda
10.21105/joss.05394,JOSS,2,Joeri Bordes
10.21105/joss.05394,JOSS,3,Benno Pütz
10.21105/joss.05394,JOSS,4,Mathias V Schmidt
10.21105/joss.05394,JOSS,5,Bertram Müller-Myhsok
10.21105/joss.09310,JOSS,1,Timur Nezlobinsky
10.21105/joss.09310,JOSS,2,Arstanbek Okenov
10.21105/joss.09310,JOSS,3,Nele Vandersickel
10.21105/joss.09310,JOSS,4,Alexander V Panfilov
10.21105/joss.01461,JOSS,1,Utkarsh Bhardwaj
10.21105/joss.01461,JOSS,2,Harsh Hemani
10.21105/joss.01461,JOSS,3,Manoj Warrier
10.21105/joss.01461,JOSS,4,Nancy Semwal
10.21105/joss.01461,JOSS,5,Kawsar Ali
10.21105/joss.01461,JOSS,6,Ashok Arya
10.21105/joss.06737,JOSS,1,Denis Voskov
10.21105/joss.06737,JOSS,2,Ilshat Saifullin
10.21105/joss.06737,JOSS,3,Aleksei Novikov
10.21105/joss.06737,JOSS,4,Michiel Wapperom
10.21105/joss.06737,JOSS,5,Luisa Orozco
10.21105/joss.06737,JOSS,6,Gabriel Serrão Seabra
10.21105/joss.06737,JOSS,7,Yuan Chen
10.21105/joss.06737,JOSS,8,Mark Khait
10.21105/joss.06737,JOSS,9,Xiaocong Lyu
10.21105/joss.06737,JOSS,10,Xiaoming Tian
10.21105/joss.06737,JOSS,11,Stephan de Hoop
10.21105/joss.06737,JOSS,12,Artur Palha
10.21105/joss.00079,JOSS,1,Paul Constantine
10.21105/joss.00079,JOSS,2,Ryan Howard
10.21105/joss.00079,JOSS,3,Andrew Glaws
10.21105/joss.00079,JOSS,4,Zachary Grey
10.21105/joss.00079,JOSS,5,Paul Diaz
10.21105/joss.00079,JOSS,6,Leslie Fletcher
10.21105/joss.04455,JOSS,1,Thomas Pinder
10.21105/joss.04455,JOSS,2,Daniel Dodd
10.21105/joss.03215,JOSS,1,Jakob Vanhoefer
10.21105/joss.03215,JOSS,2,Marta Matos
10.21105/joss.03215,JOSS,3,Dilan Pathirana
10.21105/joss.03215,JOSS,4,Yannik Schälte
10.21105/joss.03215,JOSS,5,Jan Hasenauer
10.21105/joss.01299,JOSS,1,Robert Gilmore
10.21105/joss.01299,JOSS,2,Shaurita Hutchins
10.21105/joss.01299,JOSS,3,Xiao Zhang
10.21105/joss.01299,JOSS,4,Eric Vallender
10.21105/joss.05003,JOSS,1,Maximilian Bittens
10.21105/joss.05003,JOSS,2,Robert L. Gates
10.21105/joss.08834,JOSS,1,Mickaël Martin Nevot
10.21105/joss.08834,JOSS,2,Nael Turlure
10.21105/joss.07482,JOSS,1,Garrett K. Keating
10.21105/joss.07482,JOSS,2,Bryna J. Hazelton
10.21105/joss.07482,JOSS,3,Matthew Kolopanis
10.21105/joss.07482,JOSS,4,Steven Murray
10.21105/joss.07482,JOSS,5,Adam P. Beardsley
10.21105/joss.07482,JOSS,6,Daniel C. Jacobs
10.21105/joss.07482,JOSS,7,Nicholas Kern
10.21105/joss.07482,JOSS,8,Adam Lanman
10.21105/joss.07482,JOSS,9,Paul La Plante
10.21105/joss.07482,JOSS,10,Jonathan C. Pober
10.21105/joss.07482,JOSS,11,Pyxie Star
10.21105/joss.01987,JOSS,1,Heloise Stevance
10.21105/joss.01987,JOSS,2,J. Eldridge
10.21105/joss.01987,JOSS,3,Elizabeth Stanway
10.21105/joss.04876,JOSS,1,Jérémy Lerond
10.21105/joss.04876,JOSS,2,Aowabin Rahman
10.21105/joss.04876,JOSS,3,Jian Zhang
10.21105/joss.04876,JOSS,4,Michael Rosenberg
10.21105/joss.07489,JOSS,1,Sayak Chakrabarty
10.21105/joss.07489,JOSS,2,Souradip Pal
10.21105/joss.01057,JOSS,1,Jacob VanderPlas
10.21105/joss.01057,JOSS,2,Brian Granger
10.21105/joss.01057,JOSS,3,Jeffrey Heer
10.21105/joss.01057,JOSS,4,Dominik Moritz
10.21105/joss.01057,JOSS,5,Kanit Wongsuphasawat
10.21105/joss.01057,JOSS,6,Arvind Satyanarayan
10.21105/joss.01057,JOSS,7,Eitan Lees
10.21105/joss.01057,JOSS,8,Ilia Timofeev
10.21105/joss.01057,JOSS,9,Ben Welsh
10.21105/joss.01057,JOSS,10,Scott Sievert
10.21105/joss.09145,JOSS,1,Julien Bouquiaux
10.21105/joss.09145,JOSS,2,Matteo Giantomassi
10.21105/joss.09145,JOSS,3,Samuel Poncé
10.21105/joss.09145,JOSS,4,Yongchao Jia
10.21105/joss.09145,JOSS,5,Masayoshi Mikami
10.21105/joss.09145,JOSS,6,Xavier Gonze
10.21105/joss.04217,JOSS,1,Andrew P. Valentine
10.21105/joss.04217,JOSS,2,Malcolm Sambridge
10.21105/joss.01109,JOSS,1,Vincent Magnin
10.21105/joss.01109,JOSS,2,James Tappin
10.21105/joss.01109,JOSS,3,Jens Hunger
10.21105/joss.01109,JOSS,4,Jerry De Lisle
10.21105/joss.00668,JOSS,1,Brandon LeBeau
10.21105/joss.01356,JOSS,1,Nicolas Cellier
10.21105/joss.01356,JOSS,2,Christian Ruyer-Quil
10.21105/joss.01979,JOSS,1,Titipat Achakulvisut
10.21105/joss.01979,JOSS,2,Daniel Acuna
10.21105/joss.01979,JOSS,3,Konrad Kording
10.21105/joss.02283,JOSS,1,Daniel Lehmberg
10.21105/joss.02283,JOSS,2,Felix Dietrich
10.21105/joss.02283,JOSS,3,Gerta Köster
10.21105/joss.02283,JOSS,4,Hans-Joachim Bungartz
10.21105/joss.07358,JOSS,1,Hannah F. Mark
10.21105/joss.07358,JOSS,2,Jasmine Zhu
10.21105/joss.07358,JOSS,3,Masako Tominaga
10.21105/joss.07358,JOSS,4,Daniel Aliod
10.21105/joss.07358,JOSS,5,Maurice Tivey
10.21105/joss.06966,JOSS,1,Manuel Rausch
10.21105/joss.06966,JOSS,2,Sascha Meyen
10.21105/joss.06966,JOSS,3,Sebastian Hellmann
10.21105/joss.00125,JOSS,1,Brian McFee
10.21105/joss.02317,JOSS,1,Eric Hutton
10.21105/joss.02317,JOSS,2,Mark Piper
10.21105/joss.02317,JOSS,3,Gregory Tucker
10.21105/joss.07536,JOSS,1,Henrik Melin
10.21105/joss.01296,JOSS,1,Jeff Gostick
10.21105/joss.01296,JOSS,2,Zohaib Khan
10.21105/joss.01296,JOSS,3,Thomas Tranter
10.21105/joss.01296,JOSS,4,Matthew Kok
10.21105/joss.01296,JOSS,5,Mehrez Agnaou
10.21105/joss.01296,JOSS,6,Mohammadamin Sadeghi
10.21105/joss.01296,JOSS,7,Rhodri Jervis
10.21105/joss.01412,JOSS,1,Daniel Lüdecke
10.21105/joss.01412,JOSS,2,Philip Waggoner
10.21105/joss.01412,JOSS,3,Dominique Makowski
10.21105/joss.06264,JOSS,1,Eric Lindgren
10.21105/joss.06264,JOSS,2,Magnus Rahm
10.21105/joss.06264,JOSS,3,Erik Fransson
10.21105/joss.06264,JOSS,4,Fredrik Eriksson
10.21105/joss.06264,JOSS,5,Nicklas Österbacka
10.21105/joss.06264,JOSS,6,Zheyong Fan
10.21105/joss.06264,JOSS,7,Paul Erhart
10.21105/joss.00332,JOSS,1,Konstantin Stadler
10.21105/joss.03669,JOSS,1,Elizabeth DuPre
10.21105/joss.03669,JOSS,2,Taylor Salo
10.21105/joss.03669,JOSS,3,Zaki Ahmed
10.21105/joss.03669,JOSS,4,Peter Bandettini
10.21105/joss.03669,JOSS,5,Katherine Bottenhorn
10.21105/joss.03669,JOSS,6,César Caballero-Gaudes
10.21105/joss.03669,JOSS,7,Logan Dowdle
10.21105/joss.03669,JOSS,8,Javier Gonzalez-Castillo
10.21105/joss.03669,JOSS,9,Stephan Heunis
10.21105/joss.03669,JOSS,10,Prantik Kundu
10.21105/joss.03669,JOSS,11,Angela Laird
10.21105/joss.03669,JOSS,12,Ross Markello
10.21105/joss.03669,JOSS,13,Christopher Markiewicz
10.21105/joss.03669,JOSS,14,Stefano Moia
10.21105/joss.03669,JOSS,15,Isla Staden
10.21105/joss.03669,JOSS,16,Joshua Teves
10.21105/joss.03669,JOSS,17,Eneko Uruñuela
10.21105/joss.03669,JOSS,18,Maryam Vaziri-Pashkam
10.21105/joss.03669,JOSS,19,Kirstie Whitaker
10.21105/joss.03669,JOSS,20,Daniel Handwerker
10.21105/joss.04249,JOSS,1,Jess Tate
10.21105/joss.04249,JOSS,2,Zexin Liu
10.21105/joss.04249,JOSS,3,Jake A Bergquist
10.21105/joss.04249,JOSS,4,Sumientra Rampersad
10.21105/joss.04249,JOSS,5,Dan White
10.21105/joss.04249,JOSS,6,Chantel Charlebois
10.21105/joss.04249,JOSS,7,Lindsay Rupp
10.21105/joss.04249,JOSS,8,Dana H Brooks
10.21105/joss.04249,JOSS,9,Rob S MacLeod
10.21105/joss.04249,JOSS,10,Akil Narayan
10.21105/joss.04561,JOSS,1,Vaibhav Kumar Dixit
10.21105/joss.04561,JOSS,2,Christopher Rackauckas
10.21105/joss.07205,JOSS,1,Sangjoon Lee
10.21105/joss.07205,JOSS,2,Anton O. Oliynyk
10.21105/joss.05571,JOSS,1,Mike Shengbo Wang
10.21105/joss.05571,JOSS,2,Florian Beutler
10.21105/joss.05571,JOSS,3,Naonori S. Sugiyama
10.21105/joss.00622,JOSS,1,Dave Hudak
10.21105/joss.00622,JOSS,2,Doug Johnson
10.21105/joss.00622,JOSS,3,Alan Chalker
10.21105/joss.00622,JOSS,4,Jeremy Nicklas
10.21105/joss.00622,JOSS,5,Eric Franz
10.21105/joss.00622,JOSS,6,Trey Dockendorf
10.21105/joss.00622,JOSS,7,Brian McMichael
10.21105/joss.02483,JOSS,1,Nick Barlow
10.21105/joss.02483,JOSS,2,Camila Smith
10.21105/joss.02483,JOSS,3,Samuel Van Stroud
10.21105/joss.02483,JOSS,4,Jesse Abrams
10.21105/joss.02483,JOSS,5,Chris Boulton
10.21105/joss.02483,JOSS,6,Joshua Buxton
10.21105/joss.06145,JOSS,1,J Michael Johnson
10.21105/joss.06145,JOSS,2,Shahab Afshari
10.21105/joss.06145,JOSS,3,Arash Modaresi Rad
10.21105/joss.01070,JOSS,1,Christopher Madan
10.21105/joss.00746,JOSS,1,Kyle Peterson
10.21105/joss.00746,JOSS,2,Aaron Caldwell
10.21105/joss.01281,JOSS,1,Eric Brown
10.21105/joss.02014,JOSS,1,Yuriy Babin
10.21105/joss.02074,JOSS,1,Sohrab Towfighi
10.21105/joss.02404,JOSS,1,Mathew Schwartz
10.21105/joss.02404,JOSS,2,Todd Pataky
10.21105/joss.02404,JOSS,3,Cyril Donnelly
10.21105/joss.02331,JOSS,1,Takeshi Abe
10.21105/joss.02331,JOSS,2,Yoshiyuki Asai
10.21105/joss.02536,JOSS,1,James Paynter
10.21105/joss.00878,JOSS,1,Vanessa Sochat
10.21105/joss.00698,JOSS,1,Bryan Brancotte
10.21105/joss.00698,JOSS,2,Christophe Blanchet
10.21105/joss.00698,JOSS,3,Hervé Ménager
10.21105/joss.01388,JOSS,1,Vanessa Sochat
10.21105/joss.01328,JOSS,1,Zhang Ning
10.21105/joss.01666,JOSS,1,Kristian Haaga
10.21105/joss.08203,JOSS,1,Pablo Corcho-Caballero
10.21105/joss.08203,JOSS,2,Yago Ascasibar
10.21105/joss.08203,JOSS,3,Daniel Jiménez-López
10.21105/joss.08396,JOSS,1,Xue Quan
10.21105/joss.08396,JOSS,2,Antoine Levitt
10.21105/joss.05673,JOSS,1,Iskandar Sitdikov
10.21105/joss.05673,JOSS,2,Michaël Rollin
10.21105/joss.05673,JOSS,3,Ansah Mohammad Kuriyodath
10.21105/joss.05673,JOSS,4,Luis Eduardo Martínez Hérnandez
10.21105/joss.06346,JOSS,1,Ehsan (Sam) Gharib-Nezhad
10.21105/joss.06346,JOSS,2,Natasha E. Batalha
10.21105/joss.06346,JOSS,3,Hamed Valizadegan
10.21105/joss.06346,JOSS,4,Miguel J. S. Martinho
10.21105/joss.06346,JOSS,5,Mahdi Habibi
10.21105/joss.06346,JOSS,6,Gopal Nookula
10.21105/joss.01483,JOSS,1,Noam Ross
10.21105/joss.01483,JOSS,2,Evan Eskew
10.21105/joss.01483,JOSS,3,Nicolas Ray
10.21105/joss.09009,JOSS,1,Michael L. Mann
10.21105/joss.03673,JOSS,1,Jörg Buchwald
10.21105/joss.03673,JOSS,2,Olaf Kolditz
10.21105/joss.03673,JOSS,3,Thomas Nagel
10.21105/joss.07009,JOSS,1,Subhadeep Sarkar
10.21105/joss.07009,JOSS,2,Michael S. Petersen
10.21105/joss.05811,JOSS,1,Sébastien Plutniak
10.21105/joss.09127,JOSS,1,Simone Ciarella
10.21105/joss.09127,JOSS,2,Luisa Orozco
10.21105/joss.09127,JOSS,3,Victor Azizi
10.21105/joss.09127,JOSS,4,Marguerite Arvis
10.21105/joss.09127,JOSS,5,Rudolf Saathof
10.21105/joss.00992,JOSS,1,Yu Hao
10.21105/joss.04859,JOSS,1,Luca Curcuraci
10.21105/joss.04859,JOSS,2,Richard Weinkamer
10.21105/joss.04859,JOSS,3,Luca Bertinetti
10.21105/joss.05135,JOSS,1,Victoria Bogachenkova
10.21105/joss.05135,JOSS,2,Eduardo Costa Martins
10.21105/joss.05135,JOSS,3,Jarl Jansen
10.21105/joss.05135,JOSS,4,Ana-Maria Olteniceanu
10.21105/joss.05135,JOSS,5,Bartjan Henkemans
10.21105/joss.05135,JOSS,6,Chinno Lavin
10.21105/joss.05135,JOSS,7,Linh Nguyen
10.21105/joss.05135,JOSS,8,Thea Bradley
10.21105/joss.05135,JOSS,9,Veerle Fürst
10.21105/joss.05135,JOSS,10,Hossain Muhammad Muctadir
10.21105/joss.05135,JOSS,11,Mark van den Brand
10.21105/joss.05135,JOSS,12,Loek Cleophas
10.21105/joss.05135,JOSS,13,Alexander Serebrenik
10.21105/joss.08092,JOSS,1,Alfredo Hernandez-Inostroza
10.21105/joss.08092,JOSS,2,Erida Gjini
10.21105/joss.01284,JOSS,1,Changcheng Li
10.21105/joss.04133,JOSS,1,Erling Andersen
10.21105/joss.02630,JOSS,1,Vincent Alcazer
10.21105/joss.05084,JOSS,1,Utkarsh Sharma
10.21105/joss.05084,JOSS,2,Qingyuan Zhang
10.21105/joss.05084,JOSS,3,Jordan Dennis
10.21105/joss.05084,JOSS,4,Benjamin J. S. Pope
10.21105/joss.08343,JOSS,1,Tim Oberländer
10.21105/joss.08343,JOSS,2,Gaëtan Heidsieck
10.21105/joss.08343,JOSS,3,Thomas Hay
10.21105/joss.08343,JOSS,4,Winfried Kurth
10.21105/joss.01960,JOSS,1,Phyllipe Lima
10.21105/joss.01960,JOSS,2,Eduardo Guerra
10.21105/joss.01960,JOSS,3,Paulo Meirelles
10.21105/joss.05793,JOSS,1,Nathan Martindale
10.21105/joss.05793,JOSS,2,Scott L. Stewart
10.21105/joss.05793,JOSS,3,Jason Hite
10.21105/joss.05793,JOSS,4,Mark B. Adams
10.21105/joss.07085,JOSS,1,Mgcini Keith Phuthi
10.21105/joss.07085,JOSS,2,Emil Annevelink
10.21105/joss.07085,JOSS,3,Venkatasubramanian Viswanathan
10.21105/joss.07120,JOSS,1,Reto Stauffer
10.21105/joss.07120,JOSS,2,Achim Zeileis
10.21105/joss.07287,JOSS,1,Alexander Harding Bradley
10.21105/joss.07287,JOSS,2,Jonathan E. Gordon
10.21105/joss.07287,JOSS,3,Balashanmuga Priyan Rajamohan
10.21105/joss.07287,JOSS,4,Van D. Tran
10.21105/joss.07287,JOSS,5,Nathaniel Hahn
10.21105/joss.07287,JOSS,6,Kiefer Lin
10.21105/joss.07287,JOSS,7,Hayden Caldwell
10.21105/joss.07287,JOSS,8,Arafath Nihar
10.21105/joss.07287,JOSS,9,Quynh D. Tran
10.21105/joss.07287,JOSS,10,Yinghui Wu
10.21105/joss.07287,JOSS,11,Laura S. Bruckman
10.21105/joss.07287,JOSS,12,Erika I. Barcelos
10.21105/joss.07287,JOSS,13,Roger H. French
10.21105/joss.07882,JOSS,1,Silvia Barbiero
10.21105/joss.07882,JOSS,2,Charlotte Soneson
10.21105/joss.07882,JOSS,3,Prisca Liberali
10.21105/joss.07882,JOSS,4,Michael B. Stadler
10.21105/joss.07577,JOSS,1,Alaa Reguei
10.21105/joss.07577,JOSS,2,Samuel Murail
10.21105/joss.09268,JOSS,1,Yiluan Song
10.21105/joss.09268,JOSS,2,Alexandre R. Bevington
10.21105/joss.09268,JOSS,3,Kenneth N. Reid
10.21105/joss.09268,JOSS,4,Jiali Zhu
10.21105/joss.09268,JOSS,5,Yi Liu
10.21105/joss.09268,JOSS,6,Kai Zhu
10.21105/joss.00577,JOSS,1,Peter Laurinec
10.21105/joss.05553,JOSS,1,Frank T. Bergmann
10.21105/joss.05749,JOSS,1,Pietro Sperotto
10.21105/joss.05749,JOSS,2,M. Ratz
10.21105/joss.05749,JOSS,3,M. A. Mendez
10.21105/joss.08767,JOSS,1,Adalberto Perez
10.21105/joss.08767,JOSS,2,Siavash Toosi
10.21105/joss.08767,JOSS,3,Tim Felle Olsen
10.21105/joss.08767,JOSS,4,Stefano Markidis
10.21105/joss.08767,JOSS,5,Philipp Schlatter
10.21105/joss.05595,JOSS,1,Pieterjan Robbe
10.21105/joss.04634,JOSS,1,Minas Karamanis
10.21105/joss.04634,JOSS,2,David Nabergoj
10.21105/joss.04634,JOSS,3,Florian Beutler
10.21105/joss.04634,JOSS,4,John A. Peacock
10.21105/joss.04634,JOSS,5,Uroš Seljak
10.21105/joss.02741,JOSS,1,Amir Shahmoradi
10.21105/joss.02741,JOSS,2,Fatemeh Bagheri
10.21105/joss.07830,JOSS,1,Spyros Rigas
10.21105/joss.07830,JOSS,2,Michalis Papachristou
10.21105/joss.05021,JOSS,1,Kaze W. K. Wong
10.21105/joss.05021,JOSS,2,Marylou Gabrié
10.21105/joss.05021,JOSS,3,Daniel Foreman-Mackey
10.21105/joss.00102,JOSS,1,Kolby L. Weisenburger
10.21105/joss.00102,JOSS,2,Joseph Huehnerhoff
10.21105/joss.00102,JOSS,3,Emily M. Levesque
10.21105/joss.00102,JOSS,4,Philip Massey
10.21105/joss.09038,JOSS,1,Mark Rempel
10.21105/joss.00984,JOSS,1,Jeff MacInnes
10.21105/joss.00984,JOSS,2,Shariq Iqbal
10.21105/joss.00984,JOSS,3,John Pearson
10.21105/joss.00984,JOSS,4,Elizabeth Johnson
10.21105/joss.09951,JOSS,1,Simon Nolte
10.21105/joss.02179,JOSS,1,Andrew Van Benschoten
10.21105/joss.02179,JOSS,2,Austin Ouyang
10.21105/joss.02179,JOSS,3,Francisco Bischoff
10.21105/joss.02179,JOSS,4,Tyler Marrs
10.21105/joss.05766,JOSS,1,Baptiste Delaporte
10.21105/joss.05766,JOSS,2,Thomas Arsouze
10.21105/joss.05766,JOSS,3,Gunnar Keppel
10.21105/joss.05766,JOSS,4,Swen Jullien
10.21105/joss.05766,JOSS,5,Christophe Menkes
10.21105/joss.05766,JOSS,6,Thomas Ibanez
10.21105/joss.05710,JOSS,1,I. A. W. Filot
10.21105/joss.05710,JOSS,2,M. P. C. van Etten
10.21105/joss.05710,JOSS,3,D. W. J. G. Trommelen
10.21105/joss.05710,JOSS,4,E. J. M. Hensen
10.21105/joss.08415,JOSS,1,Di Sheng
10.21105/joss.08415,JOSS,2,Xin Zhao
10.21105/joss.08415,JOSS,3,Abigail Snyder
10.21105/joss.08415,JOSS,4,Stephanie Morris
10.21105/joss.08415,JOSS,5,Chris Vernon
10.21105/joss.04754,JOSS,1,Marie Roald
10.21105/joss.04754,JOSS,2,Yngve Mardal Moe
10.21105/joss.00092,JOSS,1,Zachary M. Jones
10.21105/joss.00092,JOSS,2,Fridolin J. Linder
10.21105/joss.07239,JOSS,1,Kevin Schwarzwald
10.21105/joss.07239,JOSS,2,Kerrie Geil
10.21105/joss.01474,JOSS,1,Marshall Ward
10.21105/joss.03071,JOSS,1,Rodrigo Luger
10.21105/joss.03071,JOSS,2,Daniel Foreman-Mackey
10.21105/joss.03071,JOSS,3,Christina Hedges
10.21105/joss.06063,JOSS,1,Taha Zerrouki
10.21105/joss.04775,JOSS,1,Ali R. Vahdati
10.21105/joss.04775,JOSS,2,Carlos J. Melián
10.21105/joss.02580,JOSS,1,Miroslav Zabic
10.21105/joss.02580,JOSS,2,Ben Matthias
10.21105/joss.02580,JOSS,3,Alexander Heisterkamp
10.21105/joss.02580,JOSS,4,Tammo Ripken
10.21105/joss.01778,JOSS,1,Matthew Czech
10.21105/joss.01778,JOSS,2,Shyamal Patel
10.21105/joss.00850,JOSS,1,Steven G. Murray
10.21105/joss.01509,JOSS,1,Sayan Putatunda
10.21105/joss.01509,JOSS,2,Dayananda Ubrangala
10.21105/joss.01509,JOSS,3,Kiran Rama
10.21105/joss.01509,JOSS,4,Ravi Kondapalli
10.21105/joss.02621,JOSS,1,Jan Brammer
10.21105/joss.07729,JOSS,1,Barnaby Dobson
10.21105/joss.07729,JOSS,2,Diego Alonso-Álvarez
10.21105/joss.07729,JOSS,3,Taher Chegini
10.21105/joss.04156,JOSS,1,Tsung-Lin Wu
10.21105/joss.04156,JOSS,2,Amr A. Alhossary
10.21105/joss.04156,JOSS,3,Todd C. Pataky
10.21105/joss.04156,JOSS,4,Wei Tech Ang
10.21105/joss.04156,JOSS,5,Cyril J. Donnelly
10.21105/joss.06038,JOSS,1,Adrien Taudière
10.21105/joss.10112,JOSS,1,Abdoulaye Sakho
10.21105/joss.10112,JOSS,2,Jad Aouad
10.21105/joss.10112,JOSS,3,Carl-Erik Gauthier
10.21105/joss.10112,JOSS,4,Emmanuel Malherbe
10.21105/joss.10112,JOSS,5,Erwan Scornet
10.21105/joss.03392,JOSS,1,Ben Young
10.21105/joss.03392,JOSS,2,Michael Srocka
10.21105/joss.03392,JOSS,3,Wesley Ingwersen
10.21105/joss.03392,JOSS,4,Ben Morelli
10.21105/joss.03392,JOSS,5,Sarah Cashman
10.21105/joss.03392,JOSS,6,Andrew Henderson
10.21105/joss.07559,JOSS,1,Nischal Dhungana
10.21105/joss.07559,JOSS,2,Guillaume Freychet
10.21105/joss.07559,JOSS,3,Matthew Bryan
10.21105/joss.09720,JOSS,1,Joseph Brunet
10.21105/joss.09720,JOSS,2,Lisa Chestnutt
10.21105/joss.09720,JOSS,3,Matthieu Chourrout
10.21105/joss.09720,JOSS,4,Hector Dejea
10.21105/joss.09720,JOSS,5,Vaishnavi Sabarigirivasan
10.21105/joss.09720,JOSS,6,Peter D. Lee
10.21105/joss.09720,JOSS,7,Andrew C. Cook
10.21105/joss.04575,JOSS,1,Rupesh Jeyaram
10.21105/joss.04575,JOSS,2,Suniti Sanghavi
10.21105/joss.04575,JOSS,3,Christian Frankenberg
10.21105/joss.03641,JOSS,1,Thomas Grandits
10.21105/joss.07104,JOSS,1,André Artelt
10.21105/joss.07104,JOSS,2,Marios S. Kyriakou
10.21105/joss.07104,JOSS,3,Stelios G. Vrachimis
10.21105/joss.07104,JOSS,4,Demetrios G. Eliades
10.21105/joss.07104,JOSS,5,Barbara Hammer
10.21105/joss.07104,JOSS,6,Marios M. Polycarpou
10.21105/joss.04897,JOSS,1,Dirk Eilander
10.21105/joss.04897,JOSS,2,Hélène Boisgontier
10.21105/joss.04897,JOSS,3,Laurène J. E. Bouaziz
10.21105/joss.04897,JOSS,4,Joost Buitink
10.21105/joss.04897,JOSS,5,Anaïs Couasnon
10.21105/joss.04897,JOSS,6,Brendan Dalmijn
10.21105/joss.04897,JOSS,7,Mark Hegnauer
10.21105/joss.04897,JOSS,8,Tjalling de Jong
10.21105/joss.04897,JOSS,9,Sibren Loos
10.21105/joss.04897,JOSS,10,Indra Marth
10.21105/joss.04897,JOSS,11,Willem van Verseveld
10.21105/joss.09736,JOSS,1,Andrew Vanderheiden
10.21105/joss.09736,JOSS,2,Billy Hales
10.21105/joss.09736,JOSS,3,Andrew J. Moodie
10.21105/joss.09736,JOSS,4,İnci Güneralp
10.21105/joss.06156,JOSS,1,James Duncan
10.21105/joss.06156,JOSS,2,Tiffany Tang
10.21105/joss.06156,JOSS,3,Corrine F. Elliott
10.21105/joss.06156,JOSS,4,Philippe Boileau
10.21105/joss.06156,JOSS,5,Bin Yu
10.21105/joss.01504,JOSS,1,Sean Law
10.21105/joss.01341,JOSS,1,Matthieu Ancellin
10.21105/joss.01341,JOSS,2,Frédéric Dias
10.21105/joss.08331,JOSS,1,Sebastian Fischer
10.21105/joss.08331,JOSS,2,John Zobolas
10.21105/joss.08331,JOSS,3,Raphael Sonabend
10.21105/joss.08331,JOSS,4,Marc Becker
10.21105/joss.08331,JOSS,5,Michel Lang
10.21105/joss.08331,JOSS,6,Martin Binder
10.21105/joss.08331,JOSS,7,Lennart Schneider
10.21105/joss.08331,JOSS,8,Lukas Burk
10.21105/joss.08331,JOSS,9,Patrick Schratz
10.21105/joss.08331,JOSS,10,Byron C. Jaeger
10.21105/joss.08331,JOSS,11,Stephen A Lauer
10.21105/joss.08331,JOSS,12,Lorenz A. Kapsner
10.21105/joss.08331,JOSS,13,Maximilian Mücke
10.21105/joss.08331,JOSS,14,Zezhi Wang
10.21105/joss.08331,JOSS,15,Damir Pulatov
10.21105/joss.08331,JOSS,16,Keenan Ganz
10.21105/joss.08331,JOSS,17,Henri Funk
10.21105/joss.08331,JOSS,18,Liana Harutyunyan
10.21105/joss.08331,JOSS,19,Pierre Camilleri
10.21105/joss.08331,JOSS,20,Philipp Kopper
10.21105/joss.08331,JOSS,21,Andreas Bender
10.21105/joss.08331,JOSS,22,Baisu Zhou
10.21105/joss.08331,JOSS,23,Niko German
10.21105/joss.08331,JOSS,24,Lona Koers
10.21105/joss.08331,JOSS,25,Anna Nazarova
10.21105/joss.08331,JOSS,26,Bernd Bischl
10.21105/joss.07028,JOSS,1,Doriann Blain
10.21105/joss.07028,JOSS,2,Paul Mollière
10.21105/joss.07028,JOSS,3,Evert Nasedkin
10.21105/joss.02339,JOSS,1,Sophie Laturnus
10.21105/joss.02339,JOSS,2,Adam von Daranyi
10.21105/joss.02339,JOSS,3,Ziwei Huang
10.21105/joss.02339,JOSS,4,Philipp Berens
10.21105/joss.03994,JOSS,1,Alan Kaptanoglu
10.21105/joss.03994,JOSS,2,Brian de Silva
10.21105/joss.03994,JOSS,3,Urban Fasel
10.21105/joss.03994,JOSS,4,Kadierdan Kaheman
10.21105/joss.03994,JOSS,5,Andy Goldschmidt
10.21105/joss.03994,JOSS,6,Jared Callaham
10.21105/joss.03994,JOSS,7,Charles Delahunt
10.21105/joss.03994,JOSS,8,Zachary Nicolaou
10.21105/joss.03994,JOSS,9,Kathleen Champion
10.21105/joss.03994,JOSS,10,Jean-Christophe Loiseau
10.21105/joss.03994,JOSS,11,J. Kutz
10.21105/joss.03994,JOSS,12,Steven Brunton
10.21105/joss.01903,JOSS,1,Michel Lang
10.21105/joss.01903,JOSS,2,Martin Binder
10.21105/joss.01903,JOSS,3,Jakob Richter
10.21105/joss.01903,JOSS,4,Patrick Schratz
10.21105/joss.01903,JOSS,5,Florian Pfisterer
10.21105/joss.01903,JOSS,6,Stefan Coors
10.21105/joss.01903,JOSS,7,Quay Au
10.21105/joss.01903,JOSS,8,Giuseppe Casalicchio
10.21105/joss.01903,JOSS,9,Lars Kotthoff
10.21105/joss.01903,JOSS,10,Bernd Bischl
10.21105/joss.03172,JOSS,1,Luca Congedo
10.21105/joss.10245,JOSS,1,Henrique AL Ribeiro
10.21105/joss.10245,JOSS,2,Sandra A Tsiorintsoa
10.21105/joss.10245,JOSS,3,Reinhard Laubenbacher
10.21105/joss.07357,JOSS,1,David Landa-Marbán
10.21105/joss.07357,JOSS,2,Tor H. Sandve
10.21105/joss.06610,JOSS,1,Jacob A. Long
10.21105/joss.00026,JOSS,1,Conrad Sanderson
10.21105/joss.00026,JOSS,2,Ryan Curtin
10.21105/joss.06898,JOSS,1,Michael Radica
10.21105/joss.04051,JOSS,1,Thomas Tranter
10.21105/joss.04051,JOSS,2,Robert Timms
10.21105/joss.04051,JOSS,3,Valentin Sulzer
10.21105/joss.04051,JOSS,4,Ferran Planella
10.21105/joss.04051,JOSS,5,Gavin Wiggins
10.21105/joss.04051,JOSS,6,Suryanarayana Karra
10.21105/joss.04051,JOSS,7,Priyanshu Agarwal
10.21105/joss.04051,JOSS,8,Saransh Chopra
10.21105/joss.04051,JOSS,9,Srikanth Allu
10.21105/joss.04051,JOSS,10,Paul Shearing
10.21105/joss.04051,JOSS,11,Dan Brett
10.21105/joss.06948,JOSS,1,Kenji Koide
10.21105/joss.03574,JOSS,1,Noah Pflugradt
10.21105/joss.03574,JOSS,2,Peter Stenzel
10.21105/joss.03574,JOSS,3,Leander Kotzur
10.21105/joss.03574,JOSS,4,Detlef Stolten
10.21105/joss.01077,JOSS,1,Sumanta Basu
10.21105/joss.01077,JOSS,2,Karl Kumbier
10.21105/joss.01077,JOSS,3,James Brown
10.21105/joss.01077,JOSS,4,Bin Yu
10.21105/joss.04093,JOSS,1,Brandon Silva
10.21105/joss.04093,JOSS,2,Paul Lunis
10.21105/joss.04093,JOSS,3,Marios Theristis
10.21105/joss.04093,JOSS,4,Hubert Seigneur
10.21105/joss.01862,JOSS,1,Benoit Combès
10.21105/joss.01716,JOSS,1,Thomas Pak
10.21105/joss.01716,JOSS,2,Ruth Baker
10.21105/joss.01716,JOSS,3,Joe Pitt-Francis
10.21105/joss.01945,JOSS,1,Raul Laasner
10.21105/joss.01945,JOSS,2,Xiaochen Du
10.21105/joss.01945,JOSS,3,Aditya Tanikanti
10.21105/joss.01945,JOSS,4,Connor Clayton
10.21105/joss.01945,JOSS,5,Marco Govoni
10.21105/joss.01945,JOSS,6,Giulia Galli
10.21105/joss.01945,JOSS,7,Matti Ropo
10.21105/joss.01945,JOSS,8,Volker Blum
10.21105/joss.01942,JOSS,1,Benjamin Bolling
10.21105/joss.00368,JOSS,1,Marco van Hulten
10.21105/joss.00251,JOSS,1,Offray Vladimir Luna Cárdenas
10.21105/joss.03024,JOSS,1,Adam Richie-Halford
10.21105/joss.03024,JOSS,2,Manjari Narayan
10.21105/joss.03024,JOSS,3,Noah Simon
10.21105/joss.03024,JOSS,4,Jason Yeatman
10.21105/joss.03024,JOSS,5,Ariel Rokem
10.21105/joss.00488,JOSS,1,Pablo G Garay
10.21105/joss.00488,JOSS,2,Jorge A Vila
10.21105/joss.00488,JOSS,3,Osvaldo A Martin
10.21105/joss.01022,JOSS,1,Matias Carrasco Kind
10.21105/joss.01022,JOSS,2,Alex Drlica-Wagner
10.21105/joss.01022,JOSS,3,Audrey Koziol
10.21105/joss.01022,JOSS,4,Don Petravick
10.21105/joss.01345,JOSS,1,Mika Hämäläinen
10.21105/joss.01577,JOSS,1,Nikos Pitsianis
10.21105/joss.01577,JOSS,2,Dimitris Floros
10.21105/joss.01577,JOSS,3,Alexandros-Stavros Iliopoulos
10.21105/joss.01577,JOSS,4,Xiaobai Sun
10.21105/joss.02843,JOSS,1,Miles Lucas
10.21105/joss.02843,JOSS,2,Michael Bottom
10.21105/joss.06667,JOSS,1,Peter H. Sims
10.21105/joss.06667,JOSS,2,Jacob Burba
10.21105/joss.06667,JOSS,3,Jonathan C. Pober
10.21105/joss.06766,JOSS,1,Steven E. Hahn
10.21105/joss.06766,JOSS,2,Miroslav K Stoyanov
10.21105/joss.06766,JOSS,3,Stefan Schnake
10.21105/joss.06766,JOSS,4,Eirik Endeve
10.21105/joss.06766,JOSS,5,David L. Green
10.21105/joss.06766,JOSS,6,Mark Cianciosa
10.21105/joss.06766,JOSS,7,Ed D’Azevedo
10.21105/joss.06766,JOSS,8,Wael Elwasif
10.21105/joss.06766,JOSS,9,Coleman J. Kendrick
10.21105/joss.06766,JOSS,10,Hao Lau
10.21105/joss.06766,JOSS,11,M. Graham Lopez
10.21105/joss.06766,JOSS,12,Adam McDaniel
10.21105/joss.06766,JOSS,13,B.Tyler McDaniel
10.21105/joss.06766,JOSS,14,Lin Mu
10.21105/joss.06766,JOSS,15,Timothy Younkin
10.21105/joss.06766,JOSS,16,Hugo Brunie
10.21105/joss.06766,JOSS,17,Nestor Demeure
10.21105/joss.06766,JOSS,18,Cory D Hauck
10.21105/joss.06798,JOSS,1,Carlson M. Büth
10.21105/joss.06798,JOSS,2,Anastassia Vybornova
10.21105/joss.06798,JOSS,3,Michael Szell
10.21105/joss.04969,JOSS,1,J. Michael Burgess
10.21105/joss.09234,JOSS,1,Germán Martín Heim
10.21105/joss.01500,JOSS,1,Ali Anwar
10.21105/joss.00300,JOSS,1,Jason K. Moore
10.21105/joss.00300,JOSS,2,Antonie van den Bogert
10.21105/joss.00890,JOSS,1,Anwar O. Nunez-Elizalde
10.21105/joss.00890,JOSS,2,James S. Gao
10.21105/joss.00890,JOSS,3,Tianjiao Zhang
10.21105/joss.00890,JOSS,4,Jack L. Gallant
10.21105/joss.05886,JOSS,1,Nicodemo Di Pasquale
10.21105/joss.05886,JOSS,2,Ruslan Davidchack
10.21105/joss.05886,JOSS,3,Lorenzo Rovigatti
10.21105/joss.07291,JOSS,1,Maximilian Wolf
10.21105/joss.07291,JOSS,2,Selina Götz
10.21105/joss.07291,JOSS,3,Georg K. H. Madsen
10.21105/joss.07291,JOSS,4,Theodoros Dimopoulos
10.21105/joss.08183,JOSS,1,Márton Kardos
10.21105/joss.08183,JOSS,2,Kenneth C. Enevoldsen
10.21105/joss.08183,JOSS,3,Jan Kostkan
10.21105/joss.08183,JOSS,4,Ross Deans Kristensen-McLachlan
10.21105/joss.08183,JOSS,5,Roberta Rocca
10.21105/joss.07944,JOSS,1,Gabriel Díaz Iturry
10.21105/joss.07944,JOSS,2,Marco C. Matthies
10.21105/joss.07944,JOSS,3,Guy Pe’er
10.21105/joss.07944,JOSS,4,Daniel Vedder
10.21105/joss.06751,JOSS,1,Muhammad Shahbaz
10.21105/joss.06751,JOSS,2,Shaurya Agarwal
10.21105/joss.00593,JOSS,1,Ignacio Ferrés
10.21105/joss.00593,JOSS,2,Gregorio Iraola
10.21105/joss.05639,JOSS,1,Szymon Moliński
10.21105/joss.04459,JOSS,1,Victor H. Chávez
10.21105/joss.04459,JOSS,2,Jonathan Nafziger
10.21105/joss.04459,JOSS,3,Adam Wasserman
10.21105/joss.04663,JOSS,1,Vincent A. Cicirello
10.21105/joss.01665,JOSS,1,Mads Lindskou
10.21105/joss.07526,JOSS,1,Steven Golovkine
10.21105/joss.00567,JOSS,1,Chi-Lin Yu
10.21105/joss.00567,JOSS,2,Ching-Fan Sheu
10.21105/joss.06953,JOSS,1,Thomas Storek
10.21105/joss.06953,JOSS,2,Junsong Du
10.21105/joss.06953,JOSS,3,Sebastian Blechmann
10.21105/joss.06953,JOSS,4,Rita Streblow
10.21105/joss.06953,JOSS,5,Dirk Müller
10.21105/joss.04644,JOSS,1,Alexander Riss
10.21105/joss.00366,JOSS,1,Tanner C. Hobson
10.21105/joss.00366,JOSS,2,Mathieu Doucet
10.21105/joss.00366,JOSS,3,Ricardo M. Ferraz Leal
10.21105/joss.07226,JOSS,1,Cedric Kulbach
10.21105/joss.07226,JOSS,2,Lucas Cazzonelli
10.21105/joss.07226,JOSS,3,Hoang-Anh Ngo
10.21105/joss.07226,JOSS,4,Max Halford
10.21105/joss.07226,JOSS,5,Saulo Martiello Mastelini
10.21105/joss.02768,JOSS,1,Ryo Kobayashi
10.21105/joss.06746,JOSS,1,Renato Laffranchi Falcão
10.21105/joss.06746,JOSS,2,Jorás Custódio Campos de Oliveira
10.21105/joss.06746,JOSS,3,Pedro Henrique Britto Aragão Andrade
10.21105/joss.06746,JOSS,4,Ricardo Ribeiro Rodrigues
10.21105/joss.06746,JOSS,5,Fabrício Jailson Barth
10.21105/joss.06746,JOSS,6,José Fernando Basso Brancalion
10.21105/joss.04633,JOSS,1,Jeongbin Park
10.21105/joss.04633,JOSS,2,Gilles Duvert
10.21105/joss.04633,JOSS,3,Alain Coulais
10.21105/joss.04633,JOSS,4,Gregory V. Jung
10.21105/joss.04633,JOSS,5,Sylwester Arabas
10.21105/joss.04633,JOSS,6,Brian Barker
10.21105/joss.04633,JOSS,7,Takeshi Enomoto
10.21105/joss.04633,JOSS,8,Sylvain Flinois
10.21105/joss.04633,JOSS,9,Oliver Gressel
10.21105/joss.04633,JOSS,10,Tomas Hillberg
10.21105/joss.04633,JOSS,11,Thibault Huillet
10.21105/joss.04633,JOSS,12,Jan Kohnert
10.21105/joss.04633,JOSS,13,Orion Poplawski
10.21105/joss.04633,JOSS,14,Eloi Rozier de Linage
10.21105/joss.04633,JOSS,15,Remi A. Solås
10.21105/joss.04633,JOSS,16,Luke Stagner
10.21105/joss.04633,JOSS,17,Ole Streicher
10.21105/joss.04633,JOSS,18,James Tappin
10.21105/joss.04633,JOSS,19,Thierry Thomas
10.21105/joss.04633,JOSS,20,Jingwei Wang
10.21105/joss.04633,JOSS,21,Christian Wimmer
10.21105/joss.07080,JOSS,1,Lorenzo Van Munoz
10.21105/joss.07080,JOSS,2,Sophie Beck
10.21105/joss.07080,JOSS,3,Jason Kaye
10.21105/joss.00885,JOSS,1,Jared M. Andrews
10.21105/joss.00885,JOSS,2,Mohamed El-Alawi
10.21105/joss.00885,JOSS,3,Jacqueline E. Payton
10.21105/joss.06805,JOSS,1,Jonah M. Miller
10.21105/joss.06805,JOSS,2,Daniel A. Holladay
10.21105/joss.06805,JOSS,3,Jeffrey H. Peterson
10.21105/joss.06805,JOSS,4,Christopher M. Mauney
10.21105/joss.06805,JOSS,5,Richard Berger
10.21105/joss.06805,JOSS,6,Anna Pietarila Graham
10.21105/joss.06805,JOSS,7,Karen C. Tsai
10.21105/joss.06805,JOSS,8,Brandon Barker
10.21105/joss.06805,JOSS,9,Alexander Holas
10.21105/joss.06805,JOSS,10,Ann E. Mattsson
10.21105/joss.06805,JOSS,11,Mariam Gogilashvili
10.21105/joss.06805,JOSS,12,Joshua C. Dolence
10.21105/joss.06805,JOSS,13,Chad D. Meyer
10.21105/joss.06805,JOSS,14,Sriram Swaminarayan
10.21105/joss.06805,JOSS,15,Christoph Junghans
10.21105/joss.00612,JOSS,1,Giuseppe Cardellini
10.21105/joss.00612,JOSS,2,Chris Mutel
10.21105/joss.06188,JOSS,1,Simon Dirmeier
10.21105/joss.02161,JOSS,1,S. Kelly
10.21105/joss.02161,JOSS,2,Michael Black
10.21105/joss.00235,JOSS,1,Dominik Moritz
10.21105/joss.03032,JOSS,1,Banjo Obayomi
10.21105/joss.03032,JOSS,2,Christopher Todd
10.21105/joss.03032,JOSS,3,Lucas Cadalzo
10.21105/joss.03032,JOSS,4,David Killian
10.21105/joss.03032,JOSS,5,Anthony Wong
10.21105/joss.03439,JOSS,1,Pablo Gómez
10.21105/joss.03439,JOSS,2,Håvard Toftevaag
10.21105/joss.03439,JOSS,3,Gabriele Meoni
10.21105/joss.04099,JOSS,1,Yasin Maan Yousif
10.21105/joss.04099,JOSS,2,Awad Mukbil
10.21105/joss.04099,JOSS,3,Jörg P. Müller
10.21105/joss.09040,JOSS,1,Neil Scheidwasser
10.21105/joss.09040,JOSS,2,Ayush Nag
10.21105/joss.09040,JOSS,3,Matthew J. Penn
10.21105/joss.09040,JOSS,4,Anthony Jakob
10.21105/joss.09040,JOSS,5,Frederik Mølkjær Andersen
10.21105/joss.09040,JOSS,6,Mark Poulsen Khurana
10.21105/joss.09040,JOSS,7,Landung Setiawan
10.21105/joss.09040,JOSS,8,David A. Duchêne
10.21105/joss.09040,JOSS,9,Samir Bhatt
10.21105/joss.00493,JOSS,1,Pamphile T. Roy
10.21105/joss.00493,JOSS,2,Sophie Ricci
10.21105/joss.00493,JOSS,3,Romain Dupuis
10.21105/joss.00493,JOSS,4,Robin Campet
10.21105/joss.00493,JOSS,5,Jean-Christophe Jouhaud
10.21105/joss.00493,JOSS,6,Cyril Fournier
10.21105/joss.04624,JOSS,1,George Dan Miron
10.21105/joss.04624,JOSS,2,Allan M. M. Leal
10.21105/joss.04624,JOSS,3,S. V. Dmytrieva
10.21105/joss.04624,JOSS,4,Dmitrii A. Kulik
10.21105/joss.03523,JOSS,1,Michael Berks
10.21105/joss.03523,JOSS,2,Geoff Parker
10.21105/joss.03523,JOSS,3,Ross Little
10.21105/joss.03523,JOSS,4,Sue Cheung
10.21105/joss.05844,JOSS,1,Maria Gargiulo
10.21105/joss.05844,JOSS,2,María Juliana Durán
10.21105/joss.05844,JOSS,3,Paula Andrea Amado
10.21105/joss.05844,JOSS,4,Patrick Ball
10.21105/joss.01849,JOSS,1,Swathi Sheshadri
10.21105/joss.01849,JOSS,2,Benjamin Dann
10.21105/joss.01849,JOSS,3,Timo Hueser
10.21105/joss.01849,JOSS,4,Hansjoerg Scherberger
10.21105/joss.03823,JOSS,1,James Chapman
10.21105/joss.03823,JOSS,2,Hao-Ting Wang
10.21105/joss.05744,JOSS,1,Marc Hirschvogel
10.21105/joss.03056,JOSS,1,Adam Amara
10.21105/joss.03056,JOSS,2,Lucia de la Bella
10.21105/joss.03056,JOSS,3,Simon Birrer
10.21105/joss.03056,JOSS,4,Sarah Bridle
10.21105/joss.03056,JOSS,5,Juan Cordero
10.21105/joss.03056,JOSS,6,Ginevra Favole
10.21105/joss.03056,JOSS,7,Ian Harrison
10.21105/joss.03056,JOSS,8,Ian Harry
10.21105/joss.03056,JOSS,9,William Hartley
10.21105/joss.03056,JOSS,10,Coleman Krawczyk
10.21105/joss.03056,JOSS,11,Andrew Lundgren
10.21105/joss.03056,JOSS,12,Brian Nord
10.21105/joss.03056,JOSS,13,Laura Nuttall
10.21105/joss.03056,JOSS,14,Richard Rollins
10.21105/joss.03056,JOSS,15,Philipp Sudek
10.21105/joss.03056,JOSS,16,Sut-Ieng Tam
10.21105/joss.03056,JOSS,17,Nicolas Tessore
10.21105/joss.03056,JOSS,18,Arthur Tolley
10.21105/joss.03056,JOSS,19,Keiichi Umetsu
10.21105/joss.03056,JOSS,20,Andrew Williamson
10.21105/joss.03056,JOSS,21,Laura Wolz
10.21105/joss.00538,JOSS,1,Matthew Pitkin
10.21105/joss.00279,JOSS,1,Sebastian Raschka
10.21105/joss.02845,JOSS,1,Ekaterina Ilin
10.21105/joss.07017,JOSS,1,Bruno Turcksin
10.21105/joss.07017,JOSS,2,Stephen DeWitt
10.21105/joss.01835,JOSS,1,Kaashif Hymabaccus
10.21105/joss.01835,JOSS,2,Dmitrii Pasechnik
10.21105/joss.00950,JOSS,1,Vincent Cicirello
10.21105/joss.09339,JOSS,1,Parthiv A. Nair
10.21105/joss.09339,JOSS,2,Matthew D. Witman
10.21105/joss.09339,JOSS,3,Matthew E. Humphries
10.21105/joss.09339,JOSS,4,Richard A. Karnesky
10.21105/joss.06368,JOSS,1,Christian Dunkerly
10.21105/joss.06368,JOSS,2,Justin L. Huntington
10.21105/joss.06368,JOSS,3,Daniel McEvoy
10.21105/joss.06368,JOSS,4,Asa Morway
10.21105/joss.06368,JOSS,5,Richard G. Allen
10.21105/joss.01584,JOSS,1,Mikko Nieminen
10.21105/joss.01584,JOSS,2,Oliver Stolpe
10.21105/joss.01584,JOSS,3,Franziska Schumann
10.21105/joss.01584,JOSS,4,Manuel Holtgrewe
10.21105/joss.01584,JOSS,5,Dieter Beule
10.21105/joss.08814,JOSS,1,Morgan Fouesneau
10.21105/joss.08814,JOSS,2,Ariane Lançon
10.21105/joss.00916,JOSS,1,Edward Higson
10.21105/joss.07179,JOSS,1,Alexander Barbie
10.21105/joss.07179,JOSS,2,Wilhelm Hasselbring
10.21105/joss.05616,JOSS,1,Oliver Wallscheid
10.21105/joss.05616,JOSS,2,Sebastian Peitz
10.21105/joss.05616,JOSS,3,Jan Stenner
10.21105/joss.05616,JOSS,4,Daniel Weber
10.21105/joss.05616,JOSS,5,Septimus Boshoff
10.21105/joss.05616,JOSS,6,Marvin Meyer
10.21105/joss.05616,JOSS,7,Vikas Chidananda
10.21105/joss.05616,JOSS,8,Oliver Schweins
10.21105/joss.07273,JOSS,1,Dominic Chang
10.21105/joss.06822,JOSS,1,Matteo Delucchi
10.21105/joss.06822,JOSS,2,Jonas I. Liechti
10.21105/joss.06822,JOSS,3,Georg R. Spinner
10.21105/joss.06822,JOSS,4,Reinhard Furrer
10.21105/joss.00547,JOSS,1,Aleksey Bilogur
10.21105/joss.06753,JOSS,1,R. Poletti
10.21105/joss.06753,JOSS,2,L. Schena
10.21105/joss.06753,JOSS,3,D. Ninni
10.21105/joss.06753,JOSS,4,M. A. Mendez
10.21105/joss.03053,JOSS,1,Navid Constantinou
10.21105/joss.03053,JOSS,2,Gregory Wagner
10.21105/joss.03053,JOSS,3,Lia Siegelman
10.21105/joss.03053,JOSS,4,Brodie Pearson
10.21105/joss.03053,JOSS,5,André Palóczy
10.21105/joss.03273,JOSS,1,Philippe Boileau
10.21105/joss.03273,JOSS,2,Nima Hejazi
10.21105/joss.03273,JOSS,3,Brian Collica
10.21105/joss.03273,JOSS,4,Mark van der Laan
10.21105/joss.03273,JOSS,5,Sandrine Dudoit
10.21105/joss.05364,JOSS,1,Tim Bode
10.21105/joss.05364,JOSS,2,Dmitry Bagrets
10.21105/joss.05364,JOSS,3,Aditi Misra-Spieldenner
10.21105/joss.05364,JOSS,4,Tobias Stollenwerk
10.21105/joss.05364,JOSS,5,Frank K. Wilhelm
10.21105/joss.06781,JOSS,1,Steve Martin
10.21105/joss.04261,JOSS,1,Kristina Orehounig
10.21105/joss.04261,JOSS,2,Leonie Fierz
10.21105/joss.04261,JOSS,3,James Allan
10.21105/joss.04261,JOSS,4,Sven Eggimann
10.21105/joss.04261,JOSS,5,Natasa Vulic
10.21105/joss.04261,JOSS,6,Aaron Bojarski
10.21105/joss.01136,JOSS,1,Romain Beucher
10.21105/joss.01136,JOSS,2,Louis Moresi
10.21105/joss.01136,JOSS,3,Julian Giordani
10.21105/joss.01136,JOSS,4,John Mansour
10.21105/joss.01136,JOSS,5,Dan Sandiford
10.21105/joss.01136,JOSS,6,Rebecca Farrington
10.21105/joss.01136,JOSS,7,Luke Mondy
10.21105/joss.01136,JOSS,8,Claire Mallard
10.21105/joss.01136,JOSS,9,Patrice Rey
10.21105/joss.01136,JOSS,10,Guillaume Duclaux
10.21105/joss.01136,JOSS,11,Owen Kaluza
10.21105/joss.01136,JOSS,12,Arijit Laik
10.21105/joss.01136,JOSS,13,Sara Morón
10.21105/joss.10374,JOSS,1,Alberto Andres Valdes Gonzalez
10.21105/joss.08667,JOSS,1,Brodie E. Mangan
10.21105/joss.01003,JOSS,1,Matthew Golub
10.21105/joss.01003,JOSS,2,David Sussillo
10.21105/joss.02117,JOSS,1,Guillaume Fraux
10.21105/joss.02117,JOSS,2,Rose Cersonsky
10.21105/joss.02117,JOSS,3,Michele Ceriotti
10.21105/joss.00849,JOSS,1,Will Handley
10.21105/joss.02290,JOSS,1,Dario Izzo
10.21105/joss.02290,JOSS,2,Francesco Biscani
10.21105/joss.04205,JOSS,1,Benjamin Kurt Miller
10.21105/joss.04205,JOSS,2,Alex Cole
10.21105/joss.04205,JOSS,3,Christoph Weniger
10.21105/joss.04205,JOSS,4,Francesco Nattino
10.21105/joss.04205,JOSS,5,Ou Ku
10.21105/joss.04205,JOSS,6,Meiert W. Grootes
10.21105/joss.01315,JOSS,1,Hendrik van Veen
10.21105/joss.01315,JOSS,2,Nathaniel Saul
10.21105/joss.01315,JOSS,3,David Eargle
10.21105/joss.01315,JOSS,4,Sam Mangham
10.21105/joss.04050,JOSS,1,Frederik Kratzert
10.21105/joss.04050,JOSS,2,Martin Gauch
10.21105/joss.04050,JOSS,3,Grey Nearing
10.21105/joss.04050,JOSS,4,Daniel Klotz
10.21105/joss.02563,JOSS,1,Matthew Evans
10.21105/joss.02563,JOSS,2,Andrew Morris
10.21105/joss.03456,JOSS,1,George Yon
10.21105/joss.05253,JOSS,1,Nicolas Richart
10.21105/joss.05253,JOSS,2,Guillaume Anciaux
10.21105/joss.05253,JOSS,3,Emil Gallyamov
10.21105/joss.05253,JOSS,4,Lucas Frérot
10.21105/joss.05253,JOSS,5,David Kammer
10.21105/joss.05253,JOSS,6,Mohit Pundir
10.21105/joss.05253,JOSS,7,Marco Vocialta
10.21105/joss.05253,JOSS,8,Aurelia Cuba Ramos
10.21105/joss.05253,JOSS,9,Mauro Corrado
10.21105/joss.05253,JOSS,10,Philip Müller
10.21105/joss.05253,JOSS,11,Fabian Barras
10.21105/joss.05253,JOSS,12,Shenghan Zhang
10.21105/joss.05253,JOSS,13,Roxane Ferry
10.21105/joss.05253,JOSS,14,Shad Durussel
10.21105/joss.05253,JOSS,15,Jean-François Molinari
10.21105/joss.03417,JOSS,1,Jukka-Pekka Onnela
10.21105/joss.03417,JOSS,2,Caleb Dixon
10.21105/joss.03417,JOSS,3,Keary Griffin
10.21105/joss.03417,JOSS,4,Tucker Jaenicke
10.21105/joss.03417,JOSS,5,Leila Minowada
10.21105/joss.03417,JOSS,6,Sean Esterkin
10.21105/joss.03417,JOSS,7,Alvin Siu
10.21105/joss.03417,JOSS,8,Josh Zagorsky
10.21105/joss.03417,JOSS,9,Eli Jones
10.21105/joss.01075,JOSS,1,Benjamin Bengfort
10.21105/joss.01075,JOSS,2,Rebecca Bilbro
10.21105/joss.08332,JOSS,1,Justus Magin
10.21105/joss.08332,JOSS,2,Quentin Mazouni
10.21105/joss.08332,JOSS,3,Etienne Cap
10.21105/joss.08332,JOSS,4,Marine Gonse
10.21105/joss.08332,JOSS,5,Mathieu Woillez
10.21105/joss.08332,JOSS,6,Anne Fouilloux
10.21105/joss.08332,JOSS,7,Jean-Marc Delouis
10.21105/joss.08332,JOSS,8,Tina Odaka
10.21105/joss.03861,JOSS,1,Fabian Wüllhorst
10.21105/joss.03861,JOSS,2,Thomas Storek
10.21105/joss.03861,JOSS,3,Philipp Mehrfeld
10.21105/joss.03861,JOSS,4,Dirk Müller
10.21105/joss.04982,JOSS,1,David Shean
10.21105/joss.04982,JOSS,2,J. P. Swinski
10.21105/joss.04982,JOSS,3,Ben Smith
10.21105/joss.04982,JOSS,4,Tyler Sutterley
10.21105/joss.04982,JOSS,5,Scott Henderson
10.21105/joss.04982,JOSS,6,Carlos Ugarte
10.21105/joss.04982,JOSS,7,Eric Lidwa
10.21105/joss.04982,JOSS,8,Thomas Neumann
10.21105/joss.01667,JOSS,1,Fabian-Robert Stöter
10.21105/joss.01667,JOSS,2,Stefan Uhlich
10.21105/joss.01667,JOSS,3,Antoine Liutkus
10.21105/joss.01667,JOSS,4,Yuki Mitsufuji
10.21105/joss.02411,JOSS,1,Florian Huber
10.21105/joss.02411,JOSS,2,Stefan Verhoeven
10.21105/joss.02411,JOSS,3,Christiaan Meijer
10.21105/joss.02411,JOSS,4,Hanno Spreeuw
10.21105/joss.02411,JOSS,5,Efraín Castilla
10.21105/joss.02411,JOSS,6,Cunliang Geng
10.21105/joss.02411,JOSS,7,Justin van der Hooft
10.21105/joss.02411,JOSS,8,Simon Rogers
10.21105/joss.02411,JOSS,9,Adam Belloum
10.21105/joss.02411,JOSS,10,Faruk Diblen
10.21105/joss.02411,JOSS,11,Jurriaan Spaaks
10.21105/joss.01865,JOSS,1,Silvana Ayala Pelaez
10.21105/joss.01865,JOSS,2,Chris Deline
10.21105/joss.04684,JOSS,1,Indrajeet Patil
10.21105/joss.04684,JOSS,2,Dominique Makowski
10.21105/joss.04684,JOSS,3,Mattan S. Ben-Shachar
10.21105/joss.04684,JOSS,4,Brenton M. Wiernik
10.21105/joss.04684,JOSS,5,Etienne Bacher
10.21105/joss.04684,JOSS,6,Daniel Lüdecke
10.21105/joss.01541,JOSS,1,Dominique Makowski
10.21105/joss.01541,JOSS,2,Mattan Ben-Shachar
10.21105/joss.01541,JOSS,3,Daniel Lüdecke
10.21105/joss.03866,JOSS,1,Ronny Bergmann
10.21105/joss.00648,JOSS,1,Alessandro Gasparini
10.21105/joss.06774,JOSS,1,M. Voetberg
10.21105/joss.06774,JOSS,2,Ashia Livaudais
10.21105/joss.06774,JOSS,3,Becky Nevin
10.21105/joss.06774,JOSS,4,Omari Paul
10.21105/joss.06774,JOSS,5,Brian Nord
10.21105/joss.00043,JOSS,1,Christopher D. Cooper
10.21105/joss.00043,JOSS,2,Natalia C. Clementi
10.21105/joss.00043,JOSS,3,Gilbert Forsyth
10.21105/joss.00043,JOSS,4,Lorena A. Barba
10.21105/joss.02405,JOSS,1,Guillaume Plique
10.21105/joss.00373,JOSS,1,Shane J Latham
10.21105/joss.00418,JOSS,1,Bérénice Batut
10.21105/joss.00418,JOSS,2,Björn Grüning
10.21105/joss.00514,JOSS,1,Stephanie J. Spielman
10.21105/joss.02979,JOSS,1,Jackson Borchardt
10.21105/joss.02979,JOSS,2,Raymond Dunn
10.21105/joss.02979,JOSS,3,Saul Kato
10.21105/joss.03067,JOSS,1,Apostolos Spanakis-Misirlis
10.21105/joss.03067,JOSS,2,Cameron Van Eck
10.21105/joss.03067,JOSS,3,E.p. Boven
10.21105/joss.03143,JOSS,1,Nikolaos Kallimanis
10.21105/joss.01228,JOSS,1,Tommaso Leonardi
10.21105/joss.01717,JOSS,1,A. Pue
10.21105/joss.08147,JOSS,1,Joshua E. Meyers
10.21105/joss.08147,JOSS,2,Michael D. Schneider
10.21105/joss.08147,JOSS,3,Julia T. Ebert
10.21105/joss.08147,JOSS,4,Edward F. Schlafly
10.21105/joss.08147,JOSS,5,Travis Yeager
10.21105/joss.08147,JOSS,6,Alexx Perloff
10.21105/joss.08147,JOSS,7,Daniel Merl
10.21105/joss.08147,JOSS,8,Noah Lifset
10.21105/joss.08147,JOSS,9,Jason Bernstein
10.21105/joss.08147,JOSS,10,William A. Dawson
10.21105/joss.08147,JOSS,11,Nathan Golovich
10.21105/joss.08147,JOSS,12,Denvir Higgins
10.21105/joss.08147,JOSS,13,Peter McGill
10.21105/joss.08147,JOSS,14,Caleb Miller
10.21105/joss.08147,JOSS,15,Kerianne Pruett
10.21105/joss.02448,JOSS,1,Vincent Cicirello
10.21105/joss.07771,JOSS,1,Nathaniel Starkman
10.21105/joss.07771,JOSS,2,Adrian M. Price-Whelan
10.21105/joss.07771,JOSS,3,Jake Nibauer
10.21105/joss.06175,JOSS,1,K. Ingles
10.21105/joss.06175,JOSS,2,D. Liyanage
10.21105/joss.06175,JOSS,3,A. C. Semposki
10.21105/joss.06175,JOSS,4,J. C. Yannotty
10.21105/joss.06243,JOSS,1,Sagar Narwade
10.21105/joss.06243,JOSS,2,Gillian Kant
10.21105/joss.06243,JOSS,3,Benjamin Säfken
10.21105/joss.06243,JOSS,4,Benjamin Leiding
10.21105/joss.05554,JOSS,1,Pål Næverlid Sævik
10.21105/joss.05372,JOSS,1,Paul J. N. Brodersen
10.21105/joss.06490,JOSS,1,Daniel E. Kaufman
10.21105/joss.06490,JOSS,2,Walter E. Baskin
10.21105/joss.06591,JOSS,1,Ou Ku
10.21105/joss.06591,JOSS,2,Fakhereh Alidoost
10.21105/joss.06591,JOSS,3,Xu Shan
10.21105/joss.06591,JOSS,4,Pranav Chandramouli
10.21105/joss.06591,JOSS,5,Sonja Georgievska
10.21105/joss.06591,JOSS,6,Meiert W. Grootes
10.21105/joss.06591,JOSS,7,Susan Steele-Dunne
10.21105/joss.05256,JOSS,1,Jacob F. Anderson
10.21105/joss.05256,JOSS,2,Kevin S. Anderson
10.21105/joss.05256,JOSS,3,Tamara Beschorner
10.21105/joss.05619,JOSS,1,Olivier Binette
10.21105/joss.05619,JOSS,2,Jerome P. Reiter
10.21105/joss.03077,JOSS,1,Yves Mocquard
10.21105/joss.03077,JOSS,2,Pierre Navaro
10.21105/joss.03077,JOSS,3,Nicolas Crouseilles
10.21105/joss.03575,JOSS,1,Radek Lonka
10.21105/joss.03575,JOSS,2,Francesca Verones
10.21105/joss.03575,JOSS,3,Konstantin Stadler
10.21105/joss.08112,JOSS,1,Bartosz Prokop
10.21105/joss.08112,JOSS,2,Nikit Frolov
10.21105/joss.08112,JOSS,3,Lendert Gelens
10.21105/joss.00169,JOSS,1,Eduardo S M Alexandre
10.21105/joss.00168,JOSS,1,R Daniel Kortschak
10.21105/joss.00168,JOSS,2,Brent S Pedersen
10.21105/joss.00168,JOSS,3,David L Adelson
10.21105/joss.02722,JOSS,1,Mehmet Satman
10.21105/joss.02722,JOSS,2,Kopilov Aleksandr
10.21105/joss.02136,JOSS,1,Dillon Niederhut
10.21105/joss.02168,JOSS,1,Samantha Pendleton
10.21105/joss.02168,JOSS,2,Georgios Gkoutos
10.21105/joss.02034,JOSS,1,Lucas Kuepper
10.21105/joss.02034,JOSS,2,Holger Teichgraeber
10.21105/joss.02034,JOSS,3,Adam Brandt
10.21105/joss.07747,JOSS,1,Tian Tian
10.21105/joss.07747,JOSS,2,Lucas R Timmerman
10.21105/joss.07747,JOSS,3,Shashikant Kumar
10.21105/joss.07747,JOSS,4,Ben Comer
10.21105/joss.07747,JOSS,5,Andrew J Medford
10.21105/joss.07747,JOSS,6,Phanish Suryanarayana
10.21105/joss.01480,JOSS,1,Katrine Kirkeby
10.21105/joss.01480,JOSS,2,Maria Knudsen
10.21105/joss.01480,JOSS,3,Ninna Vihrs
10.21105/joss.01397,JOSS,1,Steven Murray
10.21105/joss.01397,JOSS,2,Francis Poulin
10.21105/joss.00056,JOSS,1,Claudia Vitolo
10.21105/joss.04507,JOSS,1,Edward W. J. Wallace
10.21105/joss.04507,JOSS,2,Samuel J. Haynes
10.21105/joss.07719,JOSS,1,Thomas Helfer
10.21105/joss.07719,JOSS,2,Guillaume Latu
10.21105/joss.07719,JOSS,3,Raphaël Prat
10.21105/joss.07719,JOSS,4,Maxence Wangermez
10.21105/joss.07719,JOSS,5,Francesca Cuteri
10.21105/joss.03904,JOSS,1,Eva Maxfield Brown
10.21105/joss.03904,JOSS,2,To Huynh
10.21105/joss.03904,JOSS,3,Isaac Na
10.21105/joss.03904,JOSS,4,Brian Ledbetter
10.21105/joss.03904,JOSS,5,Hawk Ticehurst
10.21105/joss.03904,JOSS,6,Sarah Liu
10.21105/joss.03904,JOSS,7,Emily Gilles
10.21105/joss.03904,JOSS,8,Katlyn M. F. Greene
10.21105/joss.03904,JOSS,9,Sung Cho
10.21105/joss.03904,JOSS,10,Shak Ragoler
10.21105/joss.03904,JOSS,11,Nicholas Weber
10.21105/joss.01554,JOSS,1,Danny Price
10.21105/joss.01554,JOSS,2,J. Enriquez
10.21105/joss.01554,JOSS,3,Yuhong Chen
10.21105/joss.01554,JOSS,4,Mark Siebert
10.21105/joss.09633,JOSS,1,Marc Betoule
10.21105/joss.09633,JOSS,2,Jérémy Neveu
10.21105/joss.09633,JOSS,3,Dylan Kuhn
10.21105/joss.09633,JOSS,4,Maude Le Jeune
10.21105/joss.09633,JOSS,5,Mathieu Bernard
10.21105/joss.09633,JOSS,6,Nicolas Regnault
10.21105/joss.09633,JOSS,7,Sébastien Bongard
10.21105/joss.06775,JOSS,1,Frédéric Dux
10.21105/joss.10278,JOSS,1,Thomas Sanchez
10.21105/joss.10278,JOSS,2,Gerard Martí-Juan
10.21105/joss.10278,JOSS,3,David Meunier
10.21105/joss.10278,JOSS,4,Miguel Angel Gonzalez Ballester
10.21105/joss.10278,JOSS,5,Oscar Camara
10.21105/joss.10278,JOSS,6,Elisenda Eixarch
10.21105/joss.10278,JOSS,7,Gemma Piella
10.21105/joss.10278,JOSS,8,Meritxell Bach Cuadra
10.21105/joss.10278,JOSS,9,Guillaume Auzias
10.21105/joss.09606,JOSS,1,Benjamin J. Morgan
10.21105/joss.06150,JOSS,1,Florian Knoop
10.21105/joss.06150,JOSS,2,Nina Shulumba
10.21105/joss.06150,JOSS,3,Aloïs Castellano
10.21105/joss.06150,JOSS,4,J. P. Alvarinhas Batista
10.21105/joss.06150,JOSS,5,Roberta Farris
10.21105/joss.06150,JOSS,6,Matthieu J. Verstraete
10.21105/joss.06150,JOSS,7,Matthew Heine
10.21105/joss.06150,JOSS,8,David Broido
10.21105/joss.06150,JOSS,9,Dennis S. Kim
10.21105/joss.06150,JOSS,10,Johan Klarbring
10.21105/joss.06150,JOSS,11,Igor A. Abrikosov
10.21105/joss.06150,JOSS,12,Sergei I. Simak
10.21105/joss.06150,JOSS,13,Olle Hellman
10.21105/joss.00640,JOSS,1,Casey Youngflesh
10.21105/joss.00516,JOSS,1,Robert Gieseke
10.21105/joss.00516,JOSS,2,Sven N Willner
10.21105/joss.00516,JOSS,3,Matthias Mengel
10.21105/joss.02674,JOSS,1,"Alexander Rockhill,"
10.21105/joss.02674,JOSS,2,Ahmed Raslan
10.21105/joss.02674,JOSS,3,Nicole Swann
10.21105/joss.03314,JOSS,1,Andy Wilkins
10.21105/joss.03314,JOSS,2,Christopher Green
10.21105/joss.03314,JOSS,3,Logan Harbour
10.21105/joss.03314,JOSS,4,Robert Podgorney
10.21105/joss.04767,JOSS,1,Benjamin M. Skinner
10.21105/joss.07164,JOSS,1,Daniel Otto de Mentock
10.21105/joss.07164,JOSS,2,Sharan Roongta
10.21105/joss.07164,JOSS,3,Franz Roters
10.21105/joss.07164,JOSS,4,Philip Eisenlohr
10.21105/joss.07164,JOSS,5,Martin Diehl
10.21105/joss.04468,JOSS,1,Tyler H. Chang
10.21105/joss.04468,JOSS,2,Stefan M. Wild
10.21105/joss.00456,JOSS,1,Sachin Chitta
10.21105/joss.00456,JOSS,2,Eitan Marder-Eppstein
10.21105/joss.00456,JOSS,3,Wim Meeussen
10.21105/joss.00456,JOSS,4,Vijay Pradeep
10.21105/joss.00456,JOSS,5,Adolfo Rodríguez Tsouroukdissian
10.21105/joss.00456,JOSS,6,Jonathan Bohren
10.21105/joss.00456,JOSS,7,David Coleman
10.21105/joss.00456,JOSS,8,Bence Magyar
10.21105/joss.00456,JOSS,9,Gennaro Raiola
10.21105/joss.00456,JOSS,10,Mathias Lüdtke
10.21105/joss.00456,JOSS,11,Enrique Fernandez Perdomo
10.21105/joss.05312,JOSS,1,Mike Walmsley
10.21105/joss.05312,JOSS,2,Campbell Allen
10.21105/joss.05312,JOSS,3,Ben Aussel
10.21105/joss.05312,JOSS,4,Micah Bowles
10.21105/joss.05312,JOSS,5,Kasia Gregorowicz
10.21105/joss.05312,JOSS,6,Inigo Val Slijepcevic
10.21105/joss.05312,JOSS,7,Chris J. Lintott
10.21105/joss.05312,JOSS,8,Anna M. M. Scaife
10.21105/joss.05312,JOSS,9,Maja Jabłońska
10.21105/joss.05312,JOSS,10,Kosio Karchev
10.21105/joss.05312,JOSS,11,Denise Lanzieri
10.21105/joss.05312,JOSS,12,Devina Mohan
10.21105/joss.05312,JOSS,13,David O’Ryan
10.21105/joss.05312,JOSS,14,Bharath Saiguhan
10.21105/joss.05312,JOSS,15,Crisel Suárez
10.21105/joss.05312,JOSS,16,Nicolás Guerra-Varas
10.21105/joss.05312,JOSS,17,Renuka Velu
10.21105/joss.07601,JOSS,1,Johannes Zauner
10.21105/joss.07601,JOSS,2,Steffen Hartmeyer
10.21105/joss.07601,JOSS,3,Manuel Spitschan
10.21105/joss.01028,JOSS,1,Anthony Ives
10.21105/joss.01028,JOSS,2,Daijiang Li
10.21105/joss.02816,JOSS,1,Patrick Wright
10.21105/joss.02816,JOSS,2,Alan Haynes
10.21105/joss.02816,JOSS,3,Milica Markovic
10.21105/joss.05338,JOSS,1,David Nicholson
10.21105/joss.05869,JOSS,1,Asuka Nakamura
10.21105/joss.07155,JOSS,1,Donald Prible
10.21105/joss.06919,JOSS,1,Samuel G. Dotson
10.21105/joss.06919,JOSS,2,Madicken Munk
10.21105/joss.05713,JOSS,1,Federico Errica
10.21105/joss.05713,JOSS,2,Davide Bacciu
10.21105/joss.05713,JOSS,3,Alessio Micheli
10.21105/joss.06969,JOSS,1,Bastien Batardiere
10.21105/joss.06969,JOSS,2,Joon Kwon
10.21105/joss.06969,JOSS,3,Julien Chiquet
10.21105/joss.08696,JOSS,1,Sean Kim
10.21105/joss.08696,JOSS,2,Marcus Edwards
10.21105/joss.02562,JOSS,1,Benjamin Michaud
10.21105/joss.02562,JOSS,2,Mickaël Begon
10.21105/joss.02800,JOSS,1,Henry Senyondo
10.21105/joss.02800,JOSS,2,Daniel McGlinn
10.21105/joss.02800,JOSS,3,Pranita Sharma
10.21105/joss.02800,JOSS,4,David Harris
10.21105/joss.02800,JOSS,5,Hao Ye
10.21105/joss.02800,JOSS,6,Shawn Taylor
10.21105/joss.02800,JOSS,7,Jeroen Ooms
10.21105/joss.02800,JOSS,8,Francisco Rodríguez-Sánchez
10.21105/joss.02800,JOSS,9,Karthik Ram
10.21105/joss.02800,JOSS,10,Apoorva Pandey
10.21105/joss.02800,JOSS,11,Harshit Bansal
10.21105/joss.02800,JOSS,12,Max Pohlman
10.21105/joss.02800,JOSS,13,Ethan White
10.21105/joss.01990,JOSS,1,Katherine Eaton
10.21105/joss.04747,JOSS,1,Eric Bezzam
10.21105/joss.04747,JOSS,2,Sepand Kashani
10.21105/joss.04747,JOSS,3,Martin Vetterli
10.21105/joss.04747,JOSS,4,Matthieu Simeoni
10.21105/joss.01013,JOSS,1,Lyndon White
10.21105/joss.01013,JOSS,2,David Ellison
10.21105/joss.03885,JOSS,1,Mithun Bairagi
10.21105/joss.09306,JOSS,1,Zhirui Deng
10.21105/joss.09306,JOSS,2,Theresa A. Koleck
10.21105/joss.09306,JOSS,3,Chen Zhang
10.21105/joss.09306,JOSS,4,Peter D. R. Higgins
10.21105/joss.09306,JOSS,5,Caitlin Dreisbach
10.21105/joss.04987,JOSS,1,David Schoch
10.21105/joss.09706,JOSS,1,Kimberly R. Ward
10.21105/joss.09706,JOSS,2,Mitchell Hayes
10.21105/joss.09706,JOSS,3,Lauren C Peres
10.21105/joss.09706,JOSS,4,Brooke L Fridley
10.21105/joss.09706,JOSS,5,Steven Eschrich
10.21105/joss.09706,JOSS,6,Alex C Soupir
10.21105/joss.03784,JOSS,1,Michael Seltenreich
10.21105/joss.02424,JOSS,1,Kristian Ullrich
10.21105/joss.01959,JOSS,1,Mainak Jas
10.21105/joss.01959,JOSS,2,Titipat Achakulvisut
10.21105/joss.01959,JOSS,3,Aid Idrizović
10.21105/joss.01959,JOSS,4,Daniel Acuna
10.21105/joss.01959,JOSS,5,Matthew Antalek
10.21105/joss.01959,JOSS,6,Vinicius Marques
10.21105/joss.01959,JOSS,7,Tommy Odland
10.21105/joss.01959,JOSS,8,Ravi Garg
10.21105/joss.01959,JOSS,9,Mayank Agrawal
10.21105/joss.01959,JOSS,10,Yu Umegaki
10.21105/joss.01959,JOSS,11,Peter Foley
10.21105/joss.01959,JOSS,12,Hugo Fernandes
10.21105/joss.01959,JOSS,13,Drew Harris
10.21105/joss.01959,JOSS,14,Beibin Li
10.21105/joss.01959,JOSS,15,Olivier Pieters
10.21105/joss.01959,JOSS,16,Scott Otterson
10.21105/joss.01959,JOSS,17,Giovanni De Toni
10.21105/joss.01959,JOSS,18,Chris Rodgers
10.21105/joss.01959,JOSS,19,Eva Dyer
10.21105/joss.01959,JOSS,20,Matti Hamalainen
10.21105/joss.01959,JOSS,21,Konrad Kording
10.21105/joss.01959,JOSS,22,Pavan Ramkumar
10.21105/joss.09130,JOSS,1,Alper Altuntas
10.21105/joss.09130,JOSS,2,Isla R. Simpson
10.21105/joss.09130,JOSS,3,Scott D. Bachman
10.21105/joss.09130,JOSS,4,Manish Venumuddula
10.21105/joss.09130,JOSS,5,Samuel Levis
10.21105/joss.09130,JOSS,6,Brian Dobbins
10.21105/joss.09130,JOSS,7,William J. Sacks
10.21105/joss.09130,JOSS,8,Gokhan Danabasoglu
10.21105/joss.07710,JOSS,1,Erik Bergbäck Knudsen
10.21105/joss.07710,JOSS,2,Lorenzo Chierici
10.21105/joss.04472,JOSS,1,Casey R. McGrath
10.21105/joss.04472,JOSS,2,Casey D. Burleyson
10.21105/joss.04472,JOSS,3,Zarrar Khan
10.21105/joss.04472,JOSS,4,Aowabin Rahman
10.21105/joss.04472,JOSS,5,Travis Thurber
10.21105/joss.04472,JOSS,6,Chris R. Vernon
10.21105/joss.04472,JOSS,7,Nathalie Voisin
10.21105/joss.04472,JOSS,8,Jennie S. Rice
10.21105/joss.00684,JOSS,1,Mikkel Meyer Andersen
10.21105/joss.05585,JOSS,1,Quentin Batista
10.21105/joss.05585,JOSS,2,Chase Coleman
10.21105/joss.05585,JOSS,3,Yuya Furusawa
10.21105/joss.05585,JOSS,4,Shu Hu
10.21105/joss.05585,JOSS,5,Smit Lunagariya
10.21105/joss.05585,JOSS,6,Spencer Lyon
10.21105/joss.05585,JOSS,7,Matthew McKay
10.21105/joss.05585,JOSS,8,Daisuke Oyama
10.21105/joss.05585,JOSS,9,Thomas J. Sargent
10.21105/joss.05585,JOSS,10,Zejin Shi
10.21105/joss.05585,JOSS,11,John Stachurski
10.21105/joss.05585,JOSS,12,Pablo Winant
10.21105/joss.05585,JOSS,13,Natasha Watkins
10.21105/joss.05585,JOSS,14,Ziyue Yang
10.21105/joss.05585,JOSS,15,Hengcheng Zhang
10.21105/joss.04240,JOSS,1,Roi Kugel
10.21105/joss.04240,JOSS,2,Josh Borrow
10.21105/joss.05686,JOSS,1,Thomas R. Else
10.21105/joss.05686,JOSS,2,Janek Gröhl
10.21105/joss.05686,JOSS,3,Lina Hacker
10.21105/joss.05686,JOSS,4,Sarah E. Bohndiek
10.21105/joss.03091,JOSS,1,Nils Kroell
10.21105/joss.02705,JOSS,1,Yunguan Fu
10.21105/joss.02705,JOSS,2,Nina Brown
10.21105/joss.02705,JOSS,3,Shaheer Saeed
10.21105/joss.02705,JOSS,4,Adrià Casamitjana
10.21105/joss.02705,JOSS,5,Zachary Baum
10.21105/joss.02705,JOSS,6,Rémi Delaunay
10.21105/joss.02705,JOSS,7,Qianye Yang
10.21105/joss.02705,JOSS,8,Alexander Grimwood
10.21105/joss.02705,JOSS,9,Zhe Min
10.21105/joss.02705,JOSS,10,Stefano Blumberg
10.21105/joss.02705,JOSS,11,Juan Iglesias
10.21105/joss.02705,JOSS,12,Dean Barratt
10.21105/joss.02705,JOSS,13,Ester Bonmati
10.21105/joss.02705,JOSS,14,Daniel Alexander
10.21105/joss.02705,JOSS,15,Matthew Clarkson
10.21105/joss.02705,JOSS,16,Tom Vercauteren
10.21105/joss.02705,JOSS,17,Yipeng Hu
10.21105/joss.02435,JOSS,1,Stefan Heid
10.21105/joss.02435,JOSS,2,Daniel Weber
10.21105/joss.02435,JOSS,3,Henrik Bode
10.21105/joss.02435,JOSS,4,Eyke Hüllermeier
10.21105/joss.02435,JOSS,5,Oliver Wallscheid
10.21105/joss.02978,JOSS,1,Benjamin Miquel
10.21105/joss.01393,JOSS,1,Daniela Huppenkothen
10.21105/joss.01393,JOSS,2,Matteo Bachetti
10.21105/joss.01393,JOSS,3,Abigail Stevens
10.21105/joss.01393,JOSS,4,Simone Migliari
10.21105/joss.01393,JOSS,5,Paul Balm
10.21105/joss.01393,JOSS,6,Omar Hammad
10.21105/joss.01393,JOSS,7,Usman Khan
10.21105/joss.01393,JOSS,8,Himanshu Mishra
10.21105/joss.01393,JOSS,9,Haroon Rashid
10.21105/joss.01393,JOSS,10,Swapnil Sharma
10.21105/joss.01393,JOSS,11,Evandro Ribeiro
10.21105/joss.01393,JOSS,12,Ricardo Blanco
10.21105/joss.08454,JOSS,1,Martin A. Vonk
10.21105/joss.03255,JOSS,1,Liangliang Nan
10.21105/joss.04681,JOSS,1,Anthony A. Gatti
10.21105/joss.04681,JOSS,2,Siavash Khallaghi
10.21105/joss.03272,JOSS,1,Christopher Barrie
10.21105/joss.03272,JOSS,2,Justin Ho
10.21105/joss.03914,JOSS,1,Christopher Woods
10.21105/joss.03914,JOSS,2,Lester Hedges
10.21105/joss.03914,JOSS,3,Christopher Edsall
10.21105/joss.03914,JOSS,4,Ellen Brooks-Pollock
10.21105/joss.03914,JOSS,5,Christopher Parton-Fenton
10.21105/joss.03914,JOSS,6,Trevelyan McKinley
10.21105/joss.03914,JOSS,7,Matt Keeling
10.21105/joss.03914,JOSS,8,Leon Danon
10.21105/joss.07726,JOSS,1,Harrison Nicholls
10.21105/joss.07726,JOSS,2,Raymond Pierrehumbert
10.21105/joss.07726,JOSS,3,Tim Lichtenberg
10.21105/joss.05663,JOSS,1,Qiusheng Wu
10.21105/joss.05663,JOSS,2,Lucas Prado Osco
10.21105/joss.06728,JOSS,1,Judith N. Claassen
10.21105/joss.06728,JOSS,2,Elco E. Koks
10.21105/joss.06728,JOSS,3,Marleen C. de Ruiter
10.21105/joss.06728,JOSS,4,Philip J. Ward
10.21105/joss.06728,JOSS,5,Wiebke S. Jäger
10.21105/joss.04053,JOSS,1,Asher Pembroke
10.21105/joss.04053,JOSS,2,Darren DeZeeuw
10.21105/joss.04053,JOSS,3,Lutz Rastaetter
10.21105/joss.04053,JOSS,4,Rebecca Ringuette
10.21105/joss.04053,JOSS,5,Oliver Gerland
10.21105/joss.04053,JOSS,6,Dhruv Patel
10.21105/joss.04053,JOSS,7,Michael Contreras
10.21105/joss.01160,JOSS,1,August Guang
10.21105/joss.00141,JOSS,1,Jeff Goldsmith
10.21105/joss.00244,JOSS,1,Chris Mutel
10.21105/joss.00372,JOSS,1,Sebastien Binet
10.21105/joss.00372,JOSS,2,Bastian Wieck
10.21105/joss.00372,JOSS,3,David Blyth
10.21105/joss.00372,JOSS,4,Emmanuel Busato
10.21105/joss.00372,JOSS,5,Michaël Ughetto
10.21105/joss.00372,JOSS,6,Peter Waller
10.21105/joss.03002,JOSS,1,Oluwasegun Somefun
10.21105/joss.03002,JOSS,2,Kayode Akingbade
10.21105/joss.03002,JOSS,3,Folasade Dahunsi
10.21105/joss.00657,JOSS,1,Yuan Tang
10.21105/joss.02484,JOSS,1,Devarshi Ghoshal
10.21105/joss.02484,JOSS,2,Ludovico Bianchi
10.21105/joss.02484,JOSS,3,Abdelilah Essiari
10.21105/joss.02484,JOSS,4,Michael Beach
10.21105/joss.02484,JOSS,5,Drew Paine
10.21105/joss.02484,JOSS,6,Lavanya Ramakrishnan
10.21105/joss.00011,JOSS,1,Gilles Louppe
10.21105/joss.00011,JOSS,2,Kyle Cranmer
10.21105/joss.00011,JOSS,3,Juan Pavez
10.21105/joss.07375,JOSS,1,Jaren N. Ashcraft
10.21105/joss.07375,JOSS,2,Ewan S. Douglas
10.21105/joss.07375,JOSS,3,William Melby
10.21105/joss.07375,JOSS,4,Manxuan Zhang
10.21105/joss.07375,JOSS,5,Kenji Mulhall
10.21105/joss.07375,JOSS,6,Ramya M. Anche
10.21105/joss.07375,JOSS,7,Emory Jenkins
10.21105/joss.07375,JOSS,8,Maxwell A. Millar-Blanchaer
10.21105/joss.06388,JOSS,1,Xin Zhao
10.21105/joss.06388,JOSS,2,Maksym Chepeliev
10.21105/joss.06388,JOSS,3,Pralit Patel
10.21105/joss.06388,JOSS,4,Marshall Wise
10.21105/joss.06388,JOSS,5,Katherine Calvin
10.21105/joss.06388,JOSS,6,Kanishka Narayan
10.21105/joss.06388,JOSS,7,Chris Vernon
10.21105/joss.00967,JOSS,1,Daniel Schalk
10.21105/joss.00967,JOSS,2,Janek Thomas
10.21105/joss.00967,JOSS,3,Bernd Bischl
10.21105/joss.00974,JOSS,1,Daniel Hatton
10.21105/joss.00898,JOSS,1,Ashkbiz Danehkar
10.21105/joss.01364,JOSS,1,Rutger Vos
10.21105/joss.01364,JOSS,2,Nnadi Emmanuel
10.21105/joss.01364,JOSS,3,John Aguiyi
10.21105/joss.02079,JOSS,1,Philippe Boileau
10.21105/joss.02079,JOSS,2,Nima Hejazi
10.21105/joss.02079,JOSS,3,Sandrine Dudoit
10.21105/joss.03618,JOSS,1,Michaël Touati
10.21105/joss.07783,JOSS,1,Sayak Chakrabarty
10.21105/joss.07783,JOSS,2,Souradip Pal
10.21105/joss.04207,JOSS,1,Zhen Wu
10.21105/joss.04207,JOSS,2,Gael Forget
10.21105/joss.04815,JOSS,1,Zequn Jia
10.21105/joss.04815,JOSS,2,Yantao Sun
10.21105/joss.04815,JOSS,3,Qiang Liu
10.21105/joss.04752,JOSS,1,Connor Barnes
10.21105/joss.04752,JOSS,2,Luke Henke
10.21105/joss.04752,JOSS,3,Lorena Henke
10.21105/joss.04752,JOSS,4,Ivan Krukov
10.21105/joss.04752,JOSS,5,Owen Hildreth
10.21105/joss.06725,JOSS,1,Maximilian Bittens
10.21105/joss.06794,JOSS,1,Manuel Razo-Mejia
10.21105/joss.06194,JOSS,1,Osamu Waseda
10.21105/joss.06194,JOSS,2,Tilmann Hickel
10.21105/joss.06194,JOSS,3,Jörg Neugebauer
10.21105/joss.05711,JOSS,1,Zachery Crandall
10.21105/joss.05711,JOSS,2,Blake Mulnix
10.21105/joss.05711,JOSS,3,Branden Butler
10.21105/joss.05711,JOSS,4,Theresa L. Windus
10.21105/joss.05711,JOSS,5,Ryan M. Richard
10.21105/joss.05810,JOSS,1,Alejandro José Uría-Álvarez
10.21105/joss.05810,JOSS,2,Juan José Palacios
10.21105/joss.06028,JOSS,1,Julian Ceddia
10.21105/joss.06028,JOSS,2,Jack Hellerstedt
10.21105/joss.06028,JOSS,3,Benjamin Lowe
10.21105/joss.06028,JOSS,4,Agustin Schiffrin
10.21105/joss.01943,JOSS,1,Leonardo Uieda
10.21105/joss.01943,JOSS,2,Santiago Soler
10.21105/joss.01943,JOSS,3,Rémi Rampin
10.21105/joss.01943,JOSS,4,Hugo van Kemenade
10.21105/joss.01943,JOSS,5,Matthew Turk
10.21105/joss.01943,JOSS,6,Daniel Shapero
10.21105/joss.01943,JOSS,7,Anderson Banihirwe
10.21105/joss.01943,JOSS,8,John Leeman
10.21105/joss.06732,JOSS,1,Colm Duffy
10.21105/joss.06732,JOSS,2,Daniel Henn
10.21105/joss.06732,JOSS,3,Remi Prudhomme
10.21105/joss.06732,JOSS,4,David Styles
10.21105/joss.09344,JOSS,1,Maxence Gollier
10.21105/joss.09344,JOSS,2,Mohamed Laghdaf Habiboullah
10.21105/joss.09344,JOSS,3,Geoffroy Leconte
10.21105/joss.09344,JOSS,4,Robert Baraldi
10.21105/joss.09344,JOSS,5,Alberto De Marchi
10.21105/joss.09344,JOSS,6,Dominique Orban
10.21105/joss.09344,JOSS,7,Youssef Diouane
10.21105/joss.03236,JOSS,1,Indrajeet Patil
10.21105/joss.08633,JOSS,1,Michael Igorevich Ivanitskiy
10.21105/joss.08633,JOSS,2,Aaron Sandoval
10.21105/joss.08633,JOSS,3,Alexander F. Spies
10.21105/joss.08633,JOSS,4,Tilman Räuker
10.21105/joss.08633,JOSS,5,Brandon Knutson
10.21105/joss.08633,JOSS,6,Cecilia Diniz Behn
10.21105/joss.08633,JOSS,7,Samy Wu Fung
10.21105/joss.01911,JOSS,1,Edward Oughton
10.21105/joss.01911,JOSS,2,Tom Russell
10.21105/joss.00401,JOSS,1,Travis Kessler
10.21105/joss.00401,JOSS,2,John Hunter Mack
10.21105/joss.01722,JOSS,1,Shana Scogin
10.21105/joss.01722,JOSS,2,Johannes Karreth
10.21105/joss.01722,JOSS,3,Andreas Beger
10.21105/joss.01722,JOSS,4,Rob Williams
10.21105/joss.08964,JOSS,1,Matthew S. Caudill
10.21105/joss.00293,JOSS,1,Bennett Kleinberg
10.21105/joss.00293,JOSS,2,Maximilian Mozes
10.21105/joss.00961,JOSS,1,Aleksandra Grudziaz
10.21105/joss.00961,JOSS,2,Alicja Gosiewska
10.21105/joss.00961,JOSS,3,Przemyslaw Biecek
10.21105/joss.00707,JOSS,1,Karl Wette
10.21105/joss.00707,JOSS,2,Reinhard Prix
10.21105/joss.00707,JOSS,3,David Keitel
10.21105/joss.00707,JOSS,4,Matthew Pitkin
10.21105/joss.00707,JOSS,5,Christoph Dreissigacker
10.21105/joss.00707,JOSS,6,John T. Whelan
10.21105/joss.00707,JOSS,7,Paola Leaci
10.21105/joss.02259,JOSS,1,Stefanie Lueck
10.21105/joss.02259,JOSS,2,Ulrike Beukert
10.21105/joss.02259,JOSS,3,Dimitar Douchkov
10.21105/joss.03202,JOSS,1,Justin Shenk
10.21105/joss.03202,JOSS,2,Wolf Byttner
10.21105/joss.03202,JOSS,3,Saranraj Nambusubramaniyan
10.21105/joss.03202,JOSS,4,Alexander Zoeller
10.21105/joss.01098,JOSS,1,Erica Christensen
10.21105/joss.01098,JOSS,2,Glenda Yenni
10.21105/joss.01098,JOSS,3,Hao Ye
10.21105/joss.01098,JOSS,4,Juniper Simonis
10.21105/joss.01098,JOSS,5,Ellen Bledsoe
10.21105/joss.01098,JOSS,6,Renata Diaz
10.21105/joss.01098,JOSS,7,Shawn Taylor
10.21105/joss.01098,JOSS,8,Ethan White
10.21105/joss.01098,JOSS,9,S. Ernest
10.21105/joss.00064,JOSS,1,Kelly A. Kearney
10.21105/joss.05115,JOSS,1,Matthew R. Carbone
10.21105/joss.05115,JOSS,2,Stepan Fomichev
10.21105/joss.05115,JOSS,3,Andrew J. Millis
10.21105/joss.05115,JOSS,4,Mona Berciu
10.21105/joss.05115,JOSS,5,David R. Reichman
10.21105/joss.05115,JOSS,6,John Sous
10.21105/joss.01285,JOSS,1,Philip Waggoner
10.21105/joss.01285,JOSS,2,Ryan Kennedy
10.21105/joss.01285,JOSS,3,Scott Clifford
10.21105/joss.00464,JOSS,1,Markus J Ankenbrand
10.21105/joss.00464,JOSS,2,Simon Pfaff
10.21105/joss.00464,JOSS,3,Niklas Terhoeven
10.21105/joss.00464,JOSS,4,Musga Qureischi
10.21105/joss.00464,JOSS,5,Maik Gündel
10.21105/joss.00464,JOSS,6,Clemens L. Weiß
10.21105/joss.00464,JOSS,7,Thomas Hackl
10.21105/joss.00464,JOSS,8,Frank Förster
10.21105/joss.07782,JOSS,1,Jan Janssen
10.21105/joss.07782,JOSS,2,Michael Gilbert Taylor
10.21105/joss.07782,JOSS,3,Ping Yang
10.21105/joss.07782,JOSS,4,Joerg Neugebauer
10.21105/joss.07782,JOSS,5,Danny Perez
10.21105/joss.02102,JOSS,1,Sunghyun Kim
10.21105/joss.02102,JOSS,2,Samantha Hood
10.21105/joss.02102,JOSS,3,Puck van Gerwen
10.21105/joss.02102,JOSS,4,Lucy Whalley
10.21105/joss.02102,JOSS,5,Aron Walsh
10.21105/joss.06567,JOSS,1,Hangzhi Guo
10.21105/joss.06567,JOSS,2,Xinchang Xiong
10.21105/joss.06567,JOSS,3,Wenbo Zhang
10.21105/joss.06567,JOSS,4,Amulya Yadav
10.21105/joss.06693,JOSS,1,Rory Chen
10.21105/joss.06693,JOSS,2,Vibeke S Catts
10.21105/joss.06693,JOSS,3,Ashleigh Vella
10.21105/joss.06693,JOSS,4,Juan Carlo San Jose
10.21105/joss.06693,JOSS,5,Sarah Bauermeister
10.21105/joss.06693,JOSS,6,Joshua Bauermeister
10.21105/joss.06693,JOSS,7,Emma Squires
10.21105/joss.06693,JOSS,8,Simon Thompson
10.21105/joss.06693,JOSS,9,John Gallacher
10.21105/joss.06693,JOSS,10,Perminder S. Sachdev
10.21105/joss.02160,JOSS,1,He Ma
10.21105/joss.02160,JOSS,2,Marco Govoni
10.21105/joss.02160,JOSS,3,Giulia Galli
10.21105/joss.00165,JOSS,1,Benny Malengier
10.21105/joss.00165,JOSS,2,Pavol Kišon
10.21105/joss.00165,JOSS,3,James Tocknell
10.21105/joss.00165,JOSS,4,Claas Abert
10.21105/joss.00165,JOSS,5,Florian Bruckner
10.21105/joss.00165,JOSS,6,Marc-Antonio Bisotti
10.21105/joss.06940,JOSS,1,Aurélien Babarit
10.21105/joss.06940,JOSS,2,Moran Charlou
10.21105/joss.01700,JOSS,1,Jonathan Kaplan
10.21105/joss.01700,JOSS,2,Alessandra Bonfanti
10.21105/joss.01700,JOSS,3,Alexandre Kabla
10.21105/joss.07541,JOSS,1,Leonie Sara Plaga
10.21105/joss.07541,JOSS,2,Valentin Bertsch
10.21105/joss.08599,JOSS,1,Alides Baptista Chimin Junior
10.21105/joss.07286,JOSS,1,Timothy A. Smith
10.21105/joss.07286,JOSS,2,Stephen G. Penny
10.21105/joss.07286,JOSS,3,Jason A. Platt
10.21105/joss.07286,JOSS,4,Tse-Chun Chen
10.21105/joss.01191,JOSS,1,Kenneth Lyons
10.21105/joss.01191,JOSS,2,Benjamin Margolis
10.21105/joss.03199,JOSS,1,Platon Karpov
10.21105/joss.03199,JOSS,2,Iskandar Sitdikov
10.21105/joss.03199,JOSS,3,Chengkun Huang
10.21105/joss.03199,JOSS,4,Chris Fryer
10.21105/joss.08502,JOSS,1,Pierrick Pochelu
10.21105/joss.05380,JOSS,1,Amirali Hossein
10.21105/joss.05380,JOSS,2,Alexander J. Sodt
10.21105/joss.00448,JOSS,1,Olivier Delestre
10.21105/joss.00448,JOSS,2,Frédéric Darboux
10.21105/joss.00448,JOSS,3,François James
10.21105/joss.00448,JOSS,4,Carine Lucas
10.21105/joss.00448,JOSS,5,Christian Laguerre
10.21105/joss.00448,JOSS,6,Stéphane Cordier
10.21105/joss.08757,JOSS,1,Benjamin Magill
10.21105/joss.08757,JOSS,2,Phil McMinn
10.21105/joss.02607,JOSS,1,Jonas Rauber
10.21105/joss.02607,JOSS,2,Roland Zimmermann
10.21105/joss.02607,JOSS,3,Matthias Bethge
10.21105/joss.02607,JOSS,4,Wieland Brendel
10.21105/joss.00606,JOSS,1,Andreas Bender
10.21105/joss.00606,JOSS,2,Alexander Bauer
10.21105/joss.03661,JOSS,1,Simon Couch
10.21105/joss.03661,JOSS,2,Andrew Bray
10.21105/joss.03661,JOSS,3,Chester Ismay
10.21105/joss.03661,JOSS,4,Evgeni Chasnovski
10.21105/joss.03661,JOSS,5,Benjamin Baumer
10.21105/joss.03661,JOSS,6,Mine Çetinkaya-Rundel
10.21105/joss.06084,JOSS,1,Michael T. Kuczynski
10.21105/joss.06084,JOSS,2,Nathan J. Neeteson
10.21105/joss.06084,JOSS,3,Kathryn S. Stok
10.21105/joss.06084,JOSS,4,Andrew J. Burghardt
10.21105/joss.06084,JOSS,5,Michelle A. Espinosa Hernandez
10.21105/joss.06084,JOSS,6,Jared Vicory
10.21105/joss.06084,JOSS,7,Justin J. Tse
10.21105/joss.06084,JOSS,8,Pholpat Durongbhan
10.21105/joss.06084,JOSS,9,Serena Bonaretti
10.21105/joss.06084,JOSS,10,Andy Kin On Wong
10.21105/joss.06084,JOSS,11,Steven K. Boyd
10.21105/joss.06084,JOSS,12,Sarah L. Manske
10.21105/joss.03811,JOSS,1,Maximilian Hesselbarth
10.21105/joss.03482,JOSS,1,Broncio Aguilar-Sanjuan
10.21105/joss.03482,JOSS,2,Víctor García-Garrido
10.21105/joss.03482,JOSS,3,Vladimír Krajňák
10.21105/joss.03482,JOSS,4,Shibabrat Naik
10.21105/joss.03482,JOSS,5,Stephen Wiggins
10.21105/joss.08958,JOSS,1,Nikolas Dahn
10.21105/joss.04366,JOSS,1,Nicolas Raillard
10.21105/joss.04366,JOSS,2,Simon Chabot
10.21105/joss.04366,JOSS,3,Christophe Maisondieu
10.21105/joss.04366,JOSS,4,David Darbynian
10.21105/joss.04366,JOSS,5,Gregory Payne
10.21105/joss.04366,JOSS,6,Louis Papillon
10.21105/joss.03622,JOSS,1,Vinícius Salazar
10.21105/joss.03622,JOSS,2,João Cavalcante
10.21105/joss.03622,JOSS,3,Daniel de Oliveira
10.21105/joss.03622,JOSS,4,Fabiano Thompson
10.21105/joss.03622,JOSS,5,Marta Mattoso
10.21105/joss.00457,JOSS,1,Ai Okada
10.21105/joss.00457,JOSS,2,Kenichi Chiba
10.21105/joss.00457,JOSS,3,Hiroko Tanaka
10.21105/joss.00457,JOSS,4,Satoru Miyano
10.21105/joss.00457,JOSS,5,Yuichi Shiraishi
10.21105/joss.00497,JOSS,1,René L. Warren
10.21105/joss.02451,JOSS,1,Mitchell Sullivan
10.21105/joss.02451,JOSS,2,Harm van Bakel
10.21105/joss.09278,JOSS,1,Kyle A. Oman
10.21105/joss.09646,JOSS,1,Peter Melchior
10.21105/joss.09646,JOSS,2,Charlotte Ward
10.21105/joss.09646,JOSS,3,Benjamin Remy
10.21105/joss.09646,JOSS,4,Matt L. Wiemann
10.21105/joss.09646,JOSS,5,Jared Siegel
10.21105/joss.02965,JOSS,1,Qiusheng Wu
10.21105/joss.01539,JOSS,1,Henrik Finsberg
10.21105/joss.05550,JOSS,1,Paul Rougieux
10.21105/joss.05550,JOSS,2,Selene Patani
10.21105/joss.05550,JOSS,3,Mirco Migliavacca
10.21105/joss.01986,JOSS,1,Tiago Tresoldi
10.21105/joss.00188,JOSS,1,Carlos X. Hernández
10.21105/joss.00188,JOSS,2,Matthew P. Harrigan
10.21105/joss.00188,JOSS,3,Mohammad M. Sultan
10.21105/joss.00188,JOSS,4,Vijay S. Pande
10.21105/joss.02004,JOSS,1,Ellert van der Velden
10.21105/joss.02050,JOSS,1,Andrew Annex
10.21105/joss.02050,JOSS,2,Ben Pearson
10.21105/joss.02050,JOSS,3,Benoît Seignovert
10.21105/joss.02050,JOSS,4,Brian Carcich
10.21105/joss.02050,JOSS,5,Helge Eichhorn
10.21105/joss.02050,JOSS,6,Jesse Mapel
10.21105/joss.02050,JOSS,7,Johan von Forstner
10.21105/joss.02050,JOSS,8,Jonathan McAuliffe
10.21105/joss.02050,JOSS,9,Jorge del Rio
10.21105/joss.02050,JOSS,10,Kristin Berry
10.21105/joss.02050,JOSS,11,K.-Michael Aye
10.21105/joss.02050,JOSS,12,Marcel Stefko
10.21105/joss.02050,JOSS,13,Miguel de Val-Borro
10.21105/joss.02050,JOSS,14,Shankar Kulumani
10.21105/joss.02050,JOSS,15,Shin-ya Murakami
10.21105/joss.02419,JOSS,1,Kauê de Sousa
10.21105/joss.02419,JOSS,2,Adam Sparks
10.21105/joss.02419,JOSS,3,William Ashmall
10.21105/joss.02419,JOSS,4,Jacob van Etten
10.21105/joss.02419,JOSS,5,Svein Solberg
10.21105/joss.02104,JOSS,1,Brian de Silva
10.21105/joss.02104,JOSS,2,Kathleen Champion
10.21105/joss.02104,JOSS,3,Markus Quade
10.21105/joss.02104,JOSS,4,Jean-Christophe Loiseau
10.21105/joss.02104,JOSS,5,J. Kutz
10.21105/joss.02104,JOSS,6,Steven Brunton
10.21105/joss.09924,JOSS,1,Johannes Apelt
10.21105/joss.06203,JOSS,1,S. Mason Garrison
10.21105/joss.06203,JOSS,2,Michael D. Hunter
10.21105/joss.06203,JOSS,3,Xuanyu Lyu
10.21105/joss.06203,JOSS,4,Jonathan D. Trattner
10.21105/joss.06203,JOSS,5,S. Alexandra Burt
10.21105/joss.06720,JOSS,1,David Ittah
10.21105/joss.06720,JOSS,2,Ali Asadi
10.21105/joss.06720,JOSS,3,Erick Ochoa Lopez
10.21105/joss.06720,JOSS,4,Sergei Mironov
10.21105/joss.06720,JOSS,5,Samuel Banning
10.21105/joss.06720,JOSS,6,Romain Moyard
10.21105/joss.06720,JOSS,7,Mai Jacob Peng
10.21105/joss.06720,JOSS,8,Josh Izaac
10.21105/joss.04251,JOSS,1,Craig Gower-Page
10.21105/joss.04251,JOSS,2,Alessandro Noci
10.21105/joss.04251,JOSS,3,Marcel Wolbers
10.21105/joss.06554,JOSS,1,Rafael Orozco
10.21105/joss.06554,JOSS,2,Philipp Witte
10.21105/joss.06554,JOSS,3,Mathias Louboutin
10.21105/joss.06554,JOSS,4,Ali Siahkoohi
10.21105/joss.06554,JOSS,5,Gabrio Rizzuti
10.21105/joss.06554,JOSS,6,Bas Peters
10.21105/joss.06554,JOSS,7,Felix J. Herrmann
10.21105/joss.05322,JOSS,1,Saeed Mohammadzadeh
10.21105/joss.05322,JOSS,2,Emma Lejeune
10.21105/joss.03159,JOSS,1,Robin Trama
10.21105/joss.03159,JOSS,2,Christophe Hautier
10.21105/joss.03159,JOSS,3,Yoann Blache
10.21105/joss.05466,JOSS,1,Rémi Thériault
10.21105/joss.06451,JOSS,1,Jørgen Schartum Dokken
10.21105/joss.04439,JOSS,1,Alessandro Santuz
10.21105/joss.01488,JOSS,1,Christoph Haarburger
10.21105/joss.01488,JOSS,2,Justus Schock
10.21105/joss.01488,JOSS,3,Michael Baumgartner
10.21105/joss.01488,JOSS,4,Oliver Rippel
10.21105/joss.01488,JOSS,5,Dorit Merhof
10.21105/joss.04480,JOSS,1,Ítalo Epifânio
10.21105/joss.04480,JOSS,2,Oleksandr Pysarenko
10.21105/joss.04480,JOSS,3,Immanuel Bayer
10.21105/joss.07932,JOSS,1,Logan L. Lang
10.21105/joss.07932,JOSS,2,Eduardo R. Hernandez
10.21105/joss.07932,JOSS,3,Kamal Choudhary
10.21105/joss.07932,JOSS,4,Aldo H. Romero
10.21105/joss.06869,JOSS,1,William Rosenbaum
10.21105/joss.06869,JOSS,2,Pär Larsson
10.21105/joss.06523,JOSS,1,Erik Forsberg
10.21105/joss.07102,JOSS,1,Jakob Stegmann
10.21105/joss.07102,JOSS,2,Fabio Antonini
10.21105/joss.04343,JOSS,1,Warrick H. Ball
10.21105/joss.06169,JOSS,1,Eric G Suchanek
10.21105/joss.06170,JOSS,1,Max C. Gallant
10.21105/joss.06170,JOSS,2,Kristin A. Persson
10.21105/joss.05670,JOSS,1,Antun Skuric
10.21105/joss.05670,JOSS,2,Vincent Padois
10.21105/joss.05670,JOSS,3,David Daney
10.21105/joss.05763,JOSS,1,Yan-Kai Chen
10.21105/joss.05763,JOSS,2,Douglas R. Houston
10.21105/joss.05763,JOSS,3,Manfred Auer
10.21105/joss.05763,JOSS,4,Steven Shave
10.21105/joss.02250,JOSS,1,Adithi Upadhya
10.21105/joss.02250,JOSS,2,Pratyush Agrawal
10.21105/joss.02250,JOSS,3,Sreekanth Vakacherla
10.21105/joss.02250,JOSS,4,Meenakshi Kushwaha
10.21105/joss.00209,JOSS,1,Chapman Siu
10.21105/joss.02916,JOSS,1,Erik Bülow
10.21105/joss.00016,JOSS,1,Alice Harpole
10.21105/joss.00016,JOSS,2,Ian Hawke
10.21105/joss.02183,JOSS,1,Michael Turi
10.21105/joss.02043,JOSS,1,Andy Nowacki
10.21105/joss.00581,JOSS,1,James Tocknell
10.21105/joss.03447,JOSS,1,Riccardo Biondi
10.21105/joss.03447,JOSS,2,Nico Curti
10.21105/joss.03447,JOSS,3,Enrico Giampieri
10.21105/joss.03447,JOSS,4,Gastone Castellani
10.21105/joss.00899,JOSS,1,Ashkbiz Danehkar
10.21105/joss.01363,JOSS,1,Marouen Guebila
10.21105/joss.04628,JOSS,1,Patrick K. Erdelt
10.21105/joss.04628,JOSS,2,Jascha Jestel
10.21105/joss.02581,JOSS,1,Brendan Boyd
10.21105/joss.02581,JOSS,2,Devin Silvia
10.21105/joss.02581,JOSS,3,Brian O’Shea
10.21105/joss.02581,JOSS,4,Jason Tumlinson
10.21105/joss.02581,JOSS,5,Molly Peeples
10.21105/joss.02581,JOSS,6,Nicholas Earl
10.21105/joss.08420,JOSS,1,Filipe Jaeger Zabala
10.21105/joss.08420,JOSS,2,Giovanni Abrahão Salum
10.21105/joss.00711,JOSS,1,Federico Reghenzani
10.21105/joss.00711,JOSS,2,Giuseppe Massari
10.21105/joss.00711,JOSS,3,William Fornaciari
10.21105/joss.03247,JOSS,1,Mathew Jacob
10.21105/joss.07940,JOSS,1,Dorian Depriester
10.21105/joss.07940,JOSS,2,Régis Kubler
10.21105/joss.08174,JOSS,1,Stella Bourdin
10.21105/joss.08174,JOSS,2,Leo Saffin
10.21105/joss.04532,JOSS,1,Muhammad Asad
10.21105/joss.04532,JOSS,2,Reuben Dorent
10.21105/joss.04532,JOSS,3,Tom Vercauteren
10.21105/joss.07564,JOSS,1,Carlo Brunelli
10.21105/joss.04623,JOSS,1,Maximilian E. Merkel
10.21105/joss.04623,JOSS,2,Alberto Carta
10.21105/joss.04623,JOSS,3,Sophie Beck
10.21105/joss.04623,JOSS,4,Alexander Hampel
10.21105/joss.07943,JOSS,1,Lawson Woods
10.21105/joss.07943,JOSS,2,Hugo MacDermott-Opeskin
10.21105/joss.07943,JOSS,3,Edis Jakupovic
10.21105/joss.07943,JOSS,4,Yuxuan Zhuang
10.21105/joss.07943,JOSS,5,Richard J Gowers
10.21105/joss.07943,JOSS,6,Oliver Beckstein
10.21105/joss.04650,JOSS,1,Clemens Brunner
10.21105/joss.00764,JOSS,1,Evan Munson
10.21105/joss.00764,JOSS,2,Christopher Smith
10.21105/joss.00764,JOSS,3,Bradley Boehmke
10.21105/joss.00764,JOSS,4,Jason Freels
10.21105/joss.00980,JOSS,1,Oliver Tomic
10.21105/joss.00980,JOSS,2,Thomas Graff
10.21105/joss.00980,JOSS,3,Kristian Liland
10.21105/joss.00980,JOSS,4,Tormod Næs
10.21105/joss.00557,JOSS,1,Julia Wrobel
10.21105/joss.06240,JOSS,1,Mohammadamin Sinichi
10.21105/joss.06240,JOSS,2,Martin Gevonden
10.21105/joss.06240,JOSS,3,Lydia Krabbendam
10.21105/joss.01042,JOSS,1,Vaishnav Tadiparthi
10.21105/joss.01042,JOSS,2,Shao-Chen Hsu
10.21105/joss.01042,JOSS,3,Raktim Bhattacharya
10.21105/joss.06101,JOSS,1,Dingcheng Luo
10.21105/joss.06101,JOSS,2,Peng Chen
10.21105/joss.06101,JOSS,3,Thomas O’Leary-Roseberry
10.21105/joss.06101,JOSS,4,Umberto Villa
10.21105/joss.06101,JOSS,5,Omar Ghattas
10.21105/joss.04930,JOSS,1,Christopher B. Anderson
10.21105/joss.01867,JOSS,1,Rhenan Bartels
10.21105/joss.01867,JOSS,2,Tiago Peçanha
10.21105/joss.05883,JOSS,1,Abhijith Prakash
10.21105/joss.05883,JOSS,2,Anna Bruce
10.21105/joss.05883,JOSS,3,Iain MacGill
10.21105/joss.02498,JOSS,1,Praneeth Balakrishna
10.21105/joss.02498,JOSS,2,Gerrit Book
10.21105/joss.02498,JOSS,3,Wilhelm Kirchgässner
10.21105/joss.02498,JOSS,4,Maximilian Schenke
10.21105/joss.02498,JOSS,5,Arne Traue
10.21105/joss.02498,JOSS,6,Oliver Wallscheid
10.21105/joss.06916,JOSS,1,Ava C. Thrasher
10.21105/joss.06916,JOSS,2,Michael Krause
10.21105/joss.06916,JOSS,3,Sébastien Henry
10.21105/joss.06916,JOSS,4,Michela Mancini
10.21105/joss.06916,JOSS,5,Priyal Soni
10.21105/joss.06916,JOSS,6,John A. Christian
10.21105/joss.05771,JOSS,1,David Malaspina
10.21105/joss.05771,JOSS,2,Jordi Faraudo
10.21105/joss.08861,JOSS,1,Varun Ratnakar
10.21105/joss.08861,JOSS,2,Deborah Khider
10.21105/joss.00633,JOSS,1,Rory Nolan
10.21105/joss.00633,JOSS,2,Sergi Padilla-Parra
10.21105/joss.08034,JOSS,1,TI-FSM
10.21105/joss.08034,JOSS,2,Christian Morland
10.21105/joss.08034,JOSS,3,Franziska Schier
10.21105/joss.08034,JOSS,4,Julia Tandetzki
10.21105/joss.08034,JOSS,5,Tomke Honkomp
10.21105/joss.01706,JOSS,1,Pik-Mai Hui
10.21105/joss.01706,JOSS,2,Kai-Cheng Yang
10.21105/joss.01706,JOSS,3,Christopher Torres-Lugo
10.21105/joss.01706,JOSS,4,Zachary Monroe
10.21105/joss.01706,JOSS,5,Marc McCarty
10.21105/joss.01706,JOSS,6,Benjamin Serrette
10.21105/joss.01706,JOSS,7,Valentin Pentchev
10.21105/joss.01706,JOSS,8,Filippo Menczer
10.21105/joss.08780,JOSS,1,Adriano Martinelli
10.21105/joss.08780,JOSS,2,Marianna Rapsomaniki
10.21105/joss.05566,JOSS,1,Mats W. J. van Es
10.21105/joss.05566,JOSS,2,Eelke Spaak
10.21105/joss.05566,JOSS,3,Jan-Mathijs Schoffelen
10.21105/joss.05566,JOSS,4,Robert Oostenveld
10.21105/joss.05083,JOSS,1,Karl Otness
10.21105/joss.05083,JOSS,2,Donsub Rim
10.21105/joss.07550,JOSS,1,Vivek Kumar Yadav
10.21105/joss.07550,JOSS,2,Amin Shakya
10.21105/joss.07550,JOSS,3,Abhishek Mhamane
10.21105/joss.07550,JOSS,4,Tsungrojungla Walling
10.21105/joss.07550,JOSS,5,Shard Chander
10.21105/joss.07550,JOSS,6,Bhaskar R. Nikam
10.21105/joss.07550,JOSS,7,Nagesh Kumar Dasika
10.21105/joss.07550,JOSS,8,Bramha Dutt Vishwakarma
10.21105/joss.06323,JOSS,1,Milan Klöwer
10.21105/joss.06323,JOSS,2,Maximilian Gelbrecht
10.21105/joss.06323,JOSS,3,Daisuke Hotta
10.21105/joss.06323,JOSS,4,Justin Willmert
10.21105/joss.06323,JOSS,5,Simone Silvestri
10.21105/joss.06323,JOSS,6,Gregory L Wagner
10.21105/joss.06323,JOSS,7,Alistair White
10.21105/joss.06323,JOSS,8,Sam Hatfield
10.21105/joss.06323,JOSS,9,Tom Kimpson
10.21105/joss.06323,JOSS,10,Navid C Constantinou
10.21105/joss.06323,JOSS,11,Chris Hill
10.21105/joss.02089,JOSS,1,Aslak Bergersen
10.21105/joss.02089,JOSS,2,Andreas Slyngstad
10.21105/joss.02089,JOSS,3,Sebastian Gjertsen
10.21105/joss.02089,JOSS,4,Alban Souche
10.21105/joss.02089,JOSS,5,Kristian Valen-Sendstad
10.21105/joss.00877,JOSS,1,Pierre de Buyl
10.21105/joss.06390,JOSS,1,Oliver Lylloff
10.21105/joss.01331,JOSS,1,Tobias Knopp
10.21105/joss.01331,JOSS,2,Martin Möddel
10.21105/joss.01331,JOSS,3,Florian Griese
10.21105/joss.01331,JOSS,4,Franziska Werner
10.21105/joss.01331,JOSS,5,Patryk Szwargulski
10.21105/joss.01331,JOSS,6,Nadine Gdaniec
10.21105/joss.01331,JOSS,7,Marija Boberg
10.21105/joss.01292,JOSS,1,Sebastian Mitusch
10.21105/joss.01292,JOSS,2,Simon Funke
10.21105/joss.01292,JOSS,3,Jørgen Dokken
10.21105/joss.01451,JOSS,1,C. Sullivan
10.21105/joss.01451,JOSS,2,Whitney Trainor-Guitton
10.21105/joss.03646,JOSS,1,Martin Wilson
10.21105/joss.08897,JOSS,1,Joseph Farrington
10.21105/joss.08897,JOSS,2,Wai Keong Wong
10.21105/joss.08897,JOSS,3,Kezhi Li
10.21105/joss.08897,JOSS,4,Martin Utley
10.21105/joss.00924,JOSS,1,Pradeep Reddy Raamana
10.21105/joss.00924,JOSS,2,Stephen C. Strother
10.21105/joss.07925,JOSS,1,Alexander Coulter
10.21105/joss.07925,JOSS,2,Rebecca Lee
10.21105/joss.07925,JOSS,3,Irina Gaynanova
10.21105/joss.09467,JOSS,1,Tangi Migot
10.21105/joss.09467,JOSS,2,Dominique Monnet
10.21105/joss.09467,JOSS,3,Dominique Orban
10.21105/joss.09467,JOSS,4,Abel Soares Siqueira
10.21105/joss.05150,JOSS,1,Patrick N. Raanes
10.21105/joss.05150,JOSS,2,Yumeng Chen
10.21105/joss.05150,JOSS,3,Colin Grudzien
10.21105/joss.05422,JOSS,1,David McCoy
10.21105/joss.05422,JOSS,2,Alejandro Schuler
10.21105/joss.05422,JOSS,3,Alan Hubbard
10.21105/joss.05422,JOSS,4,Mark van der Laan
10.21105/joss.03838,JOSS,1,Team Compas
10.21105/joss.03838,JOSS,2,Jeff Riley
10.21105/joss.03838,JOSS,3,Poojan Agrawal
10.21105/joss.03838,JOSS,4,Jim Barrett
10.21105/joss.03838,JOSS,5,Kristian Boyett
10.21105/joss.03838,JOSS,6,Floor Broekgaarden
10.21105/joss.03838,JOSS,7,Debatri Chattopadhyay
10.21105/joss.03838,JOSS,8,Sebastian Gaebel
10.21105/joss.03838,JOSS,9,Fabian Gittins
10.21105/joss.03838,JOSS,10,Ryosuke Hirai
10.21105/joss.03838,JOSS,11,George Howitt
10.21105/joss.03838,JOSS,12,Stephen Justham
10.21105/joss.03838,JOSS,13,Lokesh Khandelwal
10.21105/joss.03838,JOSS,14,Floris Kummer
10.21105/joss.03838,JOSS,15,Mike Lau
10.21105/joss.03838,JOSS,16,Ilya Mandel
10.21105/joss.03838,JOSS,17,Selma de Mink
10.21105/joss.03838,JOSS,18,Coenraad Neijssel
10.21105/joss.03838,JOSS,19,Tim Riley
10.21105/joss.03838,JOSS,20,Lieke van Son
10.21105/joss.03838,JOSS,21,Simon Stevenson
10.21105/joss.03838,JOSS,22,Alejandro Vigna-Gómez
10.21105/joss.03838,JOSS,23,Serena Vinciguerra
10.21105/joss.03838,JOSS,24,Tom Wagg
10.21105/joss.03838,JOSS,25,Reinhold Willcox
10.21105/joss.06678,JOSS,1,Willy Fitra Hendria
10.21105/joss.06678,JOSS,2,Paul Gavrikov
10.21105/joss.02763,JOSS,1,Keith Goldfeld
10.21105/joss.02763,JOSS,2,Jacob Wujciak-Jens
10.21105/joss.01745,JOSS,1,Benjamin Margolis
10.21105/joss.01745,JOSS,2,Kenneth Lyons
10.21105/joss.05057,JOSS,1,Ayush Pandey
10.21105/joss.05057,JOSS,2,William Poole
10.21105/joss.05057,JOSS,3,Anandh Swaminathan
10.21105/joss.05057,JOSS,4,Victoria Hsiao
10.21105/joss.05057,JOSS,5,Richard M Murray
10.21105/joss.09348,JOSS,1,Alexander V. Mantzaris
10.21105/joss.04962,JOSS,1,Alexander G. Squires
10.21105/joss.04962,JOSS,2,David O. Scanlon
10.21105/joss.04962,JOSS,3,Benjamin J. Morgan
10.21105/joss.00032,JOSS,1,Zoran Cuckovic
10.21105/joss.01941,JOSS,1,Christopher Desjardins
10.21105/joss.01941,JOSS,2,Okan Bulut
10.21105/joss.02801,JOSS,1,Will Barnes
10.21105/joss.02801,JOSS,2,Mark Cheung
10.21105/joss.02801,JOSS,3,Monica Bobra
10.21105/joss.02801,JOSS,4,Paul Boerner
10.21105/joss.02801,JOSS,5,Georgios Chintzoglou
10.21105/joss.02801,JOSS,6,Drew Leonard
10.21105/joss.02801,JOSS,7,Stuart Mumford
10.21105/joss.02801,JOSS,8,Nicholas Padmanabhan
10.21105/joss.02801,JOSS,9,Albert Shih
10.21105/joss.02801,JOSS,10,Nina Shirman
10.21105/joss.02801,JOSS,11,David Stansby
10.21105/joss.02801,JOSS,12,Paul Wright
10.21105/joss.06816,JOSS,1,David Grant
10.21105/joss.06816,JOSS,2,Hannah R. Wakeford
10.21105/joss.01316,JOSS,1,Ryan Wick
10.21105/joss.01632,JOSS,1,Richard Teague
10.21105/joss.00692,JOSS,1,Júlio Hoffimann^[Corresponding author: juliohm@stanford.edu]
10.21105/joss.05480,JOSS,1,Bob Aubouin–Pairault
10.21105/joss.05480,JOSS,2,Mirko Fiacchini
10.21105/joss.05480,JOSS,3,Thao Dang
10.21105/joss.05703,JOSS,1,Imad Pasha
10.21105/joss.05703,JOSS,2,Tim B. Miller
10.21105/joss.00371,JOSS,1,Gabriele Rovigatti
10.21105/joss.03887,JOSS,1,Jonathan Rittmo
10.21105/joss.03887,JOSS,2,Robert McIntosh
10.21105/joss.06120,JOSS,1,J. McIntosh
10.21105/joss.06120,JOSS,2,Qian Cao
10.21105/joss.06120,JOSS,3,Berkman Sahiner
10.21105/joss.06120,JOSS,4,Nicholas Petrick
10.21105/joss.06120,JOSS,5,M. Mehdi Farhangi
10.21105/joss.05581,JOSS,1,Peter van Lunteren
10.21105/joss.06598,JOSS,1,D. G. Mathews
10.21105/joss.06598,JOSS,2,C. B. Crawford
10.21105/joss.06598,JOSS,3,S. Baeßler
10.21105/joss.06598,JOSS,4,N. Birge
10.21105/joss.06598,JOSS,5,L. J. Broussard
10.21105/joss.06598,JOSS,6,F. Gonzalez
10.21105/joss.06598,JOSS,7,L. Hayen
10.21105/joss.06598,JOSS,8,A. Jezghani
10.21105/joss.06598,JOSS,9,H. Li
10.21105/joss.06598,JOSS,10,R. Mammei
10.21105/joss.06598,JOSS,11,A. Mendelsohn
10.21105/joss.06598,JOSS,12,G. Randall
10.21105/joss.06598,JOSS,13,G. V. Riley
10.21105/joss.06598,JOSS,14,D. C. Schaper
10.21105/joss.06392,JOSS,1,Milka Trajkova
10.21105/joss.06392,JOSS,2,Nathaniel Green
10.21105/joss.06392,JOSS,3,Minoru Shinohara
10.21105/joss.01759,JOSS,1,Sebastian Müller
10.21105/joss.04735,JOSS,1,Paul K. Romano
10.21105/joss.04735,JOSS,2,Nicolas E. Stauff
10.21105/joss.04735,JOSS,3,Zhiee Jhia Ooi
10.21105/joss.04735,JOSS,4,Yinbin Miao
10.21105/joss.04735,JOSS,5,Amanda Lund
10.21105/joss.04735,JOSS,6,Ling Zou
10.21105/joss.00280,JOSS,1,Pi-Yueh Chuang
10.21105/joss.00280,JOSS,2,Lorena A. Barba
10.21105/joss.00749,JOSS,1,Amirsina Torfi
10.21105/joss.00451,JOSS,1,Henry Kironde
10.21105/joss.00451,JOSS,2,Benjamin D. Morris
10.21105/joss.00451,JOSS,3,Akash Goel
10.21105/joss.00451,JOSS,4,Andrew Zhang
10.21105/joss.00451,JOSS,5,Akshay Narasimha
10.21105/joss.00451,JOSS,6,Shivam Negi
10.21105/joss.00451,JOSS,7,David J. Harris
10.21105/joss.00451,JOSS,8,Deborah Gertrude Digges
10.21105/joss.00451,JOSS,9,Kapil Kumar
10.21105/joss.00451,JOSS,10,Amritanshu Jain
10.21105/joss.00451,JOSS,11,Kunal Pal
10.21105/joss.00451,JOSS,12,Kevinkumar Amipara
10.21105/joss.00451,JOSS,13,Prabh Simran Singh Baweja
10.21105/joss.00451,JOSS,14,Ethan P. White
10.21105/joss.01276,JOSS,1,Carl Boettiger
10.21105/joss.02767,JOSS,1,Sebastian Kokott
10.21105/joss.02767,JOSS,2,Iker Hurtado
10.21105/joss.02767,JOSS,3,Christian Vorwerk
10.21105/joss.02767,JOSS,4,Claudia Draxl
10.21105/joss.02767,JOSS,5,Volker Blum
10.21105/joss.02767,JOSS,6,Matthias Scheffler
10.21105/joss.06772,JOSS,1,Thurston Brevett
10.21105/joss.04600,JOSS,1,Tobias Bengfort
10.21105/joss.04600,JOSS,2,Taib Hayat
10.21105/joss.04600,JOSS,3,Timo Göttel
10.21105/joss.02384,JOSS,1,Wilson Lacerda
10.21105/joss.02384,JOSS,2,Luan da Andrade
10.21105/joss.02384,JOSS,3,Samuel Oliveira
10.21105/joss.02384,JOSS,4,Samir Martins
10.21105/joss.05263,JOSS,1,Andrew Harris
10.21105/joss.05263,JOSS,2,Terrence S. Tricco
10.21105/joss.02351,JOSS,1,Martin Uhrin
10.21105/joss.02351,JOSS,2,Sebastiaan Huber
10.21105/joss.01385,JOSS,1,Emerson Castelani
10.21105/joss.01385,JOSS,2,Ronaldo Lopes
10.21105/joss.01385,JOSS,3,Wesley Shirabayashi
10.21105/joss.01385,JOSS,4,Francisco Sobral
10.21105/joss.07063,JOSS,1,Henrik Finsberg
10.21105/joss.07063,JOSS,2,Johan Hake
10.21105/joss.08815,JOSS,1,Tomer Meir
10.21105/joss.08815,JOSS,2,Rom Gutman
10.21105/joss.08815,JOSS,3,Malka Gorfine
10.21105/joss.04369,JOSS,1,Magnus G. Jespersen
10.21105/joss.04369,JOSS,2,Andrew Hayes
10.21105/joss.04369,JOSS,3,Mark R. Davies
10.21105/joss.04461,JOSS,1,Juanjo Bazán
10.21105/joss.04461,JOSS,2,Mercedes Mollá
10.21105/joss.04846,JOSS,1,Matteo Caorsi
10.21105/joss.04846,JOSS,2,Raphael Reinauer
10.21105/joss.04846,JOSS,3,Nicolas Berkouk
10.21105/joss.04981,JOSS,1,Romain Fernandez
10.21105/joss.04981,JOSS,2,Cedric Moisy
10.21105/joss.05147,JOSS,1,Rony Ronen
10.21105/joss.05147,JOSS,2,Michael Britvin
10.21105/joss.05147,JOSS,3,Boaz Ben Moshe
10.21105/joss.05445,JOSS,1,Matthieu Gousseff
10.21105/joss.05445,JOSS,2,Erwan Bocher
10.21105/joss.05445,JOSS,3,Jérémy Bernard
10.21105/joss.05445,JOSS,4,Elisabeth Le Saux Wiederhold
10.21105/joss.04114,JOSS,1,Grégoire H. Cattan
10.21105/joss.04114,JOSS,2,Cesar Mendoza
10.21105/joss.05465,JOSS,1,Naeem Khoshnevis
10.21105/joss.05465,JOSS,2,Boyu Ren
10.21105/joss.05465,JOSS,3,Danielle Braun
10.21105/joss.07793,JOSS,1,Jacob Hartzer
10.21105/joss.07793,JOSS,2,Srikanth Saripalli
10.21105/joss.00348,JOSS,1,Thomas Cokelaer
10.21105/joss.00348,JOSS,2,Juergen Hasch
10.21105/joss.02241,JOSS,1,Allan Campopiano
10.21105/joss.02241,JOSS,2,Rand Wilcox
10.21105/joss.05034,JOSS,1,T. Phuong Quan
10.21105/joss.01856,JOSS,1,Vikram Baliga
10.21105/joss.01856,JOSS,2,Shreeram Senthivasan
10.21105/joss.07047,JOSS,1,John M. Aiken
10.21105/joss.07047,JOSS,2,Gareth Jones
10.21105/joss.07047,JOSS,3,Xueqing Yin
10.21105/joss.07047,JOSS,4,Anrijs K. Abele
10.21105/joss.07047,JOSS,5,Christopher Woods
10.21105/joss.07047,JOSS,6,Richard M. Westaway
10.21105/joss.07047,JOSS,7,Jonathan L. Bamber
10.21105/joss.02644,JOSS,1,Christopher Khan
10.21105/joss.02644,JOSS,2,Brett Byram
10.21105/joss.02670,JOSS,1,Katja Heuer
10.21105/joss.02670,JOSS,2,Roberto Toro
10.21105/joss.01064,JOSS,1,Roman Luštrik
10.21105/joss.01064,JOSS,2,Žan Kuralt
10.21105/joss.01063,JOSS,1,Pádraig Looney
10.21105/joss.01063,JOSS,2,Gordon Stevenson
10.21105/joss.01063,JOSS,3,Sally Collins
10.21105/joss.01111,JOSS,1,Iacopo Garizio
10.21105/joss.08121,JOSS,1,Alexander J Daniel
10.21105/joss.08121,JOSS,2,Susan T Francis
10.21105/joss.06620,JOSS,1,Thiago Glissoi Lopes
10.21105/joss.06620,JOSS,2,Paulo Monteiro de Carvalho Monson
10.21105/joss.06620,JOSS,3,Paulo Roberto de Aguiar
10.21105/joss.06620,JOSS,4,Reinaldo Götz de Oliveira Junior
10.21105/joss.06620,JOSS,5,Pedro Oliveira Conceição Junior
10.21105/joss.06298,JOSS,1,Shuang Song
10.21105/joss.06298,JOSS,2,Shuai Wang
10.21105/joss.06298,JOSS,3,Chentai Jiao
10.21105/joss.06298,JOSS,4,Elías José Mantilla Ibarra
10.21105/joss.06698,JOSS,1,C. T. Kelley
10.21105/joss.06925,JOSS,1,R. A. Ruddle
10.21105/joss.06925,JOSS,2,L. Hama
10.21105/joss.06925,JOSS,3,P Wochner
10.21105/joss.06925,JOSS,4,O. T. Strickson
10.21105/joss.06878,JOSS,1,Meixi Chen
10.21105/joss.06878,JOSS,2,Martin Lysy
10.21105/joss.06878,JOSS,3,Reza Ramezan
10.21105/joss.00515,JOSS,1,Benjamin Allévius
10.21105/joss.05409,JOSS,1,Carlisle Wishard
10.21105/joss.05409,JOSS,2,Jennifer Pouplin
10.21105/joss.05409,JOSS,3,Jacob Elliott
10.21105/joss.05409,JOSS,4,Dana Singh
10.21105/joss.05409,JOSS,5,Kaustub Anand
10.21105/joss.05409,JOSS,6,David Minton
10.21105/joss.06767,JOSS,1,Tina Wunderlich
10.21105/joss.03968,JOSS,1,Matthew Treinish
10.21105/joss.03968,JOSS,2,Ivan Carvalho
10.21105/joss.03968,JOSS,3,Georgios Tsilimigkounakis
10.21105/joss.03968,JOSS,4,Nahum Sá
10.21105/joss.00583,JOSS,1,Kirill Tsyganov
10.21105/joss.00583,JOSS,2,Andrew James Perry
10.21105/joss.00583,JOSS,3,Stuart Kenneth Archer
10.21105/joss.00583,JOSS,4,David Powell
10.21105/joss.04679,JOSS,1,Shreyas Sunil Gaikwad
10.21105/joss.04679,JOSS,2,Laurent Hascoet
10.21105/joss.04679,JOSS,3,Sri Hari Krishna Narayanan
10.21105/joss.04679,JOSS,4,Liz Curry-Logan
10.21105/joss.04679,JOSS,5,Ralf Greve
10.21105/joss.04679,JOSS,6,Patrick Heimbach
10.21105/joss.07169,JOSS,1,Sebastian Ehlert
10.21105/joss.05339,JOSS,1,Daniel Nagel
10.21105/joss.05339,JOSS,2,Gerhard Stock
10.21105/joss.07359,JOSS,1,Jack Betteridge
10.21105/joss.07359,JOSS,2,Patrick E. Farrell
10.21105/joss.07359,JOSS,3,Matthias Hochsteger
10.21105/joss.07359,JOSS,4,Christopher Lackner
10.21105/joss.07359,JOSS,5,Joachim Schöberl
10.21105/joss.07359,JOSS,6,Stefano Zampini
10.21105/joss.07359,JOSS,7,Umberto Zerbinati
10.21105/joss.02120,JOSS,1,Raphael Timbó
10.21105/joss.02120,JOSS,2,Rodrigo Martins
10.21105/joss.02120,JOSS,3,Gabriel Bachmann
10.21105/joss.02120,JOSS,4,Flavio Rangel
10.21105/joss.02120,JOSS,5,Júlia Mota
10.21105/joss.02120,JOSS,6,Juliana Valério
10.21105/joss.02120,JOSS,7,Thiago Ritto
10.21105/joss.06481,JOSS,1,Lena Feld
10.21105/joss.06481,JOSS,2,Benedikt Herkommer
10.21105/joss.06481,JOSS,3,Jasmin Vestner
10.21105/joss.06481,JOSS,4,Darko Dubravica
10.21105/joss.06481,JOSS,5,Carlos Alberti
10.21105/joss.06481,JOSS,6,Frank Hase
10.21105/joss.06067,JOSS,1,Anthony Galassi
10.21105/joss.06067,JOSS,2,Martin Norgaard
10.21105/joss.06067,JOSS,3,Adam G. Thomas
10.21105/joss.06067,JOSS,4,Gabriel Gonzalez-Escamilla
10.21105/joss.06067,JOSS,5,Claus Svarer
10.21105/joss.06067,JOSS,6,Chris Rorden
10.21105/joss.06067,JOSS,7,Granville J. Matheson
10.21105/joss.06067,JOSS,8,Gitte M. Knudsen
10.21105/joss.06067,JOSS,9,Robert B. Innis
10.21105/joss.06067,JOSS,10,Melanie Ganz
10.21105/joss.06067,JOSS,11,Cyrus Eierud
10.21105/joss.06067,JOSS,12,Murat Bilgel
10.21105/joss.06067,JOSS,13,Cyril Pernet
10.21105/joss.02848,JOSS,1,Seb Dalgarno
10.21105/joss.04045,JOSS,1,Nastaran Saffaryazdi
10.21105/joss.04045,JOSS,2,Aidin Gharibnavaz
10.21105/joss.04045,JOSS,3,Mark Billinghurst
10.21105/joss.07301,JOSS,1,Evan Kiefl
10.21105/joss.05759,JOSS,1,Caleb Evans
10.21105/joss.05759,JOSS,2,Eliot W. Robson
10.21105/joss.09011,JOSS,1,Amery Gration
10.21105/joss.02651,JOSS,1,Luke McGuinness
10.21105/joss.02651,JOSS,2,Lena Schmidt
10.21105/joss.06384,JOSS,1,Jonas Schuhmacher
10.21105/joss.06384,JOSS,2,Emmanuel Blazquez
10.21105/joss.06384,JOSS,3,Fabio Gratl
10.21105/joss.06384,JOSS,4,Dario Izzo
10.21105/joss.06384,JOSS,5,Pablo Gómez
10.21105/joss.08350,JOSS,1,Robert Jane
10.21105/joss.08350,JOSS,2,Thomas Wahl
10.21105/joss.08350,JOSS,3,Francisco Pena
10.21105/joss.08350,JOSS,4,Jayantha Obeysekera
10.21105/joss.08350,JOSS,5,Callum Murphy-Barltrop
10.21105/joss.08350,JOSS,6,Javed Ali
10.21105/joss.08350,JOSS,7,Pravin Maduwantha
10.21105/joss.08350,JOSS,8,Huazhi Li
10.21105/joss.08350,JOSS,9,Victor Malagon Santos
10.21105/joss.06314,JOSS,1,Carson Farmer
10.21105/joss.06314,JOSS,2,Hector Medina
10.21105/joss.02653,JOSS,1,Oskar Laverny
10.21105/joss.00542,JOSS,1,Joshua T Karpel
10.21105/joss.04847,JOSS,1,Yiqun T. Chen
10.21105/joss.04847,JOSS,2,Brian D. Williamson
10.21105/joss.04847,JOSS,3,Taylor Okonek
10.21105/joss.04847,JOSS,4,Charles J. Wolock
10.21105/joss.04847,JOSS,5,Andrew J. Spieker
10.21105/joss.04847,JOSS,6,Travis Y. Hee Wai
10.21105/joss.04847,JOSS,7,James P. Hughes
10.21105/joss.04847,JOSS,8,Scott S. Emerson
10.21105/joss.04847,JOSS,9,Amy D. Willis
10.21105/joss.05389,JOSS,1,Robert Myhill
10.21105/joss.05389,JOSS,2,Sanne Cottaar
10.21105/joss.05389,JOSS,3,Timo Heister
10.21105/joss.05389,JOSS,4,Ian Rose
10.21105/joss.05389,JOSS,5,Cayman Unterborn
10.21105/joss.05389,JOSS,6,Juliane Dannberg
10.21105/joss.05389,JOSS,7,Rene Gassmoeller
10.21105/joss.02550,JOSS,1,James. Nightingale
10.21105/joss.02550,JOSS,2,Richard Hayes
10.21105/joss.02550,JOSS,3,Matthew Griffiths
10.21105/joss.06286,JOSS,1,Aakash Ashok Naik
10.21105/joss.06286,JOSS,2,Katharina Ueltzen
10.21105/joss.06286,JOSS,3,Christina Ertural
10.21105/joss.06286,JOSS,4,Adam J. Jackson
10.21105/joss.06286,JOSS,5,Janine George
10.21105/joss.02781,JOSS,1,Riley Brady
10.21105/joss.02781,JOSS,2,Aaron Spring
10.21105/joss.00166,JOSS,1,Pranay Seshadri
10.21105/joss.00166,JOSS,2,Geoffrey Parks
10.21105/joss.02030,JOSS,1,Tyler Chafin
10.21105/joss.06160,JOSS,1,Tyler K. Chafin
10.21105/joss.06160,JOSS,2,Steven M. Mussmann
10.21105/joss.06160,JOSS,3,Marlis R. Douglas
10.21105/joss.06160,JOSS,4,Michael E. Douglas
10.21105/joss.04136,JOSS,1,Benjamin M. Gyori
10.21105/joss.04136,JOSS,2,Charles Tapley Hoyt
10.21105/joss.04248,JOSS,1,Sebastien Tourbier
10.21105/joss.04248,JOSS,2,Joan Rue-Queralt
10.21105/joss.04248,JOSS,3,Katharina Glomb
10.21105/joss.04248,JOSS,4,Yasser Aleman-Gomez
10.21105/joss.04248,JOSS,5,Emeline Mullier
10.21105/joss.04248,JOSS,6,Alessandra Griffa
10.21105/joss.04248,JOSS,7,Mikkel Schöttner
10.21105/joss.04248,JOSS,8,Jonathan Wirsich
10.21105/joss.04248,JOSS,9,M. Anıl Tuncel
10.21105/joss.04248,JOSS,10,Jakub Jancovic
10.21105/joss.04248,JOSS,11,Meritxell Bach Cuadra
10.21105/joss.04248,JOSS,12,Patric Hagmann
10.21105/joss.00568,JOSS,1,Pierre Morel
10.21105/joss.10115,JOSS,1,John Kitchener Sakaluk
10.21105/joss.10115,JOSS,2,Omar J. Camanto
10.21105/joss.04232,JOSS,1,Antun Skuric
10.21105/joss.04232,JOSS,2,Hasan Sinan Bank
10.21105/joss.04232,JOSS,3,Richard Unger
10.21105/joss.04232,JOSS,4,Owen Williams
10.21105/joss.04232,JOSS,5,David González-Reyes
10.21105/joss.06704,JOSS,1,Cédric Midoux
10.21105/joss.06704,JOSS,2,Olivier Rué
10.21105/joss.06704,JOSS,3,Olivier Chapleur
10.21105/joss.06704,JOSS,4,Ariane Bize
10.21105/joss.06704,JOSS,5,Valentin Loux
10.21105/joss.06704,JOSS,6,Mahendra Mariadassou
10.21105/joss.02121,JOSS,1,Lucas Frérot
10.21105/joss.02121,JOSS,2,Guillaume Anciaux
10.21105/joss.02121,JOSS,3,Valentine Rey
10.21105/joss.02121,JOSS,4,Son Pham-Ba
10.21105/joss.02121,JOSS,5,Jean-François Molinari
10.21105/joss.02373,JOSS,1,Abel Marin-Laflèche
10.21105/joss.02373,JOSS,2,Matthieu Haefele
10.21105/joss.02373,JOSS,3,Laura Scalfi
10.21105/joss.02373,JOSS,4,Alessandro Coretti
10.21105/joss.02373,JOSS,5,Thomas Dufils
10.21105/joss.02373,JOSS,6,Guillaume Jeanmairet
10.21105/joss.02373,JOSS,7,Stewart Reed
10.21105/joss.02373,JOSS,8,Alessandra Serva
10.21105/joss.02373,JOSS,9,Roxanne Berthin
10.21105/joss.02373,JOSS,10,Camille Bacon
10.21105/joss.02373,JOSS,11,Sara Bonella
10.21105/joss.02373,JOSS,12,Benjamin Rotenberg
10.21105/joss.02373,JOSS,13,Paul Madden
10.21105/joss.02373,JOSS,14,Mathieu Salanne
10.21105/joss.02123,JOSS,1,Simo Tukiainen
10.21105/joss.02123,JOSS,2,Ewan O’Connor
10.21105/joss.02123,JOSS,3,Anniina Korpinen
10.21105/joss.02995,JOSS,1,Marcelo Ponce
10.21105/joss.02995,JOSS,2,Amit Sandhel
10.21105/joss.03283,JOSS,1,Simon Birrer
10.21105/joss.03283,JOSS,2,Anowar Shajib
10.21105/joss.03283,JOSS,3,Daniel Gilman
10.21105/joss.03283,JOSS,4,Aymeric Galan
10.21105/joss.03283,JOSS,5,Jelle Aalbers
10.21105/joss.03283,JOSS,6,Martin Millon
10.21105/joss.03283,JOSS,7,Robert Morgan
10.21105/joss.03283,JOSS,8,Giulia Pagano
10.21105/joss.03283,JOSS,9,Ji Park
10.21105/joss.03283,JOSS,10,Luca Teodori
10.21105/joss.03283,JOSS,11,Nicolas Tessore
10.21105/joss.03283,JOSS,12,Madison Ueland
10.21105/joss.03283,JOSS,13,Lyne Van de Vyvere
10.21105/joss.03283,JOSS,14,Sebastian Wagner-Carena
10.21105/joss.03283,JOSS,15,Ewoud Wempe
10.21105/joss.03283,JOSS,16,Lilan Yang
10.21105/joss.03283,JOSS,17,Xuheng Ding
10.21105/joss.03283,JOSS,18,Thomas Schmidt
10.21105/joss.03283,JOSS,19,Dominique Sluse
10.21105/joss.03283,JOSS,20,Ming Zhang
10.21105/joss.03283,JOSS,21,Adam Amara
10.21105/joss.00825,JOSS,1,Stefan Pfenninger
10.21105/joss.00825,JOSS,2,Bryn Pickering
10.21105/joss.09434,JOSS,1,S. Mason Garrison
10.21105/joss.03290,JOSS,1,Joseph Palmer
10.21105/joss.03290,JOSS,2,Katharine Sherratt
10.21105/joss.03290,JOSS,3,Richard Martin-Nielsen
10.21105/joss.03290,JOSS,4,Jonnie Bevan
10.21105/joss.03290,JOSS,5,Hamish Gibbs
10.21105/joss.03290,JOSS,6,Cmmid Group
10.21105/joss.03290,JOSS,7,Sebastian Funk
10.21105/joss.03290,JOSS,8,Sam Abbott
10.21105/joss.00037,JOSS,1,Julia Silge
10.21105/joss.00037,JOSS,2,David Robinson
10.21105/joss.05351,JOSS,1,Joshua R. de Leeuw
10.21105/joss.05351,JOSS,2,Rebecca A. Gilbert
10.21105/joss.05351,JOSS,3,Björn Luchterhandt
10.21105/joss.02306,JOSS,1,Dominique Makowski
10.21105/joss.02306,JOSS,2,Mattan Ben-Shachar
10.21105/joss.02306,JOSS,3,Indrajeet Patil
10.21105/joss.02306,JOSS,4,Daniel Lüdecke
10.21105/joss.03773,JOSS,1,Ivan Aksamentov
10.21105/joss.03773,JOSS,2,Cornelius Roemer
10.21105/joss.03773,JOSS,3,Emma Hodcroft
10.21105/joss.03773,JOSS,4,Richard Neher
10.21105/joss.00205,JOSS,1,Leland McInnes
10.21105/joss.00205,JOSS,2,John Healy
10.21105/joss.00205,JOSS,3,Steve Astels
10.21105/joss.06441,JOSS,1,Mateusz Dadej
10.21105/joss.06215,JOSS,1,Joel H. Nitta
10.21105/joss.06215,JOSS,2,Wataru Iwasaki
10.21105/joss.05478,JOSS,1,Arend Moerman
10.21105/joss.05478,JOSS,2,Maikel H. Gafaji
10.21105/joss.05478,JOSS,3,Kenichi Karatsu
10.21105/joss.05478,JOSS,4,Akira Endo
10.21105/joss.06110,JOSS,1,Andrea Spinelli
10.21105/joss.06110,JOSS,2,Timoleon Kipouros
10.21105/joss.06275,JOSS,1,Alexander Jüstel
10.21105/joss.06275,JOSS,2,Frank Strozyk
10.21105/joss.05627,JOSS,1,Moritz E. Beber
10.21105/joss.05627,JOSS,2,Maxime Borry
10.21105/joss.05627,JOSS,3,Sofia Stamouli
10.21105/joss.05627,JOSS,4,James A. Fellows Yates
10.21105/joss.03790,JOSS,1,Véronique Legrand
10.21105/joss.03790,JOSS,2,Thomas Kergrohen
10.21105/joss.03790,JOSS,3,Nicolas Joly
10.21105/joss.03790,JOSS,4,Alexis Criscuolo
10.21105/joss.05887,JOSS,1,Indrajeet Haldar
10.21105/joss.04534,JOSS,1,Max A. Little
10.21105/joss.04915,JOSS,1,Gabriel Mariano Marcelino
10.21105/joss.04878,JOSS,1,Olivier Chabot
10.21105/joss.04878,JOSS,2,Louis Brillon
10.21105/joss.05160,JOSS,1,Marty Oelschläger
10.21105/joss.05160,JOSS,2,Simon Hermann
10.21105/joss.05160,JOSS,3,Christoph H. Egerland
10.21105/joss.05160,JOSS,4,Daniel Reiche
10.21105/joss.07530,JOSS,1,Peter Gadomski
10.21105/joss.07530,JOSS,2,Preston Hartzell
10.21105/joss.01900,JOSS,1,Johannes Titz
10.21105/joss.02145,JOSS,1,Simon Brugman
10.21105/joss.02145,JOSS,2,Ian Eaves
10.21105/joss.07491,JOSS,1,Darren J. Wilkinson
10.21105/joss.00947,JOSS,1,Peter Watkins
10.21105/joss.01465,JOSS,1,Jihed Chouaref
10.21105/joss.01465,JOSS,2,Mattijs Bliek
10.21105/joss.01465,JOSS,3,Marc Galland
10.21105/joss.00250,JOSS,1,Gaute Hope
10.21105/joss.00295,JOSS,1,Nima S. Hejazi
10.21105/joss.00295,JOSS,2,Weixin Cai
10.21105/joss.00295,JOSS,3,Alan E. Hubbard
10.21105/joss.00505,JOSS,1,Roderick Bovee
10.21105/joss.00505,JOSS,2,Nick Greenfield
10.21105/joss.00436,JOSS,1,Shadia Mikhael
10.21105/joss.00436,JOSS,2,Calum Gray
10.21105/joss.00012,JOSS,1,Jake VanderPlas
10.21105/joss.00050,JOSS,1,Nicholas M Van Horn
10.21105/joss.00050,JOSS,2,Aaron Beveridge
10.21105/joss.00161,JOSS,1,Weixin Cai
10.21105/joss.00161,JOSS,2,Alan Hubbard
10.21105/joss.00161,JOSS,3,Nima Hejazi
10.21105/joss.03917,JOSS,1,Shailesh Kumar
10.21105/joss.00808,JOSS,1,Viktor Polak
10.21105/joss.00808,JOSS,2,Yuezhang Zhu
10.21105/joss.00808,JOSS,3,Sung Bae
10.21105/joss.00808,JOSS,4,Jason Motha
10.21105/joss.00808,JOSS,5,Brendon Bradley
10.21105/joss.00808,JOSS,6,Hoby Razafindrakoto
10.21105/joss.01720,JOSS,1,Sam Greenwood
10.21105/joss.01720,JOSS,2,Philip Livermore
10.21105/joss.01720,JOSS,3,Grace Cox
10.21105/joss.04533,JOSS,1,Travis L. Seymour
10.21105/joss.07026,JOSS,1,Anıl Tuncel
10.21105/joss.07026,JOSS,2,Werner Van Geit
10.21105/joss.07026,JOSS,3,Mike Gevaert
10.21105/joss.07026,JOSS,4,Benjamin Torben-Nielsen
10.21105/joss.07026,JOSS,5,Darshan Mandge
10.21105/joss.07026,JOSS,6,İlkan Kılıç
10.21105/joss.07026,JOSS,7,Aurélien Jaquier
10.21105/joss.07026,JOSS,8,Eilif Muller
10.21105/joss.07026,JOSS,9,Lida Kanari
10.21105/joss.07026,JOSS,10,Henry Markram
10.21105/joss.07365,JOSS,1,Jennifer A. Clark
10.21105/joss.07365,JOSS,2,Nathan Duff
10.21105/joss.07365,JOSS,3,Andrew Abi-Mansour
10.21105/joss.07365,JOSS,4,Erik E. Santiso
10.21105/joss.07861,JOSS,1,Rahil Makadia
10.21105/joss.07861,JOSS,2,Davide Farnocchia
10.21105/joss.07861,JOSS,3,Steven R. Chesley
10.21105/joss.07861,JOSS,4,Siegfried Eggl
10.21105/joss.07314,JOSS,1,Joseph Emile Honour Percival
10.21105/joss.07314,JOSS,2,Benjamin Palsa Leamon
10.21105/joss.07522,JOSS,1,Alan N. Pearl
10.21105/joss.07522,JOSS,2,Gillian D. Beltz-Mohrmann
10.21105/joss.07522,JOSS,3,Andrew P. Hearin
10.21105/joss.08261,JOSS,1,Yasir Çatal
10.21105/joss.08261,JOSS,2,Georg Northoff
10.21105/joss.01935,JOSS,1,David Litwin
10.21105/joss.01935,JOSS,2,Gregory Tucker
10.21105/joss.01935,JOSS,3,Katherine Barnhart
10.21105/joss.01935,JOSS,4,Ciaran Harman
10.21105/joss.04591,JOSS,1,Peter Sanders
10.21105/joss.04591,JOSS,2,Dominik Schreiber
10.21105/joss.04079,JOSS,1,Aliaksei Pilko
10.21105/joss.04079,JOSS,2,Zachary Tait
10.21105/joss.07124,JOSS,1,Srinath Kailasa
10.21105/joss.08592,JOSS,1,Mehmet Hakan Satman
10.21105/joss.00569,JOSS,1,Ian H. Bell
10.21105/joss.00569,JOSS,2,Bradley Alpert
10.21105/joss.00569,JOSS,3,Lucas Bouck
10.21105/joss.03094,JOSS,1,Hansen Johnson
10.21105/joss.03094,JOSS,2,Daniel Morrison
10.21105/joss.03094,JOSS,3,Christopher Taggart
10.21105/joss.03326,JOSS,1,Meinard Müller
10.21105/joss.03326,JOSS,2,Frank Zalkow
10.21105/joss.09738,JOSS,1,Eunseop Kim
10.21105/joss.00320,JOSS,1,Simon J. van Heeringen
10.21105/joss.08324,JOSS,1,Jesko Wagner
10.21105/joss.08324,JOSS,2,Hugh Warden
10.21105/joss.08324,JOSS,3,Ava Khamseh
10.21105/joss.08324,JOSS,4,Sjoerd Viktor Beentjes
10.21105/joss.00911,JOSS,1,David Sousa
10.21105/joss.00911,JOSS,2,João Daniel
10.21105/joss.01978,JOSS,1,Nicolas Karasiak
10.21105/joss.09401,JOSS,1,Corey Spohn
10.21105/joss.09401,JOSS,2,Sarah Steiger
10.21105/joss.09401,JOSS,3,Alex R. Howe
10.21105/joss.04620,JOSS,1,Siavash Saki
10.21105/joss.04620,JOSS,2,Jonas Hamann
10.21105/joss.04620,JOSS,3,Tobias Hagen
10.21105/joss.06079,JOSS,1,Jake Langham
10.21105/joss.06079,JOSS,2,Mark J. Woodhouse
10.21105/joss.00773,JOSS,1,Adam J Jackson
10.21105/joss.00773,JOSS,2,Alex M Ganose
10.21105/joss.00773,JOSS,3,Anna Regoutz
10.21105/joss.00773,JOSS,4,Russell G. Egdell
10.21105/joss.00773,JOSS,5,David O Scanlon
10.21105/joss.03122,JOSS,1,Didier Murillo
10.21105/joss.03122,JOSS,2,Salvador Gezan
10.21105/joss.03122,JOSS,3,Ana Heilman
10.21105/joss.03122,JOSS,4,Thomas Walk
10.21105/joss.03122,JOSS,5,Johan Aparicio
10.21105/joss.03122,JOSS,6,Richard Horsley
10.21105/joss.03839,JOSS,1,Henk Bakker
10.21105/joss.03839,JOSS,2,Lee Katz
10.21105/joss.07954,JOSS,1,Arthur Yan Lin
10.21105/joss.07954,JOSS,2,Lucas Ortengren
10.21105/joss.07954,JOSS,3,Seonwoo Hwang
10.21105/joss.07954,JOSS,4,Yong-Cheol Cho
10.21105/joss.07954,JOSS,5,Jigyasa Nigam
10.21105/joss.07954,JOSS,6,Rose K. Cersonsky
10.21105/joss.09233,JOSS,1,Gianni Cataldi
10.21105/joss.09129,JOSS,1,Wojciech R. Pudelko
10.21105/joss.09129,JOSS,2,Kevin Kramer
10.21105/joss.09129,JOSS,3,Julia Küspert
10.21105/joss.09129,JOSS,4,Johan Chang
10.21105/joss.09129,JOSS,5,Nicholas C. Plumb
10.21105/joss.04840,JOSS,1,Eric L. Denovellis
10.21105/joss.04840,JOSS,2,Maxym Myroshnychenko
10.21105/joss.04840,JOSS,3,Mehrad Sarmashghi
10.21105/joss.04840,JOSS,4,Emily P. Stephen
10.21105/joss.07044,JOSS,1,Niklas S. Neher
10.21105/joss.07044,JOSS,2,Erik Faulhaber
10.21105/joss.07044,JOSS,3,Sven Berger
10.21105/joss.07044,JOSS,4,Gregor J. Gassner
10.21105/joss.07044,JOSS,5,Michael Schlottke-Lakemper
10.21105/joss.08549,JOSS,1,Owen Melia
10.21105/joss.08549,JOSS,2,Daniel Fortunato
10.21105/joss.08549,JOSS,3,Jeremy Hoskins
10.21105/joss.08549,JOSS,4,Rebecca Willett
10.21105/joss.01066,JOSS,1,Robert Sare
10.21105/joss.01066,JOSS,2,George Hilley
10.21105/joss.07363,JOSS,1,Danilo Couto de Souza
10.21105/joss.07363,JOSS,2,Pedro Leite da Silva Dias
10.21105/joss.07363,JOSS,3,Carolina Barnez Gramcianinov
10.21105/joss.07363,JOSS,4,Ricardo de Camargo
10.21105/joss.04672,JOSS,1,Thomas Marks
10.21105/joss.04672,JOSS,2,Paul Schedler
10.21105/joss.04672,JOSS,3,Benjamin Jorns
10.21105/joss.07213,JOSS,1,Jacob Tiegs
10.21105/joss.07213,JOSS,2,Julia Raykin
10.21105/joss.07213,JOSS,3,Ilia Rochlin
10.21105/joss.03608,JOSS,1,Luis Antunes
10.21105/joss.05269,JOSS,1,Kohei Shinohara
10.21105/joss.05269,JOSS,2,Atsushi Togo
10.21105/joss.05269,JOSS,3,Isao Tanaka
10.21105/joss.09142,JOSS,1,Adrien Suau
10.21105/joss.09142,JOSS,2,Yiming Zhang
10.21105/joss.09142,JOSS,3,Austin Fowler
10.21105/joss.09142,JOSS,4,Purva Thakre
10.21105/joss.09142,JOSS,5,Yilun Zhao
10.21105/joss.09142,JOSS,6,Kabir Dubey
10.21105/joss.09142,JOSS,7,Jose A Bolanos
10.21105/joss.09142,JOSS,8,Arabella Schelpe
10.21105/joss.09142,JOSS,9,Tianyi Hao
10.21105/joss.09142,JOSS,10,Philip Seitz
10.21105/joss.09142,JOSS,11,Gian Giacomo Guerreschi
10.21105/joss.09142,JOSS,12,Ángela Elisa Álvarez Pérez
10.21105/joss.09142,JOSS,13,Reinhard Stahn
10.21105/joss.09142,JOSS,14,Jerome Lenssen
10.21105/joss.09142,JOSS,15,Brendan Reid
10.21105/joss.04170,JOSS,1,Daniel Williams
10.21105/joss.04170,JOSS,2,John Veitch
10.21105/joss.04170,JOSS,3,Maria Luisa Chiofalo
10.21105/joss.04170,JOSS,4,Patricia Schmidt
10.21105/joss.04170,JOSS,5,Rhiannon P. Udall
10.21105/joss.04170,JOSS,6,Avi Vajpeji
10.21105/joss.04170,JOSS,7,Charlie Hoy
10.21105/joss.04475,JOSS,1,James. W. Nightingale
10.21105/joss.04475,JOSS,2,Aristeidis Amvrosiadis
10.21105/joss.04475,JOSS,3,Richard G. Hayes
10.21105/joss.04475,JOSS,4,Qiuhan He
10.21105/joss.04475,JOSS,5,Amy Etherington
10.21105/joss.04475,JOSS,6,XiaoYue Cao
10.21105/joss.04475,JOSS,7,Shaun Cole
10.21105/joss.04475,JOSS,8,Jonathan Frawley
10.21105/joss.04475,JOSS,9,Carlos S. Frenk
10.21105/joss.04475,JOSS,10,Sam Lange
10.21105/joss.04475,JOSS,11,Ran Li
10.21105/joss.04475,JOSS,12,Richard J. Massey
10.21105/joss.04475,JOSS,13,Mattia Negrello
10.21105/joss.04475,JOSS,14,Andrew Robertson
10.21105/joss.09603,JOSS,1,Olivier Labayle
10.21105/joss.09603,JOSS,2,Joshua Slaughter
10.21105/joss.09603,JOSS,3,Breeshey Roskams-Hieter
10.21105/joss.09603,JOSS,4,Kelsey Tetley-Campbell
10.21105/joss.09603,JOSS,5,Mark J. van der Laan
10.21105/joss.09603,JOSS,6,Chris P. Ponting
10.21105/joss.09603,JOSS,7,Ava Khamseh
10.21105/joss.09603,JOSS,8,Sjoerd Viktor Beentjes
10.21105/joss.05967,JOSS,1,Wenrui Jiang
10.21105/joss.05967,JOSS,2,Thomas W. N. Haine
10.21105/joss.05967,JOSS,3,Mattia Almansi
10.21105/joss.01994,JOSS,1,Oliver Schwengers
10.21105/joss.01994,JOSS,2,Torsten Hain
10.21105/joss.01994,JOSS,3,Trinad Chakraborty
10.21105/joss.01994,JOSS,4,Alexander Goesmann
10.21105/joss.05525,JOSS,1,Abigail C. Snyder
10.21105/joss.05525,JOSS,2,Kalyn R. Dorheim
10.21105/joss.05525,JOSS,3,Claudia Tebaldi
10.21105/joss.05525,JOSS,4,Chris R. Vernon
10.21105/joss.09091,JOSS,1,Peter Newstein
10.21105/joss.01693,JOSS,1,Leonardo Gorjão
10.21105/joss.01693,JOSS,2,Francisco Meirinhos
10.21105/joss.08557,JOSS,1,Pembe Gizem Özdil
10.21105/joss.08557,JOSS,2,Sibo Wang-Chen
10.21105/joss.08557,JOSS,3,Chuanfang Ning
10.21105/joss.08557,JOSS,4,Auke Ijspeert
10.21105/joss.08557,JOSS,5,Pavan Ramdya
10.21105/joss.01708,JOSS,1,Albert Steppi
10.21105/joss.01708,JOSS,2,Benjamin Gyori
10.21105/joss.01708,JOSS,3,John Bachman
10.21105/joss.03089,JOSS,1,Alex Ganose
10.21105/joss.03089,JOSS,2,Amy Searle
10.21105/joss.03089,JOSS,3,Anubhav Jain
10.21105/joss.03089,JOSS,4,Sinéad Griffin
10.21105/joss.03384,JOSS,1,Eleftherios Garyfallidis
10.21105/joss.03384,JOSS,2,Serge Koudoro
10.21105/joss.03384,JOSS,3,Javier Guaje
10.21105/joss.03384,JOSS,4,Marc-Alex Côté
10.21105/joss.03384,JOSS,5,Soham Biswas
10.21105/joss.03384,JOSS,6,David Reagan
10.21105/joss.03384,JOSS,7,Nasim Anousheh
10.21105/joss.03384,JOSS,8,Filipi Silva
10.21105/joss.03384,JOSS,9,Geoffrey Fox
10.21105/joss.03384,JOSS,10,Fury Contributors
10.21105/joss.06943,JOSS,1,Matthew Andres Moreno
10.21105/joss.06943,JOSS,2,Mark T. Holder
10.21105/joss.06943,JOSS,3,Jeet Sukumaran
10.21105/joss.04886,JOSS,1,Taha Zerrouki
10.21105/joss.03362,JOSS,1,Cameron Roots
10.21105/joss.03362,JOSS,2,Alexandra Lukasiewicz
10.21105/joss.03362,JOSS,3,Jeffrey Barrick
10.21105/joss.07012,JOSS,1,Benjamin Jean-Marie Tremblay
10.21105/joss.02013,JOSS,1,Iago Lemos
10.21105/joss.02013,JOSS,2,Antônio Lima
10.21105/joss.02013,JOSS,3,Marcus Duarte
10.21105/joss.08869,JOSS,1,Maria Elkjær Montgomery
10.21105/joss.08869,JOSS,2,Kiril Klein
10.21105/joss.08869,JOSS,3,Mikkel Odgaard
10.21105/joss.08869,JOSS,4,Stephan Sloth Lorenzen
10.21105/joss.08869,JOSS,5,Zahra Sobhaninia
10.21105/joss.10303,JOSS,1,Marion Pang
10.21105/joss.10303,JOSS,2,Baiyi Quan
10.21105/joss.10303,JOSS,3,Ting-Yu Wang
10.21105/joss.10303,JOSS,4,Tsui-Fen Chou
10.21105/joss.02425,JOSS,1,Guillaume Maze
10.21105/joss.02425,JOSS,2,Kevin Balem
10.21105/joss.02906,JOSS,1,John Huddleston
10.21105/joss.02906,JOSS,2,James Hadfield
10.21105/joss.02906,JOSS,3,Thomas Sibley
10.21105/joss.02906,JOSS,4,Jover Lee
10.21105/joss.02906,JOSS,5,Kairsten Fay
10.21105/joss.02906,JOSS,6,Misja Ilcisin
10.21105/joss.02906,JOSS,7,Elias Harkins
10.21105/joss.02906,JOSS,8,Trevor Bedford
10.21105/joss.02906,JOSS,9,Richard Neher
10.21105/joss.02906,JOSS,10,Emma Hodcroft
10.21105/joss.07407,JOSS,1,Philip Cardiff
10.21105/joss.07407,JOSS,2,Ivan Batistić
10.21105/joss.07407,JOSS,3,Željko Tuković
10.21105/joss.08521,JOSS,1,Prakash Prashanth
10.21105/joss.08521,JOSS,2,Nicolas Gomez-Vega
10.21105/joss.08521,JOSS,3,Sicheng He
10.21105/joss.08521,JOSS,4,Aditeya Shukla
10.21105/joss.08521,JOSS,5,Jonas J Gonzalez
10.21105/joss.08521,JOSS,6,Diego Salgado Bobadilla
10.21105/joss.08521,JOSS,7,Kanghyun Lee
10.21105/joss.08521,JOSS,8,Prateek Ranjan
10.21105/joss.08521,JOSS,9,Sayed Shayan Zahid
10.21105/joss.08521,JOSS,10,James Abel
10.21105/joss.08521,JOSS,11,Mark Drela
10.21105/joss.08521,JOSS,12,Raymond Speth
10.21105/joss.00638,JOSS,1,Sebastian Raschka
10.21105/joss.03167,JOSS,1,Indrajeet Patil
10.21105/joss.08061,JOSS,1,Sam Harrison
10.21105/joss.08061,JOSS,2,Cansu Uluseker
10.21105/joss.08061,JOSS,3,Patrizia Pfohl
10.21105/joss.08061,JOSS,4,Katherine Santizo
10.21105/joss.08061,JOSS,5,Joana Sipe
10.21105/joss.08061,JOSS,6,Brandon Lopez
10.21105/joss.08061,JOSS,7,Antonia Praetorius
10.21105/joss.08061,JOSS,8,Richard K. Cross
10.21105/joss.08061,JOSS,9,Gbotemi A. Adediran
10.21105/joss.08061,JOSS,10,Claus Svendsen
10.21105/joss.08061,JOSS,11,Wendel Wohlleben
10.21105/joss.08061,JOSS,12,Mark Wiesner
10.21105/joss.01556,JOSS,1,Md. Hussain
10.21105/joss.01556,JOSS,2,Ishtiak Mahmud
10.21105/joss.00731,JOSS,1,Stephen D. Turner
10.21105/joss.05839,JOSS,1,Yaroslav O. Halchenko
10.21105/joss.05839,JOSS,2,Mathias Goncalves
10.21105/joss.05839,JOSS,3,Satrajit Ghosh
10.21105/joss.05839,JOSS,4,Pablo Velasco
10.21105/joss.05839,JOSS,5,Matteo Visconti di Oleggio Castello
10.21105/joss.05839,JOSS,6,Taylor Salo
10.21105/joss.05839,JOSS,7,John T. Wodder
10.21105/joss.05839,JOSS,8,Michael Hanke
10.21105/joss.05839,JOSS,9,Patrick Sadil
10.21105/joss.05839,JOSS,10,Krzysztof Jacek Gorgolewski
10.21105/joss.05839,JOSS,11,Horea-Ioan Ioanas
10.21105/joss.05839,JOSS,12,Chris Rorden
10.21105/joss.05839,JOSS,13,Timothy J. Hendrickson
10.21105/joss.05839,JOSS,14,Michael Dayan
10.21105/joss.05839,JOSS,15,Sean Dae Houlihan
10.21105/joss.05839,JOSS,16,James Kent
10.21105/joss.05839,JOSS,17,Ted Strauss
10.21105/joss.05839,JOSS,18,John Lee
10.21105/joss.05839,JOSS,19,Isaac To
10.21105/joss.05839,JOSS,20,Christopher J. Markiewicz
10.21105/joss.05839,JOSS,21,Darren Lukas
10.21105/joss.05839,JOSS,22,Ellyn R. Butler
10.21105/joss.05839,JOSS,23,Todd Thompson
10.21105/joss.05839,JOSS,24,Maite Termenon
10.21105/joss.05839,JOSS,25,David V. Smith
10.21105/joss.05839,JOSS,26,Austin Macdonald
10.21105/joss.05839,JOSS,27,David N. Kennedy
10.21105/joss.02643,JOSS,1,Maciej Bak
10.21105/joss.02643,JOSS,2,Anna Rozlach
10.21105/joss.02474,JOSS,1,Julia Brettschneider
10.21105/joss.02474,JOSS,2,Oscar Giles
10.21105/joss.02474,JOSS,3,Wilfrid Kendall
10.21105/joss.02474,JOSS,4,Tomas Lazauskas
10.21105/joss.02749,JOSS,1,Robert Moss
10.21105/joss.03265,JOSS,1,Conor MacBride
10.21105/joss.03265,JOSS,2,David Jess
10.21105/joss.00625,JOSS,1,Konstantinos Vantas
10.21105/joss.00719,JOSS,1,Shahriar Iravanian
10.21105/joss.03543,JOSS,1,Shawn O’Neil
10.21105/joss.03490,JOSS,1,"Klevis Aliaj,"
10.21105/joss.03490,JOSS,2,"Heath Henninger,"
10.21105/joss.03383,JOSS,1,Kristian Nelson
10.21105/joss.03383,JOSS,2,Sean Turner
10.21105/joss.03383,JOSS,3,Chris Vernon
10.21105/joss.03383,JOSS,4,Jennie Rice
10.21105/joss.03992,JOSS,1,Justin Shenk
10.21105/joss.03992,JOSS,2,Mats Richter
10.21105/joss.03992,JOSS,3,Wolf Byttner
10.21105/joss.01542,JOSS,1,Shana Scogin
10.21105/joss.01542,JOSS,2,Sarah Petersen
10.21105/joss.01542,JOSS,3,Jeffrey Harden
10.21105/joss.01542,JOSS,4,Bruce Desmarais
10.21105/joss.01626,JOSS,1,Felix Heilmeyer
10.21105/joss.01626,JOSS,2,Tonio Ball
10.21105/joss.04415,JOSS,1,Adam J. Fleischhacker
10.21105/joss.04415,JOSS,2,Thi Hong Nhung Nguyen
10.21105/joss.02596,JOSS,1,Harry Bevins
10.21105/joss.07508,JOSS,1,Samuel C. Miller
10.21105/joss.01408,JOSS,1,Randy Heiland
10.21105/joss.01408,JOSS,2,Daniel Mishler
10.21105/joss.01408,JOSS,3,Tyler Zhang
10.21105/joss.01408,JOSS,4,Eric Bower
10.21105/joss.01408,JOSS,5,Paul Macklin
10.21105/joss.05024,JOSS,1,Panagiotis Anagnostou
10.21105/joss.05024,JOSS,2,Sotiris Tasoulis
10.21105/joss.05024,JOSS,3,Vassilis P. Plagianakos
10.21105/joss.05024,JOSS,4,Dimitris Tasoulis
10.21105/joss.00748,JOSS,1,Mikkel Meyer Andersen
10.21105/joss.07613,JOSS,1,Trung Ha
10.21105/joss.07613,JOSS,2,Joonas Nättilä
10.21105/joss.07613,JOSS,3,Jordy Davelaar
10.21105/joss.08014,JOSS,1,Michal Charemza
10.21105/joss.06915,JOSS,1,Jérome Eertmans
10.21105/joss.06915,JOSS,2,Claude Oestges
10.21105/joss.06915,JOSS,3,Laurent Jacques
10.21105/joss.06642,JOSS,1,Changseok Lee
10.21105/joss.06425,JOSS,1,Tim Büchner
10.21105/joss.06425,JOSS,2,Oliver Mothes
10.21105/joss.06425,JOSS,3,Orlando Guntinas-Lichius
10.21105/joss.06425,JOSS,4,Joachim Denzler
10.21105/joss.02688,JOSS,1,Grant Giesbrecht
10.21105/joss.02688,JOSS,2,Ariel Amsellem
10.21105/joss.02688,JOSS,3,Timo Bauer
10.21105/joss.02688,JOSS,4,Brian Mak
10.21105/joss.02688,JOSS,5,Brian Wynne
10.21105/joss.02688,JOSS,6,Zhihao Qin
10.21105/joss.02688,JOSS,7,Arun Persaud
10.21105/joss.05139,JOSS,1,Meghna Thomas
10.21105/joss.05139,JOSS,2,Tyler Trimble
10.21105/joss.05139,JOSS,3,Lina Sela
10.21105/joss.05035,JOSS,1,Muhammed Shuaibi
10.21105/joss.05035,JOSS,2,Yuge Hu
10.21105/joss.05035,JOSS,3,Xiangyun Lei
10.21105/joss.05035,JOSS,4,Benjamin M. Comer
10.21105/joss.05035,JOSS,5,Matt Adams
10.21105/joss.05035,JOSS,6,Jacob Paras
10.21105/joss.05035,JOSS,7,Rui Qi Chen
10.21105/joss.05035,JOSS,8,Eric Musa
10.21105/joss.05035,JOSS,9,Joseph Musielewicz
10.21105/joss.05035,JOSS,10,Andrew A. Peterson
10.21105/joss.05035,JOSS,11,Andrew J. Medford
10.21105/joss.05035,JOSS,12,Zachary Ulissi
10.21105/joss.04592,JOSS,1,Mustapha Regragui
10.21105/joss.04592,JOSS,2,Baptiste Coye
10.21105/joss.04592,JOSS,3,Laercio Lima Pilla
10.21105/joss.04592,JOSS,4,Raymond Namyst
10.21105/joss.04592,JOSS,5,Denis Barthou
10.21105/joss.06653,JOSS,1,Trevor Gokey
10.21105/joss.04531,JOSS,1,Patrick Sanan
10.21105/joss.04531,JOSS,2,Dave A. May
10.21105/joss.04531,JOSS,3,Richard T. Mills
10.21105/joss.04531,JOSS,4,Boris J. P. Kaus
10.21105/joss.04039,JOSS,1,Jeffrey W. Hollister
10.21105/joss.04039,JOSS,2,Dorothy Q. Kellogg
10.21105/joss.04039,JOSS,3,Qian Lei-Parent
10.21105/joss.04039,JOSS,4,Emily Wilson
10.21105/joss.04039,JOSS,5,Cary Chadwick
10.21105/joss.04039,JOSS,6,David Dickson
10.21105/joss.04039,JOSS,7,Arthur Gold
10.21105/joss.04039,JOSS,8,Chester Arnold
10.21105/joss.09279,JOSS,1,Pierre Marchand
10.21105/joss.09279,JOSS,2,Pierre-Henri Tournier
10.21105/joss.09279,JOSS,3,Pierre Jolivet
10.21105/joss.08859,JOSS,1,Benjamin W. L. Margolis
10.21105/joss.08859,JOSS,2,Kenneth R. Lyons
10.21105/joss.07525,JOSS,1,Prashant K. Jha
10.21105/joss.03098,JOSS,1,Vyas Ramasubramani
10.21105/joss.03098,JOSS,2,Bradley Dice
10.21105/joss.03098,JOSS,3,Tobias Dwyer
10.21105/joss.03098,JOSS,4,Sharon Glotzer
10.21105/joss.00025,JOSS,1,Zachary Sloan
10.21105/joss.00025,JOSS,2,Danny Arends
10.21105/joss.00025,JOSS,3,Karl W. Broman
10.21105/joss.00025,JOSS,4,Arthur Centeno
10.21105/joss.00025,JOSS,5,Nicholas Furlotte
10.21105/joss.00025,JOSS,6,Harm Nijveen
10.21105/joss.00025,JOSS,7,Lei Yan
10.21105/joss.00025,JOSS,8,Xiang Zhou
10.21105/joss.00025,JOSS,9,Robert W. Williams
10.21105/joss.00025,JOSS,10,Pjotr Prins
10.21105/joss.09645,JOSS,1,Christoph Huber
10.21105/joss.09645,JOSS,2,Hannes Holey
10.21105/joss.02153,JOSS,1,Andrea Arcuri
10.21105/joss.02153,JOSS,2,Juan Galeotti
10.21105/joss.02153,JOSS,3,Bogdan Marculescu
10.21105/joss.02153,JOSS,4,Man Zhang
10.21105/joss.02073,JOSS,1,Pascal Stark
10.21105/joss.02073,JOSS,2,Lorenz Müller
10.21105/joss.05567,JOSS,1,Aymeric Galan
10.21105/joss.05567,JOSS,2,Lyne Van de Vyvere
10.21105/joss.05567,JOSS,3,Matthew R. Gomer
10.21105/joss.05567,JOSS,4,Georgios Vernardos
10.21105/joss.05567,JOSS,5,Dominique Sluse
10.21105/joss.00189,JOSS,1,Stuart W D Grieve
10.21105/joss.03390,JOSS,1,Shuo Ma
10.21105/joss.03390,JOSS,2,Muhao Chen
10.21105/joss.03390,JOSS,3,Robert E. Skelton
10.21105/joss.05738,JOSS,1,G. Viera-López
10.21105/joss.05738,JOSS,2,J. J. Morgado-Vega
10.21105/joss.05738,JOSS,3,A. Reyes
10.21105/joss.05738,JOSS,4,E. Altshuler
10.21105/joss.05738,JOSS,5,Yudivián Almeida-Cruz
10.21105/joss.05738,JOSS,6,Giorgio Manganini
10.21105/joss.07330,JOSS,1,Marie Houillon
10.21105/joss.07330,JOSS,2,Jochen Klar
10.21105/joss.07330,JOSS,3,Ziad Boutanios
10.21105/joss.07330,JOSS,4,Tomas Stary
10.21105/joss.07330,JOSS,5,Terry Cojean
10.21105/joss.07330,JOSS,6,Hartwig Anzt
10.21105/joss.07330,JOSS,7,Axel Loewe
10.21105/joss.03051,JOSS,1,Jason Rumengan
10.21105/joss.03051,JOSS,2,Terry Zhuo
10.21105/joss.03051,JOSS,3,Conrad Sanderson
10.21105/joss.06587,JOSS,1,Seyong Park
10.21105/joss.06587,JOSS,2,Zachary Nasipak
10.21105/joss.05877,JOSS,1,Alexander Jaffray
10.21105/joss.05877,JOSS,2,Zhe Wu
10.21105/joss.05877,JOSS,3,S. Johanna Vannesjo
10.21105/joss.05877,JOSS,4,Kâmil Uludağ
10.21105/joss.05877,JOSS,5,Lars Kasper
10.21105/joss.05833,JOSS,1,Jackson Barr
10.21105/joss.05833,JOSS,2,Joschka Birk
10.21105/joss.05833,JOSS,3,Maxence Draguet
10.21105/joss.05833,JOSS,4,Stefano Franchellucci
10.21105/joss.05833,JOSS,5,Alexander Froch
10.21105/joss.05833,JOSS,6,Philipp Gadow
10.21105/joss.05833,JOSS,7,Daniel Hay Guest
10.21105/joss.05833,JOSS,8,Manuel Guth
10.21105/joss.05833,JOSS,9,Nicole Michelle Hartman
10.21105/joss.05833,JOSS,10,Michael Kagan
10.21105/joss.05833,JOSS,11,Osama Karkout
10.21105/joss.05833,JOSS,12,Dmitrii Kobylianskii
10.21105/joss.05833,JOSS,13,Ivan Oleksiyuk
10.21105/joss.05833,JOSS,14,Nikita Ivvan Pond
10.21105/joss.05833,JOSS,15,Frederic Renner
10.21105/joss.05833,JOSS,16,Sebastien Rettie
10.21105/joss.05833,JOSS,17,Victor Hugo Ruelas Rivera
10.21105/joss.05833,JOSS,18,Tomke Schröer
10.21105/joss.05833,JOSS,19,Martino Tanasini
10.21105/joss.05833,JOSS,20,Samuel Van Stroud
10.21105/joss.05833,JOSS,21,Janik Von Ahnen
10.21105/joss.07562,JOSS,1,Gabriel Couture
10.21105/joss.07562,JOSS,2,Yannick Lemaréchal
10.21105/joss.07562,JOSS,3,Philippe Després
10.21105/joss.08812,JOSS,1,Florian Franziskakis
10.21105/joss.08812,JOSS,2,Christian Vérard
10.21105/joss.08812,JOSS,3,Sébastien Castelltort
10.21105/joss.08812,JOSS,4,Grégory Giuliani
10.21105/joss.06339,JOSS,1,Damyn Chipman
10.21105/joss.02514,JOSS,1,David Ketcheson
10.21105/joss.02514,JOSS,2,Matteo Parsani
10.21105/joss.02514,JOSS,3,Zachary Grant
10.21105/joss.02514,JOSS,4,Aron Ahmadia
10.21105/joss.02514,JOSS,5,Hendrik Ranocha
10.21105/joss.08566,JOSS,1,Tyler C. Sutterley
10.21105/joss.08566,JOSS,2,Susan L. Howard
10.21105/joss.08566,JOSS,3,Laurie Padman
10.21105/joss.08566,JOSS,4,Matthew R. Siegfried
10.21105/joss.09361,JOSS,1,Joshua Lampert
10.21105/joss.09361,JOSS,2,Collin Wittenstein
10.21105/joss.09361,JOSS,3,Hendrik Ranocha
10.21105/joss.08817,JOSS,1,Poojan Agrawal
10.21105/joss.08817,JOSS,2,Katelyn Breivik
10.21105/joss.08817,JOSS,3,Jarrod Hurley
10.21105/joss.08817,JOSS,4,Carl Rodriguez
10.21105/joss.08817,JOSS,5,Simon Stevenson
10.21105/joss.08817,JOSS,6,Alex Kemp
10.21105/joss.08817,JOSS,7,Dorottya Szécsi
10.21105/joss.05884,JOSS,1,Mathias Michielsen
10.21105/joss.09609,JOSS,1,Peter R. Spackman
10.21105/joss.04467,JOSS,1,Yijie Xia
10.21105/joss.04467,JOSS,2,Yi Qin Gao
10.21105/joss.08296,JOSS,1,Kevin M. Lefrancois-Gagnon
10.21105/joss.08296,JOSS,2,Robert C. Mawhinney
10.21105/joss.00571,JOSS,1,Stefanie E. LaZerte
10.21105/joss.00571,JOSS,2,Sam Albers
10.21105/joss.03336,JOSS,1,Ben Prather
10.21105/joss.03336,JOSS,2,George Wong
10.21105/joss.03336,JOSS,3,Vedant Dhruv
10.21105/joss.03336,JOSS,4,Benjamin Ryan
10.21105/joss.03336,JOSS,5,Joshua Dolence
10.21105/joss.03336,JOSS,6,Sean Ressler
10.21105/joss.03336,JOSS,7,Charles Gammie
10.21105/joss.00940,JOSS,1,Umberto Villa
10.21105/joss.00940,JOSS,2,Noemi Petra
10.21105/joss.00940,JOSS,3,Omar Ghattas
10.21105/joss.06618,JOSS,1,David Tschumperlé
10.21105/joss.06618,JOSS,2,Sébastien Fourey
10.21105/joss.06618,JOSS,3,Garry Osgood
10.21105/joss.07162,JOSS,1,Jordi Manyer
10.21105/joss.07162,JOSS,2,Alberto F. Martín
10.21105/joss.07162,JOSS,3,Santiago Badia
10.21105/joss.06089,JOSS,1,Robrecht Cannoodt
10.21105/joss.06089,JOSS,2,Hendrik Cannoodt
10.21105/joss.06089,JOSS,3,Dries Schaumont
10.21105/joss.06089,JOSS,4,Kai Waldrant
10.21105/joss.06089,JOSS,5,Eric Van de Kerckhove
10.21105/joss.06089,JOSS,6,Andy Boschmans
10.21105/joss.06089,JOSS,7,Dries De Maeyer
10.21105/joss.06089,JOSS,8,Toni Verbeiren
10.21105/joss.01904,JOSS,1,Kacper Sokol
10.21105/joss.01904,JOSS,2,Alexander Hepburn
10.21105/joss.01904,JOSS,3,Rafael Poyiadzi
10.21105/joss.01904,JOSS,4,Matthew Clifford
10.21105/joss.01904,JOSS,5,Raul Santos-Rodriguez
10.21105/joss.01904,JOSS,6,Peter Flach
10.21105/joss.02480,JOSS,1,Knut Giljarhus
10.21105/joss.03430,JOSS,1,Mehmet Satman
10.21105/joss.03430,JOSS,2,Bahadır Yıldırım
10.21105/joss.03430,JOSS,3,Ersagun Kuruca
10.21105/joss.02318,JOSS,1,Rajesh Singh
10.21105/joss.02318,JOSS,2,Ronojoy Adhikari
10.21105/joss.06146,JOSS,1,Joshua Hansel
10.21105/joss.06146,JOSS,2,David Andrs
10.21105/joss.06146,JOSS,3,Lise Charlot
10.21105/joss.06146,JOSS,4,Guillaume Giudicelli
10.21105/joss.01073,JOSS,1,Albert Rich
10.21105/joss.01073,JOSS,2,Patrick Scheibe
10.21105/joss.01073,JOSS,3,Nasser Abbasi
10.21105/joss.02784,JOSS,1,Luke Kelley
10.21105/joss.05407,JOSS,1,Enrico Garaldi
10.21105/joss.00425,JOSS,1,Paul B. Govan
10.21105/joss.07094,JOSS,1,Michael C. Denes
10.21105/joss.07094,JOSS,2,Erik van Sebille
10.21105/joss.09605,JOSS,1,Qiusheng Wu
10.21105/joss.00500,JOSS,1,Jeongseok Lee
10.21105/joss.00500,JOSS,2,Michael X. Grey
10.21105/joss.00500,JOSS,3,Sehoon Ha
10.21105/joss.00500,JOSS,4,Tobias Kunz
10.21105/joss.00500,JOSS,5,Sumit Jain
10.21105/joss.00500,JOSS,6,Yuting Ye
10.21105/joss.00500,JOSS,7,Siddhartha S. Srinivasa
10.21105/joss.00500,JOSS,8,Mike Stilman
10.21105/joss.00500,JOSS,9,C. Karen Liu
10.21105/joss.08582,JOSS,1,Emily Bourne
10.21105/joss.08582,JOSS,2,Virginie Grandgirard
10.21105/joss.08582,JOSS,3,Yuuichi Asahi
10.21105/joss.08582,JOSS,4,Julien Bigot
10.21105/joss.08582,JOSS,5,Peter Donnel
10.21105/joss.08582,JOSS,6,Alexander Hoffmann
10.21105/joss.08582,JOSS,7,Abdelhadi Kara
10.21105/joss.08582,JOSS,8,Philipp Krah
10.21105/joss.08582,JOSS,9,Baptiste Legouix
10.21105/joss.08582,JOSS,10,Etienne Malaboeuf
10.21105/joss.08582,JOSS,11,Yann Munschy
10.21105/joss.08582,JOSS,12,Kevin Obrejan
10.21105/joss.08582,JOSS,13,Thomas Padioleau
10.21105/joss.08582,JOSS,14,Matthieu Protais
10.21105/joss.08582,JOSS,15,Pauline Vidal
10.21105/joss.03099,JOSS,1,Gabriele Bozzola
10.21105/joss.02265,JOSS,1,Stefan Kloppenborg
10.21105/joss.03393,JOSS,1,Daniel Lüdecke
10.21105/joss.03393,JOSS,2,Indrajeet Patil
10.21105/joss.03393,JOSS,3,Mattan Ben-Shachar
10.21105/joss.03393,JOSS,4,Brenton Wiernik
10.21105/joss.03393,JOSS,5,Philip Waggoner
10.21105/joss.03393,JOSS,6,Dominique Makowski
10.21105/joss.03741,JOSS,1,Dustin S. Stoltz
10.21105/joss.03741,JOSS,2,Marshall A. Taylor
10.21105/joss.01885,JOSS,1,Alfonso del Carre
10.21105/joss.01885,JOSS,2,Arturo Muñoz-Simón
10.21105/joss.01885,JOSS,3,Norberto Goizueta
10.21105/joss.01885,JOSS,4,Rafael Palacios
10.21105/joss.02286,JOSS,1,Olga Stamati
10.21105/joss.02286,JOSS,2,Edward Andò
10.21105/joss.02286,JOSS,3,Emmanuel Roubin
10.21105/joss.02286,JOSS,4,Rémi Cailletaud
10.21105/joss.02286,JOSS,5,Max Wiebicke
10.21105/joss.02286,JOSS,6,Gustavo Pinzon
10.21105/joss.02286,JOSS,7,Cyrille Couture
10.21105/joss.02286,JOSS,8,Ryan Hurley
10.21105/joss.02286,JOSS,9,Robert Caulk
10.21105/joss.02286,JOSS,10,Denis Caillerie
10.21105/joss.02286,JOSS,11,Takashi Matsushima
10.21105/joss.02286,JOSS,12,Pierre Bésuelle
10.21105/joss.02286,JOSS,13,Félix Bertoni
10.21105/joss.02286,JOSS,14,Tom Arnaud
10.21105/joss.02286,JOSS,15,Alejandro Laborin
10.21105/joss.02286,JOSS,16,Riccardo Rorato
10.21105/joss.02286,JOSS,17,Yue Sun
10.21105/joss.02286,JOSS,18,Alessandro Tengattini
10.21105/joss.02286,JOSS,19,Olumide Okubadejo
10.21105/joss.02286,JOSS,20,Jean-Baptiste Colliat
10.21105/joss.02286,JOSS,21,Mohammad Saadatfar
10.21105/joss.02286,JOSS,22,Fernando Garcia
10.21105/joss.02286,JOSS,23,Christos Papazoglou
10.21105/joss.02286,JOSS,24,Ilija Vego
10.21105/joss.02286,JOSS,25,Sébastien Brisard
10.21105/joss.02286,JOSS,26,Jelke Dijkstra
10.21105/joss.02286,JOSS,27,Georgios Birmpilis
10.21105/joss.00024,JOSS,1,Daniel Foreman-Mackey
10.21105/joss.02308,JOSS,1,J. Prochaska
10.21105/joss.02308,JOSS,2,Joseph Hennawi
10.21105/joss.02308,JOSS,3,Kyle Westfall
10.21105/joss.02308,JOSS,4,Ryan Cooke
10.21105/joss.02308,JOSS,5,Feige Wang
10.21105/joss.02308,JOSS,6,Tiffany Hsyu
10.21105/joss.02308,JOSS,7,Frederick Davies
10.21105/joss.02308,JOSS,8,Emanuele Farina
10.21105/joss.02308,JOSS,9,Debora Pelliccia
10.21105/joss.00097,JOSS,1,Jon Herman
10.21105/joss.00097,JOSS,2,Will Usher
10.21105/joss.01524,JOSS,1,Bryan Li
10.21105/joss.01524,JOSS,2,Alexander Cowen-Rivers
10.21105/joss.01524,JOSS,3,Piotr Kozakowski
10.21105/joss.01524,JOSS,4,David Tao
10.21105/joss.01524,JOSS,5,Siddhartha Kamalakara
10.21105/joss.01524,JOSS,6,Nitarshan Rajkumar
10.21105/joss.01524,JOSS,7,Hariharan Sezhiyan
10.21105/joss.01524,JOSS,8,Sicong Huang
10.21105/joss.01524,JOSS,9,Aidan Gomez
10.21105/joss.00941,JOSS,1,Michael Christensen
10.21105/joss.01478,JOSS,1,Saad Khan
10.21105/joss.01478,JOSS,2,Libusha Kelly
10.21105/joss.01610,JOSS,1,Mathias Kuhring
10.21105/joss.01610,JOSS,2,Mikko Nieminen
10.21105/joss.01610,JOSS,3,Jennifer Kirwan
10.21105/joss.01610,JOSS,4,Dieter Beule
10.21105/joss.01610,JOSS,5,Manuel Holtgrewe
10.21105/joss.01796,JOSS,1,Jorge Cimentada
10.21105/joss.00023,JOSS,1,James P Balhoff
10.21105/joss.00020,JOSS,1,Peter F Hickey
10.21105/joss.00234,JOSS,1,R Daniel Kortschak
10.21105/joss.00234,JOSS,2,David L Adelson
10.21105/joss.00531,JOSS,1,Björn Dahlgren
10.21105/joss.00216,JOSS,1,Gilbert Marzolin
10.21105/joss.00216,JOSS,2,Olivier Gimenez
10.21105/joss.03297,JOSS,1,Christoph Wick
10.21105/joss.03297,JOSS,2,Benjamin Kühn
10.21105/joss.03297,JOSS,3,Gundram Leifert
10.21105/joss.03297,JOSS,4,Konrad Sperfeld
10.21105/joss.03297,JOSS,5,Tobias Strauß
10.21105/joss.03297,JOSS,6,Jochen Zöllner
10.21105/joss.03297,JOSS,7,Tobias Grüning
10.21105/joss.03991,JOSS,1,Tangi Migot
10.21105/joss.03991,JOSS,2,Dominique Orban
10.21105/joss.03991,JOSS,3,Abel Siqueira
10.21105/joss.07975,JOSS,1,Romain Egele
10.21105/joss.07975,JOSS,2,Prasanna Balaprakash
10.21105/joss.07975,JOSS,3,Gavin M. Wiggins
10.21105/joss.07975,JOSS,4,Brett Eiffert
10.21105/joss.04706,JOSS,1,Ming Hu
10.21105/joss.04706,JOSS,2,Xiaolong Jiang
10.21105/joss.04816,JOSS,1,Ian Frederick Vigogne Goodbody Hunter
10.21105/joss.06724,JOSS,1,Thiago Araujo
10.21105/joss.05155,JOSS,1,Aleksei Sholokhov
10.21105/joss.05155,JOSS,2,Peng Zheng
10.21105/joss.05155,JOSS,3,Aleksandr Aravkin
10.21105/joss.05165,JOSS,1,Jules Penuchot
10.21105/joss.05165,JOSS,2,Joel Falcou
10.21105/joss.05200,JOSS,1,Elliot Howley
10.21105/joss.05200,JOSS,2,Susan Francis
10.21105/joss.05200,JOSS,3,Denis Schluppeck
10.21105/joss.03996,JOSS,1,Fredrik Strömberg
10.21105/joss.04017,JOSS,1,Björn Biltzinger
10.21105/joss.04017,JOSS,2,J. Michael Burgess
10.21105/joss.04017,JOSS,3,Thomas Siegert
10.21105/joss.05987,JOSS,1,Anselm Hudde
10.21105/joss.07477,JOSS,1,Christopher Donnay
10.21105/joss.07477,JOSS,2,Moon Duchin
10.21105/joss.07477,JOSS,3,Jack Gibson
10.21105/joss.07477,JOSS,4,Zach Glaser
10.21105/joss.07477,JOSS,5,Andrew Hong
10.21105/joss.07477,JOSS,6,Malavika Mukundan
10.21105/joss.07477,JOSS,7,Jennifer Wang
10.21105/joss.02463,JOSS,1,Charlotte Haley
10.21105/joss.02463,JOSS,2,Christopher Geoga
10.21105/joss.02075,JOSS,1,Matthew Moretz
10.21105/joss.02075,JOSS,2,Daniel Foster
10.21105/joss.02075,JOSS,3,John Weber
10.21105/joss.02075,JOSS,4,Rinty Chowdhury
10.21105/joss.02075,JOSS,5,Shah Rafique
10.21105/joss.02075,JOSS,6,Evan Goldstein
10.21105/joss.02075,JOSS,7,Somya Mohanty
10.21105/joss.07346,JOSS,1,Logan Mondal Bhamidipaty
10.21105/joss.07346,JOSS,2,Mykel J. Kochenderfer
10.21105/joss.03678,JOSS,1,Alexis Hill
10.21105/joss.03678,JOSS,2,James Rybarski
10.21105/joss.03678,JOSS,3,Kuang Hu
10.21105/joss.03678,JOSS,4,Ilya Finkelstein
10.21105/joss.03678,JOSS,5,Claus Wilke
10.21105/joss.01040,JOSS,1,Simon Greenhill
10.21105/joss.03993,JOSS,1,A. N. Villano
10.21105/joss.03993,JOSS,2,Kitty Harris
10.21105/joss.03993,JOSS,3,Staci Brown
10.21105/joss.04015,JOSS,1,Zarrar Khan
10.21105/joss.04015,JOSS,2,Mengqi Zhao
10.21105/joss.04015,JOSS,3,Chris R. Vernon
10.21105/joss.04015,JOSS,4,Thomas Wild
10.21105/joss.04015,JOSS,5,Brinda Yarlagadda
10.21105/joss.04530,JOSS,1,Brandon Monier
10.21105/joss.04530,JOSS,2,Terry M. Casstevens
10.21105/joss.04530,JOSS,3,Peter J. Bradbury
10.21105/joss.04530,JOSS,4,Edward S. Buckler
10.21105/joss.08846,JOSS,1,Ahmed Ghanem
10.21105/joss.08846,JOSS,2,Ruairi O’Reilly
10.21105/joss.02170,JOSS,1,Hajk-Georg Drost
10.21105/joss.04924,JOSS,1,Christopher Popp
10.21105/joss.07305,JOSS,1,Justin Bousquin
10.21105/joss.07305,JOSS,2,Cristina A. Mullin
10.21105/joss.02408,JOSS,1,Romain Montagné
10.21105/joss.02408,JOSS,2,David Sanchez
10.21105/joss.02408,JOSS,3,Halvard Storbugt
10.21105/joss.01881,JOSS,1,Britton Smith
10.21105/joss.01881,JOSS,2,Meagan Lang
10.21105/joss.04945,JOSS,1,Hao Yin
10.21105/joss.04945,JOSS,2,Gianluca Cusatis
10.21105/joss.02664,JOSS,1,Iraklis Klampanos
10.21105/joss.02664,JOSS,2,Chrysoula Themeli
10.21105/joss.02664,JOSS,3,Alessandro Spinuso
10.21105/joss.02664,JOSS,4,Rosa Filgueira
10.21105/joss.02664,JOSS,5,Malcolm Atkinson
10.21105/joss.02664,JOSS,6,André Gemünd
10.21105/joss.02664,JOSS,7,Vangelis Karkaletsis
10.21105/joss.05097,JOSS,1,Sylvain Barbot
10.21105/joss.02176,JOSS,1,Andy Wilkins
10.21105/joss.02176,JOSS,2,Christopher Green
10.21105/joss.02176,JOSS,3,Jonathan Ennis-King
10.21105/joss.01037,JOSS,1,James Schloss
10.21105/joss.01037,JOSS,2,Lee O'Riordan
10.21105/joss.04504,JOSS,1,Luis Barroso-Luque
10.21105/joss.04504,JOSS,2,Julia H. Yang
10.21105/joss.04504,JOSS,3,Fengyu Xie
10.21105/joss.04504,JOSS,4,Tina Chen
10.21105/joss.04504,JOSS,5,Ronald L. Kam
10.21105/joss.04504,JOSS,6,Zinab Jadidi
10.21105/joss.04504,JOSS,7,Peichen Zhong
10.21105/joss.04504,JOSS,8,Gerbrand Ceder
10.21105/joss.02939,JOSS,1,Balaje Kalyanaraman
10.21105/joss.02939,JOSS,2,Michael Meylan
10.21105/joss.02939,JOSS,3,Bishnu Lamichhane
10.21105/joss.02939,JOSS,4,Luke Bennetts
10.21105/joss.06863,JOSS,1,Thibault Malou
10.21105/joss.06863,JOSS,2,Simon Labarthe
10.21105/joss.03772,JOSS,1,Amanda Baxter
10.21105/joss.03772,JOSS,2,Segev BenZvi
10.21105/joss.03772,JOSS,3,Joahan Jaimes
10.21105/joss.03772,JOSS,4,Alexis Coleiro
10.21105/joss.03772,JOSS,5,Marta Molla
10.21105/joss.03772,JOSS,6,Damien Dornic
10.21105/joss.03772,JOSS,7,Spencer Griswold
10.21105/joss.03772,JOSS,8,Tomer Goldhagen
10.21105/joss.03772,JOSS,9,Anne Graf
10.21105/joss.03772,JOSS,10,Alec Habig
10.21105/joss.03772,JOSS,11,Remington Hill
10.21105/joss.03772,JOSS,12,Shunsaku Horiuchi
10.21105/joss.03772,JOSS,13,James Kneller
10.21105/joss.03772,JOSS,14,Mathieu Lamoureux
10.21105/joss.03772,JOSS,15,Rafael Lang
10.21105/joss.03772,JOSS,16,Massimiliano Lincetto
10.21105/joss.03772,JOSS,17,Jost Migenda
10.21105/joss.03772,JOSS,18,McKenzie Myers
10.21105/joss.03772,JOSS,19,Evan O’Connor
10.21105/joss.03772,JOSS,20,Andrew Renshaw
10.21105/joss.03772,JOSS,21,Kate Scholberg
10.21105/joss.03772,JOSS,22,Andrey Sheshukov
10.21105/joss.03772,JOSS,23,Jeff Tseng
10.21105/joss.03772,JOSS,24,Christopher Tunnell
10.21105/joss.03772,JOSS,25,Navya Uberoi
10.21105/joss.03772,JOSS,26,Arkin Worlikar
10.21105/joss.05038,JOSS,1,Thomas M. Bury
10.21105/joss.07751,JOSS,1,Alan Taboré
10.21105/joss.03219,JOSS,1,Piotr Bartman
10.21105/joss.03219,JOSS,2,Oleksii Bulenok
10.21105/joss.03219,JOSS,3,Kamil Górski
10.21105/joss.03219,JOSS,4,Anna Jaruga
10.21105/joss.03219,JOSS,5,Grzegorz Łazarski
10.21105/joss.03219,JOSS,6,Michael A. Olesik
10.21105/joss.03219,JOSS,7,Bartosz Piasecki
10.21105/joss.03219,JOSS,8,Clare E. Singer
10.21105/joss.03219,JOSS,9,Aleksandra Talar
10.21105/joss.03219,JOSS,10,Sylwester Arabas
10.21105/joss.00653,JOSS,1,Michael Hucka
10.21105/joss.06413,JOSS,1,Alex Zwanenburg
10.21105/joss.06413,JOSS,2,Steffen Löck
10.21105/joss.05916,JOSS,1,Thomas Vergauwen
10.21105/joss.05916,JOSS,2,Michiel Vieijra
10.21105/joss.05916,JOSS,3,Andrei Covaci
10.21105/joss.05916,JOSS,4,Amber Jacobs
10.21105/joss.05916,JOSS,5,Sara Top
10.21105/joss.05916,JOSS,6,Wout Dewettinck
10.21105/joss.05916,JOSS,7,Kobe Vandelanotte
10.21105/joss.05916,JOSS,8,Ian Hellebosch
10.21105/joss.05916,JOSS,9,Steven Caluwaerts
10.21105/joss.06600,JOSS,1,Edson Porto da Silva
10.21105/joss.06600,JOSS,2,Adolfo Fernandes Herbster
10.21105/joss.09365,JOSS,1,Albert de Montserrat
10.21105/joss.09365,JOSS,2,Pascal S. Aellig
10.21105/joss.09365,JOSS,3,Christian Schuler
10.21105/joss.09365,JOSS,4,Ivan Navarrete
10.21105/joss.09365,JOSS,5,Ludovic Räss
10.21105/joss.09365,JOSS,6,Lukas Fuchs
10.21105/joss.09365,JOSS,7,Boris J. P. Kaus
10.21105/joss.09365,JOSS,8,Hugo Dominguez
10.21105/joss.00755,JOSS,1,David Topping
10.21105/joss.00755,JOSS,2,Paul Connolly
10.21105/joss.00755,JOSS,3,Jonathan Reid
10.21105/joss.02558,JOSS,1,Egon Willighagen
10.21105/joss.08855,JOSS,1,Alexander Kolpakov
10.21105/joss.08855,JOSS,2,Igor Rivin
10.21105/joss.04913,JOSS,1,Sebastian Hönel
10.21105/joss.04913,JOSS,2,Morgan Ericsson
10.21105/joss.04913,JOSS,3,Welf Löwe
10.21105/joss.04913,JOSS,4,Anna Wingkvist
10.21105/joss.02409,JOSS,1,Lydia Lucchesi
10.21105/joss.02409,JOSS,2,Petra Kuhnert
10.21105/joss.02409,JOSS,3,Christopher Wikle
10.21105/joss.06575,JOSS,1,Congwei Song
10.21105/joss.05371,JOSS,1,Rémi Vezy
10.21105/joss.03429,JOSS,1,Andreas Philippi
10.21105/joss.03429,JOSS,2,Simone Buttler
10.21105/joss.03429,JOSS,3,Nikolai Stein
10.21105/joss.09480,JOSS,1,Brian C. Ferrari
10.21105/joss.05251,JOSS,1,Candace Makeda Moore
10.21105/joss.05251,JOSS,2,Walter Baccinelli
10.21105/joss.05251,JOSS,3,Oleg Sivokon
10.21105/joss.05251,JOSS,4,Robertus Simon Petrus Warnaar
10.21105/joss.05251,JOSS,5,Eline Oppersma
10.21105/joss.01981,JOSS,1,Torben Tvedebrink
10.21105/joss.01981,JOSS,2,Mikkel Andersen
10.21105/joss.01981,JOSS,3,James Curran
10.21105/joss.05292,JOSS,1,James Ohisei Uanhoro
10.21105/joss.03075,JOSS,1,Farshid Tavakolizadeh
10.21105/joss.03075,JOSS,2,Shreekantha Devasya
10.21105/joss.02687,JOSS,1,Keith Roberts
10.21105/joss.02687,JOSS,2,Rafael Gioria
10.21105/joss.02687,JOSS,3,William Pringle
10.21105/joss.09189,JOSS,1,Hugo Lecomte
10.21105/joss.09189,JOSS,2,Sebastien Fourest
10.21105/joss.09189,JOSS,3,Alejandro Blazquez
10.21105/joss.07211,JOSS,1,Hause Lin
10.21105/joss.07211,JOSS,2,Tawab Safi
10.21105/joss.03960,JOSS,1,Thomas A. R. Purcell
10.21105/joss.03960,JOSS,2,Matthias Scheffler
10.21105/joss.03960,JOSS,3,Christian Carbogno
10.21105/joss.03960,JOSS,4,Luca M. Ghiringhelli
10.21105/joss.06531,JOSS,1,Thomas Roy
10.21105/joss.06531,JOSS,2,Julian Andrej
10.21105/joss.06531,JOSS,3,Aymeric Antimes
10.21105/joss.06531,JOSS,4,Victor A. Beck
10.21105/joss.06531,JOSS,5,Victoria Ehlinger
10.21105/joss.06531,JOSS,6,Florian Euzenat
10.21105/joss.06531,JOSS,7,Nitish Govindarajan
10.21105/joss.06531,JOSS,8,Jack Guo
10.21105/joss.06531,JOSS,9,Tiras Y. Lin
10.21105/joss.06531,JOSS,10,Thomas Moore
10.21105/joss.08912,JOSS,1,Yannik Mahlau
10.21105/joss.08912,JOSS,2,Frederik Schubert
10.21105/joss.08912,JOSS,3,Lukas Berg
10.21105/joss.08912,JOSS,4,Bodo Rosenhahn
10.21105/joss.05298,JOSS,1,Penelope R. How
10.21105/joss.05298,JOSS,2,Patrick J. Wright
10.21105/joss.05298,JOSS,3,Kenneth D. Mankoff
10.21105/joss.05298,JOSS,4,Baptiste Vandecrux
10.21105/joss.05298,JOSS,5,Robert S. Fausto
10.21105/joss.05298,JOSS,6,Andreas P. Ahlstrøm
10.21105/joss.08039,JOSS,1,Dennis Klinkhammer
10.21105/joss.03049,JOSS,1,Wilmer Uruchi
10.21105/joss.03049,JOSS,2,Miguel Castrillo
10.21105/joss.03049,JOSS,3,Daniel Beltrán
10.21105/joss.00690,JOSS,1,Jasper Ginn
10.21105/joss.03739,JOSS,1,Stephanie Singer
10.21105/joss.03739,JOSS,2,Eric Tsai
10.21105/joss.00602,JOSS,1,Mike Innes
10.21105/joss.06018,JOSS,1,Chad A. Greene
10.21105/joss.06018,JOSS,2,Svetlana Erofeeva
10.21105/joss.06018,JOSS,3,Laurie Padman
10.21105/joss.06018,JOSS,4,Susan L. Howard
10.21105/joss.06018,JOSS,5,Tyler Sutterley
10.21105/joss.06018,JOSS,6,Gary Egbert
10.21105/joss.05329,JOSS,1,Naoki Kanazawa
10.21105/joss.05329,JOSS,2,Daniel J. Egger
10.21105/joss.05329,JOSS,3,Yael Ben-Haim
10.21105/joss.05329,JOSS,4,Helena Zhang
10.21105/joss.05329,JOSS,5,William E. Shanks
10.21105/joss.05329,JOSS,6,Gadi Aleksandrowicz
10.21105/joss.05329,JOSS,7,Christopher J. Wood
10.21105/joss.01828,JOSS,1,Stefano Bianchi
10.21105/joss.06147,JOSS,1,Allison Kubo Hutchison
10.21105/joss.06147,JOSS,2,Leif Karlstrom
10.21105/joss.06147,JOSS,3,Tushar Mittal
10.21105/joss.00440,JOSS,1,Jiao Y. Y. Lin
10.21105/joss.00440,JOSS,2,Fahima Islam
10.21105/joss.00440,JOSS,3,Max Kresh
10.21105/joss.04655,JOSS,1,Adrian A. Correndo
10.21105/joss.04655,JOSS,2,Luiz H. Moro Rosso
10.21105/joss.04655,JOSS,3,Carlos H. Hernandez
10.21105/joss.04655,JOSS,4,Leonardo M. Bastos
10.21105/joss.04655,JOSS,5,Luciana Nieto
10.21105/joss.04655,JOSS,6,Dean Holzworth
10.21105/joss.04655,JOSS,7,Ignacio A. Ciampitti
10.21105/joss.09944,JOSS,1,Aman Chokshi
10.21105/joss.07739,JOSS,1,Michael Foster
10.21105/joss.07739,JOSS,2,Andrew Clark
10.21105/joss.07739,JOSS,3,Christopher Wild
10.21105/joss.07739,JOSS,4,Farhad Allian
10.21105/joss.07739,JOSS,5,Robert Turner
10.21105/joss.07739,JOSS,6,Richard Somers
10.21105/joss.07739,JOSS,7,Nicholas Latimer
10.21105/joss.07739,JOSS,8,Neil Walkinshaw
10.21105/joss.07739,JOSS,9,Robert M. Hierons
10.21105/joss.06894,JOSS,1,Arnav Agrawal
10.21105/joss.06894,JOSS,2,Ryan J. MacDonald
10.21105/joss.07149,JOSS,1,Thomas R. Chudley
10.21105/joss.07149,JOSS,2,Ian M. Howat
10.21105/joss.07341,JOSS,1,Mélodie Monod
10.21105/joss.07341,JOSS,2,Peter Krusche
10.21105/joss.07341,JOSS,3,Qian Cao
10.21105/joss.07341,JOSS,4,Berkman Sahiner
10.21105/joss.07341,JOSS,5,Nicholas Petrick
10.21105/joss.07341,JOSS,6,David Ohlssen
10.21105/joss.07341,JOSS,7,Thibaud Coroller
10.21105/joss.06325,JOSS,1,Rohini S. Gupta
10.21105/joss.06325,JOSS,2,Chris R. Vernon
10.21105/joss.06325,JOSS,3,Travis Thurber
10.21105/joss.06325,JOSS,4,David F. Gold
10.21105/joss.06325,JOSS,5,Zachary M. Hirsch
10.21105/joss.06325,JOSS,6,Antonia Hadjimichael
10.21105/joss.06325,JOSS,7,Patrick M. Reed
10.21105/joss.04183,JOSS,1,Erich Schubert
10.21105/joss.04183,JOSS,2,Lars Lenssen
10.21105/joss.01038,JOSS,1,Anna-Lena Wölwer
10.21105/joss.01038,JOSS,2,Jan Burgard
10.21105/joss.01038,JOSS,3,Joshua Kunst
10.21105/joss.01038,JOSS,4,Mauricio Vargas
10.21105/joss.09491,JOSS,1,Thanos Kontogiannis
10.21105/joss.09491,JOSS,2,Mariana Salinas-Camus
10.21105/joss.09491,JOSS,3,Nick Eleftheroglou
10.21105/joss.00388,JOSS,1,Adrian M. Price-Whelan
10.21105/joss.08177,JOSS,1,Lars Hoffmann
10.21105/joss.08177,JOSS,2,Jan Clemens
10.21105/joss.08177,JOSS,3,Sabine Griessbach
10.21105/joss.08177,JOSS,4,Kaveh Haghighi Mood
10.21105/joss.08177,JOSS,5,Yi Heng
10.21105/joss.08177,JOSS,6,Farahnaz Khosrawi
10.21105/joss.08177,JOSS,7,Mingzhao Liu
10.21105/joss.08177,JOSS,8,Yen-Sen Lu
10.21105/joss.08177,JOSS,9,Catrin Meyer
10.21105/joss.08177,JOSS,10,Nils Nobre Wittwer
10.21105/joss.08177,JOSS,11,Xue Wu
10.21105/joss.08177,JOSS,12,Ling Zou
10.21105/joss.03522,JOSS,1,Rémi Rampin
10.21105/joss.03522,JOSS,2,Vicky Rampin
10.21105/joss.03982,JOSS,1,Matthew W. Scroggs
10.21105/joss.03982,JOSS,2,Igor A. Baratta
10.21105/joss.03982,JOSS,3,Chris N. Richardson
10.21105/joss.03982,JOSS,4,Garth N. Wells
10.21105/joss.01298,JOSS,1,Andrea Zonca
10.21105/joss.01298,JOSS,2,Leo Singer
10.21105/joss.01298,JOSS,3,Daniel Lenz
10.21105/joss.01298,JOSS,4,Martin Reinecke
10.21105/joss.01298,JOSS,5,Cyrille Rosset
10.21105/joss.01298,JOSS,6,Eric Hivon
10.21105/joss.01298,JOSS,7,Krzysztof Gorski
10.21105/joss.00754,JOSS,1,Daniel Lüdecke
10.21105/joss.06731,JOSS,1,Adam M. Krajewski
10.21105/joss.06731,JOSS,2,Arindam Debnath
10.21105/joss.06731,JOSS,3,Wesley F. Reinhart
10.21105/joss.06731,JOSS,4,Allison M. Beese
10.21105/joss.06731,JOSS,5,Zi-Kui Liu
10.21105/joss.05885,JOSS,1,Andreas Schneider
10.21105/joss.06189,JOSS,1,Oskar Laverny
10.21105/joss.06189,JOSS,2,Santiago Jimenez
10.21105/joss.06244,JOSS,1,Meng Cai
10.21105/joss.06244,JOSS,2,Yingjie Li
10.21105/joss.06244,JOSS,3,Dirk Colbry
10.21105/joss.06244,JOSS,4,Veronica F. Frans
10.21105/joss.06244,JOSS,5,Yuqian Zhang
10.21105/joss.06322,JOSS,1,Tushar Patni
10.21105/joss.06322,JOSS,2,Yimei Li
10.21105/joss.06322,JOSS,3,Jianrong Wu
10.21105/joss.06411,JOSS,1,Jakob Hærvig
10.21105/joss.06450,JOSS,1,Fazila Rubab
10.21105/joss.06450,JOSS,2,Sara Iftikhar
10.21105/joss.06450,JOSS,3,Ather Abbas
10.21105/joss.05496,JOSS,1,Koki Tsuyuzaki
10.21105/joss.07206,JOSS,1,Laurenz A. Farthofer
10.21105/joss.07785,JOSS,1,Odd A. Andersen
10.21105/joss.02968,JOSS,1,Wouter van Zeist
10.21105/joss.02968,JOSS,2,Héloïse Stevance
10.21105/joss.02968,JOSS,3,J. Eldridge
10.21105/joss.00910,JOSS,1,Simon Dirmeier
10.21105/joss.00988,JOSS,1,Ian Fellows
10.21105/joss.01340,JOSS,1,Mikael Mortensen
10.21105/joss.01340,JOSS,2,Lisandro Dalcin
10.21105/joss.01340,JOSS,3,David Keyes
10.21105/joss.01094,JOSS,1,Aaron Carter-Ényì
10.21105/joss.00204,JOSS,1,Matti Pastell
10.21105/joss.02769,JOSS,1,Pedro Rafael Diniz Marinho
10.21105/joss.03191,JOSS,1,Thomas Huet
10.21105/joss.03191,JOSS,2,Jose Pozo
10.21105/joss.03191,JOSS,3,Craig Alexander
10.21105/joss.03166,JOSS,1,Toshihiro Umehara
10.21105/joss.02842,JOSS,1,Michael Hirsch
10.21105/joss.02007,JOSS,1,Chia Chang
10.21105/joss.02007,JOSS,2,Christopher Körber
10.21105/joss.02007,JOSS,3,André Loud
10.21105/joss.06873,JOSS,1,Nathan Martindale
10.21105/joss.06873,JOSS,2,Scott L. Stewart
10.21105/joss.00341,JOSS,1,Francesco Strozzi
10.21105/joss.00341,JOSS,2,Raoul Jean Pierre Bonnal
10.21105/joss.04755,JOSS,1,Aman Modi
10.21105/joss.04755,JOSS,2,Giorgio Gonnella
10.21105/joss.04898,JOSS,1,Stephen J. Beckett
10.21105/joss.04898,JOSS,2,Freyja A. Brandel-Tanis
10.21105/joss.04898,JOSS,3,Quan Nguyen
10.21105/joss.04898,JOSS,4,Aroon T. Chande
10.21105/joss.04898,JOSS,5,Lavanya Rishishwar
10.21105/joss.04898,JOSS,6,Clio Andris
10.21105/joss.04898,JOSS,7,Joshua S. Weitz
10.21105/joss.04771,JOSS,1,Skipton N. C. Woolley
10.21105/joss.04771,JOSS,2,Scott D. Foster
10.21105/joss.04989,JOSS,1,V. Ananiev
10.21105/joss.04989,JOSS,2,A. L. Read
10.21105/joss.05198,JOSS,1,Romain Sacchi
10.21105/joss.05443,JOSS,1,Angelina E. Uno-Antonison
10.21105/joss.05443,JOSS,2,Rabab Fatima
10.21105/joss.05443,JOSS,3,James Scherer
10.21105/joss.05443,JOSS,4,Alexander Moss
10.21105/joss.05443,JOSS,5,Donna Brown
10.21105/joss.05443,JOSS,6,Aleksandra Foksinska
10.21105/joss.05443,JOSS,7,Manavalan Gajapathy
10.21105/joss.05443,JOSS,8,Elizabeth J. Wilk
10.21105/joss.05443,JOSS,9,Brittany N. Lasseigne
10.21105/joss.05443,JOSS,10,Elizabeth Worthey
10.21105/joss.06838,JOSS,1,Alexey Izmailov
10.21105/joss.06838,JOSS,2,Matthew Meeker
10.21105/joss.06838,JOSS,3,Georgios Deskos
10.21105/joss.06838,JOSS,4,Brendan Keith
10.21105/joss.06191,JOSS,1,Frank Male
10.21105/joss.00735,JOSS,1,Inom Mirzaev
10.21105/joss.00735,JOSS,2,Drew FK Williamson
10.21105/joss.00735,JOSS,3,Jacob G Scott
10.21105/joss.06097,JOSS,1,Fred Shone
10.21105/joss.06097,JOSS,2,Theodore Chatziioannou
10.21105/joss.06097,JOSS,3,Bryn Pickering
10.21105/joss.06097,JOSS,4,Kasia Kozlowska
10.21105/joss.06097,JOSS,5,Michael Fitzmaurice
10.21105/joss.09468,JOSS,1,Rahul Verma
10.21105/joss.09468,JOSS,2,Nisarg Joshi
10.21105/joss.09468,JOSS,3,Jim Pfaendtner
10.21105/joss.08498,JOSS,1,Robin Yoël Engel
10.21105/joss.08498,JOSS,2,Patrick Lömker
10.21105/joss.00357,JOSS,1,Adrian M. Price-Whelan
10.21105/joss.00357,JOSS,2,Daniel Foreman-Mackey
10.21105/joss.00990,JOSS,1,Sebastian Lamprecht
10.21105/joss.04807,JOSS,1,Bruno A Lima
10.21105/joss.04807,JOSS,2,Filipe P Reis
10.21105/joss.04871,JOSS,1,Bruno Lebon
10.21105/joss.04694,JOSS,1,Sota Yoshida
10.21105/joss.08532,JOSS,1,Umar Islambekov
10.21105/joss.08532,JOSS,2,Aleksei Luchinsky
10.21105/joss.04052,JOSS,1,Daniel Eggert
10.21105/joss.04052,JOSS,2,Mike Sips
10.21105/joss.04052,JOSS,3,Philipp S. Sommer
10.21105/joss.04052,JOSS,4,Doris Dransch
10.21105/joss.05373,JOSS,1,Roberto Luiz Souza Monteiro
10.21105/joss.05373,JOSS,2,Renata Souza Freitas Dantas Barreto
10.21105/joss.05373,JOSS,3,Andréia Rita da Silva
10.21105/joss.05373,JOSS,4,Alexandre do Nascimento Silva
10.21105/joss.05373,JOSS,5,José Roberto de Araújo Fontoura
10.21105/joss.05373,JOSS,6,Marcos Batista Figueredo
10.21105/joss.05373,JOSS,7,Hernane Borges de Barros Pereira
10.21105/joss.09551,JOSS,1,Janaka C. Ranasinghesagara
10.21105/joss.09551,JOSS,2,Carole K. Hayakawa
10.21105/joss.09551,JOSS,3,Lisa M. Glover
10.21105/joss.09551,JOSS,4,Vasan Venugopalan
10.21105/joss.08509,JOSS,1,Abuzar Mahmood
10.21105/joss.05182,JOSS,1,Matthew R. Carbone
10.21105/joss.05182,JOSS,2,Fanchen Meng
10.21105/joss.05182,JOSS,3,Christian Vorwerk
10.21105/joss.05182,JOSS,4,Benedikt Maurer
10.21105/joss.05182,JOSS,5,Fabian Peschel
10.21105/joss.05182,JOSS,6,Xiaohui Qu
10.21105/joss.05182,JOSS,7,Eli Stavitski
10.21105/joss.05182,JOSS,8,Claudia Draxl
10.21105/joss.05182,JOSS,9,John Vinson
10.21105/joss.05182,JOSS,10,Deyu Lu
10.21105/joss.00215,JOSS,1,Geoff Boeing
10.21105/joss.06502,JOSS,1,Matthew D. Tankersley
10.21105/joss.07021,JOSS,1,Sinan Ozaydin
10.21105/joss.07021,JOSS,2,Lu Li
10.21105/joss.07021,JOSS,3,Utpal Singh
10.21105/joss.07021,JOSS,4,Patrice F. Rey
10.21105/joss.07021,JOSS,5,Maria Constanza Manassero
10.21105/joss.05025,JOSS,1,Krishna Kumar
10.21105/joss.05025,JOSS,2,Joseph Vantassel
10.21105/joss.06241,JOSS,1,Felix Jung
10.21105/joss.06241,JOSS,2,Debsankha Manik
10.21105/joss.01008,JOSS,1,Raoul Wadhwa
10.21105/joss.01008,JOSS,2,Vigneshwar Subramanian
10.21105/joss.01008,JOSS,3,Regina Stevens-Truss
10.21105/joss.00267,JOSS,1,Danny Hermes
10.21105/joss.07472,JOSS,1,Isaac Kinley
10.21105/joss.09092,JOSS,1,Kohei Watanabe
10.21105/joss.07311,JOSS,1,Felix Böhm
10.21105/joss.07311,JOSS,2,Moritz Makowski
10.21105/joss.07311,JOSS,3,Patrick Aigner
10.21105/joss.07311,JOSS,4,Jia Chen
10.21105/joss.09625,JOSS,1,Akshay Pal
10.21105/joss.08655,JOSS,1,Gaurav Atreya
10.21105/joss.08655,JOSS,2,Todd Steissberg
10.21105/joss.08655,JOSS,3,Patrick A. Ray
10.21105/joss.05226,JOSS,1,Hamza Ahsan
10.21105/joss.05226,JOSS,2,Zarrar Khan
10.21105/joss.05226,JOSS,3,Abigail Snyder
10.21105/joss.05226,JOSS,4,Page Kyle
10.21105/joss.05226,JOSS,5,Chris Vernon
10.21105/joss.07111,JOSS,1,Athina M. Z. Lange
10.21105/joss.07111,JOSS,2,Holger Lange
10.21105/joss.07111,JOSS,3,Julia W. Fiedler
10.21105/joss.07111,JOSS,4,Brittany L. Bruder
10.21105/joss.01643,JOSS,1,Steve Ruggiero
10.21105/joss.01643,JOSS,2,Ashlee Versypt
10.21105/joss.05446,JOSS,1,Chang Liao
10.21105/joss.05446,JOSS,2,Matt G Cooper
10.21105/joss.03920,JOSS,1,Jonas Lamy
10.21105/joss.03920,JOSS,2,Thibault Pelletier
10.21105/joss.03920,JOSS,3,Guillaume Lienemann
10.21105/joss.03920,JOSS,4,Benoît Magnin
10.21105/joss.03920,JOSS,5,Bertrand Kerautret
10.21105/joss.03920,JOSS,6,Nicolas Passat
10.21105/joss.03920,JOSS,7,Julien Finet
10.21105/joss.03920,JOSS,8,Antoine Vacavant
10.21105/joss.00854,JOSS,1,Brett M. Morris
10.21105/joss.00854,JOSS,2,Trevor Dorn-Wallenstein
10.21105/joss.02685,JOSS,1,Arthur Goldberg
10.21105/joss.02685,JOSS,2,Jonathan Karr
10.21105/joss.01216,JOSS,1,Philipp Sommer
10.21105/joss.01216,JOSS,2,Dilan Rech
10.21105/joss.01216,JOSS,3,Manuel Chevalier
10.21105/joss.01216,JOSS,4,Basil Davis
10.21105/joss.03000,JOSS,1,David Keitel
10.21105/joss.03000,JOSS,2,Rodrigo Tenorio
10.21105/joss.03000,JOSS,3,Gregory Ashton
10.21105/joss.03000,JOSS,4,Reinhard Prix
10.21105/joss.07608,JOSS,1,Abhinav Sharma
10.21105/joss.07608,JOSS,2,Talya Conradie
10.21105/joss.07608,JOSS,3,David Martino
10.21105/joss.07608,JOSS,4,Stephen Stick
10.21105/joss.07608,JOSS,5,Patricia Agudelo-Romero
10.21105/joss.01773,JOSS,1,Toni Giorgino
10.21105/joss.04890,JOSS,1,Michael Eder
10.21105/joss.04890,JOSS,2,Lukas M. P. Bauer
10.21105/joss.04890,JOSS,3,Daniel Forstenlechner
10.21105/joss.04890,JOSS,4,Georg S. Graßler
10.21105/joss.04890,JOSS,5,Sergei V. Kasilov
10.21105/joss.04890,JOSS,6,Winfried Kernbichler
10.21105/joss.04890,JOSS,7,Markus Meisterhofer
10.21105/joss.04890,JOSS,8,Michael Scheidt
10.21105/joss.04890,JOSS,9,Christopher G. Albert
10.21105/joss.01684,JOSS,1,Wenyang Lyu
10.21105/joss.01684,JOSS,2,Shibabrat Naik
10.21105/joss.01684,JOSS,3,Stephen Wiggins
10.21105/joss.08135,JOSS,1,Joseph I Turner
10.21105/joss.08135,JOSS,2,Kaydance D Turner
10.21105/joss.07123,JOSS,1,Hugo Ledoux
10.21105/joss.05238,JOSS,1,David Schoch
10.21105/joss.05136,JOSS,1,Win Cowger
10.21105/joss.05136,JOSS,2,Steven Hollingsworth
10.21105/joss.05136,JOSS,3,Day Fey
10.21105/joss.05136,JOSS,4,Mary C Norris
10.21105/joss.05136,JOSS,5,Walter Yu
10.21105/joss.05136,JOSS,6,Kristiina Kerge
10.21105/joss.05136,JOSS,7,Kris Haamer
10.21105/joss.05136,JOSS,8,Gina Durante
10.21105/joss.05136,JOSS,9,Brianda Hernandez
10.21105/joss.01798,JOSS,1,Hubert Baniecki
10.21105/joss.01798,JOSS,2,Przemyslaw Biecek
10.21105/joss.06588,JOSS,1,J. M. Joel Ong
10.21105/joss.06588,JOSS,2,Martin B. Nielsen
10.21105/joss.06588,JOSS,3,Emily J. Hatt
10.21105/joss.06588,JOSS,4,Guy R. Davies
10.21105/joss.07723,JOSS,1,Jonas Pleyer
10.21105/joss.07723,JOSS,2,Christian Fleck
10.21105/joss.07484,JOSS,1,Raphaël Prat
10.21105/joss.07484,JOSS,2,Thierry Carrard
10.21105/joss.07484,JOSS,3,Lhassan Amarsid
10.21105/joss.07484,JOSS,4,Vincent Richefeu
10.21105/joss.07484,JOSS,5,Carlo-elia Doncecchi
10.21105/joss.07484,JOSS,6,Paul Lafourcade
10.21105/joss.07484,JOSS,7,Guillaume Latu
10.21105/joss.07484,JOSS,8,Jean-Mathieu Vanson
10.21105/joss.02624,JOSS,1,Nicole Thompson
10.21105/joss.02624,JOSS,2,Theodore Cohen
10.21105/joss.02624,JOSS,3,Sarah Alamdari
10.21105/joss.02624,JOSS,4,Chih-Wei Hsu
10.21105/joss.02624,JOSS,5,Grant Williamson
10.21105/joss.02624,JOSS,6,David Beck
10.21105/joss.02624,JOSS,7,Vincent Holmberg
10.21105/joss.03635,JOSS,1,Grant Stevens
10.21105/joss.03635,JOSS,2,Sotiria Fotopoulou
10.21105/joss.03635,JOSS,3,Malcolm Bremer
10.21105/joss.03635,JOSS,4,Oliver Ray
10.21105/joss.05603,JOSS,1,Aaron Tin Long Lun
10.21105/joss.05603,JOSS,2,Jayaram Kancherla
10.21105/joss.01181,JOSS,1,R Lovelace
10.21105/joss.01181,JOSS,2,M Morgan
10.21105/joss.01181,JOSS,3,L Hama
10.21105/joss.01181,JOSS,4,M Padgham
10.21105/joss.00812,JOSS,1,Cole Brokamp
10.21105/joss.04567,JOSS,1,William Becker
10.21105/joss.04567,JOSS,2,Giulio Caperna
10.21105/joss.04567,JOSS,3,Maria Del Sorbo
10.21105/joss.04567,JOSS,4,Hedvig Norlén
10.21105/joss.04567,JOSS,5,Eleni Papadimitriou
10.21105/joss.04567,JOSS,6,Michaela Saisana
10.21105/joss.07307,JOSS,1,Miguel Castillón
10.21105/joss.02505,JOSS,1,Alvaro Tejero-Cantero
10.21105/joss.02505,JOSS,2,Jan Boelts
10.21105/joss.02505,JOSS,3,Michael Deistler
10.21105/joss.02505,JOSS,4,Jan-Matthis Lueckmann
10.21105/joss.02505,JOSS,5,Conor Durkan
10.21105/joss.02505,JOSS,6,Pedro Gonçalves
10.21105/joss.02505,JOSS,7,David Greenberg
10.21105/joss.02505,JOSS,8,Jakob Macke
10.21105/joss.00565,JOSS,1,Björn Dahlgren
10.21105/joss.03041,JOSS,1,Sam Parsons
10.21105/joss.02869,JOSS,1,Szymon Moliński
10.21105/joss.03844,JOSS,1,Perry de Valpine
10.21105/joss.03844,JOSS,2,Sally Paganin
10.21105/joss.03844,JOSS,3,Daniel Turek
10.21105/joss.02704,JOSS,1,Anthony Blaom
10.21105/joss.02704,JOSS,2,Franz Kiraly
10.21105/joss.02704,JOSS,3,Thibaut Lienart
10.21105/joss.02704,JOSS,4,Yiannis Simillides
10.21105/joss.02704,JOSS,5,Diego Arenas
10.21105/joss.02704,JOSS,6,Sebastian Vollmer
10.21105/joss.07527,JOSS,1,Adam Pollack
10.21105/joss.07527,JOSS,2,James Doss-Gollin
10.21105/joss.07527,JOSS,3,Vivek Srikrishnan
10.21105/joss.07527,JOSS,4,Klaus Keller
10.21105/joss.04693,JOSS,1,Erik Poppleton
10.21105/joss.04693,JOSS,2,Michael Matthies
10.21105/joss.04693,JOSS,3,Debesh Mandal
10.21105/joss.04693,JOSS,4,Flavio Romano
10.21105/joss.04693,JOSS,5,Petr Šulc
10.21105/joss.04693,JOSS,6,Lorenzo Rovigatti
10.21105/joss.01277,JOSS,1,Casper O. da Costa-Luis
10.21105/joss.03876,JOSS,1,Kevin Bonham
10.21105/joss.03876,JOSS,2,Annelle Kayisire
10.21105/joss.03876,JOSS,3,Anika Luo
10.21105/joss.03876,JOSS,4,Vanja Klepac-Ceraj
10.21105/joss.05319,JOSS,1,Hannah M. Hajdik
10.21105/joss.05319,JOSS,2,Anil Yildirim
10.21105/joss.05319,JOSS,3,Ella Wu
10.21105/joss.05319,JOSS,4,Benjamin J. Brelje
10.21105/joss.05319,JOSS,5,Sabet Seraj
10.21105/joss.05319,JOSS,6,Marco Mangano
10.21105/joss.05319,JOSS,7,Joshua L. Anibal
10.21105/joss.05319,JOSS,8,Eirikur Jonsson
10.21105/joss.05319,JOSS,9,Eytan J. Adler
10.21105/joss.05319,JOSS,10,Charles A. Mader
10.21105/joss.05319,JOSS,11,Gaetan K. W. Kenway
10.21105/joss.05319,JOSS,12,Joaquim R. R. A. Martins
10.21105/joss.04912,JOSS,1,Jessica Scheick
10.21105/joss.04912,JOSS,2,Wei Ji Leong
10.21105/joss.04912,JOSS,3,Kelsey Bisson
10.21105/joss.04912,JOSS,4,Anthony Arendt
10.21105/joss.04912,JOSS,5,Shashank Bhushan
10.21105/joss.04912,JOSS,6,Zachary Fair
10.21105/joss.04912,JOSS,7,Norland Raphael Hagen
10.21105/joss.04912,JOSS,8,Scott Henderson
10.21105/joss.04912,JOSS,9,Friedrich Knuth
10.21105/joss.04912,JOSS,10,Tian Li
10.21105/joss.04912,JOSS,11,Zheng Liu
10.21105/joss.04912,JOSS,12,Romina Piunno
10.21105/joss.04912,JOSS,13,Nitin Ravinder
10.21105/joss.04912,JOSS,14,Landung “Don” Setiawan
10.21105/joss.04912,JOSS,15,Tyler Sutterley
10.21105/joss.04912,JOSS,16,JP Swinski
10.21105/joss.04912,JOSS,17,Anubhav
10.21105/joss.03331,JOSS,1,Ashley Chontos
10.21105/joss.03331,JOSS,2,Daniel Huber
10.21105/joss.03331,JOSS,3,Maryum Sayeed
10.21105/joss.03331,JOSS,4,Pavadol Yamsiri
10.21105/joss.05358,JOSS,1,Steve Kench
10.21105/joss.05358,JOSS,2,Isaac Squires
10.21105/joss.05358,JOSS,3,Samuel Cooper
10.21105/joss.00905,JOSS,1,Benjamin D. Lee
10.21105/joss.01317,JOSS,1,Cameron Davidson-Pilon
10.21105/joss.01486,JOSS,1,Ryan Stewart
10.21105/joss.07303,JOSS,1,Gareth Cross
10.21105/joss.07725,JOSS,1,Emily Tour
10.21105/joss.07725,JOSS,2,Kabir Manandhar Shrestha
10.21105/joss.07725,JOSS,3,Robert Turnbull
10.21105/joss.02678,JOSS,1,Samuel Palmer
10.21105/joss.02678,JOSS,2,Vincenzo Giannini
10.21105/joss.00061,JOSS,1,Andy Yu Zhu Yao
10.21105/joss.00061,JOSS,2,David Kane
10.21105/joss.00361,JOSS,1,Danilo Freire
10.21105/joss.00361,JOSS,2,Robert Myles McDonnell
10.21105/joss.00489,JOSS,1,Parker Owan
10.21105/joss.00489,JOSS,2,Cameron Devine
10.21105/joss.00489,JOSS,3,W. Tony Piaskowy
10.21105/joss.02876,JOSS,1,Vasilis Nikolaidis
10.21105/joss.02766,JOSS,1,Zebedee Nicholls
10.21105/joss.02766,JOSS,2,Jared Lewis
10.21105/joss.03723,JOSS,1,Joris Paret
10.21105/joss.03723,JOSS,2,Daniele Coslovich
10.21105/joss.01286,JOSS,1,Nelle Varoquaux
10.21105/joss.01286,JOSS,2,Nicolas Servant
10.21105/joss.01322,JOSS,1,HyoungAh Kim
10.21105/joss.01322,JOSS,2,Vito D’Orazio
10.21105/joss.01322,JOSS,3,Patrick Brandt
10.21105/joss.01322,JOSS,4,Jared Looper
10.21105/joss.01322,JOSS,5,Sayeed Salam
10.21105/joss.01322,JOSS,6,Latifur Khan
10.21105/joss.01322,JOSS,7,Michael Shoemate
10.21105/joss.01423,JOSS,1,Jason Lin
10.21105/joss.01423,JOSS,2,Tony Kuo
10.21105/joss.01423,JOSS,3,Paul Horton
10.21105/joss.01423,JOSS,4,Hiroki Nagase
10.21105/joss.01445,JOSS,1,Kevin Schneider
10.21105/joss.01445,JOSS,2,Timo Mühlhaus
10.21105/joss.01435,JOSS,1,Frederick Boehm
10.21105/joss.01435,JOSS,2,Brian Yandell
10.21105/joss.01435,JOSS,3,Karl Broman
10.21105/joss.07321,JOSS,1,Frederik De Ceuster
10.21105/joss.07321,JOSS,2,Thomas Ceulemans
10.21105/joss.07321,JOSS,3,Leen Decin
10.21105/joss.07321,JOSS,4,Taissa Danilovich
10.21105/joss.07321,JOSS,5,Jeremy Yates
10.21105/joss.01047,JOSS,1,Jacob Shermeyer
10.21105/joss.01777,JOSS,1,Robert Sare
10.21105/joss.01777,JOSS,2,George Hilley
10.21105/joss.02026,JOSS,1,Shalin Shah
10.21105/joss.02026,JOSS,2,Abhishek Dubey
10.21105/joss.02026,JOSS,3,John Reif
10.21105/joss.02473,JOSS,1,Prakki Sridatta
10.21105/joss.02473,JOSS,2,Natascha Thevasagayam
10.21105/joss.02473,JOSS,3,Weizhen Xu
10.21105/joss.02473,JOSS,4,Kalisvar Marimuthu
10.21105/joss.02473,JOSS,5,Jeanette Teo
10.21105/joss.02473,JOSS,6,Indumathi Venkatachalam
10.21105/joss.02473,JOSS,7,Ng Tek
10.21105/joss.07512,JOSS,1,Rohan Babbar
10.21105/joss.07512,JOSS,2,Matteo Ravasi
10.21105/joss.07512,JOSS,3,Yuxi Hong
10.21105/joss.07606,JOSS,1,Jed Homer
10.21105/joss.07606,JOSS,2,Oliver Friedrich
10.21105/joss.02182,JOSS,1,Archis Joglekar
10.21105/joss.02182,JOSS,2,Matthew Levy
10.21105/joss.08255,JOSS,1,Rajmadan Lakshmanan
10.21105/joss.08255,JOSS,2,Alois Pichler
10.21105/joss.07745,JOSS,1,Aristarchos Mavridis
10.21105/joss.07745,JOSS,2,Carmine D’Agostino
10.21105/joss.01002,JOSS,1,Jonathan Malmaud
10.21105/joss.01002,JOSS,2,Lyndon White
10.21105/joss.08962,JOSS,1,C. Levi Petix
10.21105/joss.08962,JOSS,2,Mayukh Kundu
10.21105/joss.08962,JOSS,3,Michael P. Howard
10.21105/joss.02826,JOSS,1,James Gaboardi
10.21105/joss.02826,JOSS,2,Sergio Rey
10.21105/joss.02826,JOSS,3,Stefanie Lumnitz
10.21105/joss.01112,JOSS,1,Jon Hill
10.21105/joss.04738,JOSS,1,Xinyi Guan
10.21105/joss.04738,JOSS,2,Zeng Ren
10.21105/joss.04738,JOSS,3,Claire Pelofi
10.21105/joss.06695,JOSS,1,Alexander Fabisch
10.21105/joss.03055,JOSS,1,Tom Grylls
10.21105/joss.03055,JOSS,2,Ivo Suter
10.21105/joss.03055,JOSS,3,Birgit Sützl
10.21105/joss.03055,JOSS,4,Sam Owens
10.21105/joss.03055,JOSS,5,David Meyer
10.21105/joss.03055,JOSS,6,Maarten van Reeuwijk
10.21105/joss.04370,JOSS,1,Diederik Coppitters
10.21105/joss.04370,JOSS,2,Panagiotis Tsirikoglou
10.21105/joss.04370,JOSS,3,Ward De Paepe
10.21105/joss.04370,JOSS,4,Konstantinos Kyprianidis
10.21105/joss.04370,JOSS,5,Anestis Kalfas
10.21105/joss.04370,JOSS,6,Francesco Contino
10.21105/joss.09733,JOSS,1,Simon Daubner
10.21105/joss.09733,JOSS,2,Alexander E. Cohen
10.21105/joss.09733,JOSS,3,Benjamin Dörich
10.21105/joss.09733,JOSS,4,Samuel J. Cooper
10.21105/joss.01469,JOSS,1,Ruth Angus
10.21105/joss.01469,JOSS,2,Timothy Morton
10.21105/joss.01469,JOSS,3,Daniel Foreman-Mackey
10.21105/joss.04032,JOSS,1,Francesco Nattino
10.21105/joss.04032,JOSS,2,Ou Ku
10.21105/joss.04032,JOSS,3,Meiert W. Grootes
10.21105/joss.04032,JOSS,4,Emma Izquierdo-Verdiguier
10.21105/joss.04032,JOSS,5,Serkan Girgin
10.21105/joss.04032,JOSS,6,Raul Zurita-Milla
10.21105/joss.01295,JOSS,1,James Kent
10.21105/joss.01295,JOSS,2,Peer Herholz
10.21105/joss.04452,JOSS,1,Tamás Gál
10.21105/joss.04452,JOSS,2,Jerry (Jiahong) Ling
10.21105/joss.04452,JOSS,3,Nick Amin
10.21105/joss.03849,JOSS,1,Boris Shminke
10.21105/joss.07475,JOSS,1,Daniel S. Stich
10.21105/joss.07475,JOSS,2,Julie L. Nieland
10.21105/joss.07475,JOSS,3,Timothy F. Sheehan
10.21105/joss.02831,JOSS,1,Florian Gacon
10.21105/joss.02831,JOSS,2,Christophe Godin
10.21105/joss.02831,JOSS,3,Olivier Ali
10.21105/joss.04180,JOSS,1,Coleman Harris
10.21105/joss.04180,JOSS,2,Julia Wrobel
10.21105/joss.04180,JOSS,3,Simon Vandekar
10.21105/joss.04236,JOSS,1,Joris Vankerschaver
10.21105/joss.04236,JOSS,2,Steven J. Kern
10.21105/joss.04236,JOSS,3,Robert Kern
10.21105/joss.04388,JOSS,1,Michael J. Mahoney
10.21105/joss.04388,JOSS,2,Colin M. Beier
10.21105/joss.04388,JOSS,3,Aidan C. Ackerman
10.21105/joss.05623,JOSS,1,Benjamin Lansdell
10.21105/joss.05623,JOSS,2,Abbas Shirinifard
10.21105/joss.05612,JOSS,1,Lampros Bouranis
10.21105/joss.06617,JOSS,1,Anya Vostinar
10.21105/joss.06617,JOSS,2,Alexander Lalejini
10.21105/joss.06617,JOSS,3,Charles Ofria
10.21105/joss.06617,JOSS,4,Emily Dolson
10.21105/joss.06617,JOSS,5,Matthew Andres Moreno
10.21105/joss.06841,JOSS,1,Natacha Galmiche
10.21105/joss.04140,JOSS,1,Gereon A. Kaiping
10.21105/joss.04140,JOSS,2,Melvin S. Steiger
10.21105/joss.04140,JOSS,3,Natalia Chousou-Polydouri
10.21105/joss.00331,JOSS,1,Sepand Haghighi
10.21105/joss.01505,JOSS,1,Amalan Mahendran
10.21105/joss.01505,JOSS,2,Pushpakanthie Wijekoon
10.21105/joss.09910,JOSS,1,Thomas J. Kerby
10.21105/joss.09910,JOSS,2,Benjamin N. Fuller
10.21105/joss.09910,JOSS,3,Kevin R. Moon
10.21105/joss.04335,JOSS,1,Sébastien Plutniak
10.21105/joss.09691,JOSS,1,Yemeen Ayub
10.21105/joss.09691,JOSS,2,Elizabeth Munch
10.21105/joss.09691,JOSS,3,Sarah McGuire Scullen
10.21105/joss.09691,JOSS,4,Daniel H. Chitwood
10.21105/joss.07753,JOSS,1,Colm Talbot
10.21105/joss.07753,JOSS,2,Amanda Farah
10.21105/joss.07753,JOSS,3,Shanika Galaudage
10.21105/joss.07753,JOSS,4,Jacob Golomb
10.21105/joss.07753,JOSS,5,Hui Tong
10.21105/joss.03212,JOSS,1,Mengqi Zhao
10.21105/joss.03212,JOSS,2,Matthew Binsted
10.21105/joss.03212,JOSS,3,Thomas Wild
10.21105/joss.03212,JOSS,4,Zarrar Khan
10.21105/joss.03212,JOSS,5,Brinda Yarlagadda
10.21105/joss.03212,JOSS,6,Gokul Iyer
10.21105/joss.03212,JOSS,7,Chris Vernon
10.21105/joss.03212,JOSS,8,Pralit Patel
10.21105/joss.03212,JOSS,9,Silvia da Silva
10.21105/joss.03212,JOSS,10,Katherine Calvin
10.21105/joss.10131,JOSS,1,Anselm W. Stark
10.21105/joss.10131,JOSS,2,Marc Ilic
10.21105/joss.10131,JOSS,3,Ali Mokhtari
10.21105/joss.10131,JOSS,4,Pooya Mohammadi Kazaj
10.21105/joss.10131,JOSS,5,Christoph Gräni
10.21105/joss.10131,JOSS,6,Isaac Shiri
10.21105/joss.05819,JOSS,1,Johanna Casado
10.21105/joss.05819,JOSS,2,Gonzalo de la Vega
10.21105/joss.05819,JOSS,3,Beatriz García
10.21105/joss.06533,JOSS,1,Ole-Christian Galbo Engstrøm
10.21105/joss.06533,JOSS,2,Erik Schou Dreier
10.21105/joss.06533,JOSS,3,Birthe Møller Jespersen
10.21105/joss.06533,JOSS,4,Kim Steenstrup Pedersen
10.21105/joss.06371,JOSS,1,Alexander D. Fuchs
10.21105/joss.06371,JOSS,2,Johannes A. F. Lehmeyer
10.21105/joss.06371,JOSS,3,Heinz Junkes
10.21105/joss.06371,JOSS,4,Heiko B. Weber
10.21105/joss.06371,JOSS,5,Michael Krieger
10.21105/joss.00815,JOSS,1,Jean Bilheux
10.21105/joss.01087,JOSS,1,Nicolas Pröllochs
10.21105/joss.01087,JOSS,2,Stefan Feuerriegel
10.21105/joss.08094,JOSS,1,Valentin Gartiser
10.21105/joss.08094,JOSS,2,Verena Lang
10.21105/joss.08094,JOSS,3,Martin Maier
10.21105/joss.08782,JOSS,1,Kapil Duwadi
10.21105/joss.08782,JOSS,2,Bryan Palmintier
10.21105/joss.08782,JOSS,3,Aadil Latif
10.21105/joss.08782,JOSS,4,Kwami Senam Sedzro
10.21105/joss.08782,JOSS,5,Sherin Ann Abraham
10.21105/joss.06636,JOSS,1,Alix Lamouroux
10.21105/joss.06636,JOSS,2,Giulia Lioi
10.21105/joss.06636,JOSS,3,Julie Coloigner
10.21105/joss.06636,JOSS,4,Pierre Maurel
10.21105/joss.06636,JOSS,5,Nicolas Farrugia
10.21105/joss.09266,JOSS,1,April Herwig
10.21105/joss.09266,JOSS,2,Oliver Junge
10.21105/joss.09266,JOSS,3,Michael Dellnitz
10.21105/joss.07539,JOSS,1,Andy Nowacki
10.21105/joss.07539,JOSS,2,James Panton
10.21105/joss.07539,JOSS,3,Jamie Ward
10.21105/joss.07539,JOSS,4,Bob Myhill
10.21105/joss.07539,JOSS,5,Andrew Walker
10.21105/joss.07539,JOSS,6,James Wookey
10.21105/joss.07539,JOSS,7,J. Huw Davies
10.21105/joss.01172,JOSS,1,Lucas Koerner
10.21105/joss.08597,JOSS,1,Pengcheng Shi
10.21105/joss.08597,JOSS,2,Meng (Matt) Wei
10.21105/joss.00814,JOSS,1,Jean-Philippe Coene
10.21105/joss.00075,JOSS,1,Dean Attali
10.21105/joss.07602,JOSS,1,Jack Atkinson
10.21105/joss.07602,JOSS,2,Athena Elafrou
10.21105/joss.07602,JOSS,3,Elliott Kasoar
10.21105/joss.07602,JOSS,4,Joseph G. Wallwork
10.21105/joss.07602,JOSS,5,Thomas Meltzer
10.21105/joss.07602,JOSS,6,Simon Clifford
10.21105/joss.07602,JOSS,7,Dominic Orchard
10.21105/joss.07602,JOSS,8,Chris Edsall
10.21105/joss.06839,JOSS,1,Sebastian Musslick
10.21105/joss.06839,JOSS,2,Benjamin Andrew
10.21105/joss.06839,JOSS,3,Chad C. Williams
10.21105/joss.06839,JOSS,4,Joshua T. S. Hewson
10.21105/joss.06839,JOSS,5,Sida Li
10.21105/joss.06839,JOSS,6,Ioana Marinescu
10.21105/joss.06839,JOSS,7,Marina Dubova
10.21105/joss.06839,JOSS,8,George T. Dang
10.21105/joss.06839,JOSS,9,Younes Strittmatter
10.21105/joss.06839,JOSS,10,John G. Holland
10.21105/joss.00598,JOSS,1,George Datseris
10.21105/joss.07657,JOSS,1,Sarah Henn
10.21105/joss.07657,JOSS,2,Joel David Schölzel
10.21105/joss.07657,JOSS,3,Tobias Beckhölter
10.21105/joss.07657,JOSS,4,Carla Wüller
10.21105/joss.07657,JOSS,5,Rawad Hamze
10.21105/joss.07657,JOSS,6,Dirk Müller
10.21105/joss.06491,JOSS,1,Dominik Grzelak
10.21105/joss.09930,JOSS,1,Jason R. Grant
10.21105/joss.09930,JOSS,2,Paul Stothard
10.21105/joss.02017,JOSS,1,Jason Brunson
10.21105/joss.01636,JOSS,1,Corey Brummel-Smith
10.21105/joss.01636,JOSS,2,Greg Bryan
10.21105/joss.01636,JOSS,3,Iryna Butsky
10.21105/joss.01636,JOSS,4,Lauren Corlies
10.21105/joss.01636,JOSS,5,Andrew Emerick
10.21105/joss.01636,JOSS,6,John Forbes
10.21105/joss.01636,JOSS,7,Yusuke Fujimoto
10.21105/joss.01636,JOSS,8,Nathan Goldbaum
10.21105/joss.01636,JOSS,9,Philipp Grete
10.21105/joss.01636,JOSS,10,Cameron Hummels
10.21105/joss.01636,JOSS,11,Ji-hoon Kim
10.21105/joss.01636,JOSS,12,Daegene Koh
10.21105/joss.01636,JOSS,13,Miao Li
10.21105/joss.01636,JOSS,14,Yuan Li
10.21105/joss.01636,JOSS,15,Xinyu Li
10.21105/joss.01636,JOSS,16,Brian O'Shea
10.21105/joss.01636,JOSS,17,Molly Peeples
10.21105/joss.01636,JOSS,18,John Regan
10.21105/joss.01636,JOSS,19,Munier Salem
10.21105/joss.01636,JOSS,20,Wolfram Schmidt
10.21105/joss.01636,JOSS,21,Christine Simpson
10.21105/joss.01636,JOSS,22,Britton Smith
10.21105/joss.01636,JOSS,23,Jason Tumlinson
10.21105/joss.01636,JOSS,24,Matthew Turk
10.21105/joss.01636,JOSS,25,John Wise
10.21105/joss.01636,JOSS,26,Tom Abel
10.21105/joss.01636,JOSS,27,James Bordner
10.21105/joss.01636,JOSS,28,Renyue Cen
10.21105/joss.01636,JOSS,29,David Collins
10.21105/joss.01636,JOSS,30,Brian Crosby
10.21105/joss.01636,JOSS,31,Philipp Edelmann
10.21105/joss.01636,JOSS,32,Oliver Hahn
10.21105/joss.01636,JOSS,33,Robert Harkness
10.21105/joss.01636,JOSS,34,Elizabeth Harper-Clark
10.21105/joss.01636,JOSS,35,Shuo Kong
10.21105/joss.01636,JOSS,36,Alexei Kritsuk
10.21105/joss.01636,JOSS,37,Michael Kuhlen
10.21105/joss.01636,JOSS,38,James Larrue
10.21105/joss.01636,JOSS,39,Eve Lee
10.21105/joss.01636,JOSS,40,Greg Meece
10.21105/joss.01636,JOSS,41,Michael Norman
10.21105/joss.01636,JOSS,42,Jeffrey Oishi
10.21105/joss.01636,JOSS,43,Pascal Paschos
10.21105/joss.01636,JOSS,44,Carolyn Peruta
10.21105/joss.01636,JOSS,45,Alex Razoumov
10.21105/joss.01636,JOSS,46,Daniel Reynolds
10.21105/joss.01636,JOSS,47,Devin Silvia
10.21105/joss.01636,JOSS,48,Samuel Skillman
10.21105/joss.01636,JOSS,49,Stephen Skory
10.21105/joss.01636,JOSS,50,Geoffrey So
10.21105/joss.01636,JOSS,51,Elizabeth Tasker
10.21105/joss.01636,JOSS,52,Rick Wagner
10.21105/joss.01636,JOSS,53,Peng Wang
10.21105/joss.01636,JOSS,54,Hao Xu
10.21105/joss.01636,JOSS,55,Fen Zhao
10.21105/joss.01124,JOSS,1,Zijie Zhao
10.21105/joss.01124,JOSS,2,Maxime Marin
10.21105/joss.00530,JOSS,1,Nicola Demo
10.21105/joss.00530,JOSS,2,Marco Tezzele
10.21105/joss.00530,JOSS,3,Gianluigi Rozza
10.21105/joss.06426,JOSS,1,Tom Vo
10.21105/joss.06426,JOSS,2,Stephen Po-Chedley
10.21105/joss.06426,JOSS,3,Jason Boutte
10.21105/joss.06426,JOSS,4,Jiwoo Lee
10.21105/joss.06426,JOSS,5,Chengzhu Zhang
10.21105/joss.04377,JOSS,1,Jaroslav Fowkes
10.21105/joss.04377,JOSS,2,Lindon Roberts
10.21105/joss.04377,JOSS,3,Árpád Bűrmen
10.21105/joss.06771,JOSS,1,Konstantinos Chatzilygeroudis
10.21105/joss.06771,JOSS,2,Dionis Totsila
10.21105/joss.06771,JOSS,3,Jean-Baptiste Mouret
10.21105/joss.09131,JOSS,1,John Morris
10.21105/joss.06288,JOSS,1,Johnny Corbino
10.21105/joss.06288,JOSS,2,Miguel A. Dumett
10.21105/joss.06288,JOSS,3,Jose E. Castillo
10.21105/joss.02606,JOSS,1,Avik Pal
10.21105/joss.02606,JOSS,2,Aniket Das
10.21105/joss.09705,JOSS,1,Aleksei G. Sorokin
10.21105/joss.09705,JOSS,2,Fred J. Hickernell
10.21105/joss.09705,JOSS,3,Sou-Cheng T. Choi
10.21105/joss.09705,JOSS,4,Jagadeeswaran Rathinavel
10.21105/joss.09705,JOSS,5,Pieterjan Robbe
10.21105/joss.09705,JOSS,6,Aadit Jain
10.21105/joss.08118,JOSS,1,Harry J. Stroud
10.21105/joss.08118,JOSS,2,Mark D. Wonnacott
10.21105/joss.08118,JOSS,3,Jonathan Barnoud
10.21105/joss.08118,JOSS,4,Rhoslyn Roebuck Williams
10.21105/joss.08118,JOSS,5,Mohamed Dhouioui
10.21105/joss.08118,JOSS,6,Adam McSloy
10.21105/joss.08118,JOSS,7,Ludovica Aisa
10.21105/joss.08118,JOSS,8,Luis E. Toledo
10.21105/joss.08118,JOSS,9,Phil Bates
10.21105/joss.08118,JOSS,10,Adrian J. Mulholland
10.21105/joss.08118,JOSS,11,David R. Glowacki
10.21105/joss.08452,JOSS,1,Danilo Couto de Souza
10.21105/joss.08452,JOSS,2,Pedro Leite da Silva Dias
10.21105/joss.08452,JOSS,3,Ricardo Hallak
10.21105/joss.08258,JOSS,1,Timon Merk
10.21105/joss.08258,JOSS,2,Antonio Brotons
10.21105/joss.08258,JOSS,3,Samed R. Vossberg
10.21105/joss.08258,JOSS,4,Richard M. Köhler
10.21105/joss.08258,JOSS,5,Thomas S. Binns
10.21105/joss.08258,JOSS,6,Ahmed Tarek Kamel Abdalfatah
10.21105/joss.08258,JOSS,7,Alessia Cavallo
10.21105/joss.08258,JOSS,8,Elisa Garulli
10.21105/joss.08258,JOSS,9,Ashley Walton
10.21105/joss.08258,JOSS,10,Jojo Vanhoecke
10.21105/joss.08258,JOSS,11,R. Mark Richardson
10.21105/joss.08258,JOSS,12,Wolf-Julian Neumann
10.21105/joss.00617,JOSS,1,Louise A. Dennis
10.21105/joss.02461,JOSS,1,Chung-hong Chan
10.21105/joss.02461,JOSS,2,Marius Sältzer
10.21105/joss.03237,JOSS,1,Christoph Lehrenfeld
10.21105/joss.03237,JOSS,2,Fabian Heimann
10.21105/joss.03237,JOSS,3,Janosch Preuß
10.21105/joss.03237,JOSS,4,Henry von Wahl
10.21105/joss.09890,JOSS,1,William Dean
10.21105/joss.05956,JOSS,1,Josu C. Aurrekoetxea
10.21105/joss.05956,JOSS,2,Jamie Bamber
10.21105/joss.05956,JOSS,3,Sam E. Brady
10.21105/joss.05956,JOSS,4,Katy Clough
10.21105/joss.05956,JOSS,5,Thomas Helfer
10.21105/joss.05956,JOSS,6,James Marsden
10.21105/joss.05956,JOSS,7,Miren Radia
10.21105/joss.05956,JOSS,8,Dina Traykova
10.21105/joss.05956,JOSS,9,Zipeng Wang
10.21105/joss.07768,JOSS,1,Vincent Eberle
10.21105/joss.07768,JOSS,2,Matteo Guardiani
10.21105/joss.07768,JOSS,3,Margret Westerkamp
10.21105/joss.07768,JOSS,4,Philipp Frank
10.21105/joss.07768,JOSS,5,Julian Rüstig
10.21105/joss.07768,JOSS,6,Julia Stadler
10.21105/joss.07768,JOSS,7,Torsten A. Enßlin
10.21105/joss.08448,JOSS,1,Giancarlo Mattia
10.21105/joss.08448,JOSS,2,Daniele Crocco
10.21105/joss.08448,JOSS,3,David Melon Fuksman
10.21105/joss.08448,JOSS,4,Matteo Bugli
10.21105/joss.08448,JOSS,5,Vittoria Berta
10.21105/joss.08448,JOSS,6,Eleonora Puzzoni
10.21105/joss.08448,JOSS,7,Andrea Mignone
10.21105/joss.08448,JOSS,8,Bhargav Vaidya
10.21105/joss.02825,JOSS,1,James. Nightingale
10.21105/joss.02825,JOSS,2,Richard Hayes
10.21105/joss.02825,JOSS,3,Ashley Kelly
10.21105/joss.02825,JOSS,4,Aristeidis Amvrosiadis
10.21105/joss.02825,JOSS,5,Amy Etherington
10.21105/joss.02825,JOSS,6,Qiuhan He
10.21105/joss.02825,JOSS,7,Nan Li
10.21105/joss.02825,JOSS,8,XiaoYue Cao
10.21105/joss.02825,JOSS,9,Jonathan Frawley
10.21105/joss.02825,JOSS,10,Shaun Cole
10.21105/joss.02825,JOSS,11,Andrea Enia
10.21105/joss.02825,JOSS,12,Carlos Frenk
10.21105/joss.02825,JOSS,13,David Harvey
10.21105/joss.02825,JOSS,14,Ran Li
10.21105/joss.02825,JOSS,15,Richard Massey
10.21105/joss.02825,JOSS,16,Mattia Negrello
10.21105/joss.02825,JOSS,17,Andrew Robertson
10.21105/joss.03642,JOSS,1,Soledad Galli
10.21105/joss.05866,JOSS,1,Bhavin S. Patel
10.21105/joss.05866,JOSS,2,Peter Hill
10.21105/joss.05866,JOSS,3,Liam Pattinson
10.21105/joss.05866,JOSS,4,Maurizio Giacomin
10.21105/joss.05866,JOSS,5,Arkaprava Bokshi
10.21105/joss.05866,JOSS,6,Daniel Kennedy
10.21105/joss.05866,JOSS,7,Harry G. Dudding
10.21105/joss.05866,JOSS,8,Jason. F. Parisi
10.21105/joss.05866,JOSS,9,Tom F. Neiser
10.21105/joss.05866,JOSS,10,Ajay C. Jayalekshmi
10.21105/joss.05866,JOSS,11,David Dickinson
10.21105/joss.05866,JOSS,12,Juan Ruiz Ruiz
10.21105/joss.05278,JOSS,1,Henrik A. Kjeldsberg
10.21105/joss.05278,JOSS,2,Aslak W. Bergersen
10.21105/joss.05278,JOSS,3,Kristian Valen-Sendstad
10.21105/joss.05561,JOSS,1,Socorro Dominguez Vidaña
10.21105/joss.05561,JOSS,2,Simon J Goring
10.21105/joss.07066,JOSS,1,Anthony Baire
10.21105/joss.07066,JOSS,2,Pierre Marijon
10.21105/joss.07066,JOSS,3,Francesco Andreace
10.21105/joss.07066,JOSS,4,Pierre Peterlongo
10.21105/joss.02817,JOSS,1,Arianna Krinos
10.21105/joss.02817,JOSS,2,Sarah Hu
10.21105/joss.02817,JOSS,3,Natalie Cohen
10.21105/joss.02817,JOSS,4,Harriet Alexander
10.21105/joss.00354,JOSS,1,Sebastiano Ferraris
10.21105/joss.00354,JOSS,2,Dzhoshkun Ismail Shakir
10.21105/joss.00354,JOSS,3,Johannes Van Der Merwe
10.21105/joss.00354,JOSS,4,Willy Gsell
10.21105/joss.00354,JOSS,5,Jan Deprest
10.21105/joss.00354,JOSS,6,Tom Vercauteren
10.21105/joss.08179,JOSS,1,Peter Somhorst
10.21105/joss.08179,JOSS,2,Dani L. Bodor
10.21105/joss.08179,JOSS,3,Juliette Francovich
10.21105/joss.08179,JOSS,4,Jantine J. Wisse
10.21105/joss.08179,JOSS,5,Walter Baccinelli
10.21105/joss.08179,JOSS,6,Annemijn H. Jonkman
10.21105/joss.09670,JOSS,1,Florian Hindenlang
10.21105/joss.09670,JOSS,2,Omar Maj
10.21105/joss.09670,JOSS,3,Robert Babin
10.21105/joss.09670,JOSS,4,Robert Köberl
10.21105/joss.09670,JOSS,5,Dean Muir
10.21105/joss.09670,JOSS,6,Tiago Tamissa Ribeiro
10.21105/joss.09670,JOSS,7,Markus Rampp
10.21105/joss.09670,JOSS,8,Eric Sonnendrücker
10.21105/joss.05526,JOSS,1,Hyosub E. Kim
10.21105/joss.04773,JOSS,1,Fatma Sevinc KURNAZ
10.21105/joss.04773,JOSS,2,Peter FILZMOSER
10.21105/joss.02107,JOSS,1,Florian Rhiem
10.21105/joss.08346,JOSS,1,Hubert J. Naguszewski
10.21105/joss.08346,JOSS,2,Livia B. Pártay
10.21105/joss.08346,JOSS,3,David Quigley
10.21105/joss.08346,JOSS,4,Christopher D. Woodgate
10.21105/joss.03460,JOSS,1,Phoebe Pearce
10.21105/joss.02292,JOSS,1,Bryant McDonnell
10.21105/joss.02292,JOSS,2,Katherine Ratliff
10.21105/joss.02292,JOSS,3,Michael Tryby
10.21105/joss.02292,JOSS,4,Jennifer Wu
10.21105/joss.02292,JOSS,5,Abhiram Mullapudi
10.21105/joss.01143,JOSS,1,Ravin Kumar
10.21105/joss.01143,JOSS,2,Colin Carroll
10.21105/joss.01143,JOSS,3,Ari Hartikainen
10.21105/joss.01143,JOSS,4,Osvaldo Martin
10.21105/joss.09460,JOSS,1,Janardhan Reddy Chejarla
10.21105/joss.03437,JOSS,1,Pratheesh Gopinath
10.21105/joss.03437,JOSS,2,Rajender Parsad
10.21105/joss.03437,JOSS,3,Brigit Joseph
10.21105/joss.03437,JOSS,4,Adarsh S.
10.21105/joss.01891,JOSS,1,David MacIver
10.21105/joss.01891,JOSS,2,Zac Hatfield-Dodds
10.21105/joss.01891,JOSS,3,Many Contributors
10.21105/joss.04371,JOSS,1,Isaac Virshup
10.21105/joss.04371,JOSS,2,Sergei Rybakov
10.21105/joss.04371,JOSS,3,Fabian J. Theis
10.21105/joss.04371,JOSS,4,Philipp Angerer
10.21105/joss.04371,JOSS,5,F. Alexander Wolf
10.21105/joss.03783,JOSS,1,Andrea Zonca
10.21105/joss.03783,JOSS,2,Ben Thorne
10.21105/joss.03783,JOSS,3,Nicoletta Krachmalnicoff
10.21105/joss.03783,JOSS,4,Julian Borrill
10.21105/joss.01686,JOSS,1,Hadley Wickham
10.21105/joss.01686,JOSS,2,Mara Averick
10.21105/joss.01686,JOSS,3,Jennifer Bryan
10.21105/joss.01686,JOSS,4,Winston Chang
10.21105/joss.01686,JOSS,5,Lucy McGowan
10.21105/joss.01686,JOSS,6,Romain François
10.21105/joss.01686,JOSS,7,Garrett Grolemund
10.21105/joss.01686,JOSS,8,Alex Hayes
10.21105/joss.01686,JOSS,9,Lionel Henry
10.21105/joss.01686,JOSS,10,Jim Hester
10.21105/joss.01686,JOSS,11,Max Kuhn
10.21105/joss.01686,JOSS,12,Thomas Pedersen
10.21105/joss.01686,JOSS,13,Evan Miller
10.21105/joss.01686,JOSS,14,Stephan Bache
10.21105/joss.01686,JOSS,15,Kirill Müller
10.21105/joss.01686,JOSS,16,Jeroen Ooms
10.21105/joss.01686,JOSS,17,David Robinson
10.21105/joss.01686,JOSS,18,Dana Seidel
10.21105/joss.01686,JOSS,19,Vitalie Spinu
10.21105/joss.01686,JOSS,20,Kohske Takahashi
10.21105/joss.01686,JOSS,21,Davis Vaughan
10.21105/joss.01686,JOSS,22,Claus Wilke
10.21105/joss.01686,JOSS,23,Kara Woo
10.21105/joss.01686,JOSS,24,Hiroaki Yutani
10.21105/joss.01774,JOSS,1,Madicken Munk
10.21105/joss.01774,JOSS,2,Matthew Turk
10.21105/joss.02175,JOSS,1,João Teixeira
10.21105/joss.02877,JOSS,1,Jost Migenda
10.21105/joss.02877,JOSS,2,Susan Cartwright
10.21105/joss.02877,JOSS,3,Liz Kneale
10.21105/joss.02877,JOSS,4,Matthew Malek
10.21105/joss.02877,JOSS,5,Yan-Jie Schnellbach
10.21105/joss.02877,JOSS,6,Owen Stone
10.21105/joss.00624,JOSS,1,Joe Thorley
10.21105/joss.00629,JOSS,1,Andrew P Smith
10.21105/joss.02731,JOSS,1,Albert Meroño-Peñuela
10.21105/joss.02731,JOSS,2,Carlos Martinez-Ortiz
10.21105/joss.01189,JOSS,1,Robert Meolic
10.21105/joss.01596,JOSS,1,Benjamin Szubert
10.21105/joss.01596,JOSS,2,Ignat Drozdov
10.21105/joss.02917,JOSS,1,Austin Koontz
10.21105/joss.02917,JOSS,2,Benjamin Brandt
10.21105/joss.02917,JOSS,3,Curtis Dyreson
10.21105/joss.02917,JOSS,4,William Pearse
10.21105/joss.00164,JOSS,1,Devarshi Ghoshal
10.21105/joss.00164,JOSS,2,Valerie Hendrix
10.21105/joss.00164,JOSS,3,William Fox
10.21105/joss.00164,JOSS,4,Sowmya Balasubhramanian
10.21105/joss.00164,JOSS,5,Lavanya Ramakrishnan
10.21105/joss.04281,JOSS,1,Mojtaba Barzegari
10.21105/joss.04281,JOSS,2,Liesbet Geris
10.21105/joss.04243,JOSS,1,P. Reichherzer
10.21105/joss.04243,JOSS,2,J. Becker Tjus
10.21105/joss.07098,JOSS,1,Jens Sager
10.21105/joss.07098,JOSS,2,Rico Schrage
10.21105/joss.04680,JOSS,1,Branden Butler
10.21105/joss.04680,JOSS,2,Ryan M. Richard
10.21105/joss.05076,JOSS,1,Cliff C. Kerr
10.21105/joss.05076,JOSS,2,Paula Sanz-Leon
10.21105/joss.05076,JOSS,3,Romesh G. Abeysuriya
10.21105/joss.05076,JOSS,4,George L. Chadderdon
10.21105/joss.05076,JOSS,5,Vlad-Ştefan Harbuz
10.21105/joss.05076,JOSS,6,Parham Saidi
10.21105/joss.05076,JOSS,7,Maria del Mar Quiroga
10.21105/joss.05076,JOSS,8,Rowan Martin-Hughes
10.21105/joss.05076,JOSS,9,Sherrie L. Kelly
10.21105/joss.05076,JOSS,10,Jamie A. Cohen
10.21105/joss.05076,JOSS,11,Robyn M. Stuart
10.21105/joss.05076,JOSS,12,Anna Nachesa
10.21105/joss.05613,JOSS,1,Jodavid A. Ferreira
10.21105/joss.05613,JOSS,2,Ronei M. Moraes
10.21105/joss.07027,JOSS,1,Sungjae Park
10.21105/joss.07027,JOSS,2,Yun-Jung Ku
10.21105/joss.07027,JOSS,3,Nan Mu
10.21105/joss.07027,JOSS,4,Vahid Daneshmand
10.21105/joss.07027,JOSS,5,R. Quinn Thomas
10.21105/joss.07027,JOSS,6,Cayelan C. Carey
10.21105/joss.07027,JOSS,7,Renato J. Figueiredo
10.21105/joss.06654,JOSS,1,Victor A. P. Magri
10.21105/joss.06370,JOSS,1,Kenneth Enevoldsen
10.21105/joss.06030,JOSS,1,Lee S. Katz
10.21105/joss.06030,JOSS,2,John Phan
10.21105/joss.06030,JOSS,3,Henk C. den Bakker
10.21105/joss.07748,JOSS,1,Snir Meiri
10.21105/joss.07748,JOSS,2,Efi Efrati
10.21105/joss.05132,JOSS,1,Eva Maxfield Brown
10.21105/joss.05132,JOSS,2,To Huynh
10.21105/joss.05132,JOSS,3,Nicholas Weber
10.21105/joss.08262,JOSS,1,Louis Teitelbaum
10.21105/joss.00662,JOSS,1,Daniel Schuch
10.21105/joss.00662,JOSS,2,Sergio Ibarra-Espinosa
10.21105/joss.00662,JOSS,3,Edmilson Dias de Freitas
10.21105/joss.08383,JOSS,1,Randy Davila
10.21105/joss.01097,JOSS,1,Pieter Eendebak
10.21105/joss.01097,JOSS,2,Alan Vazquez
10.21105/joss.01400,JOSS,1,David Zwick
10.21105/joss.05360,JOSS,1,Ruben Heinrich
10.21105/joss.05360,JOSS,2,Johannes Boog
10.21105/joss.05360,JOSS,3,Philipp Schad
10.21105/joss.05360,JOSS,4,Thomas Kalbacher
10.21105/joss.07248,JOSS,1,Leslie J. Lamarche
10.21105/joss.07421,JOSS,1,Nicholas Van Alfen
10.21105/joss.07421,JOSS,2,Duncan Campbell
10.21105/joss.07421,JOSS,3,Andrew Hearin
10.21105/joss.07421,JOSS,4,Jonathan Blazek
10.21105/joss.07707,JOSS,1,Evan T. Hockings
10.21105/joss.04270,JOSS,1,Konrad Kollnig
10.21105/joss.04270,JOSS,2,Nigel Shadbolt
10.21105/joss.02367,JOSS,1,Rainier Barrett
10.21105/joss.02367,JOSS,2,Maghesree Chakraborty
10.21105/joss.02367,JOSS,3,Dilnoza Amirkulova
10.21105/joss.02367,JOSS,4,Heta Gandhi
10.21105/joss.02367,JOSS,5,Geemi Wellawatte
10.21105/joss.02367,JOSS,6,Andrew White
10.21105/joss.09241,JOSS,1,Matthew L. Daggitt
10.21105/joss.09241,JOSS,2,Guillaume Allais
10.21105/joss.09241,JOSS,3,James McKinna
10.21105/joss.09241,JOSS,4,Andreas Abel
10.21105/joss.09241,JOSS,5,Nathan van Doorn
10.21105/joss.09241,JOSS,6,James Wood
10.21105/joss.09241,JOSS,7,Ulf Norell
10.21105/joss.09241,JOSS,8,Donnacha Oisín Kidney
10.21105/joss.09241,JOSS,9,Sergei Meshveliani
10.21105/joss.09241,JOSS,10,Sandro Stucki
10.21105/joss.09241,JOSS,11,Jacques Carette
10.21105/joss.09241,JOSS,12,Alex Rice
10.21105/joss.09241,JOSS,13,Jason Z. S. Hu
10.21105/joss.09241,JOSS,14,Li-yao Xia
10.21105/joss.09241,JOSS,15,Shu-Hung You
10.21105/joss.09241,JOSS,16,Reed Mullanix
10.21105/joss.09241,JOSS,17,Wen Kokke
10.21105/joss.00607,JOSS,1,Sergio Ibarra-Espinosa
10.21105/joss.00607,JOSS,2,Daniel Schuch
10.21105/joss.00607,JOSS,3,Edmilson Dias de Freitas
10.21105/joss.05755,JOSS,1,Kirk L. Bonney
10.21105/joss.05755,JOSS,2,Thushara Gunda
10.21105/joss.05755,JOSS,3,Michael W. Hopwood
10.21105/joss.05755,JOSS,4,Hector Mendoza
10.21105/joss.05755,JOSS,5,Nicole D. Jackson
10.21105/joss.00480,JOSS,1,"James P. Howard, II"
10.21105/joss.05022,JOSS,1,Luis Scoccola
10.21105/joss.05022,JOSS,2,Alexander Rolle
10.21105/joss.00359,JOSS,1,Alicia N Schep
10.21105/joss.00359,JOSS,2,Sarah K Kummerfeld
10.21105/joss.01914,JOSS,1,Clemens Schmid
10.21105/joss.01914,JOSS,2,Dirk Seidensticker
10.21105/joss.01914,JOSS,3,Martin Hinz
10.21105/joss.01808,JOSS,1,Tom Eulenfeld
10.21105/joss.08492,JOSS,1,Dustin F. Kapraun
10.21105/joss.08492,JOSS,2,Todd J. Zurlinden
10.21105/joss.08492,JOSS,3,Ryan D. Friese
10.21105/joss.08492,JOSS,4,Andrew J. Shapiro
10.21105/joss.06356,JOSS,1,Bartholomew Andrews
10.21105/joss.04250,JOSS,1,Niek Beckers
10.21105/joss.04250,JOSS,2,Olger Siebinga
10.21105/joss.04250,JOSS,3,Joris Giltay
10.21105/joss.04250,JOSS,4,André van der Kraan
10.21105/joss.01262,JOSS,1,Fidji Berio
10.21105/joss.01262,JOSS,2,Yann Bayle
10.21105/joss.04843,JOSS,1,Matthew Parno
10.21105/joss.04843,JOSS,2,Paul-Baptiste Rubio
10.21105/joss.04843,JOSS,3,Daniel Sharp
10.21105/joss.04843,JOSS,4,Michael Brennan
10.21105/joss.04843,JOSS,5,Ricardo Baptista
10.21105/joss.04843,JOSS,6,Henning Bonart
10.21105/joss.04843,JOSS,7,Youssef Marzouk
10.21105/joss.01091,JOSS,1,Jonas Geschke
10.21105/joss.01091,JOSS,2,Kevin Cazelles
10.21105/joss.01091,JOSS,3,Ignasi Bartomeus
10.21105/joss.04407,JOSS,1,Michał Burdukiewicz
10.21105/joss.04407,JOSS,2,Andrej-Nikolai Spiess
10.21105/joss.04407,JOSS,3,Dominik Rafacz
10.21105/joss.04407,JOSS,4,Konstantin Blagodatskikh
10.21105/joss.04407,JOSS,5,Stefan Rödiger
10.21105/joss.06849,JOSS,1,David Pagnon
10.21105/joss.06849,JOSS,2,HunMin Kim
10.21105/joss.07312,JOSS,1,Alec Kirkley
10.21105/joss.07312,JOSS,2,Baiyue He
10.21105/joss.09876,JOSS,1,Adam Ayouche
10.21105/joss.09876,JOSS,2,Baylor Fox-Kemper
10.21105/joss.09876,JOSS,3,Momme Hell
10.21105/joss.09876,JOSS,4,Brodie Pearson
10.21105/joss.09876,JOSS,5,Cassidy Wagner
10.21105/joss.06755,JOSS,1,Lukas Riedel
10.21105/joss.06755,JOSS,2,Chahan M. Kropf
10.21105/joss.06755,JOSS,3,Timo Schmid
10.21105/joss.05082,JOSS,1,Jindra Lacko
10.21105/joss.04704,JOSS,1,Nicholas Brown
10.21105/joss.07571,JOSS,1,Mistral Contrastin
10.21105/joss.07571,JOSS,2,Raoul Hidalgo Charman
10.21105/joss.07571,JOSS,3,Matthew Danish
10.21105/joss.07571,JOSS,4,Benjamin Orchard
10.21105/joss.07571,JOSS,5,Dominic Orchard
10.21105/joss.07571,JOSS,6,Andrew Rice
10.21105/joss.07571,JOSS,7,Jason Xu
10.21105/joss.03045,JOSS,1,Johannes Buchner
10.21105/joss.00676,JOSS,1,Sepand Haghighi
10.21105/joss.00676,JOSS,2,Kasra Askari
10.21105/joss.00676,JOSS,3,Sarmin Hamidi
10.21105/joss.00676,JOSS,4,Mohammad Mahdi Rahimi
10.21105/joss.07695,JOSS,1,Hernan Picatto
10.21105/joss.07695,JOSS,2,Georg Heiler
10.21105/joss.07695,JOSS,3,Peter Klimek
10.21105/joss.06641,JOSS,1,Judith Schepers
10.21105/joss.06641,JOSS,2,Luis Lips
10.21105/joss.06641,JOSS,3,Maanik Marathe
10.21105/joss.06641,JOSS,4,Benedikt V. Ehinger
10.21105/joss.05454,JOSS,1,Arianna I. Renzini
10.21105/joss.05454,JOSS,2,Alba Romero-Rodriguez
10.21105/joss.05454,JOSS,3,Colm Talbot
10.21105/joss.05454,JOSS,4,Max Lalleman
10.21105/joss.05454,JOSS,5,Shivaraj Kandhasamy
10.21105/joss.05454,JOSS,6,Kevin Turbang
10.21105/joss.05454,JOSS,7,Sylvia Biscoveanu
10.21105/joss.05454,JOSS,8,Katarina Martinovic
10.21105/joss.05454,JOSS,9,Patrick Meyers
10.21105/joss.05454,JOSS,10,Leo Tsukada
10.21105/joss.05454,JOSS,11,Kamiel Janssens
10.21105/joss.05454,JOSS,12,Derek Davis
10.21105/joss.05454,JOSS,13,Andrew Matas
10.21105/joss.05454,JOSS,14,Philip Charlton
10.21105/joss.05454,JOSS,15,Guo-chin Liu
10.21105/joss.05454,JOSS,16,Irina Dvorkin
10.21105/joss.00829,JOSS,1,Christopher Ostrouchov
10.21105/joss.00829,JOSS,2,Yanwen Zhang
10.21105/joss.00829,JOSS,3,William J. Weber
10.21105/joss.08048,JOSS,1,Nicholas D. Crosbie
10.21105/joss.06733,JOSS,1,Tobias Marke
10.21105/joss.06733,JOSS,2,Ulrich Löhnert
10.21105/joss.06733,JOSS,3,Simo Tukiainen
10.21105/joss.06733,JOSS,4,Tuomas Siipola
10.21105/joss.06733,JOSS,5,Bernhard Pospichal
10.21105/joss.04968,JOSS,1,Emily K. de Jong
10.21105/joss.04968,JOSS,2,Clare E. Singer
10.21105/joss.04968,JOSS,3,Sajjad Azimi
10.21105/joss.04968,JOSS,4,Piotr Bartman
10.21105/joss.04968,JOSS,5,Oleksii Bulenok
10.21105/joss.04968,JOSS,6,Kacper Derlatka
10.21105/joss.04968,JOSS,7,Isabella Dula
10.21105/joss.04968,JOSS,8,Anna Jaruga
10.21105/joss.04968,JOSS,9,J. Ben Mackay
10.21105/joss.04968,JOSS,10,Ryan X. Ward
10.21105/joss.04968,JOSS,11,Sylwester Arabas
10.21105/joss.09265,JOSS,1,Niharika Karnik
10.21105/joss.09265,JOSS,2,Yash Bhangale
10.21105/joss.09265,JOSS,3,Mohammad G. Abdo
10.21105/joss.09265,JOSS,4,Andrei A. Klishin
10.21105/joss.09265,JOSS,5,Joshua J. Cogliati
10.21105/joss.09265,JOSS,6,Bingni W. Brunton
10.21105/joss.09265,JOSS,7,J. Nathan Kutz
10.21105/joss.09265,JOSS,8,Steven L. Brunton
10.21105/joss.09265,JOSS,9,Krithika Manohar
10.21105/joss.07570,JOSS,1,Dylan Bouchard
10.21105/joss.07570,JOSS,2,Mohit Singh Chauhan
10.21105/joss.07570,JOSS,3,David Skarbrevik
10.21105/joss.07570,JOSS,4,Viren Bajaj
10.21105/joss.07570,JOSS,5,Zeya Ahmad
10.21105/joss.04748,JOSS,1,Linus Seelinger
10.21105/joss.04748,JOSS,2,Vivian Cheng-Seelinger
10.21105/joss.04748,JOSS,3,Andrew Davis
10.21105/joss.04748,JOSS,4,Matthew Parno
10.21105/joss.04748,JOSS,5,Anne Reinarz
10.21105/joss.04398,JOSS,1,Ron Shnapp
10.21105/joss.00100,JOSS,1,Philipp H Boersch-Supan
10.21105/joss.03438,JOSS,1,Mikkel Andersen
10.21105/joss.03438,JOSS,2,Søren Højsgaard
10.21105/joss.02008,JOSS,1,D. Meyer
10.21105/joss.02008,JOSS,2,R. Schoetter
10.21105/joss.02008,JOSS,3,V. Masson
10.21105/joss.02008,JOSS,4,S. Grimmond
10.21105/joss.03485,JOSS,1,Marcus Beck
10.21105/joss.03485,JOSS,2,Meagan Schrandt
10.21105/joss.03485,JOSS,3,Michael Wessel
10.21105/joss.03485,JOSS,4,Edward Sherwood
10.21105/joss.03485,JOSS,5,Gary Raulerson
10.21105/joss.03485,JOSS,6,Adhokshaja Prasad
10.21105/joss.03485,JOSS,7,Benjamin Best
10.21105/joss.08062,JOSS,1,Gaëtan Heidsieck
10.21105/joss.08062,JOSS,2,Tim Oberländer
10.21105/joss.08062,JOSS,3,Thomas Hay
10.21105/joss.08062,JOSS,4,Winfried Kurth
10.21105/joss.10223,JOSS,1,Gerard Alexander Oonk
10.21105/joss.10223,JOSS,2,Daan Grob
10.21105/joss.10223,JOSS,3,Matthias Kempe
10.21105/joss.05511,JOSS,1,Trevor Barnes
10.21105/joss.05511,JOSS,2,Will Usher
10.21105/joss.09914,JOSS,1,Aditya Puttaparthi Tirumala
10.21105/joss.05941,JOSS,1,Jimmy-Xuan Shen
10.21105/joss.05941,JOSS,2,Joel Varley
10.21105/joss.05940,JOSS,1,Ben Steer
10.21105/joss.05940,JOSS,2,Naomi A. Arnold
10.21105/joss.05940,JOSS,3,Cheick Tidiane Ba
10.21105/joss.05940,JOSS,4,Renaud Lambiotte
10.21105/joss.05940,JOSS,5,Haaroon Yousaf
10.21105/joss.05940,JOSS,6,Lucas Jeub
10.21105/joss.05940,JOSS,7,Fabian Murariu
10.21105/joss.05940,JOSS,8,Shivam Kapoor
10.21105/joss.05940,JOSS,9,Pedro Rico
10.21105/joss.05940,JOSS,10,Rachel Chan
10.21105/joss.05940,JOSS,11,Louis Chan
10.21105/joss.05940,JOSS,12,James Alford
10.21105/joss.05940,JOSS,13,Richard G. Clegg
10.21105/joss.05940,JOSS,14,Felix Cuadrado
10.21105/joss.05940,JOSS,15,Matthew Russell Barnes
10.21105/joss.05940,JOSS,16,Peijie Zhong
10.21105/joss.05940,JOSS,17,John Pougué-Biyong
10.21105/joss.05940,JOSS,18,Alhamza Alnaimi
10.21105/joss.04029,JOSS,1,Rick Helmus
10.21105/joss.04029,JOSS,2,Bas van de Velde
10.21105/joss.04029,JOSS,3,Andrea M. Brunner
10.21105/joss.04029,JOSS,4,Thomas L. ter Laak
10.21105/joss.04029,JOSS,5,Annemarie P. van Wezel
10.21105/joss.04029,JOSS,6,Emma L. Schymanski
10.21105/joss.01421,JOSS,1,Thomas Geijtenbeek
10.21105/joss.09777,JOSS,1,Daniel P Smith
10.21105/joss.09777,JOSS,2,Sara J Javornik Cregeen
10.21105/joss.09777,JOSS,3,Joseph F Petrosino
10.21105/joss.00655,JOSS,1,Lincoln A. Mullen
10.21105/joss.00655,JOSS,2,Kenneth Benoit
10.21105/joss.00655,JOSS,3,Os Keyes
10.21105/joss.00655,JOSS,4,Dmitry Selivanov
10.21105/joss.00655,JOSS,5,Jeffrey Arnold
10.21105/joss.05875,JOSS,1,Evert Nasedkin
10.21105/joss.05875,JOSS,2,Paul Mollière
10.21105/joss.05875,JOSS,3,Doriann Blain
10.21105/joss.04503,JOSS,1,Taylor J. Bell
10.21105/joss.04503,JOSS,2,Eva-Maria Ahrer
10.21105/joss.04503,JOSS,3,Jonathan Brande
10.21105/joss.04503,JOSS,4,Aarynn L. Carter
10.21105/joss.04503,JOSS,5,Adina D. Feinstein
10.21105/joss.04503,JOSS,6,Giannina Guzman Caloca
10.21105/joss.04503,JOSS,7,Megan Mansfield
10.21105/joss.04503,JOSS,8,Sebastian Zieba
10.21105/joss.04503,JOSS,9,Caroline Piaulet
10.21105/joss.04503,JOSS,10,Björn Benneke
10.21105/joss.04503,JOSS,11,Joseph Filippazzo
10.21105/joss.04503,JOSS,12,Erin M. May
10.21105/joss.04503,JOSS,13,Pierre-Alexis Roy
10.21105/joss.04503,JOSS,14,Laura Kreidberg
10.21105/joss.04503,JOSS,15,Kevin B. Stevenson
10.21105/joss.06525,JOSS,1,Heli Xu
10.21105/joss.06525,JOSS,2,Ran Li
10.21105/joss.06525,JOSS,3,Usama Bilal
10.21105/joss.05093,JOSS,1,Ana Lawry Aguila
10.21105/joss.05093,JOSS,2,Alejandra Jayme
10.21105/joss.05093,JOSS,3,Nina Montaña-Brown
10.21105/joss.05093,JOSS,4,Vincent Heuveline
10.21105/joss.05093,JOSS,5,Andre Altmann
10.21105/joss.08753,JOSS,1,Alessandro Perego
10.21105/joss.08753,JOSS,2,Matthew J. L. Mills
10.21105/joss.08753,JOSS,3,Damien C. Vadillo
10.21105/joss.01257,JOSS,1,Michael Notter
10.21105/joss.01257,JOSS,2,Dan Gale
10.21105/joss.01257,JOSS,3,Peer Herholz
10.21105/joss.01257,JOSS,4,Ross Markello
10.21105/joss.01257,JOSS,5,Marie-Laure Notter-Bielser
10.21105/joss.01257,JOSS,6,Kirstie Whitaker
10.21105/joss.03200,JOSS,1,Virgile Baudrot
10.21105/joss.03200,JOSS,2,Sandrine Charles
10.21105/joss.06604,JOSS,1,Ajit J. Nirmal
10.21105/joss.06604,JOSS,2,Peter K. Sorger
10.21105/joss.08138,JOSS,1,David Dahlbom
10.21105/joss.08138,JOSS,2,Hao Zhang
10.21105/joss.08138,JOSS,3,Cole Miles
10.21105/joss.08138,JOSS,4,Sam Quinn
10.21105/joss.08138,JOSS,5,Alin Niraula
10.21105/joss.08138,JOSS,6,Bhushan Thipe
10.21105/joss.08138,JOSS,7,Matthew Wilson
10.21105/joss.08138,JOSS,8,Sakib Matin
10.21105/joss.08138,JOSS,9,Het Mankad
10.21105/joss.08138,JOSS,10,Steven Hahn
10.21105/joss.08138,JOSS,11,Daniel Pajerowski
10.21105/joss.08138,JOSS,12,Steve Johnston
10.21105/joss.08138,JOSS,13,Zhentao Wang
10.21105/joss.08138,JOSS,14,Harry Lane
10.21105/joss.08138,JOSS,15,Ying Wai Li
10.21105/joss.08138,JOSS,16,Xiaojian Bai
10.21105/joss.08138,JOSS,17,Martin Mourigal
10.21105/joss.08138,JOSS,18,Cristian D. Batista
10.21105/joss.08138,JOSS,19,Kipton Barros
10.21105/joss.05556,JOSS,1,Monthakan Lertkiattrakul
10.21105/joss.05556,JOSS,2,Matthew L. Evans
10.21105/joss.05556,JOSS,3,Matthew J. Cliffe
10.21105/joss.05196,JOSS,1,Gaëtan Cassiers
10.21105/joss.05196,JOSS,2,Olivier Bronchain
10.21105/joss.06033,JOSS,1,Mengqi Zhao
10.21105/joss.06033,JOSS,2,Zarrar Khan
10.21105/joss.06033,JOSS,3,Kalyn Dorheim
10.21105/joss.06033,JOSS,4,Chris Vernon
10.21105/joss.02154,JOSS,1,Romain Hennequin
10.21105/joss.02154,JOSS,2,Anis Khlif
10.21105/joss.02154,JOSS,3,Felix Voituret
10.21105/joss.02154,JOSS,4,Manuel Moussallam
10.21105/joss.07242,JOSS,1,Cyril Richard
10.21105/joss.07242,JOSS,2,Vincent Hourdin
10.21105/joss.07242,JOSS,3,Cécile Melis
10.21105/joss.07242,JOSS,4,Adrian Knagg-Baugh
10.21105/joss.00772,JOSS,1,Daniel Lüdecke
10.21105/joss.01041,JOSS,1,Daijiang Li
10.21105/joss.01843,JOSS,1,Shalin Shah
10.21105/joss.02038,JOSS,1,Dominic Bennett
10.21105/joss.02038,JOSS,2,Hannes Hettling
10.21105/joss.02038,JOSS,3,Daniele Silvestro
10.21105/joss.02038,JOSS,4,Rutger Vos
10.21105/joss.02038,JOSS,5,Alexandre Antonelli
10.21105/joss.02157,JOSS,1,Travis Hesketh
10.21105/joss.01036,JOSS,1,Yuan Tang
10.21105/joss.01036,JOSS,2,Tao Gao
10.21105/joss.01036,JOSS,3,Nan Xiao
10.21105/joss.01249,JOSS,1,Romain Thomas
10.21105/joss.01587,JOSS,1,Daniel Fryer
10.21105/joss.01587,JOSS,2,Hien Nguyen
10.21105/joss.01587,JOSS,3,Pierre Orban
10.21105/joss.02629,JOSS,1,A. Chokshi
10.21105/joss.02629,JOSS,2,J. Line
10.21105/joss.02629,JOSS,3,B. McKinley
10.21105/joss.00272,JOSS,1,Daniel Standage
10.21105/joss.00272,JOSS,2,Ali yari
10.21105/joss.00272,JOSS,3,Lisa J. Cohen
10.21105/joss.00272,JOSS,4,Michael R. Crusoe
10.21105/joss.00272,JOSS,5,Tim Head
10.21105/joss.00272,JOSS,6,Luiz Irber
10.21105/joss.00272,JOSS,7,Shannon EK Joslin
10.21105/joss.00272,JOSS,8,N. B. Kingsley
10.21105/joss.00272,JOSS,9,Kevin D. Murray
10.21105/joss.00272,JOSS,10,Russell Neches
10.21105/joss.00272,JOSS,11,Camille Scott
10.21105/joss.00272,JOSS,12,Ryan Shean
10.21105/joss.00272,JOSS,13,Sascha Steinbiss
10.21105/joss.00272,JOSS,14,Cait Sydney
10.21105/joss.00272,JOSS,15,C. Titus Brown
10.21105/joss.02830,JOSS,1,Fruzsina Agocs
10.21105/joss.01007,JOSS,1,Jose Borreguero
10.21105/joss.01007,JOSS,2,Fahima Islam
10.21105/joss.01007,JOSS,3,Utsab Shrestha
10.21105/joss.01007,JOSS,4,Loukas Petridis
10.21105/joss.03735,JOSS,1,Lungsi Sharma
10.21105/joss.00722,JOSS,1,Matthew Harris
10.21105/joss.07473,JOSS,1,Mark Zolotas
10.21105/joss.07473,JOSS,2,Philip Long
10.21105/joss.07473,JOSS,3,Taskin Padir
10.21105/joss.04266,JOSS,1,Aurore Loisy
10.21105/joss.04266,JOSS,2,Christophe Eloy
10.21105/joss.04718,JOSS,1,Karl-Ludwig Besser
10.21105/joss.04718,JOSS,2,Eduard A. Jorswieck
10.21105/joss.04805,JOSS,1,Beatrice Marti
10.21105/joss.04805,JOSS,2,Tobias Siegfried
10.21105/joss.04944,JOSS,1,Mirko Rosenthal
10.21105/joss.04944,JOSS,2,David J. Richter
10.21105/joss.04944,JOSS,3,Falk Hübner
10.21105/joss.04944,JOSS,4,Jochen Staudacher
10.21105/joss.04944,JOSS,5,Arend Hintze
10.21105/joss.05114,JOSS,1,Konrad Höffner
10.21105/joss.05114,JOSS,2,Tim Baccaert
10.21105/joss.04077,JOSS,1,Lucas Timotheo Sanches
10.21105/joss.05472,JOSS,1,Nicolas Renaud
10.21105/joss.05532,JOSS,1,Clémence Réda
10.21105/joss.05532,JOSS,2,Andrée Delahaye-Duriez
10.21105/joss.05693,JOSS,1,Beniamino Green
10.21105/joss.06014,JOSS,1,Jonas Schulte
10.21105/joss.08120,JOSS,1,Jakob Skelmose
10.21105/joss.08120,JOSS,2,Lars Nielsen
10.21105/joss.08120,JOSS,3,Jennifer Bartell
10.21105/joss.08120,JOSS,4,Charles Vesteghem
10.21105/joss.08120,JOSS,5,Martin Bøgsted
10.21105/joss.08120,JOSS,6,Rasmus Rask Kragh Jørgensen
10.21105/joss.08508,JOSS,1,Jiawei Li
10.21105/joss.08508,JOSS,2,Thomas Asikis
10.21105/joss.08508,JOSS,3,Ioannis Fragkos
10.21105/joss.08508,JOSS,4,Lucas Böttcher
10.21105/joss.07831,JOSS,1,Louis Moresi
10.21105/joss.07831,JOSS,2,John Mansour
10.21105/joss.07831,JOSS,3,Julian Giordani
10.21105/joss.07831,JOSS,4,Matt Knepley
10.21105/joss.07831,JOSS,5,Ben Knight
10.21105/joss.07831,JOSS,6,Juan Carlos Graciosa
10.21105/joss.07831,JOSS,7,Thyagarajulu Gollapalli
10.21105/joss.07831,JOSS,8,Neng Lu
10.21105/joss.07831,JOSS,9,Romain Beucher
10.21105/joss.06023,JOSS,1,Junta Tagusari
10.21105/joss.04040,JOSS,1,Evgeny Moerman
10.21105/joss.04040,JOSS,2,Felix Hummel
10.21105/joss.04040,JOSS,3,Andreas Grüneis
10.21105/joss.04040,JOSS,4,Andreas Irmler
10.21105/joss.04040,JOSS,5,Matthias Scheffler
10.21105/joss.04493,JOSS,1,Elena Ranguelova
10.21105/joss.04493,JOSS,2,Christiaan Meijer
10.21105/joss.04493,JOSS,3,Leon Oostrum
10.21105/joss.04493,JOSS,4,Yang Liu
10.21105/joss.04493,JOSS,5,Patrick Bos
10.21105/joss.04493,JOSS,6,Giulia Crocioni
10.21105/joss.04493,JOSS,7,Matthieu Laneuville
10.21105/joss.04493,JOSS,8,Bryan Cardenas Guevara
10.21105/joss.04493,JOSS,9,Rena Bakhshi
10.21105/joss.04493,JOSS,10,Damian Podareanu
10.21105/joss.09178,JOSS,1,Hauke Schulz
10.21105/joss.09178,JOSS,2,Milan Klöwer
10.21105/joss.09178,JOSS,3,Aaron Spring
10.21105/joss.09324,JOSS,1,Meriam van Os
10.21105/joss.09324,JOSS,2,Maxime Borry
10.21105/joss.04329,JOSS,1,Eneko Martin-Martinez
10.21105/joss.04329,JOSS,2,Roger Samsó
10.21105/joss.04329,JOSS,3,James Houghton
10.21105/joss.04329,JOSS,4,Jordi Solé
10.21105/joss.05429,JOSS,1,Gianmarco G. Terrones
10.21105/joss.05429,JOSS,2,Yu Chen
10.21105/joss.05429,JOSS,3,Archit Datar
10.21105/joss.05429,JOSS,4,Li-Chiang Lin
10.21105/joss.05429,JOSS,5,Heather J. Kulik
10.21105/joss.05429,JOSS,6,Yongchul G. Chung
10.21105/joss.08445,JOSS,1,Michal Motylinski
10.21105/joss.08445,JOSS,2,Andrew J. Plater
10.21105/joss.08445,JOSS,3,Jonathan E. Higham
10.21105/joss.00471,JOSS,1,Mark Padgham
10.21105/joss.00471,JOSS,2,Richard Ellison
10.21105/joss.02439,JOSS,1,Adrien Barbaresi
10.21105/joss.05499,JOSS,1,Alejandro Icazatti
10.21105/joss.05499,JOSS,2,Oriol Abril-Pla
10.21105/joss.05499,JOSS,3,Arto Klami
10.21105/joss.05499,JOSS,4,Osvaldo A Martin
10.21105/joss.04800,JOSS,1,Lorenzo Pizzuti
10.21105/joss.04800,JOSS,2,Ippocratis D. Saltas
10.21105/joss.04800,JOSS,3,Andrea Biviano
10.21105/joss.04800,JOSS,4,Gary Mamon
10.21105/joss.04800,JOSS,5,Luca Amendola
10.21105/joss.01837,JOSS,1,Amit Min
10.21105/joss.01837,JOSS,2,Erika Deoudes
10.21105/joss.01837,JOSS,3,Marielle Bond
10.21105/joss.01837,JOSS,4,Eric Davis
10.21105/joss.01837,JOSS,5,Douglas Phanstiel
10.21105/joss.05174,JOSS,1,Jan Baumgärtner
10.21105/joss.05174,JOSS,2,Malte Hansjosten
10.21105/joss.05174,JOSS,3,Dominik Schönhofen
10.21105/joss.05174,JOSS,4,Prof. Dr.-Ing. Jürgen Fleischer
10.21105/joss.07928,JOSS,1,Philip Ohnewein
10.21105/joss.07928,JOSS,2,Marnoch Hamilton-Jones
10.21105/joss.07928,JOSS,3,Lukas Emberger
10.21105/joss.07928,JOSS,4,Daniel Tschopp
10.21105/joss.07928,JOSS,5,Peter Zauner
10.21105/joss.07928,JOSS,6,Jonathan Cazco Gonzalez
10.21105/joss.07928,JOSS,7,Maria Moser
10.21105/joss.07928,JOSS,8,Hannes Poier
10.21105/joss.07928,JOSS,9,Christopher Albert
10.21105/joss.07928,JOSS,10,Léo Bonal
10.21105/joss.01273,JOSS,1,Ceecee Holz
10.21105/joss.01273,JOSS,2,Eric Kemp-Benedict
10.21105/joss.01273,JOSS,3,Tom Athanasiou
10.21105/joss.01273,JOSS,4,Sivan Kartha
10.21105/joss.00140,JOSS,1,Bryna J. Hazelton
10.21105/joss.00140,JOSS,2,Daniel C. Jacobs
10.21105/joss.00140,JOSS,3,Jonathan C. Pober
10.21105/joss.00140,JOSS,4,Adam P. Beardsley
10.21105/joss.03786,JOSS,1,Andreas Alfons
10.21105/joss.00333,JOSS,1,Maëlle Salmon
10.21105/joss.00333,JOSS,2,Sreekanth Vakacherla
10.21105/joss.00333,JOSS,3,Carles Milà
10.21105/joss.00333,JOSS,4,Julian D. Marshall
10.21105/joss.00333,JOSS,5,Cathryn Tonne
10.21105/joss.08052,JOSS,1,Aramy Truong
10.21105/joss.08052,JOSS,2,Maruti K. Mudunuru
10.21105/joss.08052,JOSS,3,Erin C. Rooney
10.21105/joss.08052,JOSS,4,Arunima Bhattacharjee
10.21105/joss.08052,JOSS,5,Tamas Varga
10.21105/joss.08052,JOSS,6,Md Lal Mamud
10.21105/joss.08052,JOSS,7,Xiaoliang He
10.21105/joss.08052,JOSS,8,Anil K. Battu
10.21105/joss.08052,JOSS,9,Satish Karra
10.21105/joss.05177,JOSS,1,Trygve Magnus Ræder
10.21105/joss.02066,JOSS,1,Nathan Lyons
10.21105/joss.02066,JOSS,2,James Albert
10.21105/joss.02066,JOSS,3,Nicole Gasparini
10.21105/joss.08973,JOSS,1,Pablo Fuchs
10.21105/joss.08973,JOSS,2,Ruzica Dadic
10.21105/joss.08973,JOSS,3,Shelley MacDonell
10.21105/joss.08973,JOSS,4,Heather Purdie
10.21105/joss.08973,JOSS,5,Brian Anderson
10.21105/joss.08973,JOSS,6,Marwan Katurji
10.21105/joss.03192,JOSS,1,Chandan Singh
10.21105/joss.03192,JOSS,2,Keyan Nasseri
10.21105/joss.03192,JOSS,3,Yan Tan
10.21105/joss.03192,JOSS,4,Tiffany Tang
10.21105/joss.03192,JOSS,5,Bin Yu
10.21105/joss.00596,JOSS,1,Michael Hucka
10.21105/joss.04382,JOSS,1,Ejike R. Ugba
10.21105/joss.09737,JOSS,1,Ozgur Taylan Turan
10.21105/joss.09737,JOSS,2,David M. J. Tax
10.21105/joss.04947,JOSS,1,Sermad Abbas
10.21105/joss.04947,JOSS,2,Barbara Brune
10.21105/joss.04947,JOSS,3,Roland Fried
10.21105/joss.01868,JOSS,1,Michael Green
10.21105/joss.01868,JOSS,2,Xiaobo Chen
10.21105/joss.04164,JOSS,1,Michał M. Więcław
10.21105/joss.03828,JOSS,1,Aisouda Hoshiyar
10.21105/joss.08910,JOSS,1,Michael Leguèbe
10.21105/joss.08910,JOSS,2,Yves Coudière
10.21105/joss.08910,JOSS,3,Loïc Calvez
10.21105/joss.08910,JOSS,4,Valentin Pannetier
10.21105/joss.08910,JOSS,5,Charlie Douanla-Lontsi
10.21105/joss.08910,JOSS,6,Anđela Davidović
10.21105/joss.08910,JOSS,7,Pierre-Elliott Bécue
10.21105/joss.08910,JOSS,8,Mehdi Juhoor
10.21105/joss.08910,JOSS,9,Nejib Zemzemi
10.21105/joss.03453,JOSS,1,Florian Pfisterer
10.21105/joss.03453,JOSS,2,Christoph Kern
10.21105/joss.03453,JOSS,3,Susanne Dandl
10.21105/joss.03453,JOSS,4,Matthew Sun
10.21105/joss.03453,JOSS,5,Michael Kim
10.21105/joss.03453,JOSS,6,Bernd Bischl
10.21105/joss.09160,JOSS,1,Andreas Dutzler
10.21105/joss.09160,JOSS,2,Martin Leitner
10.21105/joss.00338,JOSS,1,Mathew W. McLean
10.21105/joss.03171,JOSS,1,Katarina Brlec
10.21105/joss.03171,JOSS,2,Daniel Davies
10.21105/joss.03171,JOSS,3,David Scanlon
10.21105/joss.07101,JOSS,1,Julius Gervelmeyer
10.21105/joss.07101,JOSS,2,Sarah Müller
10.21105/joss.07101,JOSS,3,Ziwei Huang
10.21105/joss.07101,JOSS,4,Philipp Berens
10.21105/joss.00033,JOSS,1,Nitin Madnani
10.21105/joss.00033,JOSS,2,Anastassia Loukina
10.21105/joss.03399,JOSS,1,Tomaž Bregar
10.21105/joss.03399,JOSS,2,Ahmed Mahmoudi
10.21105/joss.03399,JOSS,3,Miha Kodrič
10.21105/joss.03399,JOSS,4,Domen Ocepek
10.21105/joss.03399,JOSS,5,Francesco Trainotti
10.21105/joss.03399,JOSS,6,Miha Pogačar
10.21105/joss.03399,JOSS,7,Mert Göldeli
10.21105/joss.03399,JOSS,8,Gregor Čepon
10.21105/joss.03399,JOSS,9,Miha Boltežar
10.21105/joss.03399,JOSS,10,Daniel Rixen
10.21105/joss.04515,JOSS,1,Konstantin Sering
10.21105/joss.04515,JOSS,2,Marc Weitz
10.21105/joss.04515,JOSS,3,Elnaz Shafaei-Bajestan
10.21105/joss.04515,JOSS,4,David-Elias Künstle
10.21105/joss.07468,JOSS,1,Simon Sekavčnik
10.21105/joss.07468,JOSS,2,Kareem H. El-Safty
10.21105/joss.07468,JOSS,3,Janis Nötzel
10.21105/joss.09729,JOSS,1,Youssef Mesri
10.21105/joss.05704,JOSS,1,Fabio Cumbo
10.21105/joss.05704,JOSS,2,Emanuel Weitschek
10.21105/joss.05704,JOSS,3,Daniel Blankenberg
10.21105/joss.07344,JOSS,1,Martin Rätz
10.21105/joss.07344,JOSS,2,Fabian Wüllhorst
10.21105/joss.07344,JOSS,3,Rita Streblow
10.21105/joss.07344,JOSS,4,Dirk Müller
10.21105/joss.03822,JOSS,1,Johannes Titz
10.21105/joss.03822,JOSS,2,Markus Burkhardt
10.21105/joss.09293,JOSS,1,Koki Tsuyuzaki
10.21105/joss.04691,JOSS,1,Oliver N. F. King
10.21105/joss.04691,JOSS,2,Dimitrios Bellos
10.21105/joss.04691,JOSS,3,Mark Basham
10.21105/joss.05100,JOSS,1,Songmin Yu
10.21105/joss.05100,JOSS,2,Zhanyi Hou
10.21105/joss.04321,JOSS,1,Annabelle Harvey
10.21105/joss.04321,JOSS,2,Guillaume Dumas
10.21105/joss.01096,JOSS,1,Robert Garrett
10.21105/joss.01096,JOSS,2,Austin Nar
10.21105/joss.01096,JOSS,3,Thomas Fisher
10.21105/joss.01096,JOSS,4,Karsten Maurer
10.21105/joss.01434,JOSS,1,Mathieu Fauvernier
10.21105/joss.01434,JOSS,2,Laurent Remontet
10.21105/joss.01434,JOSS,3,Zoé Uhry
10.21105/joss.01434,JOSS,4,Nadine Bossard
10.21105/joss.01434,JOSS,5,Laurent Roche
10.21105/joss.01757,JOSS,1,Duoming Fan
10.21105/joss.01757,JOSS,2,Andrew Nonaka
10.21105/joss.01757,JOSS,3,Ann Almgren
10.21105/joss.01757,JOSS,4,Donald Willcox
10.21105/joss.01757,JOSS,5,Alice Harpole
10.21105/joss.01757,JOSS,6,Michael Zingale
10.21105/joss.04879,JOSS,1,Joey McCollum
10.21105/joss.04879,JOSS,2,Robert Turnbull
10.21105/joss.02844,JOSS,1,Léo Simpson
10.21105/joss.02844,JOSS,2,Patrick Combettes
10.21105/joss.02844,JOSS,3,Christian Müller
10.21105/joss.06864,JOSS,1,Björn Baumeier
10.21105/joss.06864,JOSS,2,Jens Wehner
10.21105/joss.06864,JOSS,3,Nicolas Renaud
10.21105/joss.06864,JOSS,4,Felipe Zapata Ruiz
10.21105/joss.06864,JOSS,5,Rene Halver
10.21105/joss.06864,JOSS,6,Pranav Madhikar
10.21105/joss.06864,JOSS,7,Ruben Gerritsen
10.21105/joss.06864,JOSS,8,Gianluca Tirimbo
10.21105/joss.06864,JOSS,9,Javier Sijen
10.21105/joss.06864,JOSS,10,David Rosenberger
10.21105/joss.06864,JOSS,11,Joshua S. Brown
10.21105/joss.06864,JOSS,12,Vivek Sundaram
10.21105/joss.06864,JOSS,13,Jakub Krajniak
10.21105/joss.06864,JOSS,14,Marvin Bernhardt
10.21105/joss.06864,JOSS,15,Christoph Junghans
10.21105/joss.09267,JOSS,1,Fabrizio Musacchio
10.21105/joss.09267,JOSS,2,Sophie Crux
10.21105/joss.09267,JOSS,3,Felix Nebeling
10.21105/joss.09267,JOSS,4,Nala Gockel
10.21105/joss.09267,JOSS,5,Falko Fuhrmann
10.21105/joss.09267,JOSS,6,Martin Fuhrmann
10.21105/joss.07945,JOSS,1,Anne D. Koelewijn
10.21105/joss.07945,JOSS,2,Marlies Nitschke
10.21105/joss.07945,JOSS,3,Eva Dorschky
10.21105/joss.07945,JOSS,4,Markus Gambietz
10.21105/joss.07945,JOSS,5,Alexander Weiss
10.21105/joss.07945,JOSS,6,Bjoern M. Eskofier
10.21105/joss.07945,JOSS,7,Antonie J. van den Bogert
10.21105/joss.01525,JOSS,1,Adina Wagner
10.21105/joss.01525,JOSS,2,Yaroslav Halchenko
10.21105/joss.01525,JOSS,3,Michael Hanke
10.21105/joss.07891,JOSS,1,Colin P. Folsom
10.21105/joss.07891,JOSS,2,Christiana Erba
10.21105/joss.07891,JOSS,3,Veronique Petit
10.21105/joss.07891,JOSS,4,Shaquann Seadrow
10.21105/joss.07891,JOSS,5,Patrick Stanley
10.21105/joss.07891,JOSS,6,Tali Natan
10.21105/joss.07891,JOSS,7,Bonnie Zaire
10.21105/joss.07891,JOSS,8,Mary E. Oksala
10.21105/joss.07891,JOSS,9,Federico Villadiego Forero
10.21105/joss.07891,JOSS,10,Robin Moore
10.21105/joss.07891,JOSS,11,Marisol Catalan Olais
10.21105/joss.09088,JOSS,1,Bahrem Serhat Danis
10.21105/joss.09088,JOSS,2,Esra Zayim
10.21105/joss.00847,JOSS,1,Boyan Angelov
10.21105/joss.02957,JOSS,1,Zeyuan Song
10.21105/joss.02957,JOSS,2,Anastasia Gurinovich
10.21105/joss.02957,JOSS,3,Anthony Federico
10.21105/joss.02957,JOSS,4,Stefano Monti
10.21105/joss.02957,JOSS,5,Paola Sebastiani
10.21105/joss.02328,JOSS,1,Clara Bird
10.21105/joss.02328,JOSS,2,Kc Bierlich
10.21105/joss.08035,JOSS,1,Phumthep Bunnak
10.21105/joss.08035,JOSS,2,Hisham Eldardiry
10.21105/joss.08035,JOSS,3,Matija Pavičević
10.21105/joss.08035,JOSS,4,Jerry Zhuoer Feng
10.21105/joss.08035,JOSS,5,Stefano Galelli
10.21105/joss.05153,JOSS,1,Lasse Hansen
10.21105/joss.05153,JOSS,2,Ludvig Renbo Olsen
10.21105/joss.05153,JOSS,3,Kenneth Enevoldsen
10.21105/joss.08305,JOSS,1,Lionel Garcia
10.21105/joss.08305,JOSS,2,Benjamin V. Rackham
10.21105/joss.08305,JOSS,3,Vatsal Panwar
10.21105/joss.02103,JOSS,1,Brett Morris
10.21105/joss.07389,JOSS,1,Matteo Bachetti
10.21105/joss.07389,JOSS,2,Daniela Huppenkothen
10.21105/joss.07389,JOSS,3,Abigail Stevens
10.21105/joss.07389,JOSS,4,John Swinbank
10.21105/joss.07389,JOSS,5,Guglielmo Mastroserio
10.21105/joss.07389,JOSS,6,Matteo Lucchini
10.21105/joss.07389,JOSS,7,Eleonora Veronica Lai
10.21105/joss.07389,JOSS,8,Johannes Buchner
10.21105/joss.07389,JOSS,9,Amogh Desai
10.21105/joss.07389,JOSS,10,Gaurav Joshi
10.21105/joss.07389,JOSS,11,Francesco Pisanu
10.21105/joss.07389,JOSS,12,Sri Guru Datta Pisupati
10.21105/joss.07389,JOSS,13,Swapnil Sharma
10.21105/joss.07389,JOSS,14,Mihir Tripathi
10.21105/joss.07389,JOSS,15,Dhruv Vats
10.21105/joss.03736,JOSS,1,Kadeem Dennis
10.21105/joss.03736,JOSS,2,Michael Marxen
10.21105/joss.03736,JOSS,3,Kamran Siddiqui
10.21105/joss.03829,JOSS,1,Maria Politi
10.21105/joss.03829,JOSS,2,Abdul Moeez
10.21105/joss.03829,JOSS,3,David Beck
10.21105/joss.03829,JOSS,4,Stuart Adler
10.21105/joss.03829,JOSS,5,Lilo Pozzo
10.21105/joss.06851,JOSS,1,Martin Grunnill
10.21105/joss.06851,JOSS,2,Julien Arino
10.21105/joss.06851,JOSS,3,Abbas Ghasemi
10.21105/joss.06851,JOSS,4,Edward W. Thommes
10.21105/joss.06851,JOSS,5,Jianhong Wu
10.21105/joss.06573,JOSS,1,Iniyan Natarajan
10.21105/joss.06573,JOSS,2,Lindy Blackburn
10.21105/joss.06573,JOSS,3,Paul Tiede
10.21105/joss.06573,JOSS,4,Dominic Pesce
10.21105/joss.06573,JOSS,5,Freek Roelofs
10.21105/joss.06503,JOSS,1,Bryna Hazelton
10.21105/joss.06503,JOSS,2,Matthew Kolopanis
10.21105/joss.06503,JOSS,3,Adam Lanman
10.21105/joss.06503,JOSS,4,Jonathan Pober
10.21105/joss.05973,JOSS,1,Clémence Réda
10.21105/joss.05973,JOSS,2,Jill-Jênn Vie
10.21105/joss.05973,JOSS,3,Olaf Wolkenhauer
10.21105/joss.02119,JOSS,1,Giovanni Birolo
10.21105/joss.02119,JOSS,2,Andrea Telatin
10.21105/joss.01359,JOSS,1,Jan Drugowitsch
10.21105/joss.01589,JOSS,1,Urminder Singh
10.21105/joss.01589,JOSS,2,Kushal Shah
10.21105/joss.01589,JOSS,3,Suman Dhar
10.21105/joss.01589,JOSS,4,Vinod Singh
10.21105/joss.01589,JOSS,5,Annangarachari Krishnamachari
10.21105/joss.00513,JOSS,1,Sinan Shi
10.21105/joss.00513,JOSS,2,David Pérez-Suárez
10.21105/joss.00513,JOSS,3,Steve Harris
10.21105/joss.00513,JOSS,4,Niall MacCallum
10.21105/joss.00513,JOSS,5,David Brealey
10.21105/joss.00513,JOSS,6,Mervyn Singer
10.21105/joss.00513,JOSS,7,James Hetherington
10.21105/joss.00701,JOSS,1,Sebastian S Zeki
10.21105/joss.00971,JOSS,1,Carl Boettiger
10.21105/joss.03882,JOSS,1,Sebastian Stammler
10.21105/joss.03882,JOSS,2,Tilman Birnstiel
10.21105/joss.06566,JOSS,1,Aurélien Stcherbinine
10.21105/joss.06566,JOSS,2,Yves Langevin
10.21105/joss.06566,JOSS,3,John Carter
10.21105/joss.06566,JOSS,4,Mathieu Vincendon
10.21105/joss.06566,JOSS,5,Yann Leseigneur
10.21105/joss.06566,JOSS,6,Océane Barraud
10.21105/joss.02814,JOSS,1,Yoel Cortés-Peña
10.21105/joss.03649,JOSS,1,Pablo Tierz
10.21105/joss.03649,JOSS,2,Vyron Christodoulou
10.21105/joss.03649,JOSS,3,John Stevenson
10.21105/joss.03649,JOSS,4,Susan Loughlin
10.21105/joss.07698,JOSS,1,Robrecht Cannoodt*
10.21105/joss.07698,JOSS,2,Louise Deconinck*
10.21105/joss.07698,JOSS,3,Artuur Couckuyt*
10.21105/joss.07698,JOSS,4,Nikolay S. Markov*
10.21105/joss.07698,JOSS,5,Luke Zappia
10.21105/joss.07698,JOSS,6,Malte D. Luecken
10.21105/joss.07698,JOSS,7,Marta Interlandi
10.21105/joss.07698,JOSS,8,Yvan Saeys†
10.21105/joss.07698,JOSS,9,Wouter Saelens†
10.21105/joss.07174,JOSS,1,Daniel J. VandenHeuvel
10.21105/joss.01910,JOSS,1,Ryan Alcantara
10.21105/joss.08499,JOSS,1,Constantin Völter
10.21105/joss.08499,JOSS,2,Vladimir Starostin
10.21105/joss.08499,JOSS,3,Mikhail Romodin
10.21105/joss.08499,JOSS,4,Ekaterina Kneschaurek
10.21105/joss.08499,JOSS,5,Dmitry Lapkin
10.21105/joss.08499,JOSS,6,Alexander Hinderhofer
10.21105/joss.08499,JOSS,7,Frank Schreiber
10.21105/joss.01466,JOSS,1,Abhishektha Boppana
10.21105/joss.01466,JOSS,2,Allison Anderson
10.21105/joss.08594,JOSS,1,Matthew M. Graham
10.21105/joss.08594,JOSS,2,Samuel Livingstone
10.21105/joss.01991,JOSS,1,Malcolm Barrett
10.21105/joss.01991,JOSS,2,Joshua Millstein
10.21105/joss.01738,JOSS,1,Nicholas Nadeau
10.21105/joss.07334,JOSS,1,David A. Kelly
10.21105/joss.07334,JOSS,2,Ilaria Pia La Torre
10.21105/joss.00792,JOSS,1,Georg Raiser
10.21105/joss.07927,JOSS,1,Penelope R. How
10.21105/joss.00528,JOSS,1,Jakob Bossek
10.21105/joss.07403,JOSS,1,Logan Mondal Bhamidipaty
10.21105/joss.07403,JOSS,2,Mykel J. Kochenderfer
10.21105/joss.07403,JOSS,3,Trevor Hastie
10.21105/joss.07958,JOSS,1,Hannah Klion
10.21105/joss.07958,JOSS,2,Robert Hetland
10.21105/joss.07958,JOSS,3,Jean Sexton
10.21105/joss.07958,JOSS,4,Ann Almgren
10.21105/joss.07958,JOSS,5,Iulian Grindeanu
10.21105/joss.07958,JOSS,6,Kyle Hinson
10.21105/joss.07958,JOSS,7,Vijay Mahadevan
10.21105/joss.02854,JOSS,1,Robert Morgan
10.21105/joss.02854,JOSS,2,Brian Nord
10.21105/joss.02854,JOSS,3,Simon Birrer
10.21105/joss.02854,JOSS,4,Joshua Lin
10.21105/joss.02854,JOSS,5,Jason Poh
10.21105/joss.07110,JOSS,1,Aravind Sundararajan
10.21105/joss.07110,JOSS,2,Varun Joshi
10.21105/joss.07110,JOSS,3,Brian R. Umberger
10.21105/joss.07110,JOSS,4,Matthew C. O’Neill
10.21105/joss.04683,JOSS,1,Jakob Duerrwaechter
10.21105/joss.04683,JOSS,2,Thomas Kuhn
10.21105/joss.04683,JOSS,3,Fabian Meyer
10.21105/joss.04683,JOSS,4,Andrea Beck
10.21105/joss.04683,JOSS,5,Claus-Dieter Munz
10.21105/joss.01771,JOSS,1,Stephan Stock
10.21105/joss.01771,JOSS,2,Jonas Kemmer
10.21105/joss.07324,JOSS,1,Andy Wilkins
10.21105/joss.07324,JOSS,2,Nicholas J. Beeton
10.21105/joss.07324,JOSS,3,Maud El-Hachem
10.21105/joss.07324,JOSS,4,Keith R Hayes
10.21105/joss.07324,JOSS,5,Geoffrey R. Hosack
10.21105/joss.00494,JOSS,1,David J. Mulryne
10.21105/joss.00494,JOSS,2,John W. Ronayne
10.21105/joss.09188,JOSS,1,Renaud Van Damme
10.21105/joss.09188,JOSS,2,Arnaud Vanbelle
10.21105/joss.09188,JOSS,3,Tomas Klingström
10.21105/joss.09188,JOSS,4,Juliette Hayer
10.21105/joss.09188,JOSS,5,Amrei Binzer-Panchal
10.21105/joss.09188,JOSS,6,Erik Bongcam-Rudloff
10.21105/joss.01543,JOSS,1,Phillip Mestas
10.21105/joss.01543,JOSS,2,Parker Clayton
10.21105/joss.01543,JOSS,3,Kyle Niemeyer
10.21105/joss.01137,JOSS,1,D. Meyer
10.21105/joss.01137,JOSS,2,D. Thevenard
10.21105/joss.02077,JOSS,1,Nicolas Renaud
10.21105/joss.02077,JOSS,2,Cunliang Geng
10.21105/joss.02513,JOSS,1,Ann Almgren
10.21105/joss.02513,JOSS,2,Maria Sazo
10.21105/joss.02513,JOSS,3,John Bell
10.21105/joss.02513,JOSS,4,Alice Harpole
10.21105/joss.02513,JOSS,5,Max Katz
10.21105/joss.02513,JOSS,6,Jean Sexton
10.21105/joss.02513,JOSS,7,Donald Willcox
10.21105/joss.02513,JOSS,8,Weiqun Zhang
10.21105/joss.02513,JOSS,9,Michael Zingale
10.21105/joss.01612,JOSS,1,Brian Ferrari
10.21105/joss.08028,JOSS,1,Rajintha Gunawardena
10.21105/joss.08028,JOSS,2,Zi-Qiang Lang
10.21105/joss.08028,JOSS,3,Fei He
10.21105/joss.06624,JOSS,1,Istvan Albert
10.21105/joss.01291,JOSS,1,Manuela Salvucci
10.21105/joss.01291,JOSS,2,Jochen Prehn
10.21105/joss.03194,JOSS,1,Chun Tung
10.21105/joss.03194,JOSS,2,Theo Glauch
10.21105/joss.03194,JOSS,3,Michael Larson
10.21105/joss.03194,JOSS,4,Alex Pizzuto
10.21105/joss.03194,JOSS,5,Rene Reimann
10.21105/joss.03194,JOSS,6,Ignacio Taboada
10.21105/joss.05983,JOSS,1,Giulia Crocioni
10.21105/joss.05983,JOSS,2,Dani L. Bodor
10.21105/joss.05983,JOSS,3,Coos Baakman
10.21105/joss.05983,JOSS,4,Farzaneh M. Parizi
10.21105/joss.05983,JOSS,5,Daniel-T. Rademaker
10.21105/joss.05983,JOSS,6,Gayatri Ramakrishnan
10.21105/joss.05983,JOSS,7,Sven A. van der Burg
10.21105/joss.05983,JOSS,8,Dario F. Marzella
10.21105/joss.05983,JOSS,9,João M. C. Teixeira
10.21105/joss.05983,JOSS,10,Li C. Xue
10.21105/joss.08032,JOSS,1,Juan M. Losada
10.21105/joss.08032,JOSS,2,Gregor Decristoforo
10.21105/joss.05195,JOSS,1,Johannes Hentschel
10.21105/joss.05195,JOSS,2,Martin Rohrmeier
10.21105/joss.08666,JOSS,1,Thomas Corpetti
10.21105/joss.08666,JOSS,2,Pierrick Matelot
10.21105/joss.08666,JOSS,3,Augustin de la Brosse
10.21105/joss.08666,JOSS,4,Candide Lissak
10.21105/joss.06297,JOSS,1,Jason Kaye
10.21105/joss.06297,JOSS,2,Hugo U. R. Strand
10.21105/joss.06297,JOSS,3,Nils Wentzell
10.21105/joss.04036,JOSS,1,Chung-hong Chan
10.21105/joss.06881,JOSS,1,Volkan Kumtepeli
10.21105/joss.06881,JOSS,2,Rebecca Perriment
10.21105/joss.06881,JOSS,3,David A. Howey
10.21105/joss.05779,JOSS,1,Sarah Narvaiz
10.21105/joss.05779,JOSS,2,Qinyun Lin
10.21105/joss.05779,JOSS,3,Joshua M. Rosenberg
10.21105/joss.05779,JOSS,4,Kenneth A. Frank
10.21105/joss.05779,JOSS,5,Spiro J. Maroulis
10.21105/joss.05779,JOSS,6,Wei Wang
10.21105/joss.05779,JOSS,7,Ran Xu
10.21105/joss.09631,JOSS,1,Yehor Mishchyriak
10.21105/joss.00859,JOSS,1,Evan Odell
10.21105/joss.02134,JOSS,1,Maximilian Rabe
10.21105/joss.02134,JOSS,2,Shravan Vasishth
10.21105/joss.02134,JOSS,3,Sven Hohenstein
10.21105/joss.02134,JOSS,4,Reinhold Kliegl
10.21105/joss.02134,JOSS,5,Daniel Schad
10.21105/joss.03039,JOSS,1,Robert Shaw
10.21105/joss.03039,JOSS,2,J. Hill
10.21105/joss.09685,JOSS,1,Alan Huang
10.21105/joss.09685,JOSS,2,Simon Birrer
10.21105/joss.09685,JOSS,3,Natalie B. Hogg
10.21105/joss.09685,JOSS,4,Aymeric Galan
10.21105/joss.09685,JOSS,5,Daniel Gilman
10.21105/joss.09685,JOSS,6,Anowar J. Shajib
10.21105/joss.09685,JOSS,7,Nan Zhang
10.21105/joss.04305,JOSS,1,Vipin Agrawal
10.21105/joss.04305,JOSS,2,Vikash Pandey
10.21105/joss.04305,JOSS,3,Hanna Kylhammar
10.21105/joss.04305,JOSS,4,Apurba Dev
10.21105/joss.04305,JOSS,5,Dhrubaditya Mitra
10.21105/joss.09889,JOSS,1,Osvaldo A Martin
10.21105/joss.09889,JOSS,2,Oriol Abril-Pla
10.21105/joss.09889,JOSS,3,Jordan Deklerk
10.21105/joss.09889,JOSS,4,Seth D. Axen
10.21105/joss.09889,JOSS,5,Colin Carroll
10.21105/joss.09889,JOSS,6,Ari Hartikainen
10.21105/joss.09889,JOSS,7,Aki Vehtari
10.21105/joss.05397,JOSS,1,Juliette Hayer
10.21105/joss.05397,JOSS,2,Jacques Dainat
10.21105/joss.05397,JOSS,3,Ella Marcy
10.21105/joss.05397,JOSS,4,Anne-Laure Bañuls
10.21105/joss.09531,JOSS,1,Brian Ward
10.21105/joss.09531,JOSS,2,Jeff Soules
10.21105/joss.09531,JOSS,3,Jeremy Magland
10.21105/joss.01956,JOSS,1,Ayush Kaushal
10.21105/joss.01956,JOSS,2,Lyndon White
10.21105/joss.01956,JOSS,3,Mike Innes
10.21105/joss.01956,JOSS,4,Rohit Kumar
10.21105/joss.01593,JOSS,1,Lars Børty
10.21105/joss.01593,JOSS,2,Rasmus Brøndum
10.21105/joss.01593,JOSS,3,Martin Bøgsted
10.21105/joss.04326,JOSS,1,Daniel E. Kaufman
10.21105/joss.04326,JOSS,2,Sha Feng
10.21105/joss.04326,JOSS,3,Katherine V. Calvin
10.21105/joss.04326,JOSS,4,Bryce E. Harrop
10.21105/joss.04326,JOSS,5,Susannah M. Burrows
10.21105/joss.03093,JOSS,1,Adrian Richter
10.21105/joss.03093,JOSS,2,Carsten Schmidt
10.21105/joss.03093,JOSS,3,Markus Krüger
10.21105/joss.03093,JOSS,4,Stephan Struckmann
10.21105/joss.06148,JOSS,1,Daiane I. Dolci
10.21105/joss.06148,JOSS,2,James R. Maddison
10.21105/joss.06148,JOSS,3,David A. Ham
10.21105/joss.06148,JOSS,4,Guillaume Pallez
10.21105/joss.06148,JOSS,5,Julien Herrmann
10.21105/joss.03711,JOSS,1,John Brennan
10.21105/joss.03711,JOSS,2,Lee O’Riordan
10.21105/joss.03711,JOSS,3,Kenneth Hanley
10.21105/joss.03711,JOSS,4,Myles Doyle
10.21105/joss.03711,JOSS,5,Momme Allalen
10.21105/joss.03711,JOSS,6,David Brayford
10.21105/joss.03711,JOSS,7,Luigi Iapichino
10.21105/joss.03711,JOSS,8,Niall Moran
10.21105/joss.06315,JOSS,1,Chung-You Shih
10.21105/joss.06315,JOSS,2,Jingwen Zhu
10.21105/joss.06315,JOSS,3,Rajibul Islam
10.21105/joss.09439,JOSS,1,Helen Kershaw
10.21105/joss.09439,JOSS,2,Marlee Smith
10.21105/joss.09439,JOSS,3,Isaac Arseneau
10.21105/joss.09439,JOSS,4,Lukas Kugler
10.21105/joss.08319,JOSS,1,Aaron L. Feller
10.21105/joss.08319,JOSS,2,Claus O. Wilke
10.21105/joss.08889,JOSS,1,Andrzej Białecki
10.21105/joss.08889,JOSS,2,Piotr Białecki
10.21105/joss.08889,JOSS,3,Piotr Sowiński
10.21105/joss.08889,JOSS,4,Mateusz Budziak
10.21105/joss.08889,JOSS,5,Jan Gajewski
10.21105/joss.00774,JOSS,1,Kenneth Benoit
10.21105/joss.00774,JOSS,2,Kohei Watanabe
10.21105/joss.00774,JOSS,3,Haiyan Wang
10.21105/joss.00774,JOSS,4,Paul Nulty
10.21105/joss.00774,JOSS,5,Adam Obeng
10.21105/joss.00774,JOSS,6,Stefan Müller
10.21105/joss.00774,JOSS,7,Akitaka Matsuo
10.21105/joss.06340,JOSS,1,Kieran B. Spooner
10.21105/joss.06340,JOSS,2,Maud Einhorn
10.21105/joss.06340,JOSS,3,Daniel W. Davies
10.21105/joss.06340,JOSS,4,David O. Scanlon
10.21105/joss.05702,JOSS,1,Stefan T. Radev
10.21105/joss.05702,JOSS,2,Marvin Schmitt
10.21105/joss.05702,JOSS,3,Lukas Schumacher
10.21105/joss.05702,JOSS,4,Lasse Elsemüller
10.21105/joss.05702,JOSS,5,Valentin Pratz
10.21105/joss.05702,JOSS,6,Yannik Schälte
10.21105/joss.05702,JOSS,7,Ullrich Köthe
10.21105/joss.05702,JOSS,8,Paul-Christian Bürkner
10.21105/joss.07916,JOSS,1,Adam B. Rohrlach
10.21105/joss.07916,JOSS,2,Jonathan Tuke
10.21105/joss.07916,JOSS,3,Divya Ratan Popli
10.21105/joss.07916,JOSS,4,Wolfgang Haak
10.21105/joss.03919,JOSS,1,Arundale Ramanathan
10.21105/joss.00828,JOSS,1,Philip D. Waggoner
10.21105/joss.09628,JOSS,1,Van D. Tran
10.21105/joss.09628,JOSS,2,Brandon Lee
10.21105/joss.09628,JOSS,3,Ritika Lamba
10.21105/joss.09628,JOSS,4,Henry Dirks
10.21105/joss.09628,JOSS,5,Quynh D. Tran
10.21105/joss.09628,JOSS,6,Balashanmuga Priyan Rajamohan
10.21105/joss.09628,JOSS,7,Ozan Dernek
10.21105/joss.09628,JOSS,8,Laura S. Bruckman
10.21105/joss.09628,JOSS,9,Yinghui Wu
10.21105/joss.09628,JOSS,10,Erika I. Barcelos
10.21105/joss.09628,JOSS,11,Roger H. French
10.21105/joss.04299,JOSS,1,Benjamin W. L. Margolis
10.21105/joss.04299,JOSS,2,Kenneth R. Lyons
10.21105/joss.06369,JOSS,1,Llibert Aresté Saló
10.21105/joss.06369,JOSS,2,Sam E. Brady
10.21105/joss.06369,JOSS,3,Katy Clough
10.21105/joss.06369,JOSS,4,Daniela Doneva
10.21105/joss.06369,JOSS,5,Tamara Evstafyeva
10.21105/joss.06369,JOSS,6,Pau Figueras
10.21105/joss.06369,JOSS,7,Tiago França
10.21105/joss.06369,JOSS,8,Lorenzo Rossi
10.21105/joss.06369,JOSS,9,Shunhui Yao
10.21105/joss.02158,JOSS,1,David Zwicker
10.21105/joss.04637,JOSS,1,Lluís Jofre
10.21105/joss.04637,JOSS,2,Ahmed Abdellatif
10.21105/joss.04637,JOSS,3,Guillermo Oyarzun
10.21105/joss.02174,JOSS,1,Nicolas Hug
10.21105/joss.02349,JOSS,1,Matthew Murbach
10.21105/joss.02349,JOSS,2,Brian Gerwe
10.21105/joss.02349,JOSS,3,Neal Dawson-Elli
10.21105/joss.02349,JOSS,4,Lok-kun Tsui
10.21105/joss.01026,JOSS,1,Raphael Vallat
10.21105/joss.00819,JOSS,1,Johnnie Gray
10.21105/joss.04098,JOSS,1,Conor Heins
10.21105/joss.04098,JOSS,2,Beren Millidge
10.21105/joss.04098,JOSS,3,Daphne Demekas
10.21105/joss.04098,JOSS,4,Brennan Klein
10.21105/joss.04098,JOSS,5,Karl Friston
10.21105/joss.04098,JOSS,6,Iain D. Couzin
10.21105/joss.04098,JOSS,7,Alexander Tschantz
10.21105/joss.00255,JOSS,1,John P Didion
10.21105/joss.00691,JOSS,1,Boaz Blankrot
10.21105/joss.00691,JOSS,2,Clemens Heitzinger
10.21105/joss.07734,JOSS,1,Adam Wysokiński
10.21105/joss.04868,JOSS,1,Félix Olart
10.21105/joss.04868,JOSS,2,Thibault Oudart
10.21105/joss.04868,JOSS,3,Olivier Bertrand
10.21105/joss.04868,JOSS,4,Mehdi-Pierre Daou
10.21105/joss.07018,JOSS,1,Theresa Pollinger
10.21105/joss.07018,JOSS,2,Marcel Hurler
10.21105/joss.07018,JOSS,3,Alexander Van Craen
10.21105/joss.07018,JOSS,4,Michael Obersteiner
10.21105/joss.07018,JOSS,5,Dirk Pflüger
10.21105/joss.07434,JOSS,1,Elmongi Elbellili
10.21105/joss.07434,JOSS,2,Daan Huybrechs
10.21105/joss.07434,JOSS,3,Ben Lauwens
10.21105/joss.02548,JOSS,1,Asmus Skar
10.21105/joss.02548,JOSS,2,Sebastian Andersen
10.21105/joss.07178,JOSS,1,John M. Volk
10.21105/joss.07178,JOSS,2,Christian Dunkerly
10.21105/joss.07178,JOSS,3,Christopher Pearson
10.21105/joss.07178,JOSS,4,Charles G. Morton
10.21105/joss.07178,JOSS,5,Justin L. Huntington
10.21105/joss.01342,JOSS,1,Kristian Gjerde
10.21105/joss.07031,JOSS,1,Chris Proctor
10.21105/joss.04674,JOSS,1,Dominique G. Maucieri
10.21105/joss.04863,JOSS,1,Thomas Hilder
10.21105/joss.04863,JOSS,2,Daniele Fasano
10.21105/joss.04863,JOSS,3,Francesco Bollati
10.21105/joss.04863,JOSS,4,Jacob Vandenberg
10.21105/joss.05291,JOSS,1,Marc Schouler
10.21105/joss.05291,JOSS,2,Robert Alexander Caulk
10.21105/joss.05291,JOSS,3,Lucas Meyer
10.21105/joss.05291,JOSS,4,Théophile Terraz
10.21105/joss.05291,JOSS,5,Christoph Conrads
10.21105/joss.05291,JOSS,6,Sebastian Friedemann
10.21105/joss.05291,JOSS,7,Achal Agarwal
10.21105/joss.05291,JOSS,8,Juan Manuel Baldonado
10.21105/joss.05291,JOSS,9,Bartłomiej Pogodziński
10.21105/joss.05291,JOSS,10,Anna Sekuła
10.21105/joss.05291,JOSS,11,Alejandro Ribes
10.21105/joss.05291,JOSS,12,Bruno Raffin
10.21105/joss.06093,JOSS,1,Lauren D. Liao
10.21105/joss.06093,JOSS,2,Samuel D. Pimentel
10.21105/joss.05777,JOSS,1,Aaron Tin Long Lun
10.21105/joss.05777,JOSS,2,Jayaram Kancherla
10.21105/joss.05972,JOSS,1,Michael J. Carley
10.21105/joss.06461,JOSS,1,Leonardo Egidi
10.21105/joss.06461,JOSS,2,Roberta Pappada
10.21105/joss.06461,JOSS,3,Francesco Pauli
10.21105/joss.06461,JOSS,4,Nicola Torelli
10.21105/joss.08199,JOSS,1,Alexander V. Mantzaris
10.21105/joss.01508,JOSS,1,Maciej Dańko
10.21105/joss.03893,JOSS,1,Jeffrey Stevens
10.21105/joss.09128,JOSS,1,Ahmad Amirivojdan
10.21105/joss.06648,JOSS,1,Metin San
10.21105/joss.00424,JOSS,1,Andrew C. Heusser
10.21105/joss.00424,JOSS,2,Paxton C. Fitzpatrick
10.21105/joss.00424,JOSS,3,Campbell E. Field
10.21105/joss.00424,JOSS,4,Kirsten Ziman
10.21105/joss.00424,JOSS,5,Jeremy R. Manning
10.21105/joss.09239,JOSS,1,Adam R. Jensen
10.21105/joss.09239,JOSS,2,Ioannis Sifnaios
10.21105/joss.09239,JOSS,3,Kevin S. Anderson
10.21105/joss.09239,JOSS,4,Echedey Luis
10.21105/joss.09144,JOSS,1,Sofian Audry
10.21105/joss.09144,JOSS,2,Thomas Ouellet Fredericks
10.21105/joss.02791,JOSS,1,Tobias Olsson
10.21105/joss.02791,JOSS,2,Morgan Ericsson
10.21105/joss.02791,JOSS,3,Anna Wingkvist
10.21105/joss.01576,JOSS,1,Sil C. van de Leemput
10.21105/joss.01576,JOSS,2,Jonas Teuwen
10.21105/joss.01576,JOSS,3,Bram van Ginneken
10.21105/joss.01576,JOSS,4,Rashindra Manniesing
10.21105/joss.08300,JOSS,1,Benjamin M. Kent
10.21105/joss.07300,JOSS,1,Tobias Bode
10.21105/joss.07947,JOSS,1,Steven Dahdah
10.21105/joss.07947,JOSS,2,James Richard Forbes
10.21105/joss.00034,JOSS,1,Robert T. McGibbon
10.21105/joss.00034,JOSS,2,Carlos X. Hernández
10.21105/joss.00034,JOSS,3,Matthew P. Harrigan
10.21105/joss.00034,JOSS,4,Steven Kearnes
10.21105/joss.00034,JOSS,5,Mohammad M. Sultan
10.21105/joss.00034,JOSS,6,Stanislaw Jastrzebski
10.21105/joss.00034,JOSS,7,Brooke E. Husic
10.21105/joss.00034,JOSS,8,Vijay S. Pande
10.21105/joss.08691,JOSS,1,Bryce Irving
10.21105/joss.08691,JOSS,2,Guilherme P. Castelao
10.21105/joss.08691,JOSS,3,Colin Beyers
10.21105/joss.08691,JOSS,4,James Clemson
10.21105/joss.08691,JOSS,5,Jackson Krieger
10.21105/joss.08691,JOSS,6,Gwendal Marechal
10.21105/joss.08691,JOSS,7,Nicholas Pizzo
10.21105/joss.08691,JOSS,8,Bia Villas Bôas
10.21105/joss.01404,JOSS,1,Øystein Sørensen
10.21105/joss.02585,JOSS,1,Jayaram Hariharan
10.21105/joss.02585,JOSS,2,Kyle Wright
10.21105/joss.02585,JOSS,3,Paola Passalacqua
10.21105/joss.06338,JOSS,1,Hongyang Cheng
10.21105/joss.06338,JOSS,2,Luisa Orozco
10.21105/joss.06338,JOSS,3,Retief Lubbe
10.21105/joss.06338,JOSS,4,Aron Jansen
10.21105/joss.06338,JOSS,5,Philipp Hartmann
10.21105/joss.06338,JOSS,6,Klaus Thoeni
10.21105/joss.02307,JOSS,1,Michael Heiber
10.21105/joss.02872,JOSS,1,Gabriel Dansereau
10.21105/joss.02872,JOSS,2,Timothée Poisot
10.21105/joss.03820,JOSS,1,Jon Sampedro
10.21105/joss.03820,JOSS,2,Zarrar Khan
10.21105/joss.03820,JOSS,3,Chris Vernon
10.21105/joss.03820,JOSS,4,Steven Smith
10.21105/joss.03820,JOSS,5,Stephanie Waldhoff
10.21105/joss.03820,JOSS,6,Rita Van Dingenen
10.21105/joss.01312,JOSS,1,Matthew Lau
10.21105/joss.01312,JOSS,2,Thomas F. J.-M. Pasquier
10.21105/joss.01312,JOSS,3,Margo Seltzer
10.21105/joss.07708,JOSS,1,J. Eduardo Vera-Valdés
10.21105/joss.03950,JOSS,1,David E. Graff
10.21105/joss.03950,JOSS,2,Connor W. Coley
10.21105/joss.05868,JOSS,1,Patrick Quéméré
10.21105/joss.06464,JOSS,1,Jan Swierczek-Jereczek
10.21105/joss.06464,JOSS,2,George Datseris
10.21105/joss.05575,JOSS,1,Nikita Beliy
10.21105/joss.05575,JOSS,2,Camille Guillemin
10.21105/joss.05575,JOSS,3,Emeline Pommier
10.21105/joss.05575,JOSS,4,Grégory Hammad
10.21105/joss.05575,JOSS,5,Christophe Phillips
10.21105/joss.05375,JOSS,1,Brendan Whelan
10.21105/joss.05375,JOSS,2,Leo Esnault
10.21105/joss.01279,JOSS,1,Nelson Roque
10.21105/joss.01279,JOSS,2,Nilam Ram
10.21105/joss.06474,JOSS,1,Mike Sportiello
10.21105/joss.06474,JOSS,2,David J. Topham
10.21105/joss.07946,JOSS,1,Zhaiyu Chen
10.21105/joss.03956,JOSS,1,Enrico Ferrea
10.21105/joss.03956,JOSS,2,Pierre Morel
10.21105/joss.03956,JOSS,3,Alexander Gail
10.21105/joss.05669,JOSS,1,Jago Strong-Wright
10.21105/joss.05669,JOSS,2,Si Chen
10.21105/joss.05669,JOSS,3,Navid C Constantinou
10.21105/joss.05669,JOSS,4,Simone Silvestri
10.21105/joss.05669,JOSS,5,Gregory LeClaire Wagner
10.21105/joss.05669,JOSS,6,John R Taylor
10.21105/joss.04014,JOSS,1,Joshua S. Tse
10.21105/joss.04014,JOSS,2,Marco Molinari
10.21105/joss.04014,JOSS,3,Stephen C. Parker
10.21105/joss.04014,JOSS,4,Adam R. Symington
10.21105/joss.04611,JOSS,1,Jeroen G. S. Overschie
10.21105/joss.04611,JOSS,2,Ahmad Alsahaf
10.21105/joss.04611,JOSS,3,George Azzopardi
10.21105/joss.08537,JOSS,1,Pacharadech Wacharanan
10.21105/joss.08537,JOSS,2,Xuanting Hao
10.21105/joss.08037,JOSS,1,Varchas Gopalaswamy
10.21105/joss.08037,JOSS,2,Ethan Mentzer
10.21105/joss.05099,JOSS,1,Christopher Teubert
10.21105/joss.05099,JOSS,2,Katelyn Jarvis
10.21105/joss.05099,JOSS,3,Matteo Corbetta
10.21105/joss.05099,JOSS,4,Chetan Kulkarni
10.21105/joss.05099,JOSS,5,Matthew Daigle
10.21105/joss.02166,JOSS,1,Harshvardhan Gazula
10.21105/joss.02166,JOSS,2,Ross Kelly
10.21105/joss.02166,JOSS,3,Javier Romero
10.21105/joss.02166,JOSS,4,Eric Verner
10.21105/joss.02166,JOSS,5,Bradley Baker
10.21105/joss.02166,JOSS,6,Rogers Silva
10.21105/joss.02166,JOSS,7,Hafiz Imtiaz
10.21105/joss.02166,JOSS,8,Debbrata Saha
10.21105/joss.02166,JOSS,9,Rajikha Raja
10.21105/joss.02166,JOSS,10,Jessica Turner
10.21105/joss.02166,JOSS,11,Anand Sarwate
10.21105/joss.02166,JOSS,12,Sergey Plis
10.21105/joss.02166,JOSS,13,Vince Calhoun
10.21105/joss.07509,JOSS,1,Constantin Lionel
10.21105/joss.07509,JOSS,2,Brunner Dominik
10.21105/joss.07509,JOSS,3,Thanwerdas Joel
10.21105/joss.07509,JOSS,4,Keller Corina
10.21105/joss.07509,JOSS,5,Steiner Michael
10.21105/joss.07509,JOSS,6,Koene Erik
10.21105/joss.10380,JOSS,1,Sofiia Chorna
10.21105/joss.10380,JOSS,2,Jakub Lála
10.21105/joss.10380,JOSS,3,Qianjun Xu
10.21105/joss.10380,JOSS,4,Rose K. Cersonsky
10.21105/joss.10380,JOSS,5,Guillaume Fraux
10.21105/joss.10380,JOSS,6,Michele Ceriotti
10.21105/joss.03625,JOSS,1,Markus Fleschutz
10.21105/joss.03625,JOSS,2,Michael Murphy
10.21105/joss.02049,JOSS,1,Sander van Rijn
10.21105/joss.02049,JOSS,2,Sebastian Schmitt
10.21105/joss.01614,JOSS,1,Kolja Glogowski
10.21105/joss.01614,JOSS,2,Monica Bobra
10.21105/joss.01614,JOSS,3,Nitin Choudhary
10.21105/joss.01614,JOSS,4,Arthur Amezcua
10.21105/joss.01614,JOSS,5,Stuart Mumford
10.21105/joss.04677,JOSS,1,Håkon Kaspersen
10.21105/joss.04677,JOSS,2,Eve Zeyl Fiskebeck
10.21105/joss.05545,JOSS,1,Yoli Meydan
10.21105/joss.05545,JOSS,2,Federico Baldini
10.21105/joss.05545,JOSS,3,Tal Korem
10.21105/joss.06896,JOSS,1,Fabia Miorelli
10.21105/joss.06896,JOSS,2,Niklas Wulff
10.21105/joss.06896,JOSS,3,Benjamin Fuchs
10.21105/joss.06896,JOSS,4,Hans Christian Gils
10.21105/joss.06896,JOSS,5,Patrick Jochem
10.21105/joss.08369,JOSS,1,Benjamin Z. Rudski
10.21105/joss.08369,JOSS,2,Joseph Deering
10.21105/joss.08369,JOSS,3,Natalie Reznikov
10.21105/joss.05059,JOSS,1,Simon Filhol
10.21105/joss.05059,JOSS,2,Joel Fiddes
10.21105/joss.05059,JOSS,3,Kristoffer Aalstad
10.21105/joss.04101,JOSS,1,Nicki Detlefsen
10.21105/joss.04101,JOSS,2,Jiri Borovec
10.21105/joss.04101,JOSS,3,Justus Schock
10.21105/joss.04101,JOSS,4,Ananya Jha
10.21105/joss.04101,JOSS,5,Teddy Koker
10.21105/joss.04101,JOSS,6,Luca Di Liello
10.21105/joss.04101,JOSS,7,Daniel Stancl
10.21105/joss.04101,JOSS,8,Changsheng Quan
10.21105/joss.04101,JOSS,9,Maxim Grechkin
10.21105/joss.04101,JOSS,10,William Falcon
10.21105/joss.03860,JOSS,1,Andre Weiner
10.21105/joss.03860,JOSS,2,Richard Semaan
10.21105/joss.02671,JOSS,1,Florian Knoop
10.21105/joss.02671,JOSS,2,Thomas Purcell
10.21105/joss.02671,JOSS,3,Matthias Scheffler
10.21105/joss.02671,JOSS,4,Christian Carbogno
10.21105/joss.07773,JOSS,1,Gerd Specht
10.21105/joss.07773,JOSS,2,Clemens Schmid
10.21105/joss.07773,JOSS,3,Denise Kühnert
10.21105/joss.07773,JOSS,4,Arthur Kocher
10.21105/joss.00900,JOSS,1,R. Hadian
10.21105/joss.00900,JOSS,2,B. Grabowski
10.21105/joss.00900,JOSS,3,J. Neugebauer
10.21105/joss.02394,JOSS,1,Ottavia Epifania
10.21105/joss.02394,JOSS,2,Pasquale Anselmi
10.21105/joss.02394,JOSS,3,Egidio Robusto
10.21105/joss.01662,JOSS,1,Paul-Christian Bürkner
10.21105/joss.07777,JOSS,1,Adrian Navas-Montilla
10.21105/joss.07777,JOSS,2,Isabel Echeverribar
10.21105/joss.01601,JOSS,1,Nick Golding
10.21105/joss.04594,JOSS,1,Jeffrey O. Hanson
10.21105/joss.02276,JOSS,1,Kevin Shook
10.21105/joss.02276,JOSS,2,Raymond Spiteri
10.21105/joss.02276,JOSS,3,John Pomeroy
10.21105/joss.02276,JOSS,4,Tonghe Liu
10.21105/joss.02276,JOSS,5,Oluwaseun Sharomi
10.21105/joss.06500,JOSS,1,Florencia D’Andrea
10.21105/joss.06500,JOSS,2,Pilar Fernandez
10.21105/joss.07068,JOSS,1,Gerhard Bräunlich
10.21105/joss.07068,JOSS,2,Shashank Saxena
10.21105/joss.07068,JOSS,3,Manuel Weberndorfer
10.21105/joss.07068,JOSS,4,Miguel Spinola
10.21105/joss.07068,JOSS,5,Prateek Gupta
10.21105/joss.07068,JOSS,6,Dennis M. Kochmann
10.21105/joss.00527,JOSS,1,Niklas Terhoeven
10.21105/joss.00527,JOSS,2,Jörg Schultz
10.21105/joss.00527,JOSS,3,Thomas Hackl
10.21105/joss.02575,JOSS,1,Lukas Hörtnagl
10.21105/joss.02604,JOSS,1,Eugene Huang
10.21105/joss.02604,JOSS,2,Adam Skoufis
10.21105/joss.02604,JOSS,3,Terence Denning
10.21105/joss.02604,JOSS,4,Jianzhong Qi
10.21105/joss.02604,JOSS,5,Raymond Dagastine
10.21105/joss.02604,JOSS,6,Rico Tabor
10.21105/joss.02604,JOSS,7,Joseph Berry
10.21105/joss.02094,JOSS,1,Dorian Depriester
10.21105/joss.02094,JOSS,2,Régis Kubler
10.21105/joss.06292,JOSS,1,Étienne Lac
10.21105/joss.06292,JOSS,2,Guy De Spiegeleer
10.21105/joss.06292,JOSS,3,Adrien Delsalle
10.21105/joss.06292,JOSS,4,Frédéric Collonval
10.21105/joss.06292,JOSS,5,Duc-Trung Lê
10.21105/joss.06292,JOSS,6,Mathias Malandain
10.21105/joss.00062,JOSS,1,Guillermo Hernández
10.21105/joss.00062,JOSS,2,Francisco Fernández
10.21105/joss.02862,JOSS,1,Gianmarco Mengaldo
10.21105/joss.02862,JOSS,2,Romit Maulik
10.21105/joss.01635,JOSS,1,Marek Borowiec
10.21105/joss.00470,JOSS,1,Dominique Makowski
10.21105/joss.01108,JOSS,1,Morten Lund
10.21105/joss.01108,JOSS,2,John Rasmussen
10.21105/joss.01108,JOSS,3,Michael Andersen
10.21105/joss.00948,JOSS,1,Christian Mendl
10.21105/joss.07870,JOSS,1,Thomas Kerwin
10.21105/joss.04158,JOSS,1,Bardhyl Miftari
10.21105/joss.04158,JOSS,2,Mathias Berger
10.21105/joss.04158,JOSS,3,Hatim Djelassi
10.21105/joss.04158,JOSS,4,Damien Ernst
10.21105/joss.04862,JOSS,1,Jesse D. Smith
10.21105/joss.04862,JOSS,2,Marcus L. Young
10.21105/joss.06003,JOSS,1,Geert Raaijmakers
10.21105/joss.06003,JOSS,2,Nathan Rutherford
10.21105/joss.06003,JOSS,3,Patrick Timmerman
10.21105/joss.06003,JOSS,4,Tuomo Salmi
10.21105/joss.06003,JOSS,5,Anna L. Watts
10.21105/joss.06003,JOSS,6,Chanda Prescod-Weinstein
10.21105/joss.06003,JOSS,7,Isak Svensson
10.21105/joss.06003,JOSS,8,Melissa Mendes
10.21105/joss.04861,JOSS,1,Zi Hao Liu
10.21105/joss.04861,JOSS,2,Oufan Zhang
10.21105/joss.04861,JOSS,3,João M. C. Teixeira
10.21105/joss.04861,JOSS,4,Jie Li
10.21105/joss.04861,JOSS,5,Teresa Head-Gordon
10.21105/joss.04861,JOSS,6,Julie D. Forman-Kay
10.21105/joss.02338,JOSS,1,Francesco Biscani
10.21105/joss.02338,JOSS,2,Dario Izzo
10.21105/joss.04739,JOSS,1,Ayoub Malek
10.21105/joss.03284,JOSS,1,Marc Schönwiesner
10.21105/joss.03284,JOSS,2,Ole Bialas
10.21105/joss.07157,JOSS,1,Robert M. Cook
10.21105/joss.07157,JOSS,2,Md Asaduzzaman
10.21105/joss.07157,JOSS,3,Sarahjane Jones
10.21105/joss.00797,JOSS,1,Lucy D. Whalley
10.21105/joss.09795,JOSS,1,Hernan Picatto
10.21105/joss.09795,JOSS,2,Maximilian Heß
10.21105/joss.09795,JOSS,3,Georg Heiler
10.21105/joss.09795,JOSS,4,Martin Pfister
10.21105/joss.02576,JOSS,1,Jessica Nash
10.21105/joss.02576,JOSS,2,Taylor Barnes
10.21105/joss.02576,JOSS,3,Valerie Welborn
10.21105/joss.05335,JOSS,1,Robert Marskar
10.21105/joss.04206,JOSS,1,Nathan Green
10.21105/joss.04206,JOSS,2,Anna Heath
10.21105/joss.04206,JOSS,3,Gianluca Baio
10.21105/joss.02696,JOSS,1,Derrick Chambers
10.21105/joss.02696,JOSS,2,M. Boltz
10.21105/joss.02696,JOSS,3,Calum Chamberlain
10.21105/joss.08844,JOSS,1,Charles Tapley Hoyt
10.21105/joss.02407,JOSS,1,Guangzhi Xu
10.21105/joss.02407,JOSS,2,Xiaohui Ma
10.21105/joss.02407,JOSS,3,Ping Chang
10.21105/joss.05563,JOSS,1,David J. Schodt
10.21105/joss.05563,JOSS,2,Michael J. Wester
10.21105/joss.05563,JOSS,3,Mohamadreza Fazel
10.21105/joss.05563,JOSS,4,Sajjad Khan
10.21105/joss.05563,JOSS,5,Hanieh Mazloom-Farsibaf
10.21105/joss.05563,JOSS,6,Sandeep Pallikkuth
10.21105/joss.05563,JOSS,7,Marjolein B. M. Meddens
10.21105/joss.05563,JOSS,8,Farzin Farzam
10.21105/joss.05563,JOSS,9,Eric A. Burns
10.21105/joss.05563,JOSS,10,William K. Kanagy
10.21105/joss.05563,JOSS,11,Derek A. Rinaldi
10.21105/joss.05563,JOSS,12,Elton Jhamba
10.21105/joss.05563,JOSS,13,Sheng Liu
10.21105/joss.05563,JOSS,14,Peter K. Relich
10.21105/joss.05563,JOSS,15,Mark J. Olah
10.21105/joss.05563,JOSS,16,Stanly L. Steinberg
10.21105/joss.05563,JOSS,17,Keith A. Lidke
10.21105/joss.06899,JOSS,1,Vincent Auriau
10.21105/joss.06899,JOSS,2,Ali Aouad
10.21105/joss.06899,JOSS,3,Antoine Désir
10.21105/joss.06899,JOSS,4,Emmanuel Malherbe
10.21105/joss.06440,JOSS,1,Margaux Mouchene
10.21105/joss.06440,JOSS,2,Renaud Blanch
10.21105/joss.06440,JOSS,3,Erwan Pathier
10.21105/joss.06440,JOSS,4,Romain Montel
10.21105/joss.06440,JOSS,5,Franck Thollard
10.21105/joss.04211,JOSS,1,Urban Fasel
10.21105/joss.04211,JOSS,2,Nicola Fonzi
10.21105/joss.04211,JOSS,3,Andrea Iannelli
10.21105/joss.04211,JOSS,4,Steven L. Brunton
10.21105/joss.01592,JOSS,1,Ole Eidheim
10.21105/joss.06336,JOSS,1,Katja Heuer
10.21105/joss.06336,JOSS,2,Nicolas Traut
10.21105/joss.06336,JOSS,3,Roberto Toro
10.21105/joss.05649,JOSS,1,Akash Dhruv
10.21105/joss.03125,JOSS,1,Tristan Konolige
10.21105/joss.04397,JOSS,1,Richard Brearton
10.21105/joss.04397,JOSS,2,Andrew McCluskey
10.21105/joss.04397,JOSS,3,Tim Snow
10.21105/joss.04418,JOSS,1,Denis Brizard
10.21105/joss.05266,JOSS,1,Juan Manuel Coria
10.21105/joss.05266,JOSS,2,Hervé Bredin
10.21105/joss.05266,JOSS,3,Sahar Ghannay
10.21105/joss.05266,JOSS,4,Sophie Rosset
10.21105/joss.05266,JOSS,5,Khaled Zaouk
10.21105/joss.05266,JOSS,6,Ingo Fruend
10.21105/joss.05266,JOSS,7,Bertrand Higy
10.21105/joss.05266,JOSS,8,Amit Kesari
10.21105/joss.05266,JOSS,9,Yagna Thakkar
10.21105/joss.06671,JOSS,1,Menno R. T. Fraters
10.21105/joss.06671,JOSS,2,Magali I. Billen
10.21105/joss.06671,JOSS,3,Rene Gassmöller
10.21105/joss.06671,JOSS,4,Arushi Saxena
10.21105/joss.06671,JOSS,5,Timo Heister
10.21105/joss.06671,JOSS,6,Haoyuan Li
10.21105/joss.06671,JOSS,7,Daniel Douglas
10.21105/joss.06671,JOSS,8,Juliane Dannberg
10.21105/joss.06671,JOSS,9,Wolfgang Bangerth
10.21105/joss.06671,JOSS,10,Yijun Wang
10.21105/joss.00541,JOSS,1,Sébastien Boisgérault
10.21105/joss.03097,JOSS,1,Benjamin Maier
10.21105/joss.03095,JOSS,1,Shih-Yun Tang
10.21105/joss.03095,JOSS,2,Asa Stahl
10.21105/joss.03095,JOSS,3,Christopher Johns-Krull
10.21105/joss.03095,JOSS,4,L. Prato
10.21105/joss.03095,JOSS,5,Joe Llama
10.21105/joss.07952,JOSS,1,Manuel F. Schmid
10.21105/joss.07952,JOSS,2,Jeffrey D. Massey
10.21105/joss.07952,JOSS,3,Marco G. Giometto
10.21105/joss.06277,JOSS,1,Richard Hanna
10.21105/joss.06277,JOSS,2,Ezra Porter
10.21105/joss.06277,JOSS,3,Stephany Romero
10.21105/joss.06277,JOSS,4,Paul Wildenhain
10.21105/joss.06277,JOSS,5,William Beasley
10.21105/joss.06277,JOSS,6,Stephan Kadauke
10.21105/joss.09002,JOSS,1,Lorenzo Moriondo
10.21105/joss.06021,JOSS,1,Brendan Collins
10.21105/joss.06021,JOSS,2,Ryan Beams
10.21105/joss.06021,JOSS,3,Miguel Lago
10.21105/joss.07400,JOSS,1,Tom Wagg
10.21105/joss.07400,JOSS,2,Katelyn Breivik
10.21105/joss.07400,JOSS,3,Mathieu Renzo
10.21105/joss.07400,JOSS,4,Adrian M. Price-Whelan
10.21105/joss.02762,JOSS,1,Richèl Bilderbeek
10.21105/joss.02535,JOSS,1,Aaron Cochrane
10.21105/joss.08785,JOSS,1,Damian Rouson
10.21105/joss.08785,JOSS,2,Dan Bonachea
10.21105/joss.08785,JOSS,3,Brad Richardson
10.21105/joss.08785,JOSS,4,Jordan A. Welsman
10.21105/joss.08785,JOSS,5,Jeremiah Bailey
10.21105/joss.08785,JOSS,6,Ethan D Gutmann
10.21105/joss.08785,JOSS,7,David Torres
10.21105/joss.08785,JOSS,8,Katherine Rasmussen
10.21105/joss.08785,JOSS,9,Baboucarr Dibba
10.21105/joss.08785,JOSS,10,Yunhao Zhang
10.21105/joss.08785,JOSS,11,Kareem Weaver
10.21105/joss.08785,JOSS,12,Zhe Bai
10.21105/joss.08785,JOSS,13,Tan Nguyen
10.21105/joss.08130,JOSS,1,Stefan Kopecz
10.21105/joss.08130,JOSS,2,Joshua Lampert
10.21105/joss.08130,JOSS,3,Hendrik Ranocha
10.21105/joss.07625,JOSS,1,Sebastián José Herrera Monterrosa
10.21105/joss.07625,JOSS,2,Carlos Andrés Masmela Pinilla
10.21105/joss.03497,JOSS,1,James Hester
10.21105/joss.03497,JOSS,2,Erez Shinan
10.21105/joss.07578,JOSS,1,Truls Flatberg
10.21105/joss.07578,JOSS,2,Julian Straus
10.21105/joss.07578,JOSS,3,Lars Hellemo
10.21105/joss.00966,JOSS,1,David Sousa
10.21105/joss.00966,JOSS,2,Hugo Ferreira
10.21105/joss.03756,JOSS,1,Max Franz
10.21105/joss.03756,JOSS,2,Jeffrey Wong
10.21105/joss.03756,JOSS,3,Metin Siper
10.21105/joss.03756,JOSS,4,Christian Dallago
10.21105/joss.03756,JOSS,5,John Giorgi
10.21105/joss.03756,JOSS,6,Emek Demir
10.21105/joss.03756,JOSS,7,Chris Sander
10.21105/joss.03756,JOSS,8,Gary Bader
10.21105/joss.01327,JOSS,1,Wojciech Nawalaniec
10.21105/joss.01485,JOSS,1,Martin Khannouz
10.21105/joss.01485,JOSS,2,Bo Li
10.21105/joss.01485,JOSS,3,Tristan Glatard
10.21105/joss.01764,JOSS,1,Ottavia Epifania
10.21105/joss.01764,JOSS,2,Pasquale Anselmi
10.21105/joss.01764,JOSS,3,Egidio Robusto
10.21105/joss.02946,JOSS,1,Marcus Dansarie
10.21105/joss.01820,JOSS,1,Kai Wenger
10.21105/joss.01820,JOSS,2,Janis Becker
10.21105/joss.06504,JOSS,1,Alexander Barth
10.21105/joss.05580,JOSS,1,Justin G. Laughlin
10.21105/joss.05580,JOSS,2,Jørgen S. Dokken
10.21105/joss.05580,JOSS,3,Henrik N. T. Finsberg
10.21105/joss.05580,JOSS,4,Emmet A. Francis
10.21105/joss.05580,JOSS,5,Christopher T. Lee
10.21105/joss.05580,JOSS,6,Marie E. Rognes
10.21105/joss.05580,JOSS,7,Padmini Rangamani
10.21105/joss.02637,JOSS,1,Tanguy Lunel
10.21105/joss.02637,JOSS,2,Daniel Rousse
10.21105/joss.06897,JOSS,1,Andrés A León Baldelli
10.21105/joss.06897,JOSS,2,Pierluigi Cesana
10.21105/joss.08128,JOSS,1,Tom Aubier
10.21105/joss.08128,JOSS,2,Ivan M. Suarez-Castellanos
10.21105/joss.08128,JOSS,3,W. Apoutou N’Djin
10.21105/joss.06983,JOSS,1,Arne Böckmann
10.21105/joss.06983,JOSS,2,Janosch Machowinski
10.21105/joss.06983,JOSS,3,Muhammad Haider Khan Lodhi
10.21105/joss.05289,JOSS,1,Semidán Robaina-Estévez
10.21105/joss.05289,JOSS,2,José M. González
10.21105/joss.02122,JOSS,1,Samuel Hinton
10.21105/joss.02122,JOSS,2,Dillon Brout
10.21105/joss.07398,JOSS,1,Günter Kanisch
10.21105/joss.07398,JOSS,2,Florian Ober
10.21105/joss.07398,JOSS,3,Marc-Oliver Aust
10.21105/joss.00501,JOSS,1,William D McGinnis
10.21105/joss.00501,JOSS,2,Chapman Siu
10.21105/joss.00501,JOSS,3,Andre S
10.21105/joss.00501,JOSS,4,Hanyu Huang
10.21105/joss.01884,JOSS,1,Daniel Mentiplay
10.21105/joss.07618,JOSS,1,Longxuan Fan
10.21105/joss.07618,JOSS,2,Joseph L. Hellerstein
10.21105/joss.07618,JOSS,3,Herbert M. Sauro
10.21105/joss.02765,JOSS,1,Gustave Coste
10.21105/joss.02765,JOSS,2,Yannick Biard
10.21105/joss.02765,JOSS,3,Philippe Roux
10.21105/joss.02765,JOSS,4,Arnaud Hélias
10.21105/joss.06747,JOSS,1,L. W. Raming
10.21105/joss.06747,JOSS,2,E. R. Vivoni
10.21105/joss.06747,JOSS,3,G. Mascaro
10.21105/joss.06747,JOSS,4,C. J. Cederstrom
10.21105/joss.06747,JOSS,5,A. Ko
10.21105/joss.06747,JOSS,6,A. P. Schreiner-McGraw
10.21105/joss.06747,JOSS,7,C. Lizarraga-Celaya
10.21105/joss.08692,JOSS,1,Daniel Rud
10.21105/joss.08692,JOSS,2,Juan Pablo Lewinger
10.21105/joss.03022,JOSS,1,Giulio Fabbian
10.21105/joss.03022,JOSS,2,Julien Peloton
10.21105/joss.03676,JOSS,1,Jack Line
10.21105/joss.00512,JOSS,1,Jeremy R. Coyle
10.21105/joss.00512,JOSS,2,Nima S. Hejazi
10.21105/joss.03900,JOSS,1,Diego Hernangómez
10.21105/joss.00124,JOSS,1,Kivan Polimis
10.21105/joss.00124,JOSS,2,Ariel Rokem
10.21105/joss.00124,JOSS,3,Bryna Hazelton
10.21105/joss.10137,JOSS,1,Xin Guo
10.21105/joss.10137,JOSS,2,Anran Hu
10.21105/joss.10137,JOSS,3,Matteo Santamaria
10.21105/joss.10137,JOSS,4,Mahan Tajrobehkar
10.21105/joss.10137,JOSS,5,Junzi Zhang
10.21105/joss.07481,JOSS,1,Mark Zolotas
10.21105/joss.07481,JOSS,2,Philip Long
10.21105/joss.07481,JOSS,3,Keerthi Sagar
10.21105/joss.07481,JOSS,4,Taskin Padir
10.21105/joss.01056,JOSS,1,Sebastian Meyer
10.21105/joss.03821,JOSS,1,Frédéric J. P. Richard
10.21105/joss.06270,JOSS,1,Griffin Chure
10.21105/joss.06270,JOSS,2,Jonas Cremer
10.21105/joss.04588,JOSS,1,Dominik Raabe
10.21105/joss.04588,JOSS,2,Henrik Biermann
10.21105/joss.04588,JOSS,3,Manuel Bassek
10.21105/joss.04588,JOSS,4,Martin Wohlan
10.21105/joss.04588,JOSS,5,Rumena Komitova
10.21105/joss.04588,JOSS,6,Robert Rein
10.21105/joss.04588,JOSS,7,Tobias Kuppens Groot
10.21105/joss.04588,JOSS,8,Daniel Memmert
10.21105/joss.06492,JOSS,1,Ned Thaddeus Taylor
10.21105/joss.07942,JOSS,1,Daniel Peláez-Zapata
10.21105/joss.07942,JOSS,2,Frédéric Dias
10.21105/joss.07703,JOSS,1,Younes Strittmatter
10.21105/joss.07703,JOSS,2,Sebastian Musslick
10.21105/joss.07596,JOSS,1,Felix Schneider
10.21105/joss.07596,JOSS,2,Joachim Denzler
10.21105/joss.00827,JOSS,1,Shawn David Taylor
10.21105/joss.04471,JOSS,1,Simon P. Couch
10.21105/joss.04471,JOSS,2,Max Kuhn
10.21105/joss.02945,JOSS,1,Jed Brown
10.21105/joss.02945,JOSS,2,Ahmad Abdelfattah
10.21105/joss.02945,JOSS,3,Valeria Barra
10.21105/joss.02945,JOSS,4,Natalie Beams
10.21105/joss.02945,JOSS,5,Jean-Sylvain Camier
10.21105/joss.02945,JOSS,6,Veselin Dobrev
10.21105/joss.02945,JOSS,7,Yohann Dudouit
10.21105/joss.02945,JOSS,8,Leila Ghaffari
10.21105/joss.02945,JOSS,9,Tzanio Kolev
10.21105/joss.02945,JOSS,10,David Medina
10.21105/joss.02945,JOSS,11,Will Pazner
10.21105/joss.02945,JOSS,12,Thilina Ratnayaka
10.21105/joss.02945,JOSS,13,Jeremy Thompson
10.21105/joss.02945,JOSS,14,Stan Tomov
10.21105/joss.06877,JOSS,1,Patrick Coleman
10.21105/joss.06877,JOSS,2,Peter William Hogg
10.21105/joss.06877,JOSS,3,Tristan Dellazizzo Toth
10.21105/joss.06877,JOSS,4,Kurt Haas
10.21105/joss.08087,JOSS,1,Kyle J. Gillett
10.21105/joss.00167,JOSS,1,R Daniel Kortschak
10.21105/joss.00167,JOSS,2,Josh Bleecher Snyder
10.21105/joss.00167,JOSS,3,Manolis Maragkakis
10.21105/joss.00167,JOSS,4,David L Adelson
10.21105/joss.08766,JOSS,1,Silvan Fischbacher
10.21105/joss.08766,JOSS,2,Beatrice Moser
10.21105/joss.08766,JOSS,3,Tomasz Kacprzak
10.21105/joss.08766,JOSS,4,Joerg Herbel
10.21105/joss.08766,JOSS,5,Luca Tortorelli
10.21105/joss.08766,JOSS,6,Uwe Schmitt
10.21105/joss.08766,JOSS,7,Alexandre Refregier
10.21105/joss.08766,JOSS,8,Adam Amara
10.21105/joss.09244,JOSS,1,Chris D. Jones
10.21105/joss.09244,JOSS,2,Mazin Almarashi
10.21105/joss.09244,JOSS,3,Marjan Albooyeh
10.21105/joss.09244,JOSS,4,Eric Jankowski
10.21105/joss.09244,JOSS,5,Clare McCabe
10.21105/joss.03724,JOSS,1,Thibault Roch
10.21105/joss.03724,JOSS,2,Fabian Barras
10.21105/joss.03724,JOSS,3,Philippe Geubelle
10.21105/joss.03724,JOSS,4,Jean-François Molinari
10.21105/joss.01674,JOSS,1,Thomas Donoghue
10.21105/joss.03175,JOSS,1,Taher Chegini
10.21105/joss.03175,JOSS,2,Hong-Yi Li
10.21105/joss.03175,JOSS,3,L. Leung
10.21105/joss.07798,JOSS,1,Ruoyan Meng
10.21105/joss.07798,JOSS,2,Gabriella D’Albenzio
10.21105/joss.07798,JOSS,3,Ole Vegard Solberg
10.21105/joss.07798,JOSS,4,Geir Arne Tangen
10.21105/joss.07798,JOSS,5,Rafael Palomar
10.21105/joss.07518,JOSS,1,David O’Gara
10.21105/joss.07518,JOSS,2,Mickaël Binois
10.21105/joss.07518,JOSS,3,Roman Garnett
10.21105/joss.07518,JOSS,4,Ross A Hammond
10.21105/joss.01732,JOSS,1,Mahesh Prasad
10.21105/joss.01732,JOSS,2,Napat Vajragupta
10.21105/joss.01732,JOSS,3,Alexander Hartmaier
10.21105/joss.05447,JOSS,1,Jannes Breier
10.21105/joss.05447,JOSS,2,Sebastian Ostberg
10.21105/joss.05447,JOSS,3,Stephen Björn Wirth
10.21105/joss.05447,JOSS,4,David Hötten
10.21105/joss.05447,JOSS,5,Sara Minoli
10.21105/joss.05447,JOSS,6,Fabian Stenzel
10.21105/joss.05447,JOSS,7,Christoph Müller
10.21105/joss.02289,JOSS,1,Brandon Thayer
10.21105/joss.02289,JOSS,2,Zeyu Mao
10.21105/joss.02289,JOSS,3,Yijing Liu
10.21105/joss.02289,JOSS,4,Katherine Davis
10.21105/joss.02289,JOSS,5,Thomas Overbye
10.21105/joss.02363,JOSS,1,Sambit Giri
10.21105/joss.02363,JOSS,2,Garrelt Mellema
10.21105/joss.02363,JOSS,3,Hannes Jensen
10.21105/joss.05259,JOSS,1,Gelb Jeremy
10.21105/joss.05618,JOSS,1,Sterling G. Baird
10.21105/joss.05618,JOSS,2,Hasan M. Sayeed
10.21105/joss.05618,JOSS,3,Joseph Montoya
10.21105/joss.05618,JOSS,4,Taylor D. Sparks
10.21105/joss.10304,JOSS,1,Michael A. Johnston
10.21105/joss.10304,JOSS,2,Alessandro Pomponio
10.21105/joss.02675,JOSS,1,Jan Reuter
10.21105/joss.02675,JOSS,2,Miriam Menzel
10.21105/joss.08047,JOSS,1,Michael Horrell
10.21105/joss.00521,JOSS,1,Vanessa Sochat
10.21105/joss.06832,JOSS,1,Karl N. Kappler
10.21105/joss.06832,JOSS,2,Jared R. Peacock
10.21105/joss.06832,JOSS,3,Gary D. Egbert
10.21105/joss.06832,JOSS,4,Andrew Frassetto
10.21105/joss.06832,JOSS,5,Lindsey Heagy
10.21105/joss.06832,JOSS,6,Anna Kelbert
10.21105/joss.06832,JOSS,7,Laura Keyson
10.21105/joss.06832,JOSS,8,Douglas Oldenburg
10.21105/joss.06832,JOSS,9,Timothy Ronan
10.21105/joss.06832,JOSS,10,Justin Sweet
10.21105/joss.00937,JOSS,1,Marius D. Pascariu
10.21105/joss.00937,JOSS,2,Maciej J. Dańko
10.21105/joss.00937,JOSS,3,Jonas Schöley
10.21105/joss.00937,JOSS,4,Silvia Rizzi
10.21105/joss.06831,JOSS,1,Brandon Pardi
10.21105/joss.06831,JOSS,2,Syeda Tajin Ahmed
10.21105/joss.06831,JOSS,3,Silvia Jonguitud Flores
10.21105/joss.06831,JOSS,4,Warren Flores
10.21105/joss.06831,JOSS,5,Jean-Michel Friedt
10.21105/joss.06831,JOSS,6,Laura L. E. Mears
10.21105/joss.06831,JOSS,7,Bernardo Yáñez Soto
10.21105/joss.06831,JOSS,8,Roberto C. Andresen Eguiluz
10.21105/joss.04135,JOSS,1,Paul Stocker
10.21105/joss.02564,JOSS,1,Ella Wu
10.21105/joss.02564,JOSS,2,Gaetan Kenway
10.21105/joss.02564,JOSS,3,Charles A. Mader
10.21105/joss.02564,JOSS,4,John Jasa
10.21105/joss.02564,JOSS,5,Joaquim R. R. A. Martins
10.21105/joss.02305,JOSS,1,Qiusheng Wu
10.21105/joss.01237,JOSS,1,Gregory Lee
10.21105/joss.01237,JOSS,2,Ralf Gommers
10.21105/joss.01237,JOSS,3,Filip Waselewski
10.21105/joss.01237,JOSS,4,Kai Wohlfahrt
10.21105/joss.01237,JOSS,5,Aaron O'Leary
10.21105/joss.04574,JOSS,1,Timothée Giraud
10.21105/joss.06973,JOSS,1,Randolph R. Settgast
10.21105/joss.06973,JOSS,2,Ryan M. Aronson
10.21105/joss.06973,JOSS,3,Julien R. Besset
10.21105/joss.06973,JOSS,4,Andrea Borio
10.21105/joss.06973,JOSS,5,Quan M. Bui
10.21105/joss.06973,JOSS,6,Thomas J. Byer
10.21105/joss.06973,JOSS,7,Nicola Castelletto
10.21105/joss.06973,JOSS,8,Aurélien Citrain
10.21105/joss.06973,JOSS,9,Benjamin C. Corbett
10.21105/joss.06973,JOSS,10,James Corbett
10.21105/joss.06973,JOSS,11,Philippe Cordier
10.21105/joss.06973,JOSS,12,Matthias A. Cremon
10.21105/joss.06973,JOSS,13,Cameron M. Crook
10.21105/joss.06973,JOSS,14,Matteo Cusini
10.21105/joss.06973,JOSS,15,Fan Fei
10.21105/joss.06973,JOSS,16,Stefano Frambati
10.21105/joss.06973,JOSS,17,Jacques Franc
10.21105/joss.06973,JOSS,18,Andrea Franceschini
10.21105/joss.06973,JOSS,19,Matteo Frigo
10.21105/joss.06973,JOSS,20,Pengcheng Fu
10.21105/joss.06973,JOSS,21,Thomas Gazzola
10.21105/joss.06973,JOSS,22,Herve Gross
10.21105/joss.06973,JOSS,23,Francois Hamon
10.21105/joss.06973,JOSS,24,Brian M. Han
10.21105/joss.06973,JOSS,25,Yue Hao
10.21105/joss.06973,JOSS,26,Rasim Hasanzade
10.21105/joss.06973,JOSS,27,Michael Homel
10.21105/joss.06973,JOSS,28,Jian Huang
10.21105/joss.06973,JOSS,29,Tao Jin
10.21105/joss.06973,JOSS,30,Isaac Ju
10.21105/joss.06973,JOSS,31,Dickson Kachuma
10.21105/joss.06973,JOSS,32,Mohammad Karimi-Fard
10.21105/joss.06973,JOSS,33,Taeho Kim
10.21105/joss.06973,JOSS,34,Sergey Klevtsov
10.21105/joss.06973,JOSS,35,Alexandre Lapene
10.21105/joss.06973,JOSS,36,Victor A. P. Magri
10.21105/joss.06973,JOSS,37,Antoine Mazuyer
10.21105/joss.06973,JOSS,38,Mamadou N’diaye
10.21105/joss.06973,JOSS,39,Daniel Osei-Kuffuor
10.21105/joss.06973,JOSS,40,Stefan Povolny
10.21105/joss.06973,JOSS,41,Guotong Ren
10.21105/joss.06973,JOSS,42,Shabnam J. Semnani
10.21105/joss.06973,JOSS,43,Chris S. Sherman
10.21105/joss.06973,JOSS,44,Melvin Rey
10.21105/joss.06973,JOSS,45,Hamdi A. Tchelepi
10.21105/joss.06973,JOSS,46,William R. Tobin
10.21105/joss.06973,JOSS,47,Pavel Tomin
10.21105/joss.06973,JOSS,48,Lionel Untereiner
10.21105/joss.06973,JOSS,49,Arturo Vargas
10.21105/joss.06973,JOSS,50,Sohail Waziri
10.21105/joss.06973,JOSS,51,Xianhuan Wen
10.21105/joss.06973,JOSS,52,Joshua A. White
10.21105/joss.06973,JOSS,53,Hui Wu
10.21105/joss.01035,JOSS,1,Adam Sparks
10.21105/joss.00613,JOSS,1,Grega Vrbančič
10.21105/joss.00613,JOSS,2,Lucija Brezočnik
10.21105/joss.00613,JOSS,3,Uroš Mlakar
10.21105/joss.00613,JOSS,4,Dušan Fister
10.21105/joss.00613,JOSS,5,Iztok Fister Jr.
10.21105/joss.00717,JOSS,1,Alex M Ganose
10.21105/joss.00717,JOSS,2,Adam J Jackson
10.21105/joss.00717,JOSS,3,David O Scanlon
10.21105/joss.00753,JOSS,1,Daniel G. A. Smith
10.21105/joss.00753,JOSS,2,Johnnie Gray
10.21105/joss.00765,JOSS,1,Hajk-Georg Drost
10.21105/joss.05015,JOSS,1,Koki Tsuyuzaki
10.21105/joss.05015,JOSS,2,Itoshi Nikaido
10.21105/joss.06317,JOSS,1,Mohamed Masoud
10.21105/joss.06317,JOSS,2,David Gutman
10.21105/joss.06317,JOSS,3,Sergey Plis
10.21105/joss.06294,JOSS,1,Xinye Chen
10.21105/joss.06294,JOSS,2,Stefan Güttel
10.21105/joss.05586,JOSS,1,Ashwin Vishnu Mohanan
10.21105/joss.05586,JOSS,2,Arman Khoubani
10.21105/joss.05586,JOSS,3,Pierre Augier
10.21105/joss.06574,JOSS,1,Arthur Amalvy
10.21105/joss.06574,JOSS,2,Vincent Labatut
10.21105/joss.06574,JOSS,3,Richard Dufour
10.21105/joss.06714,JOSS,1,Stavros Ntioudis
10.21105/joss.06714,JOSS,2,James P. Ewen
10.21105/joss.06714,JOSS,3,Daniele Dini
10.21105/joss.06714,JOSS,4,C. Heath Turner
10.21105/joss.05410,JOSS,1,Clément Scheirlinck
10.21105/joss.05410,JOSS,2,Rémy Chaput
10.21105/joss.05410,JOSS,3,Salima Hassas
10.21105/joss.05621,JOSS,1,Jacob Blum
10.21105/joss.05621,JOSS,2,Kainen L. Utt
10.21105/joss.06974,JOSS,1,Daniel J. Asay
10.21105/joss.06974,JOSS,2,Timothy M. O’Keefe
10.21105/joss.06974,JOSS,3,Randy L. Buckner
10.21105/joss.06974,JOSS,4,Ross W. Mair
10.21105/joss.01555,JOSS,1,Jatinder Sandhu
10.21105/joss.01555,JOSS,2,Anant Girdhar
10.21105/joss.01555,JOSS,3,Rakesh Ramakrishnan
10.21105/joss.01555,JOSS,4,R. Teja
10.21105/joss.01555,JOSS,5,Santanu Ghosh
10.21105/joss.00897,JOSS,1,Pradeep Reddy Raamana
10.21105/joss.00897,JOSS,2,Stephen C. Strother
10.21105/joss.01072,JOSS,1,Michael Heiber
10.21105/joss.00981,JOSS,1,Alexandre Popoff
10.21105/joss.01255,JOSS,1,Mingze He
10.21105/joss.01255,JOSS,2,Kokulapalan Wimalanathan
10.21105/joss.01255,JOSS,3,Peng Liu
10.21105/joss.01255,JOSS,4,Carolyn Lawrence-Dill
10.21105/joss.01278,JOSS,1,Mathieu Besançon
10.21105/joss.02076,JOSS,1,Alan Rubin
10.21105/joss.00256,JOSS,1,"James P. Howard, II"
10.21105/joss.00412,JOSS,1,Philip Stegmaier
10.21105/joss.00412,JOSS,2,Alexander Kel
10.21105/joss.00412,JOSS,3,Edgar Wingender
10.21105/joss.02400,JOSS,1,Tristan Miller
10.21105/joss.02400,JOSS,2,Denis Auroux
10.21105/joss.02044,JOSS,1,Sean West
10.21105/joss.02044,JOSS,2,Hesham Ali
10.21105/joss.02044,JOSS,3,Dario Ghersi
10.21105/joss.00137,JOSS,1,Benjamin Naecker
10.21105/joss.00137,JOSS,2,Niru Maheswaranathan
10.21105/joss.00137,JOSS,3,Surya Ganguli
10.21105/joss.00137,JOSS,4,Stephen Baccus
10.21105/joss.00040,JOSS,1,Simon Bogutzky
10.21105/joss.00040,JOSS,2,Jan Christoph Schrader
10.21105/joss.00040,JOSS,3,Nassrin Hajinejad
10.21105/joss.00040,JOSS,4,Barbara Grüter
10.21105/joss.02340,JOSS,1,Micah K. Wilson
10.21105/joss.02340,JOSS,2,Luke Strickland
10.21105/joss.02340,JOSS,3,Timothy Ballard
10.21105/joss.07906,JOSS,1,Guillaume Le Goc
10.21105/joss.07906,JOSS,2,Alexis d’Humières
10.21105/joss.07906,JOSS,3,Antoine Lesage
10.21105/joss.07906,JOSS,4,Julien Bouvier
10.21105/joss.07061,JOSS,1,Hao-Ting Wang
10.21105/joss.07061,JOSS,2,Rémi Gau
10.21105/joss.07061,JOSS,3,Natasha Clarke
10.21105/joss.07061,JOSS,4,Quentin Dessain
10.21105/joss.07061,JOSS,5,Lune Bellec
10.21105/joss.00107,JOSS,1,Rémi Rampin
10.21105/joss.00107,JOSS,2,Fernando Chirigati
10.21105/joss.00107,JOSS,3,Dennis Shasha
10.21105/joss.00107,JOSS,4,Juliana Freire
10.21105/joss.00107,JOSS,5,Vicky Steeves
10.21105/joss.06230,JOSS,1,Anthony Lim
10.21105/joss.00222,JOSS,1,Davide Gerosa
10.21105/joss.00222,JOSS,2,Michele Vallisneri
10.21105/joss.08038,JOSS,1,Laura Szekeres
10.21105/joss.08038,JOSS,2,Åsmund Flobak
10.21105/joss.08038,JOSS,3,John Zobolas
10.21105/joss.08453,JOSS,1,Sven Baars
10.21105/joss.08453,JOSS,2,David Nolte
10.21105/joss.08453,JOSS,3,Fred W. Wubs
10.21105/joss.08453,JOSS,4,Henk A. Dijkstra
10.21105/joss.07711,JOSS,1,Bruno Postle
10.21105/joss.02169,JOSS,1,Henry Wilde
10.21105/joss.02169,JOSS,2,Vincent Knight
10.21105/joss.02169,JOSS,3,Jonathan Gillard
10.21105/joss.10105,JOSS,1,Jakob Dürrwächter
10.21105/joss.10105,JOSS,2,Merlin Hosak
10.21105/joss.10105,JOSS,3,Bennet Weiss
10.21105/joss.10105,JOSS,4,Falko Ueckerdt
10.21105/joss.03009,JOSS,1,Jacques Serizay
10.21105/joss.03009,JOSS,2,Julie Ahringer
10.21105/joss.04460,JOSS,1,Karla Cervantes Barron
10.21105/joss.04460,JOSS,2,Jonathan M Cullen
10.21105/joss.09346,JOSS,1,Boyu Wang
10.21105/joss.09346,JOSS,2,Andrew Crooks
10.21105/joss.09346,JOSS,3,Taylor Anderson
10.21105/joss.09346,JOSS,4,Andreas Züfle
10.21105/joss.05791,JOSS,1,Jose A. Perea
10.21105/joss.05791,JOSS,2,Luis Scoccola
10.21105/joss.05791,JOSS,3,Christopher J. Tralie
10.21105/joss.02863,JOSS,1,David Meyer
10.21105/joss.02863,JOSS,2,Thomas Nagler
10.21105/joss.09634,JOSS,1,Xavier C. Llano
10.21105/joss.00411,JOSS,1,Adam H Sparks
10.21105/joss.00411,JOSS,2,Mark Padgham
10.21105/joss.00411,JOSS,3,Hugh Parsonage
10.21105/joss.00411,JOSS,4,Keith Pembleton
10.21105/joss.03455,JOSS,1,Walker Arce
10.21105/joss.03455,JOSS,2,"James Gehringer,"
10.21105/joss.08816,JOSS,1,David Brown
10.21105/joss.08816,JOSS,2,Jacques Saraydaryan
10.21105/joss.08816,JOSS,3,Benoit Renault
10.21105/joss.08816,JOSS,4,Olivier Simonin
10.21105/joss.02177,JOSS,1,Anna Molter
10.21105/joss.06866,JOSS,1,Jacob Smith
10.21105/joss.06866,JOSS,2,Nathan Martindale
10.21105/joss.06866,JOSS,3,Mark B. Adams
10.21105/joss.06866,JOSS,4,Scott L. Stewart
10.21105/joss.06866,JOSS,5,Phillip Bingham
10.21105/joss.04556,JOSS,1,Tony E. Wong
10.21105/joss.04556,JOSS,2,Lisa Rennels
10.21105/joss.04556,JOSS,3,Frank Errickson
10.21105/joss.04556,JOSS,4,Vivek Srikrishnan
10.21105/joss.04556,JOSS,5,Alexander Bakker
10.21105/joss.04556,JOSS,6,Klaus Keller
10.21105/joss.04556,JOSS,7,David Anthoff
10.21105/joss.01349,JOSS,1,Martin Viereck
10.21105/joss.06430,JOSS,1,Moritz Sanne
10.21105/joss.06430,JOSS,2,Ganbaatar Khurelbaatar
10.21105/joss.06430,JOSS,3,Daneish Despot
10.21105/joss.06430,JOSS,4,Manfred van Afferden
10.21105/joss.06430,JOSS,5,Jan Friesen
10.21105/joss.03948,JOSS,1,Bram van Dijk
10.21105/joss.04555,JOSS,1,Simon Biggs
10.21105/joss.04555,JOSS,2,Matthew Jennings
10.21105/joss.04555,JOSS,3,Stuart Swerdloff
10.21105/joss.04555,JOSS,4,Phillip Chlap
10.21105/joss.04555,JOSS,5,Derek Lane
10.21105/joss.04555,JOSS,6,Jacob Rembish
10.21105/joss.04555,JOSS,7,Jacob McAloney
10.21105/joss.04555,JOSS,8,Paul King
10.21105/joss.04555,JOSS,9,Rafael Ayala
10.21105/joss.04555,JOSS,10,Fada Guan
10.21105/joss.04555,JOSS,11,Nicola Lambri
10.21105/joss.04555,JOSS,12,Cody Crewson
10.21105/joss.04555,JOSS,13,Matthew Sobolewski
10.21105/joss.00523,JOSS,1,Taha Zaghdoudi
10.21105/joss.04763,JOSS,1,Christof Obertscheider
10.21105/joss.04763,JOSS,2,Ewald Fauster
10.21105/joss.08056,JOSS,1,Taimur Khan
10.21105/joss.08056,JOSS,2,Caroline Arnold
10.21105/joss.08056,JOSS,3,Harsh Grover
10.21105/joss.00545,JOSS,1,Antoine Cully
10.21105/joss.00545,JOSS,2,Konstantinos Chatzilygeroudis
10.21105/joss.00545,JOSS,3,Federico Allocati
10.21105/joss.00545,JOSS,4,Jean-Baptiste Mouret
10.21105/joss.02028,JOSS,1,Auriel Fournier
10.21105/joss.02028,JOSS,2,Matthew Boone
10.21105/joss.02028,JOSS,3,Forrest Stevens
10.21105/joss.02028,JOSS,4,Emilio Bruna
10.21105/joss.00063,JOSS,1,Carl Ganz
10.21105/joss.06612,JOSS,1,Stephen Akinremi
10.21105/joss.06612,JOSS,2,Islam Fadel
10.21105/joss.06612,JOSS,3,Mark van der Meijde
10.21105/joss.06358,JOSS,1,Julian Belina
10.21105/joss.06358,JOSS,2,Noah Pflugradt
10.21105/joss.06358,JOSS,3,Detlef Stolten
10.21105/joss.05197,JOSS,1,Martin Bernstorff
10.21105/joss.05197,JOSS,2,Kenneth Enevoldsen
10.21105/joss.05197,JOSS,3,Jakob Damgaard
10.21105/joss.05197,JOSS,4,Andreas Danielsen
10.21105/joss.05197,JOSS,5,Lasse Hansen
10.21105/joss.03556,JOSS,1,Matthew Scroggs
10.21105/joss.08851,JOSS,1,Brendan P. Murphy
10.21105/joss.08851,JOSS,2,Scott R. David
10.21105/joss.09620,JOSS,1,Robert J. Moss
10.21105/joss.09620,JOSS,2,Anthony Corso
10.21105/joss.09620,JOSS,3,Mykel J. Kochenderfer
10.21105/joss.07069,JOSS,1,Scott W. Linderman
10.21105/joss.07069,JOSS,2,Peter Chang
10.21105/joss.07069,JOSS,3,Giles Harper-Donnelly
10.21105/joss.07069,JOSS,4,Aleyna Kara
10.21105/joss.07069,JOSS,5,Xinglong Li
10.21105/joss.07069,JOSS,6,Gerardo Duran-Martin
10.21105/joss.07069,JOSS,7,Kevin Murphy
10.21105/joss.05989,JOSS,1,Marjan Albooyeh
10.21105/joss.05989,JOSS,2,Chris Jones
10.21105/joss.05989,JOSS,3,Rainier Barrett
10.21105/joss.05989,JOSS,4,Eric Jankowski
10.21105/joss.00430,JOSS,1,Nuno Fachada
10.21105/joss.00430,JOSS,2,Agostinho C. Rosa
10.21105/joss.04528,JOSS,1,Sterling G. Baird
10.21105/joss.04528,JOSS,2,Kevin M. Jablonka
10.21105/joss.04528,JOSS,3,Michael D. Alverson
10.21105/joss.04528,JOSS,4,Hasan M. Sayeed
10.21105/joss.04528,JOSS,5,Mohammed Faris Khan
10.21105/joss.04528,JOSS,6,Colton Seegmiller
10.21105/joss.04528,JOSS,7,Berend Smit
10.21105/joss.04528,JOSS,8,Taylor D. Sparks
10.21105/joss.02497,JOSS,1,Laur Ferris
10.21105/joss.06181,JOSS,1,Hendrik Mann
10.21105/joss.00721,JOSS,1,William D Pearse
10.21105/joss.00721,JOSS,2,Scott A Chamberlain
10.21105/joss.00870,JOSS,1,Andrew T. Jones
10.21105/joss.00870,JOSS,2,Hien D. Nguyen
10.21105/joss.00870,JOSS,3,Geoffrey J. McLachlan
10.21105/joss.06439,JOSS,1,Amaury Barral
10.21105/joss.06439,JOSS,2,Bérengère Dubrulle
10.21105/joss.06439,JOSS,3,Guillaume Costa
10.21105/joss.06439,JOSS,4,Quentin Pikeroen
10.21105/joss.06439,JOSS,5,Adrien Lopez
10.21105/joss.09174,JOSS,1,Shaked Zychlinski
10.21105/joss.05594,JOSS,1,Bernardo P. Ferreira
10.21105/joss.05594,JOSS,2,F. M. Andrade Pires
10.21105/joss.05594,JOSS,3,Miguel A. Bessa
10.21105/joss.03896,JOSS,1,Piotr Bartman
10.21105/joss.03896,JOSS,2,Jakub Banaśkiewicz
10.21105/joss.03896,JOSS,3,Szymon Drenda
10.21105/joss.03896,JOSS,4,Maciej Manna
10.21105/joss.03896,JOSS,5,Michael A. Olesik
10.21105/joss.03896,JOSS,6,Paweł Rozwoda
10.21105/joss.03896,JOSS,7,Michał Sadowski
10.21105/joss.03896,JOSS,8,Sylwester Arabas
10.21105/joss.05234,JOSS,1,Timothy G. Pelham
10.21105/joss.06768,JOSS,1,Martina Rosskopf
10.21105/joss.06768,JOSS,2,Virginie Durand
10.21105/joss.06768,JOSS,3,Linus Villiger
10.21105/joss.06768,JOSS,4,Joseph Doetsch
10.21105/joss.06768,JOSS,5,Anne Obermann
10.21105/joss.06768,JOSS,6,Lion Krischer
10.21105/joss.01763,JOSS,1,Mikkel Andersen
10.21105/joss.01763,JOSS,2,Søren Højsgaard
10.21105/joss.01468,JOSS,1,M. Riechert
10.21105/joss.01468,JOSS,2,D. Meyer
10.21105/joss.06593,JOSS,1,Gordian Edenhofer
10.21105/joss.06593,JOSS,2,Philipp Frank
10.21105/joss.06593,JOSS,3,Jakob Roth
10.21105/joss.06593,JOSS,4,Reimar H. Leike
10.21105/joss.06593,JOSS,5,Massin Guerdi
10.21105/joss.06593,JOSS,6,Lukas I. Scheel-Platz
10.21105/joss.06593,JOSS,7,Matteo Guardiani
10.21105/joss.06593,JOSS,8,Vincent Eberle
10.21105/joss.06593,JOSS,9,Margret Westerkamp
10.21105/joss.06593,JOSS,10,Torsten A. Enßlin
10.21105/joss.03557,JOSS,1,Albert Weichselbraun
10.21105/joss.02526,JOSS,1,Nima Hejazi
10.21105/joss.02526,JOSS,2,Jeremy Coyle
10.21105/joss.02526,JOSS,3,Mark van der Laan
10.21105/joss.01613,JOSS,1,Raman Goyal
10.21105/joss.01613,JOSS,2,Muhao Chen
10.21105/joss.01613,JOSS,3,Manoranjan Majji
10.21105/joss.01613,JOSS,4,Robert Skelton
10.21105/joss.06939,JOSS,1,Trevor Manz
10.21105/joss.06939,JOSS,2,Nezar Abdennur
10.21105/joss.06939,JOSS,3,Nils Gehlenborg
10.21105/joss.09059,JOSS,1,Antonio Paolillo
10.21105/joss.00177,JOSS,1,Adam H Sparks
10.21105/joss.00177,JOSS,2,Tomislav Hengl
10.21105/joss.00177,JOSS,3,Andrew Nelson
10.21105/joss.09791,JOSS,1,Antoine Stevan
10.21105/joss.09791,JOSS,2,Jonathan Detchart
10.21105/joss.09791,JOSS,3,Tanguy Pérennou
10.21105/joss.09791,JOSS,4,Jérôme Lacan
10.21105/joss.03541,JOSS,1,Erwan Bocher
10.21105/joss.03541,JOSS,2,Jérémy Bernard
10.21105/joss.03541,JOSS,3,Elisabeth Wiederhold
10.21105/joss.03541,JOSS,4,François Leconte
10.21105/joss.03541,JOSS,5,Gwendall Petit
10.21105/joss.03541,JOSS,6,Sylvain Palominos
10.21105/joss.03541,JOSS,7,Camille Noûs
10.21105/joss.01148,JOSS,1,Pingjun Chen
10.21105/joss.01148,JOSS,2,Lin Yang
10.21105/joss.09482,JOSS,1,Sarath Menon
10.21105/joss.09482,JOSS,2,Abril Azócar Guzmán
10.21105/joss.09482,JOSS,3,Osamu Waseda
10.21105/joss.09482,JOSS,4,Stefan Sandfeld
10.21105/joss.09482,JOSS,5,Tilmann Hickel
10.21105/joss.03285,JOSS,1,Daniel Foreman-Mackey
10.21105/joss.03285,JOSS,2,Rodrigo Luger
10.21105/joss.03285,JOSS,3,Eric Agol
10.21105/joss.03285,JOSS,4,Thomas Barclay
10.21105/joss.03285,JOSS,5,Luke Bouma
10.21105/joss.03285,JOSS,6,Timothy Brandt
10.21105/joss.03285,JOSS,7,Ian Czekala
10.21105/joss.03285,JOSS,8,Trevor David
10.21105/joss.03285,JOSS,9,Jiayin Dong
10.21105/joss.03285,JOSS,10,Emily Gilbert
10.21105/joss.03285,JOSS,11,Tyler Gordon
10.21105/joss.03285,JOSS,12,Christina Hedges
10.21105/joss.03285,JOSS,13,Daniel Hey
10.21105/joss.03285,JOSS,14,Brett Morris
10.21105/joss.03285,JOSS,15,Adrian Price-Whelan
10.21105/joss.03285,JOSS,16,Arjun Savel
10.21105/joss.06599,JOSS,1,Vidar Skogvoll
10.21105/joss.06599,JOSS,2,Jonas Rønning
10.21105/joss.02952,JOSS,1,Jon Schwenk
10.21105/joss.02952,JOSS,2,Jayaram Hariharan
10.21105/joss.09537,JOSS,1,Maxwell J. Campbell
10.21105/joss.00146,JOSS,1,Nicolas CARPi
10.21105/joss.00146,JOSS,2,Alexander Minges
10.21105/joss.00146,JOSS,3,Matthieu Piel
10.21105/joss.10003,JOSS,1,Timothy O. Josephson
10.21105/joss.10003,JOSS,2,Elise F. Morgan
10.21105/joss.03398,JOSS,1,Andrew Moodie
10.21105/joss.03398,JOSS,2,Jayaram Hariharan
10.21105/joss.03398,JOSS,3,Eric Barefoot
10.21105/joss.03398,JOSS,4,Paola Passalacqua
10.21105/joss.02783,JOSS,1,Steve Macenski
10.21105/joss.02783,JOSS,2,Ivona Jambrecic
10.21105/joss.03330,JOSS,1,Xin Feng
10.21105/joss.03330,JOSS,2,Germano Barcelos
10.21105/joss.03330,JOSS,3,James D. Gaboardi
10.21105/joss.03330,JOSS,4,Elijah Knaap
10.21105/joss.03330,JOSS,5,Ran Wei
10.21105/joss.03330,JOSS,6,Levi J. Wolf
10.21105/joss.03330,JOSS,7,Qunshan Zhao
10.21105/joss.03330,JOSS,8,Sergio J. Rey
10.21105/joss.07712,JOSS,1,Elise Lei
10.21105/joss.07712,JOSS,2,Paul Mollière
10.21105/joss.09600,JOSS,1,Anish Koyamparambath
10.21105/joss.09600,JOSS,2,Thomas Schraml
10.21105/joss.09600,JOSS,3,Christoph Helbig
10.21105/joss.09600,JOSS,4,Guido Sonnemann
10.21105/joss.05966,JOSS,1,Victor Alves
10.21105/joss.05966,JOSS,2,San Dinh
10.21105/joss.05966,JOSS,3,John R. Kitchin
10.21105/joss.05966,JOSS,4,Vitor Gazzaneo
10.21105/joss.05966,JOSS,5,Juan C. Carrasco
10.21105/joss.05966,JOSS,6,Fernando V. Lima
10.21105/joss.01944,JOSS,1,J. Rahm
10.21105/joss.01944,JOSS,2,Paul Erhart
10.21105/joss.01204,JOSS,1,Martijn Froeling
10.21105/joss.05968,JOSS,1,George Bouras
10.21105/joss.05968,JOSS,2,Susanna R. Grigson
10.21105/joss.05968,JOSS,3,Bhavya Papudeshi
10.21105/joss.05968,JOSS,4,Vijini Mallawaarachchi
10.21105/joss.05968,JOSS,5,Michael J. Roach
10.21105/joss.02959,JOSS,1,William Landau
10.21105/joss.05388,JOSS,1,Markus Scheidgen
10.21105/joss.05388,JOSS,2,Lauri Himanen
10.21105/joss.05388,JOSS,3,Alvin Noe Ladines
10.21105/joss.05388,JOSS,4,David Sikter
10.21105/joss.05388,JOSS,5,Mohammad Nakhaee
10.21105/joss.05388,JOSS,6,Ádám Fekete
10.21105/joss.05388,JOSS,7,Theodore Chang
10.21105/joss.05388,JOSS,8,Amir Golparvar
10.21105/joss.05388,JOSS,9,José A. Márquez
10.21105/joss.05388,JOSS,10,Sandor Brockhauser
10.21105/joss.05388,JOSS,11,Sebastian Brückner
10.21105/joss.05388,JOSS,12,Luca M. Ghiringhelli
10.21105/joss.05388,JOSS,13,Felix Dietrich
10.21105/joss.05388,JOSS,14,Daniel Lehmberg
10.21105/joss.05388,JOSS,15,Thea Denell
10.21105/joss.05388,JOSS,16,Andrea Albino
10.21105/joss.05388,JOSS,17,Hampus Näsström
10.21105/joss.05388,JOSS,18,Sherjeel Shabih
10.21105/joss.05388,JOSS,19,Florian Dobener
10.21105/joss.05388,JOSS,20,Markus Kühbach
10.21105/joss.05388,JOSS,21,Rubel Mozumder
10.21105/joss.05388,JOSS,22,Joseph F. Rudzinski
10.21105/joss.05388,JOSS,23,Nathan Daelman
10.21105/joss.05388,JOSS,24,José M. Pizarro
10.21105/joss.05388,JOSS,25,Martin Kuban
10.21105/joss.05388,JOSS,26,Cuauhtemoc Salazar
10.21105/joss.05388,JOSS,27,Pavel Ondračka
10.21105/joss.05388,JOSS,28,Hans-Joachim Bungartz
10.21105/joss.05388,JOSS,29,Claudia Draxl
10.21105/joss.03842,JOSS,1,Etienne Combrisson
10.21105/joss.03842,JOSS,2,Ruggero Basanisi
10.21105/joss.03842,JOSS,3,Vinicius Lima Cordeiro
10.21105/joss.03842,JOSS,4,Robin A. A Ince
10.21105/joss.03842,JOSS,5,Andrea Brovelli
10.21105/joss.04723,JOSS,1,Jesús-Adolfo Mejía-de-Dios
10.21105/joss.04723,JOSS,2,Efrén Mezura-Montes
10.21105/joss.06736,JOSS,1,Evaristo Rojas-Mayoral
10.21105/joss.06736,JOSS,2,Braulio Rojas-Mayoral
10.21105/joss.06736,JOSS,3,Federico A. Méndez-Sánchez
10.21105/joss.05073,JOSS,1,Tony M. Abou Zeidan
10.21105/joss.05073,JOSS,2,Mark Rempel
10.21105/joss.02436,JOSS,1,Luka Opasic
10.21105/joss.02436,JOSS,2,Jacob Scott
10.21105/joss.02436,JOSS,3,Arne Traulsen
10.21105/joss.02436,JOSS,4,Carsten Fortmann-Grote
10.21105/joss.06748,JOSS,1,Tadej Lahovnik
10.21105/joss.06748,JOSS,2,Sašo Karakatič
10.21105/joss.02135,JOSS,1,Matthias Büchi
10.21105/joss.02135,JOSS,2,Andreas Ahlenstorf
10.21105/joss.02663,JOSS,1,Nico Curti
10.21105/joss.02663,JOSS,2,Daniele Dall’Olio
10.21105/joss.02663,JOSS,3,Daniel Remondini
10.21105/joss.02663,JOSS,4,Gastone Castellani
10.21105/joss.02663,JOSS,5,Enrico Giampieri
10.21105/joss.00339,JOSS,1,P James Joyce
10.21105/joss.00463,JOSS,1,Nathan Sheffield
10.21105/joss.00463,JOSS,2,VP Nagraj
10.21105/joss.00463,JOSS,3,Vince Reuter
10.21105/joss.03293,JOSS,1,Thomas Urbach
10.21105/joss.03293,JOSS,2,Andrey Portnoy
10.21105/joss.03877,JOSS,1,William Landau
10.21105/joss.01145,JOSS,1,Thu-Hien To
10.21105/joss.01145,JOSS,2,Stephen Pederson
10.21105/joss.01407,JOSS,1,Ibrahim Tanyalcin
10.21105/joss.02011,JOSS,1,Michael Hartmann
10.21105/joss.02011,JOSS,2,Gert-Ludwig Ingold
10.21105/joss.01918,JOSS,1,Simon O’Meara
10.21105/joss.01918,JOSS,2,Shuxuan Xu
10.21105/joss.01918,JOSS,3,David Topping
10.21105/joss.01918,JOSS,4,Gerard Capes
10.21105/joss.01918,JOSS,5,Douglas Lowe
10.21105/joss.01918,JOSS,6,M. Alfarra
10.21105/joss.01918,JOSS,7,Gordon McFiggans
10.21105/joss.03980,JOSS,1,Sindre Nordmark Olufsen
10.21105/joss.03980,JOSS,2,Rene Kaufmann
10.21105/joss.03980,JOSS,3,Egil Fagerholt
10.21105/joss.03980,JOSS,4,Vegard Aune
10.21105/joss.07254,JOSS,1,Yongji Wang
10.21105/joss.07254,JOSS,2,Ching-Yao Lai
10.21105/joss.05336,JOSS,1,Christopher G. Stahl
10.21105/joss.05336,JOSS,2,Kristan J. Markey
10.21105/joss.05336,JOSS,3,Brian C. Jewell
10.21105/joss.05336,JOSS,4,Dahnish Shams
10.21105/joss.05336,JOSS,5,Michele M. Taylor
10.21105/joss.05336,JOSS,6,A. Amina Wilkins
10.21105/joss.05336,JOSS,7,Sean Watford
10.21105/joss.05336,JOSS,8,Andy Shapiro
10.21105/joss.05336,JOSS,9,Michelle Angrish
10.21105/joss.06796,JOSS,1,Junxiang Wang
10.21105/joss.06796,JOSS,2,Liang Zhao
10.21105/joss.08847,JOSS,1,Dimitri Justeau-Allaire
10.21105/joss.08847,JOSS,2,Charles Prud’homme
10.21105/joss.09069,JOSS,1,Ivan Kurtev
10.21105/joss.09069,JOSS,2,Daan van der Munnik
10.21105/joss.09069,JOSS,3,Mathijs Schuts
10.21105/joss.00243,JOSS,1,Andrew J. Page
10.21105/joss.00243,JOSS,2,Martin Hunt
10.21105/joss.00243,JOSS,3,Torsten Seemann
10.21105/joss.00243,JOSS,4,Jacqueline A. Keane
10.21105/joss.07404,JOSS,1,Jonathan M. Waldrop
10.21105/joss.07404,JOSS,2,Ryan M. Richard
10.21105/joss.06494,JOSS,1,Nathan Reitinger
10.21105/joss.05505,JOSS,1,Jan Simson
10.21105/joss.05505,JOSS,2,Olga Kononykhina
10.21105/joss.05505,JOSS,3,Malte Schierholz
10.21105/joss.05598,JOSS,1,Thore Kockerols
10.21105/joss.05662,JOSS,1,Samir Angelo Milani Martins
10.21105/joss.05735,JOSS,1,Dominic Kempf
10.21105/joss.05735,JOSS,2,Ole Klein
10.21105/joss.05735,JOSS,3,Robert Kutri
10.21105/joss.05735,JOSS,4,Robert Scheichl
10.21105/joss.05735,JOSS,5,Peter Bastian
10.21105/joss.04756,JOSS,1,Robert G. Izzard
10.21105/joss.04756,JOSS,2,David D. Hendriks
10.21105/joss.04756,JOSS,3,Daniel P. Nemergut
10.21105/joss.06332,JOSS,1,Aleksander Sulkowski
10.21105/joss.06332,JOSS,2,Clément Bouton
10.21105/joss.06332,JOSS,3,Chad Swanson
10.21105/joss.02689,JOSS,1,David Tyrpak
10.21105/joss.02689,JOSS,2,Yaocun Li
10.21105/joss.02689,JOSS,3,Siqi Lei
10.21105/joss.02689,JOSS,4,J. Andrew MacKay
10.21105/joss.09264,JOSS,1,Kostas Valeckas
10.21105/joss.09264,JOSS,2,Johan Peter Uldall Fynbo
10.21105/joss.09264,JOSS,3,Jens-Kristian Krogager
10.21105/joss.09264,JOSS,4,Kasper Elm Heintz
10.21105/joss.08503,JOSS,1,Marius J. Müller
10.21105/joss.08503,JOSS,2,Sangam Chatterjee
10.21105/joss.08503,JOSS,3,Florian Dobener
10.21105/joss.02677,JOSS,1,Paul Westermann
10.21105/joss.02677,JOSS,2,Theodor Christiaanse
10.21105/joss.02677,JOSS,3,Will Beckett
10.21105/joss.02677,JOSS,4,Paul Kovacs
10.21105/joss.02677,JOSS,5,Ralph Evins
10.21105/joss.06057,JOSS,1,Matthew Kuperus Heun
10.21105/joss.06057,JOSS,2,Zeke Marshall
10.21105/joss.06057,JOSS,3,Emmanuel Aramendia
10.21105/joss.06025,JOSS,1,Joaquin A. Peraza Rud
10.21105/joss.06025,JOSS,2,Tyson E. Ochsner
10.21105/joss.06025,JOSS,3,Andres Patrignani
10.21105/joss.03609,JOSS,1,Xiao Song
10.21105/joss.03609,JOSS,2,Kwek Chong
10.21105/joss.05565,JOSS,1,Carlo Brunelli
10.21105/joss.01234,JOSS,1,Adam Lanman
10.21105/joss.01234,JOSS,2,Bryna Hazelton
10.21105/joss.01234,JOSS,3,Daniel Jacobs
10.21105/joss.01234,JOSS,4,Matthew Kolopanis
10.21105/joss.01234,JOSS,5,Jonathan Pober
10.21105/joss.01234,JOSS,6,James Aguirre
10.21105/joss.01234,JOSS,7,Nithyanandan Thyagarajan
10.21105/joss.01530,JOSS,1,Tristan Salles
10.21105/joss.01530,JOSS,2,Patrice Rey
10.21105/joss.02645,JOSS,1,Austin Baird
10.21105/joss.02645,JOSS,2,Matthew McDaniel
10.21105/joss.02645,JOSS,3,Steven White
10.21105/joss.02645,JOSS,4,Nathan Tatum
10.21105/joss.02645,JOSS,5,Lucas Marin
10.21105/joss.03545,JOSS,1,Saranraj Nambusubramaniyan
10.21105/joss.02214,JOSS,1,Andrew McCluskey
10.21105/joss.02214,JOSS,2,Tim Snow
10.21105/joss.06442,JOSS,1,Dion J. X. Ho
10.21105/joss.01637,JOSS,1,Gehua Tong
10.21105/joss.01637,JOSS,2,Sairam Geethanath
10.21105/joss.01637,JOSS,3,Marina Jimeno
10.21105/joss.01637,JOSS,4,Enlin Qian
10.21105/joss.01637,JOSS,5,Keerthi Ravi
10.21105/joss.01637,JOSS,6,Nishika Girish
10.21105/joss.01637,JOSS,7,John Vaughan
10.21105/joss.02813,JOSS,1,Gael Forget
10.21105/joss.08993,JOSS,1,Laura Ann Castaneda
10.21105/joss.08993,JOSS,2,Eric Hetzel
10.21105/joss.08993,JOSS,3,Ahmed Ali
10.21105/joss.02523,JOSS,1,Roni Kobrosly
10.21105/joss.06984,JOSS,1,Joseph Ranalli
10.21105/joss.06984,JOSS,2,William Hobbs
10.21105/joss.03527,JOSS,1,Sasha Petrenko
10.21105/joss.03527,JOSS,2,Donald C. Wunsch II
10.21105/joss.03337,JOSS,1,Thomas Weiß
10.21105/joss.03337,JOSS,2,Tonio Fincke
10.21105/joss.00396,JOSS,1,Benjamin W. L. Margolis
10.21105/joss.01264,JOSS,1,Alexander Gates
10.21105/joss.01264,JOSS,2,Yong-Yeol Ahn
10.21105/joss.04078,JOSS,1,Floris Van Breugel
10.21105/joss.04078,JOSS,2,Yuying Liu
10.21105/joss.04078,JOSS,3,Bingni W. Brunton
10.21105/joss.04078,JOSS,4,J. Nathan Kutz
10.21105/joss.06062,JOSS,1,Kevin D. Murray
10.21105/joss.06062,JOSS,2,Justin O. Borevitz
10.21105/joss.06062,JOSS,3,Detlef Weigel
10.21105/joss.06062,JOSS,4,Norman Warthmann
10.21105/joss.09672,JOSS,1,Tamara L. Hodgetts
10.21105/joss.09672,JOSS,2,Charlotte West
10.21105/joss.09672,JOSS,3,Nicholas M. Luscombe
10.21105/joss.09672,JOSS,4,Jernej Ule
10.21105/joss.09672,JOSS,5,James Briscoe
10.21105/joss.09672,JOSS,6,Chris Cheshire
10.21105/joss.03060,JOSS,1,Tianbai Xiao
10.21105/joss.01336,JOSS,1,Matthew Bartos
10.21105/joss.01336,JOSS,2,Abhiram Mullapudi
10.21105/joss.01336,JOSS,3,Sara Troutman
10.21105/joss.01350,JOSS,1,Franz-Sebastian Krah
10.21105/joss.01350,JOSS,2,Christoph Heibl
10.21105/joss.03076,JOSS,1,Matthew Parno
10.21105/joss.03076,JOSS,2,Andrew Davis
10.21105/joss.03076,JOSS,3,Linus Seelinger
10.21105/joss.09364,JOSS,1,Gregorio L. Trevisan
10.21105/joss.09364,JOSS,2,Yumou Wei
10.21105/joss.09364,JOSS,3,Amos M. Decker
10.21105/joss.09364,JOSS,4,Joshua Lorincz
10.21105/joss.09364,JOSS,5,Samuel L. Jackson
10.21105/joss.09364,JOSS,6,Cristina Rea
10.21105/joss.09364,JOSS,7,Robert S. Granetz
10.21105/joss.09364,JOSS,8,MIT PSFC Disruptions Group
10.21105/joss.08827,JOSS,1,Dahyann Araya
10.21105/joss.08827,JOSS,2,Valentin Gebhart
10.21105/joss.08827,JOSS,3,Emanuel Schmid
10.21105/joss.08827,JOSS,4,David N. Bresch
10.21105/joss.08827,JOSS,5,Tobias Geiger
10.21105/joss.00791,JOSS,1,Marion Legrand
10.21105/joss.00791,JOSS,2,Cédric Briand
10.21105/joss.00791,JOSS,3,Timothée Besse
10.21105/joss.02506,JOSS,1,Peter Kruyen
10.21105/joss.03459,JOSS,1,Mathias Goncalves
10.21105/joss.03459,JOSS,2,Christopher Markiewicz
10.21105/joss.03459,JOSS,3,Stefano Moia
10.21105/joss.03459,JOSS,4,Satrajit Ghosh
10.21105/joss.03459,JOSS,5,Russell Poldrack
10.21105/joss.03459,JOSS,6,Oscar Esteban
10.21105/joss.04914,JOSS,1,Micah J. Weberg
10.21105/joss.04914,JOSS,2,Harry P. Warren
10.21105/joss.04914,JOSS,3,Nicholas Crump
10.21105/joss.04914,JOSS,4,Will Barnes
10.21105/joss.06305,JOSS,1,Juan P. Cordero
10.21105/joss.06305,JOSS,2,Kevin Donkers
10.21105/joss.06305,JOSS,3,Ian Harrison
10.21105/joss.06305,JOSS,4,Sarah L. Bridle
10.21105/joss.06305,JOSS,5,Angelina Frankowska
10.21105/joss.06305,JOSS,6,Michelle Cain
10.21105/joss.06305,JOSS,7,Neil Ward
10.21105/joss.06305,JOSS,8,Jez Frendenburgh
10.21105/joss.06305,JOSS,9,Edward Pope
10.21105/joss.06305,JOSS,10,Alana Kluczkovski
10.21105/joss.06305,JOSS,11,Ximena Schmidt
10.21105/joss.06305,JOSS,12,Jacqueline Silva
10.21105/joss.06305,JOSS,13,Christian Reynolds
10.21105/joss.06305,JOSS,14,Katherine Denby
10.21105/joss.06305,JOSS,15,Bob Doherty
10.21105/joss.06305,JOSS,16,Aled Jones
10.21105/joss.05321,JOSS,1,Lynn Schmittwilken
10.21105/joss.05321,JOSS,2,Marianne Maertens
10.21105/joss.05321,JOSS,3,Joris Vincent
10.21105/joss.03832,JOSS,1,Nicolas Legrand
10.21105/joss.03832,JOSS,2,Micah Allen
10.21105/joss.03454,JOSS,1,Hendrik Ranocha
10.21105/joss.04720,JOSS,1,Vladimir Nikolić
10.21105/joss.04720,JOSS,2,Parham Kazemi
10.21105/joss.04720,JOSS,3,Lauren Coombe
10.21105/joss.04720,JOSS,4,Johnathan Wong
10.21105/joss.04720,JOSS,5,Amirhossein Afshinfard
10.21105/joss.04720,JOSS,6,Justin Chu
10.21105/joss.04720,JOSS,7,René L. Warren
10.21105/joss.04720,JOSS,8,Inanç Birol
10.21105/joss.01832,JOSS,1,Stuart Mumford
10.21105/joss.01832,JOSS,2,Nabil Freij
10.21105/joss.01832,JOSS,3,Steven Christe
10.21105/joss.01832,JOSS,4,Jack Ireland
10.21105/joss.01832,JOSS,5,Florian Mayer
10.21105/joss.01832,JOSS,6,V. Hughitt
10.21105/joss.01832,JOSS,7,Albert Shih
10.21105/joss.01832,JOSS,8,Daniel Ryan
10.21105/joss.01832,JOSS,9,Simon Liedtke
10.21105/joss.01832,JOSS,10,David Pérez-Suárez
10.21105/joss.01832,JOSS,11,Pritish Chakraborty
10.21105/joss.01832,JOSS,12,Vishnunarayan K
10.21105/joss.01832,JOSS,13,Andrew Inglis
10.21105/joss.01832,JOSS,14,Punyaslok Pattnaik
10.21105/joss.01832,JOSS,15,Brigitta Sipőcz
10.21105/joss.01832,JOSS,16,Rishabh Sharma
10.21105/joss.01832,JOSS,17,Andrew Leonard
10.21105/joss.01832,JOSS,18,David Stansby
10.21105/joss.01832,JOSS,19,Russell Hewett
10.21105/joss.01832,JOSS,20,Alex Hamilton
10.21105/joss.01832,JOSS,21,Laura Hayes
10.21105/joss.01832,JOSS,22,Asish Panda
10.21105/joss.01832,JOSS,23,Matt Earnshaw
10.21105/joss.01832,JOSS,24,Nitin Choudhary
10.21105/joss.01832,JOSS,25,Ankit Kumar
10.21105/joss.01832,JOSS,26,Prateek Chanda
10.21105/joss.01832,JOSS,27,Md Haque
10.21105/joss.01832,JOSS,28,Michael Kirk
10.21105/joss.01832,JOSS,29,Michael Mueller
10.21105/joss.01832,JOSS,30,Sudarshan Konge
10.21105/joss.01832,JOSS,31,Rajul Srivastava
10.21105/joss.01832,JOSS,32,Yash Jain
10.21105/joss.01832,JOSS,33,Samuel Bennett
10.21105/joss.01832,JOSS,34,Ankit Baruah
10.21105/joss.01832,JOSS,35,Will Barnes
10.21105/joss.01832,JOSS,36,Michael Charlton
10.21105/joss.01832,JOSS,37,Shane Maloney
10.21105/joss.01832,JOSS,38,Nicky Chorley
10.21105/joss.01832,JOSS,39,Himanshu No Last Name
10.21105/joss.01832,JOSS,40,Sanskar Modi
10.21105/joss.01832,JOSS,41,James Mason
10.21105/joss.01832,JOSS,42,Jose Rozo
10.21105/joss.01832,JOSS,43,Larry Manley
10.21105/joss.01832,JOSS,44,Agneet Chatterjee
10.21105/joss.01832,JOSS,45,John Evans
10.21105/joss.01832,JOSS,46,Michael Malocha
10.21105/joss.01832,JOSS,47,Monica Bobra
10.21105/joss.01832,JOSS,48,Sourav Ghosh
10.21105/joss.01832,JOSS,49,Dominik Stańczak
10.21105/joss.01832,JOSS,50,Ruben De Visscher
10.21105/joss.01832,JOSS,51,Shresth Verma
10.21105/joss.01832,JOSS,52,Ankit Agrawal
10.21105/joss.01832,JOSS,53,Dumindu Buddhika
10.21105/joss.01832,JOSS,54,Swapnil Sharma
10.21105/joss.01832,JOSS,55,Jongyeob Park
10.21105/joss.01832,JOSS,56,Matt Bates
10.21105/joss.01832,JOSS,57,Dhruv Goel
10.21105/joss.01832,JOSS,58,Garrison Taylor
10.21105/joss.01832,JOSS,59,Goran Cetusic
10.21105/joss.01832,JOSS,60,Jacob No Last Name
10.21105/joss.01832,JOSS,61,Mateo Inchaurrandieta
10.21105/joss.01832,JOSS,62,Sally Dacie
10.21105/joss.01832,JOSS,63,Sanjeev Dubey
10.21105/joss.01832,JOSS,64,Deepankar Sharma
10.21105/joss.01832,JOSS,65,Erik Bray
10.21105/joss.01832,JOSS,66,Jai Rideout
10.21105/joss.01832,JOSS,67,Serge Zahniy
10.21105/joss.01832,JOSS,68,Tomas Meszaros
10.21105/joss.01832,JOSS,69,Abhigyan Bose
10.21105/joss.01832,JOSS,70,André Chicrala
10.21105/joss.01832,JOSS,71,Ankit No Last Name
10.21105/joss.01832,JOSS,72,Chloé Guennou
10.21105/joss.01832,JOSS,73,Daniel D’Avella
10.21105/joss.01832,JOSS,74,Daniel Williams
10.21105/joss.01832,JOSS,75,Jordan Ballew
10.21105/joss.01832,JOSS,76,Nick Murphy
10.21105/joss.01832,JOSS,77,Priyank Lodha
10.21105/joss.01832,JOSS,78,Thomas Robitaille
10.21105/joss.01832,JOSS,79,Yash Krishan
10.21105/joss.01832,JOSS,80,Andrew Hill
10.21105/joss.01832,JOSS,81,Arthur Eigenbrot
10.21105/joss.01832,JOSS,82,Benjamin Mampaey
10.21105/joss.01832,JOSS,83,Bernhard Wiedemann
10.21105/joss.01832,JOSS,84,Carlos Molina
10.21105/joss.01832,JOSS,85,Duygu Keşkek
10.21105/joss.01832,JOSS,86,Ishtyaq Habib
10.21105/joss.01832,JOSS,87,Joseph Letts
10.21105/joss.01832,JOSS,88,Juanjo Bazán
10.21105/joss.01832,JOSS,89,Quinn Arbolante
10.21105/joss.01832,JOSS,90,Reid Gomillion
10.21105/joss.01832,JOSS,91,Yash Kothari
10.21105/joss.01832,JOSS,92,Yash Sharma
10.21105/joss.01832,JOSS,93,Abigail Stevens
10.21105/joss.01832,JOSS,94,Adrian Price-Whelan
10.21105/joss.01832,JOSS,95,Ambar Mehrotra
10.21105/joss.01832,JOSS,96,Arseniy Kustov
10.21105/joss.01832,JOSS,97,Brandon Stone
10.21105/joss.01832,JOSS,98,Trung Dang
10.21105/joss.01832,JOSS,99,Emmanuel Arias
10.21105/joss.01832,JOSS,100,Fionnlagh Dover
10.21105/joss.01832,JOSS,101,Freek Verstringe
10.21105/joss.01832,JOSS,102,Gulshan Kumar
10.21105/joss.01832,JOSS,103,Harsh Mathur
10.21105/joss.01832,JOSS,104,Igor Babuschkin
10.21105/joss.01832,JOSS,105,Jaylen Wimbish
10.21105/joss.01832,JOSS,106,Juan Buitrago-Casas
10.21105/joss.01832,JOSS,107,Kalpesh Krishna
10.21105/joss.01832,JOSS,108,Kaustubh Hiware
10.21105/joss.01832,JOSS,109,Manas Mangaonkar
10.21105/joss.01832,JOSS,110,Matthew Mendero
10.21105/joss.01832,JOSS,111,Mickaël Schoentgen
10.21105/joss.01832,JOSS,112,Norbert Gyenge
10.21105/joss.01832,JOSS,113,Ole Streicher
10.21105/joss.01832,JOSS,114,Rajasekhar Mekala
10.21105/joss.01832,JOSS,115,Rishabh Mishra
10.21105/joss.01832,JOSS,116,Shashank Srikanth
10.21105/joss.01832,JOSS,117,Sarthak Jain
10.21105/joss.01832,JOSS,118,Tannmay Yadav
10.21105/joss.01832,JOSS,119,Tessa Wilkinson
10.21105/joss.01832,JOSS,120,Tiago Pereira
10.21105/joss.01832,JOSS,121,Yudhik Agrawal
10.21105/joss.01832,JOSS,122,Jamescalixto No Last Name
10.21105/joss.01832,JOSS,123,Yasintoda No Last Name
10.21105/joss.01832,JOSS,124,Sophie Murray
10.21105/joss.10089,JOSS,1,Oskar Modin
10.21105/joss.10189,JOSS,1,Ali Çağan Kaya
10.21105/joss.07425,JOSS,1,Nikita Kavokine
10.21105/joss.07425,JOSS,2,Hao Lu
10.21105/joss.07425,JOSS,3,Thomas Ayral
10.21105/joss.07425,JOSS,4,Michel Ferrero
10.21105/joss.07425,JOSS,5,Nils Wentzell
10.21105/joss.07425,JOSS,6,Olivier Parcollet
10.21105/joss.05751,JOSS,1,Diego Hernangómez
10.21105/joss.01506,JOSS,1,Mattia Almansi
10.21105/joss.01506,JOSS,2,Renske Gelderloos
10.21105/joss.01506,JOSS,3,Thomas Haine
10.21105/joss.01506,JOSS,4,Atousa Saberi
10.21105/joss.01506,JOSS,5,Ali Siddiqui
10.21105/joss.08765,JOSS,1,Jan P. Hackstein
10.21105/joss.08765,JOSS,2,Eva Hackmann
10.21105/joss.04296,JOSS,1,Martin Larralde
10.21105/joss.01518,JOSS,1,Xavier Olive
10.21105/joss.06235,JOSS,1,Michael J. Roach
10.21105/joss.06235,JOSS,2,Bradley J. Hart
10.21105/joss.06235,JOSS,3,Sarah J. Beecroft
10.21105/joss.06235,JOSS,4,Bhavya Papudeshi
10.21105/joss.06235,JOSS,5,Laura K. Inglis
10.21105/joss.06235,JOSS,6,Susanna R. Grigson
10.21105/joss.06235,JOSS,7,Vijini Mallawaarachchi
10.21105/joss.06235,JOSS,8,George Bouras
10.21105/joss.06235,JOSS,9,Robert A. Edwards
10.21105/joss.00058,JOSS,1,Kyle Barbary
10.21105/joss.02521,JOSS,1,Markus Steiner
10.21105/joss.02521,JOSS,2,Silvia Grieder
10.21105/joss.02695,JOSS,1,Milica Grahovac
10.21105/joss.02695,JOSS,2,Katie Coughlin
10.21105/joss.02695,JOSS,3,Hannes Gerhart
10.21105/joss.02695,JOSS,4,Robert Hosbach
10.21105/joss.07165,JOSS,1,Lucas Korol
10.21105/joss.07165,JOSS,2,Robert J. Green
10.21105/joss.07165,JOSS,3,Jesus P. Curbelo
10.21105/joss.07165,JOSS,4,Raymond J. Spiteri
10.21105/joss.02798,JOSS,1,Ashkbiz Danehkar
10.21105/joss.00382,JOSS,1,Pradeep Reddy Raamana
10.21105/joss.00382,JOSS,2,Stephen C. Strother
10.21105/joss.02287,JOSS,1,Marine Martin-Lagarde
10.21105/joss.02287,JOSS,2,Christophe Cossou
10.21105/joss.02287,JOSS,3,René Gastaud
10.21105/joss.03452,JOSS,1,Philippe Rast
10.21105/joss.03452,JOSS,2,Stephen Martin
10.21105/joss.01493,JOSS,1,George Yon
10.21105/joss.01493,JOSS,2,Paul Marjoram
10.21105/joss.00017,JOSS,1,Zhao Zhang
10.21105/joss.00017,JOSS,2,Daniel S. Katz
10.21105/joss.00017,JOSS,3,Andre Merzky
10.21105/joss.00017,JOSS,4,Matteo Turilli
10.21105/joss.00017,JOSS,5,Shantenu Jha
10.21105/joss.00017,JOSS,6,Yadu Nand
10.21105/joss.02583,JOSS,1,John Zobolas
10.21105/joss.02583,JOSS,2,Martin Kuiper
10.21105/joss.02583,JOSS,3,Åsmund Flobak
10.21105/joss.00029,JOSS,1,Christian T. Jacobs
10.21105/joss.00029,JOSS,2,Alexandros Avdis
10.21105/joss.03679,JOSS,1,Ariane Sasso
10.21105/joss.03679,JOSS,2,Jost Morgenstern
10.21105/joss.03679,JOSS,3,Felix Musmann
10.21105/joss.03679,JOSS,4,Bert Arnrich
10.21105/joss.03211,JOSS,1,Francisco Costa
10.21105/joss.03211,JOSS,2,Andrew Clifton
10.21105/joss.03211,JOSS,3,Nikola Vasiljevic
10.21105/joss.03211,JOSS,4,Ines Würth
10.21105/joss.03668,JOSS,1,Qibang Liu
10.21105/joss.03668,JOSS,2,X.j. Xin
10.21105/joss.08341,JOSS,1,Zhiang He
10.21105/joss.07588,JOSS,1,Lasse B. Anderson
10.21105/joss.07588,JOSS,2,Roberto Agromayor
10.21105/joss.07588,JOSS,3,Fredrik Haglind
10.21105/joss.07588,JOSS,4,Lars O. Nord
10.21105/joss.08301,JOSS,1,Taher Chegini
10.21105/joss.06032,JOSS,1,Deborah Ferguson
10.21105/joss.06032,JOSS,2,Surendra Anne
10.21105/joss.06032,JOSS,3,Miguel Gracia-Linares
10.21105/joss.06032,JOSS,4,Hector Iglesias
10.21105/joss.06032,JOSS,5,Aasim Jan
10.21105/joss.06032,JOSS,6,Erick Martinez
10.21105/joss.06032,JOSS,7,Lu Lu
10.21105/joss.06032,JOSS,8,Filippo Meoni
10.21105/joss.06032,JOSS,9,Ryan Nowicki
10.21105/joss.06032,JOSS,10,Max L. Trostel
10.21105/joss.06032,JOSS,11,Bing-Jyun Tsao
10.21105/joss.06032,JOSS,12,Finny Valorz
10.21105/joss.06453,JOSS,1,Pierre J. Walker
10.21105/joss.06453,JOSS,2,Andrés Riedemann
10.21105/joss.06453,JOSS,3,Zhen-Gang Wang
10.21105/joss.08832,JOSS,1,Connor Makowski
10.21105/joss.08832,JOSS,2,Willem Guter
10.21105/joss.08832,JOSS,3,Timothy Russell
10.21105/joss.04740,JOSS,1,Cosima Meyer
10.21105/joss.04740,JOSS,2,Dennis Hammerschmidt
10.21105/joss.04825,JOSS,1,Stephan Druskat
10.21105/joss.04825,JOSS,2,Thomas Krause
10.21105/joss.04825,JOSS,3,Clara Lachenmaier
10.21105/joss.04825,JOSS,4,Bastian Bunzeck
10.21105/joss.05293,JOSS,1,Johan Hidding
10.21105/joss.05293,JOSS,2,Pablo Rodríguez-Sánchez
10.21105/joss.05294,JOSS,1,Luciano Lorenti
10.21105/joss.05294,JOSS,2,Gian Antonio Susto
10.21105/joss.05143,JOSS,1,Qi Cui
10.21105/joss.05143,JOSS,2,Joshua P. Le
10.21105/joss.05143,JOSS,3,Albert Chai
10.21105/joss.05143,JOSS,4,Andrew S. Lee Without ORCID
10.21105/joss.05143,JOSS,5,Jitarth Sheth Without ORCID
10.21105/joss.05143,JOSS,6,Kevin Banh Without ORCID
10.21105/joss.05143,JOSS,7,Priya Pahal Without ORCID
10.21105/joss.05143,JOSS,8,Katherine Ly Without ORCID
10.21105/joss.05143,JOSS,9,Stanley M. Lo
10.21105/joss.07319,JOSS,1,Igor Dornelles Schoeller Siciliani
10.21105/joss.07319,JOSS,2,Paulo Henrique dos Santos
10.21105/joss.06757,JOSS,1,Emiko Soroka
10.21105/joss.06757,JOSS,2,Mykel J. Kochenderfer
10.21105/joss.06757,JOSS,3,Sanjay Lall
10.21105/joss.06548,JOSS,1,Huzaifa Mustafa Unjhawala
10.21105/joss.06548,JOSS,2,Ishaan Mahajan
10.21105/joss.06548,JOSS,3,Radu Serban
10.21105/joss.06548,JOSS,4,Dan Negrut
10.21105/joss.06645,JOSS,1,Gordon D. Webster
10.21105/joss.06645,JOSS,2,Alexander K. Lancaster
10.21105/joss.03888,JOSS,1,Margaret C. Siple
10.21105/joss.03888,JOSS,2,André E. Punt
10.21105/joss.03888,JOSS,3,Tessa B. Francis
10.21105/joss.03888,JOSS,4,Philip S. Hammond
10.21105/joss.03888,JOSS,5,Dennis Heinemann
10.21105/joss.03888,JOSS,6,Kristy J. Long
10.21105/joss.03888,JOSS,7,Jeffrey Moore
10.21105/joss.03888,JOSS,8,Maritza Sepúlveda
10.21105/joss.03888,JOSS,9,Randall R. Reeves
10.21105/joss.03888,JOSS,10,Guðjón Már Sigurðsson
10.21105/joss.03888,JOSS,11,Gísli Víkingsson
10.21105/joss.03888,JOSS,12,Paul R. Wade
10.21105/joss.03888,JOSS,13,Rob Williams
10.21105/joss.03888,JOSS,14,Alexandre N. Zerbini
10.21105/joss.04151,JOSS,1,Théo Matricon
10.21105/joss.04151,JOSS,2,Nathanaël Fijalkow
10.21105/joss.04151,JOSS,3,Guillaume Lagarde
10.21105/joss.04151,JOSS,4,Kevin Ellis
10.21105/joss.03428,JOSS,1,Christopher R. Wentland
10.21105/joss.03428,JOSS,2,Karthik Duraisamy
10.21105/joss.08754,JOSS,1,Linus Leo Stöckli
10.21105/joss.08754,JOSS,2,Arnaud Demion
10.21105/joss.08754,JOSS,3,Nicolas Thomas
10.21105/joss.04113,JOSS,1,Jeremie Coullon
10.21105/joss.04113,JOSS,2,Christopher Nemeth
10.21105/joss.04181,JOSS,1,David McCoy
10.21105/joss.04181,JOSS,2,Alan Hubbard
10.21105/joss.04181,JOSS,3,Mark Van der Laan
10.21105/joss.04242,JOSS,1,Cristiane Hayumi Taniguti
10.21105/joss.04242,JOSS,2,Gabriel de Siqueira Gesteira
10.21105/joss.04242,JOSS,3,Jeekin Lau
10.21105/joss.04242,JOSS,4,Guilherme da Silva Pereira
10.21105/joss.04242,JOSS,5,Zhao-Bang Zeng
10.21105/joss.04242,JOSS,6,David Byrne
10.21105/joss.04242,JOSS,7,Oscar Riera-Lizarazu
10.21105/joss.04242,JOSS,8,Marcelo Mollinari
10.21105/joss.08839,JOSS,1,Karl Ropkins
10.21105/joss.08839,JOSS,2,Anthony Walker
10.21105/joss.08839,JOSS,3,Ian Philips
10.21105/joss.08839,JOSS,4,Christopher E. Rushton
10.21105/joss.08839,JOSS,5,Tony Clark
10.21105/joss.08839,JOSS,6,James E. Tate
10.21105/joss.00231,JOSS,1,Abhinav Tushar
10.21105/joss.00231,JOSS,2,Nicholas G Reich
10.21105/joss.01591,JOSS,1,Diego Kiedanski
10.21105/joss.01591,JOSS,2,Daniel Kofman
10.21105/joss.01591,JOSS,3,José Horta
10.21105/joss.09000,JOSS,1,Alasdair Neil Warwick
10.21105/joss.09000,JOSS,2,Abraham Olvera-Barrios
10.21105/joss.09000,JOSS,3,Chuin Ying Ung
10.21105/joss.09000,JOSS,4,Robert Luben
10.21105/joss.07019,JOSS,1,Patrick Cole
10.21105/joss.02106,JOSS,1,Phil Snyder
10.21105/joss.02106,JOSS,2,Meghasyam Tummalacherla
10.21105/joss.02106,JOSS,3,Thanneer Perumal
10.21105/joss.02106,JOSS,4,Larsson Omberg
10.21105/joss.06644,JOSS,1,Thomas Guillod
10.21105/joss.06644,JOSS,2,Charles R. Sullivan
10.21105/joss.08259,JOSS,1,Kevin Co
10.21105/joss.08259,JOSS,2,Amedeo Ceglia
10.21105/joss.08259,JOSS,3,Mickael Begon
10.21105/joss.07697,JOSS,1,Eva Alonso-Epelde
10.21105/joss.07697,JOSS,2,Clàudia Rodés-Bachs
10.21105/joss.03040,JOSS,1,Yaron Gvili
10.21105/joss.08550,JOSS,1,Simone R. Hagey
10.21105/joss.08550,JOSS,2,Aaron Boley
10.21105/joss.04336,JOSS,1,Kendall L. Mongird
10.21105/joss.04336,JOSS,2,Konstantinos Oikonomou
10.21105/joss.04336,JOSS,3,Juliet S. Homer
10.21105/joss.04336,JOSS,4,Jennie S. Rice
10.21105/joss.02444,JOSS,1,Berenger Bramas
10.21105/joss.07797,JOSS,1,Daniel Schuch
10.21105/joss.04568,JOSS,1,Matthew Pitkin
10.21105/joss.04722,JOSS,1,Thilo Balke
10.21105/joss.04722,JOSS,2,Fernando Davis
10.21105/joss.04722,JOSS,3,Cristina Garcia-Cardona
10.21105/joss.04722,JOSS,4,Soumendu Majee
10.21105/joss.04722,JOSS,5,Michael McCann
10.21105/joss.04722,JOSS,6,Luke Pfister
10.21105/joss.04722,JOSS,7,Brendt Wohlberg
10.21105/joss.00809,JOSS,1,Nathan J. Goldbaum
10.21105/joss.00809,JOSS,2,John A. ZuHone
10.21105/joss.00809,JOSS,3,Matthew J. Turk
10.21105/joss.00809,JOSS,4,Kacper Kowalik
10.21105/joss.00809,JOSS,5,Anna L. Rosen
10.21105/joss.09925,JOSS,1,Žiga Stupan
10.21105/joss.09925,JOSS,2,Tilen Hliš
10.21105/joss.09925,JOSS,3,Iztok Fister Jr.
10.21105/joss.05879,JOSS,1,Pablo Timoner
10.21105/joss.05879,JOSS,2,Fleur Hierink
10.21105/joss.05879,JOSS,3,Loïc Baecher
10.21105/joss.05879,JOSS,4,Caroline Fuhrer
10.21105/joss.05879,JOSS,5,Nicolas Ray
10.21105/joss.02948,JOSS,1,Krzysztof Dyba
10.21105/joss.02948,JOSS,2,Jakub Nowosad
10.21105/joss.03323,JOSS,1,Anna Jenul
10.21105/joss.03323,JOSS,2,Stefan Schrunner
10.21105/joss.03323,JOSS,3,Bao Huynh
10.21105/joss.03323,JOSS,4,Oliver Tomic
10.21105/joss.02891,JOSS,1,Markus Jonsson
10.21105/joss.02891,JOSS,2,Stefano Ghirlanda
10.21105/joss.02891,JOSS,3,Johan Lind
10.21105/joss.02891,JOSS,4,Vera Vinken
10.21105/joss.02891,JOSS,5,Magnus Enquist
10.21105/joss.08865,JOSS,1,Rohit Chowdhury
10.21105/joss.08865,JOSS,2,Nipun Arora
10.21105/joss.08865,JOSS,3,Ashish Pathak
10.21105/joss.09494,JOSS,1,Amit Lavon
10.21105/joss.06713,JOSS,1,Pamphile T. Roy
10.21105/joss.06713,JOSS,2,Mariia Kozlova
10.21105/joss.04916,JOSS,1,Ka Yiu Hui
10.21105/joss.04916,JOSS,2,Chris HC. Nguyen
10.21105/joss.04916,JOSS,3,Go Nam Lui
10.21105/joss.04916,JOSS,4,Rhea P. Liem
10.21105/joss.09410,JOSS,1,Muhammad Haider Khan Lodhi
10.21105/joss.09410,JOSS,2,Christoph Hertzberg
10.21105/joss.09410,JOSS,3,Arne Böckmann
10.21105/joss.09410,JOSS,4,Janosch Machowinski
10.21105/joss.02969,JOSS,1,Kevin Kramer
10.21105/joss.02969,JOSS,2,Johan Chang
10.21105/joss.00224,JOSS,1,Marie E. Rognes
10.21105/joss.00224,JOSS,2,Patrick E. Farrell
10.21105/joss.00224,JOSS,3,Simon W. Funke
10.21105/joss.00224,JOSS,4,Johan E. Hake
10.21105/joss.00224,JOSS,5,Molly M. C. Maleckar
10.21105/joss.06611,JOSS,1,Rafael Bailo
10.21105/joss.06611,JOSS,2,Alethea Barbaro
10.21105/joss.06611,JOSS,3,Susana N. Gomes
10.21105/joss.06611,JOSS,4,Konstantin Riedl
10.21105/joss.06611,JOSS,5,Tim Roith
10.21105/joss.06611,JOSS,6,Claudia Totzeck
10.21105/joss.06611,JOSS,7,Urbain Vaes
10.21105/joss.02181,JOSS,1,Jonas Rieger
10.21105/joss.08637,JOSS,1,Adam Santorelli
10.21105/joss.08637,JOSS,2,Freymon Perez
10.21105/joss.08637,JOSS,3,Reinder Vos de Wael
10.21105/joss.08637,JOSS,4,Florian Rupprecht
10.21105/joss.08637,JOSS,5,John Vito d’Antonio-Bertagnolli
10.21105/joss.08637,JOSS,6,Alexandre Franco
10.21105/joss.08637,JOSS,7,Gregory Kiar
10.21105/joss.05124,JOSS,1,Yingjie Li
10.21105/joss.05124,JOSS,2,Veronica F. Frans
10.21105/joss.05124,JOSS,3,Yongze Song
10.21105/joss.05124,JOSS,4,Meng Cai
10.21105/joss.05124,JOSS,5,Yuqian Zhang
10.21105/joss.05124,JOSS,6,Jianguo Liu
10.21105/joss.08299,JOSS,1,Shihui Feng
10.21105/joss.08299,JOSS,2,Baiyue He
10.21105/joss.08299,JOSS,3,Alec Kirkley
10.21105/joss.07538,JOSS,1,Mengqi Zhao
10.21105/joss.07538,JOSS,2,Stephanie T. Morris
10.21105/joss.07538,JOSS,3,Claudia Tebaldi
10.21105/joss.07538,JOSS,4,Abigail Snyder
10.21105/joss.00790,JOSS,1,Shaun P. Wilkinson
10.21105/joss.00790,JOSS,2,Simon K. Davy
10.21105/joss.07937,JOSS,1,Clay J. Morrow
10.21105/joss.07937,JOSS,2,Anthony R. Ives
10.21105/joss.05986,JOSS,1,Adrian Niemann
10.21105/joss.05986,JOSS,2,Dmitry Puzyrev
10.21105/joss.05986,JOSS,3,Ralf Stannarius
10.21105/joss.04483,JOSS,1,Jeremy J. Webb
10.21105/joss.00656,JOSS,1,Tobias C Wood
10.21105/joss.07313,JOSS,1,Jochen Nießer
10.21105/joss.07313,JOSS,2,Michael Osthege
10.21105/joss.07313,JOSS,3,Eric von Lieres
10.21105/joss.07313,JOSS,4,Wolfgang Wiechert
10.21105/joss.07313,JOSS,5,Stephan Noack
10.21105/joss.04565,JOSS,1,Jan Leppert
10.21105/joss.03594,JOSS,1,Dan E. Kelley
10.21105/joss.03594,JOSS,2,Clark Richards
10.21105/joss.03594,JOSS,3,Chantelle Layton
10.21105/joss.01544,JOSS,1,Ben Mather
10.21105/joss.01544,JOSS,2,Robert Delhaye
10.21105/joss.07013,JOSS,1,Benjamin B. Ye
10.21105/joss.07013,JOSS,2,Pierre J. Walker
10.21105/joss.07013,JOSS,3,Zhen-Gang Wang
10.21105/joss.00151,JOSS,1,Antti Kamppi
10.21105/joss.00151,JOSS,2,Esko Pekkarinen
10.21105/joss.00151,JOSS,3,Janne Virtanen
10.21105/joss.00151,JOSS,4,Joni-Matti Määttä
10.21105/joss.00151,JOSS,5,Juho Järvinen
10.21105/joss.00151,JOSS,6,Lauri Matilainen
10.21105/joss.00151,JOSS,7,Mikko Teuho
10.21105/joss.00151,JOSS,8,Timo D. Hämäläinen
10.21105/joss.07656,JOSS,1,Dag P. Pasca
10.21105/joss.07656,JOSS,2,Diego Federico Margoni
10.21105/joss.07243,JOSS,1,Firas A. Khasawneh
10.21105/joss.07243,JOSS,2,Elizabeth Munch
10.21105/joss.07243,JOSS,3,Danielle Barnes
10.21105/joss.07243,JOSS,4,Max M. Chumley
10.21105/joss.07243,JOSS,5,İsmail Güzel
10.21105/joss.07243,JOSS,6,Audun D. Myers
10.21105/joss.07243,JOSS,7,Sunia Tanweer
10.21105/joss.07243,JOSS,8,Sarah Tymochko
10.21105/joss.07243,JOSS,9,Melih Yesilli
10.21105/joss.03471,JOSS,1,Thomas Goelles
10.21105/joss.03471,JOSS,2,Birgit Schlager
10.21105/joss.03471,JOSS,3,Stefan Muckenhuber
10.21105/joss.03471,JOSS,4,Sarah Haas
10.21105/joss.03471,JOSS,5,Tobias Hammer
10.21105/joss.09943,JOSS,1,Samuel M. Weaver
10.21105/joss.09943,JOSS,2,Scott Warren
10.21105/joss.09056,JOSS,1,Joshua M. Allen
10.21105/joss.09056,JOSS,2,Keshav R. Gandhi
10.21105/joss.09056,JOSS,3,Raghid Alhazmy
10.21105/joss.09056,JOSS,4,Yash Wasnik
10.21105/joss.09056,JOSS,5,Christina E. Fliege
10.21105/joss.06888,JOSS,1,Shaun David Brocus Fell
10.21105/joss.06888,JOSS,2,Lavinia Heisenberg
10.21105/joss.02165,JOSS,1,Lukas Riedel
10.21105/joss.02165,JOSS,2,Benjamin Herdeanu
10.21105/joss.02165,JOSS,3,Harald Mack
10.21105/joss.02165,JOSS,4,Yunus Sevinchan
10.21105/joss.02165,JOSS,5,Julian Weninger
10.21105/joss.04368,JOSS,1,Jeryn Chang
10.21105/joss.04368,JOSS,2,Frederik Steyn
10.21105/joss.04368,JOSS,3,Shyuan Ngo
10.21105/joss.04368,JOSS,4,Robert Henderson
10.21105/joss.04368,JOSS,5,Christine Guo
10.21105/joss.04368,JOSS,6,Steffen Bollmann
10.21105/joss.04368,JOSS,7,Jurgen Fripp
10.21105/joss.04368,JOSS,8,Markus Barth
10.21105/joss.04368,JOSS,9,Thomas Shaw
10.21105/joss.03675,JOSS,1,Michael Grudić
10.21105/joss.03675,JOSS,2,Alexander Gurvich
10.21105/joss.01705,JOSS,1,Brajesh Gupt
10.21105/joss.01705,JOSS,2,Josh Izaac
10.21105/joss.01705,JOSS,3,Nicolás Quesada
10.21105/joss.09572,JOSS,1,Juan M. Moreno
10.21105/joss.07953,JOSS,1,Zoltán Sylvester
10.21105/joss.07953,JOSS,2,Daniel F. Stockli
10.21105/joss.07953,JOSS,3,Nick Howes
10.21105/joss.07953,JOSS,4,Kalinda Roberts
10.21105/joss.07953,JOSS,5,Matthew A. Malkowski
10.21105/joss.07953,JOSS,6,Zsófia Poros
10.21105/joss.07953,JOSS,7,Rowan C. Martindale
10.21105/joss.07953,JOSS,8,Wilson Bai
10.21105/joss.02868,JOSS,1,Charley Gros
10.21105/joss.02868,JOSS,2,Andreanne Lemay
10.21105/joss.02868,JOSS,3,Olivier Vincent
10.21105/joss.02868,JOSS,4,Lucas Rouhier
10.21105/joss.02868,JOSS,5,Marie-Helene Bourget
10.21105/joss.02868,JOSS,6,Anthime Bucquet
10.21105/joss.02868,JOSS,7,Joseph Cohen
10.21105/joss.02868,JOSS,8,Julien Cohen-Adad
10.21105/joss.07881,JOSS,1,Samuel Leweke
10.21105/joss.07881,JOSS,2,Jan Breuer
10.21105/joss.07881,JOSS,3,Johannes Schmölder
10.21105/joss.07881,JOSS,4,Ronald Jäpel
10.21105/joss.07881,JOSS,5,Hannah Lanzrath
10.21105/joss.07881,JOSS,6,Jayghosh Rao
10.21105/joss.07881,JOSS,7,Jazib Hassan
10.21105/joss.07881,JOSS,8,Wendi Zhang
10.21105/joss.07881,JOSS,9,Antonia Berger
10.21105/joss.07881,JOSS,10,William Heymann
10.21105/joss.07881,JOSS,11,Eric von Lieres
10.21105/joss.05268,JOSS,1,Thomas Donoghue
10.21105/joss.05268,JOSS,2,Sandra Maesta-Pereira
10.21105/joss.05268,JOSS,3,Claire Zhixian Han
10.21105/joss.05268,JOSS,4,Salman Ehtesham Qasim
10.21105/joss.05268,JOSS,5,Joshua Jacobs
10.21105/joss.02061,JOSS,1,J. Paez
10.21105/joss.02061,JOSS,2,Michael Wendt
10.21105/joss.02061,JOSS,3,Nadia Lanman
10.21105/joss.04622,JOSS,1,Marco Benedetti
10.21105/joss.04622,JOSS,2,Gennaro Catapano
10.21105/joss.04622,JOSS,3,Francesco De Sclavis
10.21105/joss.04622,JOSS,4,Marco Favorito
10.21105/joss.04622,JOSS,5,Aldo Glielmo
10.21105/joss.04622,JOSS,6,Davide Magnanimi
10.21105/joss.04622,JOSS,7,Antonio Muci
10.21105/joss.05187,JOSS,1,Alexis Montoison
10.21105/joss.05187,JOSS,2,Dominique Orban
10.21105/joss.01012,JOSS,1,Simon Barthelmé
10.21105/joss.01012,JOSS,2,David Tschumperlé
10.21105/joss.05162,JOSS,1,Nicholas W. Landry
10.21105/joss.05162,JOSS,2,Maxime Lucas
10.21105/joss.05162,JOSS,3,Iacopo Iacopini
10.21105/joss.05162,JOSS,4,Giovanni Petri
10.21105/joss.05162,JOSS,5,Alice Schwarze
10.21105/joss.05162,JOSS,6,Alice Patania
10.21105/joss.05162,JOSS,7,Leo Torres
10.21105/joss.05236,JOSS,1,Edward A. Roualdes
10.21105/joss.05236,JOSS,2,Brian Ward
10.21105/joss.05236,JOSS,3,Bob Carpenter
10.21105/joss.05236,JOSS,4,Adrian Seyboldt
10.21105/joss.05236,JOSS,5,Seth D. Axen
10.21105/joss.09695,JOSS,1,Arzoo Patel
10.21105/joss.09695,JOSS,2,Mohit Thakur
10.21105/joss.09695,JOSS,3,Justin Kim
10.21105/joss.09695,JOSS,4,Peyton Smith
10.21105/joss.09695,JOSS,5,Lee S. Katz
10.21105/joss.09695,JOSS,6,Curtis Kapsak
10.21105/joss.09695,JOSS,7,Jessica Chen
10.21105/joss.06670,JOSS,1,Guillaume Fieni
10.21105/joss.06670,JOSS,2,Daniel Romero Acero
10.21105/joss.06670,JOSS,3,Pierre Rust
10.21105/joss.06670,JOSS,4,Romain Rouvoy
10.21105/joss.02071,JOSS,1,Aaron Wolen
10.21105/joss.02071,JOSS,2,Chris Hartgerink
10.21105/joss.02071,JOSS,3,Ryan Hafen
10.21105/joss.02071,JOSS,4,Brian Richards
10.21105/joss.02071,JOSS,5,Courtney Soderberg
10.21105/joss.02071,JOSS,6,Timothy York
10.21105/joss.02582,JOSS,1,Steven Murray
10.21105/joss.02582,JOSS,2,Bradley Greig
10.21105/joss.02582,JOSS,3,Andrei Mesinger
10.21105/joss.02582,JOSS,4,Julian Muñoz
10.21105/joss.02582,JOSS,5,Yuxiang Qin
10.21105/joss.02582,JOSS,6,Jaehong Park
10.21105/joss.02582,JOSS,7,Catherine Watkinson
10.21105/joss.03021,JOSS,1,Michael Waskom
10.21105/joss.01992,JOSS,1,Suliman Sharif
10.21105/joss.00351,JOSS,1,Juanjo Bazán
10.21105/joss.00351,JOSS,2,Oscar Gonzalez-Recio
10.21105/joss.00363,JOSS,1,Philipp S Sommer
10.21105/joss.00616,JOSS,1,Daniel Amsel
10.21105/joss.00616,JOSS,2,André Billion
10.21105/joss.00616,JOSS,3,Andreas Vilcinskas
10.21105/joss.00616,JOSS,4,Frank Förster
10.21105/joss.03322,JOSS,1,Nguyen Huynh
10.21105/joss.03322,JOSS,2,Sergio Béjar
10.21105/joss.03322,JOSS,3,Vineeta Yadav
10.21105/joss.03322,JOSS,4,Bumba Mukherjee
10.21105/joss.01006,JOSS,1,Nicolas Granger
10.21105/joss.01006,JOSS,2,Mounîm Yacoubi
10.21105/joss.01287,JOSS,1,Arman Oganisian
10.21105/joss.01044,JOSS,1,Dave Kinkead
10.21105/joss.01044,JOSS,2,Deborah Brown
10.21105/joss.01044,JOSS,3,Peter Ellerton
10.21105/joss.01044,JOSS,4,Claudio Mazzola
10.21105/joss.01344,JOSS,1,Erik Wik
10.21105/joss.01344,JOSS,2,Hampus Olin
10.21105/joss.01344,JOSS,3,Caitlin Haughey
10.21105/joss.01344,JOSS,4,Lisa Klasson
10.21105/joss.01344,JOSS,5,Jacques Dainat
10.21105/joss.01545,JOSS,1,Xin Huang
10.21105/joss.01545,JOSS,2,Li Jin
10.21105/joss.01545,JOSS,3,Yungang He
10.21105/joss.01453,JOSS,1,Sambit Dash
10.21105/joss.01882,JOSS,1,Stefanie Lumnitz
10.21105/joss.01882,JOSS,2,Dani Arribas-Bell
10.21105/joss.01882,JOSS,3,Renan Cortes
10.21105/joss.01882,JOSS,4,James Gaboardi
10.21105/joss.01882,JOSS,5,Verena Griess
10.21105/joss.01882,JOSS,6,Wei Kang
10.21105/joss.01882,JOSS,7,Taylor Oshan
10.21105/joss.01882,JOSS,8,Levi Wolf
10.21105/joss.01882,JOSS,9,Sergio Rey
10.21105/joss.01889,JOSS,1,Jiaxin Wang
10.21105/joss.01889,JOSS,2,Tess Jaffe
10.21105/joss.01889,JOSS,3,Torsten Ensslin
10.21105/joss.01889,JOSS,4,Joe Taylor
10.21105/joss.04073,JOSS,1,Max Pumperla
10.21105/joss.04073,JOSS,2,Daniel Cahall
10.21105/joss.08263,JOSS,1,Trevor W. Rife
10.21105/joss.08263,JOSS,2,Chaney Courtney
10.21105/joss.08263,JOSS,3,Prasad Kamath
10.21105/joss.08263,JOSS,4,Bryan Ellerbrock
10.21105/joss.08263,JOSS,5,Jesse A. Poland
10.21105/joss.07948,JOSS,1,Albert Jarvis
10.21105/joss.07948,JOSS,2,Shane D. Ross
10.21105/joss.02048,JOSS,1,Maria Tsantaki
10.21105/joss.02048,JOSS,2,Daniel Andreasen
10.21105/joss.02048,JOSS,3,Guilherme Teixeira
10.21105/joss.01458,JOSS,1,K. Wapman
10.21105/joss.01458,JOSS,2,Daniel Larremore
10.21105/joss.08057,JOSS,1,Filip Wójcik
10.21105/joss.08057,JOSS,2,Marcin Malczewski
10.21105/joss.08136,JOSS,1,Marc Weitz
10.21105/joss.08136,JOSS,2,Shaheen Syed
10.21105/joss.08136,JOSS,3,Alexander Horsch
10.21105/joss.07949,JOSS,1,Paula Rulff
10.21105/joss.06886,JOSS,1,Utpal Singh
10.21105/joss.06886,JOSS,2,Sinan Özaydın
10.21105/joss.06886,JOSS,3,Vasileios Chatzaras
10.21105/joss.06886,JOSS,4,Patrice Rey
10.21105/joss.06434,JOSS,1,Rosie Wood
10.21105/joss.06434,JOSS,2,Kasra Hosseini
10.21105/joss.06434,JOSS,3,Kalle Westerling
10.21105/joss.06434,JOSS,4,Andrew Smith
10.21105/joss.06434,JOSS,5,Kaspar Beelen
10.21105/joss.06434,JOSS,6,Daniel C. S. Wilson
10.21105/joss.06434,JOSS,7,Katherine McDonough
10.21105/joss.08074,JOSS,1,Phong V. V. Le
10.21105/joss.08074,JOSS,2,Geeta Persad
10.21105/joss.08074,JOSS,3,Gabriel Perez
10.21105/joss.08074,JOSS,4,Ifeanyichukwu C. Nduka
10.21105/joss.08074,JOSS,5,William Mobley
10.21105/joss.08074,JOSS,6,Ethan T. Coon
10.21105/joss.00052,JOSS,1,Claudia Vitolo
10.21105/joss.00052,JOSS,2,Peter Wells
10.21105/joss.00052,JOSS,3,Martin Dobias
10.21105/joss.00052,JOSS,4,Wouter Buytaert
10.21105/joss.06964,JOSS,1,Aidan Sun
10.21105/joss.06304,JOSS,1,Martin Kuric
10.21105/joss.06304,JOSS,2,Regina Ebert
10.21105/joss.04080,JOSS,1,Alphons Gwatimba
10.21105/joss.04080,JOSS,2,Joseph Ho
10.21105/joss.04080,JOSS,3,Thomas Iosifidis
10.21105/joss.04080,JOSS,4,Yuliya V. Karpievitch
10.21105/joss.07417,JOSS,1,David Woodburn
10.21105/joss.05420,JOSS,1,Giuseppe Marco Randazzo
10.21105/joss.05658,JOSS,1,Henrik Dvergsdal
10.21105/joss.02507,JOSS,1,Gillian Kant
10.21105/joss.02507,JOSS,2,Christoph Weisser
10.21105/joss.02507,JOSS,3,Benjamin Säfken
10.21105/joss.04762,JOSS,1,Abraham Stroschein
10.21105/joss.04762,JOSS,2,Ian Delgadillo Bonequi
10.21105/joss.04762,JOSS,3,Lucas J. Koerner
10.21105/joss.04896,JOSS,1,Margaret Eminizer
10.21105/joss.04896,JOSS,2,Sam Tabrisky
10.21105/joss.04896,JOSS,3,Amir Sharifzadeh
10.21105/joss.04896,JOSS,4,Christopher DiMarco
10.21105/joss.04896,JOSS,5,Jacob M. Diamond
10.21105/joss.04896,JOSS,6,K. T. Ramesh
10.21105/joss.04896,JOSS,7,Todd C. Hufnagel
10.21105/joss.04896,JOSS,8,Tyrel M. McQueen
10.21105/joss.04896,JOSS,9,David Elbert
10.21105/joss.08182,JOSS,1,Lars Ivar Hatledal
10.21105/joss.02527,JOSS,1,Leevi Kerkelä
10.21105/joss.02527,JOSS,2,Fabio Nery
10.21105/joss.02527,JOSS,3,Matt Hall
10.21105/joss.02527,JOSS,4,Chris Clark
10.21105/joss.06469,JOSS,1,Caleb N. Ellington
10.21105/joss.06469,JOSS,2,Benjamin J. Lengerich
10.21105/joss.06469,JOSS,3,Wesley Lo
10.21105/joss.06469,JOSS,4,Aaron Alvarez
10.21105/joss.06469,JOSS,5,Andrea Rubbi
10.21105/joss.06469,JOSS,6,Manolis Kellis
10.21105/joss.06469,JOSS,7,Eric P. Xing
10.21105/joss.01863,JOSS,1,Jonas Moss
10.21105/joss.03414,JOSS,1,Qiusheng Wu
10.21105/joss.03394,JOSS,1,Xavier Moreno
10.21105/joss.03394,JOSS,2,Staffan Al-Kadhimi
10.21105/joss.03394,JOSS,3,Jonatan Alvelid
10.21105/joss.03394,JOSS,4,Andreas Bodén
10.21105/joss.03394,JOSS,5,Ilaria Testa
10.21105/joss.02481,JOSS,1,Thomas Germer
10.21105/joss.02481,JOSS,2,Tobias Uelwer
10.21105/joss.02481,JOSS,3,Stefan Conrad
10.21105/joss.02481,JOSS,4,Stefan Harmeling
10.21105/joss.09570,JOSS,1,Chul-Moon Yoo
10.21105/joss.09570,JOSS,2,Hirotada Okawa
10.21105/joss.09570,JOSS,3,Albert Escrivà
10.21105/joss.09570,JOSS,4,Tomohiro Harada
10.21105/joss.09570,JOSS,5,Hayami Iizuka
10.21105/joss.09570,JOSS,6,Taishi Ikeda
10.21105/joss.09570,JOSS,7,Yasutaka Koga
10.21105/joss.09570,JOSS,8,Daiki Saito
10.21105/joss.09570,JOSS,9,Masaaki Shimada
10.21105/joss.09570,JOSS,10,Koichiro Uehara
10.21105/joss.03020,JOSS,1,Prashant Jha
10.21105/joss.03020,JOSS,2,Patrick Diehl
10.21105/joss.07390,JOSS,1,Sam El-Kamand
10.21105/joss.07390,JOSS,2,Julian M. W. Quinn
10.21105/joss.07390,JOSS,3,Mark J. Cowley
10.21105/joss.05091,JOSS,1,Amedeo Ceglia
10.21105/joss.05091,JOSS,2,Felipe Verdugo
10.21105/joss.05091,JOSS,3,Mickael Begon
10.21105/joss.02315,JOSS,1,Kai-Cheng Yang
10.21105/joss.02315,JOSS,2,Brian Aronson
10.21105/joss.02315,JOSS,3,Yong-Yeol Ahn
10.21105/joss.07542,JOSS,1,Jonathan Posada Loaiza
10.21105/joss.07542,JOSS,2,Santiago Higuera-Quintero
10.21105/joss.07542,JOSS,3,Alireza Noori
10.21105/joss.07542,JOSS,4,Laleh Mohtashemi
10.21105/joss.07542,JOSS,5,R. P. Hall
10.21105/joss.07542,JOSS,6,Naod Ayalew Yimam
10.21105/joss.07542,JOSS,7,J. Steven Dodge
10.21105/joss.02594,JOSS,1,John Boy
10.21105/joss.06140,JOSS,1,Christopher Marroquin
10.21105/joss.06140,JOSS,2,Jacob Clark
10.21105/joss.06140,JOSS,3,Dorian Portillo
10.21105/joss.06140,JOSS,4,Sanjay Soundarajan
10.21105/joss.06140,JOSS,5,Tram Ngo
10.21105/joss.06140,JOSS,6,Bhavesh Patel
10.21105/joss.06815,JOSS,1,Loïc Dutrieux
10.21105/joss.06815,JOSS,2,Jonas Viehweger
10.21105/joss.08581,JOSS,1,Brandon Runnels
10.21105/joss.08581,JOSS,2,Vinamra Agrawal
10.21105/joss.08581,JOSS,3,Maycon Meier
10.21105/joss.09126,JOSS,1,Yui Kasagi
10.21105/joss.09126,JOSS,2,Hajime Kawahara
10.21105/joss.09126,JOSS,3,Ziying Gu
10.21105/joss.09126,JOSS,4,Teruyuki Hirano
10.21105/joss.09126,JOSS,5,Takayuki Kotani
10.21105/joss.09126,JOSS,6,Masayuki Kuzuhara
10.21105/joss.09126,JOSS,7,Kento Masuda
10.21105/joss.08974,JOSS,1,Kanoa Lindiwe
10.21105/joss.08974,JOSS,2,Joseph Emile Honour Percival
10.21105/joss.08974,JOSS,3,Ryan Perroy
10.21105/joss.05727,JOSS,1,Peerasait Prachaseree
10.21105/joss.05727,JOSS,2,Saeed Mohammadzadeh
10.21105/joss.05727,JOSS,3,Berkin Dortdivanlioglu
10.21105/joss.05727,JOSS,4,Emma Lejeune
10.21105/joss.07713,JOSS,1,Vijini Mallawaarachchi
10.21105/joss.07713,JOSS,2,Anuradha Wickramarachchi
10.21105/joss.07713,JOSS,3,Robert McArthur
10.21105/joss.07713,JOSS,4,Yapeng Lang
10.21105/joss.07713,JOSS,5,Katherine Caley
10.21105/joss.07713,JOSS,6,Gavin Huttley
10.21105/joss.03607,JOSS,1,Olger Siebinga
10.21105/joss.01157,JOSS,1,Justin Alsing
10.21105/joss.09441,JOSS,1,Samuel Alan Kossoff Leeney
10.21105/joss.02668,JOSS,1,Federico Claudi
10.21105/joss.02668,JOSS,2,Luigi Petrucco
10.21105/joss.02668,JOSS,3,Adam Tyson
10.21105/joss.02668,JOSS,4,Tiago Branco
10.21105/joss.02668,JOSS,5,Troy Margrie
10.21105/joss.02668,JOSS,6,Ruben Portugues
10.21105/joss.06313,JOSS,1,Stijn Wittouck
10.21105/joss.06313,JOSS,2,Tim Van Rillaer
10.21105/joss.06313,JOSS,3,Wenke Smets
10.21105/joss.06313,JOSS,4,Sarah Lebeer
10.21105/joss.08051,JOSS,1,Ather Abbas
10.21105/joss.08051,JOSS,2,Sara Iftikhar
10.21105/joss.08051,JOSS,3,Hylke E. Beck
10.21105/joss.03895,JOSS,1,James Duncan
10.21105/joss.03895,JOSS,2,Rush Kapoor
10.21105/joss.03895,JOSS,3,Abhineet Agarwal
10.21105/joss.03895,JOSS,4,Chandan Singh
10.21105/joss.03895,JOSS,5,Bin Yu
10.21105/joss.05028,JOSS,1,Niels A. Wouda
10.21105/joss.05028,JOSS,2,Leon Lan
10.21105/joss.00305,JOSS,1,Mark Padgham
10.21105/joss.00305,JOSS,2,Robin Lovelace
10.21105/joss.00305,JOSS,3,Maëlle Salmon
10.21105/joss.00305,JOSS,4,Bob Rudis
10.21105/joss.01742,JOSS,1,Mayura Patwardhan
10.21105/joss.01742,JOSS,2,Craig Wenger
10.21105/joss.01742,JOSS,3,Eric Davis
10.21105/joss.01742,JOSS,4,Douglas Phanstiel
10.21105/joss.01864,JOSS,1,Daniel Foreman-Mackey
10.21105/joss.01864,JOSS,2,Will Farr
10.21105/joss.01864,JOSS,3,Manodeep Sinha
10.21105/joss.01864,JOSS,4,Anne Archibald
10.21105/joss.01864,JOSS,5,David Hogg
10.21105/joss.01864,JOSS,6,Jeremy Sanders
10.21105/joss.01864,JOSS,7,Joe Zuntz
10.21105/joss.01864,JOSS,8,Peter Williams
10.21105/joss.01864,JOSS,9,Andrew Nelson
10.21105/joss.01864,JOSS,10,Miguel de Val-Borro
10.21105/joss.01864,JOSS,11,Tobias Erhardt
10.21105/joss.01864,JOSS,12,Ilya Pashchenko
10.21105/joss.01864,JOSS,13,Oriol Pla
10.21105/joss.00036,JOSS,1,Michael A Levy
10.21105/joss.02369,JOSS,1,Tom Gustafsson
10.21105/joss.02369,JOSS,2,G. McBain
10.21105/joss.09282,JOSS,1,Hui Ling Wong
10.21105/joss.09282,JOSS,2,Rafael Palacios
10.21105/joss.09282,JOSS,3,Edward Gryspeerdt
10.21105/joss.03898,JOSS,1,Juan Sanchez
10.21105/joss.06083,JOSS,1,Andres R. Tejedor
10.21105/joss.06083,JOSS,2,Ignacio Sanchez-Burgos
10.21105/joss.06083,JOSS,3,Eduardo Sanz
10.21105/joss.06083,JOSS,4,Carlos Vega
10.21105/joss.06083,JOSS,5,Felipe J. Blas
10.21105/joss.06083,JOSS,6,Ruslan L. Davidchack
10.21105/joss.06083,JOSS,7,Nicodemo Di Pasquale
10.21105/joss.06083,JOSS,8,Jorge Ramirez
10.21105/joss.06083,JOSS,9,Jorge R. Espinosa
10.21105/joss.04602,JOSS,1,Rich Townsend
10.21105/joss.04602,JOSS,2,Aaron Lopez
10.21105/joss.07471,JOSS,1,Samuel Rincé
10.21105/joss.07471,JOSS,2,Adrien Banse
10.21105/joss.05039,JOSS,1,Brandon P. Montemuro
10.21105/joss.05039,JOSS,2,Georgy E. Manucharyan
10.21105/joss.08481,JOSS,1,Simon Provost
10.21105/joss.08481,JOSS,2,Alex A. Freitas
10.21105/joss.03884,JOSS,1,Felix Wiebe
10.21105/joss.03884,JOSS,2,Jonathan Babel
10.21105/joss.03884,JOSS,3,Shivesh Kumar
10.21105/joss.03884,JOSS,4,Shubham Vyas
10.21105/joss.03884,JOSS,5,Daniel Harnack
10.21105/joss.03884,JOSS,6,Melya Boukheddimi
10.21105/joss.03884,JOSS,7,Mihaela Popescu
10.21105/joss.03884,JOSS,8,Frank Kirchner
10.21105/joss.07873,JOSS,1,Cassidy M. Wagner
10.21105/joss.07873,JOSS,2,Ara Lee
10.21105/joss.07873,JOSS,3,Brodie Pearson
10.21105/joss.06138,JOSS,1,Martin Huber
10.21105/joss.06138,JOSS,2,Christopher E. Mower
10.21105/joss.06138,JOSS,3,Sebastien Ourselin
10.21105/joss.06138,JOSS,4,Tom Vercauteren
10.21105/joss.06138,JOSS,5,Christos Bergeles
10.21105/joss.02991,JOSS,1,Eike Steinig
10.21105/joss.02991,JOSS,2,Lachlan Coin
10.21105/joss.00506,JOSS,1,Kevin M Moerman
10.21105/joss.01193,JOSS,1,Andrew Jones
10.21105/joss.01193,JOSS,2,Jessica Bagnall
10.21105/joss.01193,JOSS,3,Hien Nguyen
10.21105/joss.01005,JOSS,1,Sébastien Li-Thiao-Té
10.21105/joss.02599,JOSS,1,Taylor Brown
10.21105/joss.00340,JOSS,1,Ashlee N. Ford Versypt
10.21105/joss.00340,JOSS,2,Grace K. Harrell
10.21105/joss.00340,JOSS,3,Alexandra N. McPeak
10.21105/joss.00437,JOSS,1,Ilja Honkonen
10.21105/joss.02812,JOSS,1,Jérôme Buisine
10.21105/joss.02812,JOSS,2,Samuel Delepoulle
10.21105/joss.02812,JOSS,3,Christophe Renaud
10.21105/joss.00408,JOSS,1,Andrew P Smith
10.21105/joss.02849,JOSS,1,Antonello Lobianco
10.21105/joss.03249,JOSS,1,Nhat Tran
10.21105/joss.03249,JOSS,2,Jean Gao
10.21105/joss.00660,JOSS,1,Amelia Ortiz-Gil
10.21105/joss.00660,JOSS,2,Jordi Burguet-Castell
10.21105/joss.03348,JOSS,1,Andrew Hails
10.21105/joss.03348,JOSS,2,Adam Day
10.21105/joss.00892,JOSS,1,Ali Kamandi
10.21105/joss.00892,JOSS,2,Hamed Karimi
10.21105/joss.03274,JOSS,1,Cyrille Lavigne
10.21105/joss.03274,JOSS,2,Alán Aspuru-Guzik
10.21105/joss.03659,JOSS,1,Dewey Dunnington
10.21105/joss.03659,JOSS,2,Jaimie Harbin
10.21105/joss.03659,JOSS,3,Dan Kelley
10.21105/joss.03659,JOSS,4,Clark Richards
10.21105/joss.03719,JOSS,1,Arne Tillmann
10.21105/joss.03719,JOSS,2,Anton Thielmann
10.21105/joss.03719,JOSS,3,Gillian Kant
10.21105/joss.03719,JOSS,4,Christoph Weisser
10.21105/joss.03719,JOSS,5,Benjamin Säfken
10.21105/joss.03719,JOSS,6,Alexander Silbersdorff
10.21105/joss.03719,JOSS,7,Thomas Kneib
10.21105/joss.03308,JOSS,1,Donald Williams
10.21105/joss.05008,JOSS,1,Tibor Dome
10.21105/joss.08175,JOSS,1,Juan M. Miramont
10.21105/joss.08175,JOSS,2,Rémi Bardenet
10.21105/joss.08175,JOSS,3,Pierre Chainais
10.21105/joss.08175,JOSS,4,François Auger
10.21105/joss.04721,JOSS,1,Bas van Stein
10.21105/joss.04721,JOSS,2,Elena Raponi
10.21105/joss.07020,JOSS,1,Wesley H. Holliday
10.21105/joss.07020,JOSS,2,Eric Pacuit
10.21105/joss.05386,JOSS,1,Maxime Faymonville
10.21105/joss.05386,JOSS,2,Javiera Riffo
10.21105/joss.05386,JOSS,3,Jonas Rieger
10.21105/joss.05386,JOSS,4,Carsten Jentsch
10.21105/joss.01427,JOSS,1,George Yon
10.21105/joss.01427,JOSS,2,Paul Marjoram
10.21105/joss.09221,JOSS,1,Josep Llobet Lladó
10.21105/joss.09221,JOSS,2,Núria Garriga-Alonso
10.21105/joss.09221,JOSS,3,Amanda Muñoz-Juan
10.21105/joss.09221,JOSS,4,Anna Laromaine
10.21105/joss.01494,JOSS,1,Taras Drozdovskyi
10.21105/joss.01494,JOSS,2,Oleksandr Moliavko
10.21105/joss.04996,JOSS,1,Barnaby Dobson
10.21105/joss.04996,JOSS,2,Leyang Liu
10.21105/joss.04996,JOSS,3,Ana Mijic
10.21105/joss.04799,JOSS,1,Philip Sandwell
10.21105/joss.04799,JOSS,2,Benedict Winchester
10.21105/joss.04799,JOSS,3,Hamish Beath
10.21105/joss.04799,JOSS,4,Jenny Nelson
10.21105/joss.06589,JOSS,1,Stefano Rinaldi
10.21105/joss.06589,JOSS,2,Walter Del Pozzo
10.21105/joss.04338,JOSS,1,Arne Küderle
10.21105/joss.04338,JOSS,2,Nils Roth
10.21105/joss.04338,JOSS,3,Robert Richer
10.21105/joss.04338,JOSS,4,Bjoern M. Eskofier
10.21105/joss.08850,JOSS,1,Oskar Høgberg Simensen
10.21105/joss.03282,JOSS,1,Diego Barneche
10.21105/joss.03282,JOSS,2,Greg Coleman
10.21105/joss.03282,JOSS,3,Duncan Fermor
10.21105/joss.03282,JOSS,4,Eduardo Klein
10.21105/joss.03282,JOSS,5,Tobias Robinson
10.21105/joss.03282,JOSS,6,Jason Smith
10.21105/joss.03282,JOSS,7,Jeffrey Sheehan
10.21105/joss.03282,JOSS,8,Shannon Dowley
10.21105/joss.03282,JOSS,9,Dean Ditton
10.21105/joss.03282,JOSS,10,Kevin Gunn
10.21105/joss.03282,JOSS,11,Gavin Ericson
10.21105/joss.03282,JOSS,12,Murray Logan
10.21105/joss.03282,JOSS,13,Mark Rehbein
10.21105/joss.04642,JOSS,1,D. D. Hendriks
10.21105/joss.04642,JOSS,2,R. G. Izzard
10.21105/joss.02450,JOSS,1,Steven Rich
10.21105/joss.02450,JOSS,2,Andrew Tran
10.21105/joss.02450,JOSS,3,Aaron Williams
10.21105/joss.02450,JOSS,4,Jason Holt
10.21105/joss.02450,JOSS,5,Jeffery Sauer
10.21105/joss.02450,JOSS,6,Taylor Oshan
10.21105/joss.07767,JOSS,1,Matthew N. Crowe
10.21105/joss.06857,JOSS,1,Ashley J. Barnes
10.21105/joss.06857,JOSS,2,Navid C. Constantinou
10.21105/joss.06857,JOSS,3,Angus H. Gibson
10.21105/joss.06857,JOSS,4,Andrew E. Kiss
10.21105/joss.06857,JOSS,5,Chris Chapman
10.21105/joss.06857,JOSS,6,John Reilly
10.21105/joss.06857,JOSS,7,Dhruv Bhagtani
10.21105/joss.06857,JOSS,8,Luwei Yang
10.21105/joss.00630,JOSS,1,Ryan C Brown
10.21105/joss.00630,JOSS,2,Joshua Moser
10.21105/joss.08385,JOSS,1,Dion Häfner
10.21105/joss.08385,JOSS,2,Alexander Lavin
10.21105/joss.01815,JOSS,1,Akash Nag
10.21105/joss.05417,JOSS,1,I. A. W. Filot
10.21105/joss.06837,JOSS,1,Ryan Birmingham
10.21105/joss.06837,JOSS,2,Nan Li
10.21105/joss.06837,JOSS,3,Tony Pan
10.21105/joss.06837,JOSS,4,Yahia Zakaria
10.21105/joss.06547,JOSS,1,Samuel Juhel
10.21105/joss.06638,JOSS,1,Kensworth Subratie
10.21105/joss.06638,JOSS,2,Renato Figueiredo
10.21105/joss.06684,JOSS,1,Herminio Vazquez
10.21105/joss.06684,JOSS,2,Virginie Grosboillot
10.21105/joss.05491,JOSS,1,Ricard Lado-Roigé
10.21105/joss.05491,JOSS,2,Marco A. Pérez
10.21105/joss.05500,JOSS,1,Patrick Wingo
10.21105/joss.05500,JOSS,2,Devin Justman
10.21105/joss.05500,JOSS,3,C. Gabriel Creason
10.21105/joss.05500,JOSS,4,Mackenzie Mark-Moser
10.21105/joss.05500,JOSS,5,Scott Montross
10.21105/joss.05500,JOSS,6,Kelly Rose
10.21105/joss.05523,JOSS,1,Samuel C. Musson
10.21105/joss.05523,JOSS,2,Matteo T. Degiacomi
10.21105/joss.05548,JOSS,1,Trine Enemark
10.21105/joss.05772,JOSS,1,Pierluigi Crescenzi
10.21105/joss.05772,JOSS,2,Emanuele Natale
10.21105/joss.05772,JOSS,3,Aurora Rossi
10.21105/joss.05772,JOSS,4,Paulo Bruno Serafim
10.21105/joss.05927,JOSS,1,Akkarapakam Suneesh Jacob
10.21105/joss.05927,JOSS,2,Rituparna Datta
10.21105/joss.03974,JOSS,1,Tiago Sequeira
10.21105/joss.06174,JOSS,1,David Frank
10.21105/joss.06174,JOSS,2,Jonas Jelten
10.21105/joss.06174,JOSS,3,Tobias Lasser
10.21105/joss.05056,JOSS,1,Mitchell Pound
10.21105/joss.05056,JOSS,2,Spencer Clemens
10.21105/joss.05056,JOSS,3,Tyler Brough
10.21105/joss.05056,JOSS,4,Pedram Jahangiry
10.21105/joss.05056,JOSS,5,Janette Goodridge
10.21105/joss.05272,JOSS,1,Maciek Bak
10.21105/joss.04678,JOSS,1,Mitchell Z. Abrams
10.21105/joss.04678,JOSS,2,Cameron R. Bass
10.21105/joss.04872,JOSS,1,Ekaterina Landgren
10.21105/joss.04872,JOSS,2,Alice Nadeau
10.21105/joss.04877,JOSS,1,Thierry Galliano
10.21105/joss.04877,JOSS,2,Guillaume Gay
10.21105/joss.04877,JOSS,3,Laurent Limozin
10.21105/joss.04877,JOSS,4,Pierre-Henri Puech
10.21105/joss.06049,JOSS,1,Mark Blokpoel
10.21105/joss.04038,JOSS,1,Andrea M. Whittaker
10.21105/joss.00044,JOSS,1,Markus Raab
10.21105/joss.00208,JOSS,1,Joshua Higgins
10.21105/joss.00208,JOSS,2,Violeta Holmes
10.21105/joss.00208,JOSS,3,Colin Venters
10.21105/joss.00775,JOSS,1,Vanessa Sochat
10.21105/joss.04621,JOSS,1,David Biagioni
10.21105/joss.04621,JOSS,2,Charles Edison Tripp
10.21105/joss.04621,JOSS,3,Struan Clark
10.21105/joss.04621,JOSS,4,Dmitry Duplyakin
10.21105/joss.04621,JOSS,5,Jeffrey Law
10.21105/joss.04621,JOSS,6,Peter C. St. John
10.21105/joss.04495,JOSS,1,Lucy D’Agostino McGowan
10.21105/joss.07617,JOSS,1,Toru Seo
10.21105/joss.02866,JOSS,1,Hugo Ledoux
10.21105/joss.02866,JOSS,2,Filip Biljecki
10.21105/joss.02866,JOSS,3,Balázs Dukai
10.21105/joss.02866,JOSS,4,Kavisha Kumar
10.21105/joss.02866,JOSS,5,Ravi Peters
10.21105/joss.02866,JOSS,6,Jantien Stoter
10.21105/joss.02866,JOSS,7,Tom Commandeur
10.21105/joss.07612,JOSS,1,Thomas Weiß
10.21105/joss.07612,JOSS,2,Alexander Löw
10.21105/joss.08697,JOSS,1,Silvan Fischbacher
10.21105/joss.08697,JOSS,2,Beatrice Moser
10.21105/joss.08697,JOSS,3,Tomasz Kacprzak
10.21105/joss.08697,JOSS,4,Luca Tortorelli
10.21105/joss.08697,JOSS,5,Joerg Herbel
10.21105/joss.08697,JOSS,6,Claudio Bruderer
10.21105/joss.08697,JOSS,7,Uwe Schmitt
10.21105/joss.08697,JOSS,8,Alexandre Refregier
10.21105/joss.08697,JOSS,9,Joel Berge
10.21105/joss.08697,JOSS,10,Lukas Gamper
10.21105/joss.08697,JOSS,11,Adam Amara
10.21105/joss.02381,JOSS,1,Peter Crowther
10.21105/joss.02381,JOSS,2,Christopher Daniel
10.21105/joss.06129,JOSS,1,William W. Hannon
10.21105/joss.06129,JOSS,2,Jesse D. Bloom
10.21105/joss.06011,JOSS,1,Adam K. Townsend
10.21105/joss.06917,JOSS,1,Sathvik Bhagavan
10.21105/joss.06917,JOSS,2,Bart de Koning
10.21105/joss.06917,JOSS,3,Shubham Maddhashiya
10.21105/joss.06917,JOSS,4,Christopher Rackauckas
10.21105/joss.06124,JOSS,1,Hajime Senuma
10.21105/joss.03238,JOSS,1,Tobias Schoch
10.21105/joss.02940,JOSS,1,Samay Garg
10.21105/joss.02940,JOSS,2,Julie Fornaciari
10.21105/joss.02940,JOSS,3,Adam Weber
10.21105/joss.02940,JOSS,4,Nemanja Danilovic
10.21105/joss.07210,JOSS,1,Suman Kunwar
10.21105/joss.03156,JOSS,1,Yida Chen
10.21105/joss.03156,JOSS,2,Eric Faden
10.21105/joss.03156,JOSS,3,Nathan Ryan
10.21105/joss.09004,JOSS,1,Martin Hunt
10.21105/joss.09004,JOSS,2,Zamin Iqbal
10.21105/joss.01721,JOSS,1,Krishna Naidoo
10.21105/joss.02970,JOSS,1,Narayanarao Bhogapurapu
10.21105/joss.02970,JOSS,2,Subhadip Dey
10.21105/joss.02970,JOSS,3,Dipankar Mandal
10.21105/joss.02970,JOSS,4,Avik Bhattacharya
10.21105/joss.02970,JOSS,5,Y. Rao
10.21105/joss.07765,JOSS,1,Gavin Huttley
10.21105/joss.07765,JOSS,2,Katherine Caley
10.21105/joss.07765,JOSS,3,Robert McArthur
10.21105/joss.03814,JOSS,1,Benoît Pasquier
10.21105/joss.03814,JOSS,2,François Primeau
10.21105/joss.03814,JOSS,3,Seth John
10.21105/joss.05976,JOSS,1,Reid A. Johnson
10.21105/joss.03915,JOSS,1,Guillaume Sagnol
10.21105/joss.03915,JOSS,2,Maximilian Stahlberg
10.21105/joss.01220,JOSS,1,Richard Teague
10.21105/joss.06256,JOSS,1,Mohammad Amin Sadeghi
10.21105/joss.06256,JOSS,2,Runze Zhang
10.21105/joss.06256,JOSS,3,Jason Hattrick-Simpers
10.21105/joss.05750,JOSS,1,Charlotte Soneson
10.21105/joss.05750,JOSS,2,Vytautas Iesmantavicius
10.21105/joss.05750,JOSS,3,Daniel Hess
10.21105/joss.05750,JOSS,4,Michael B Stadler
10.21105/joss.05750,JOSS,5,Jan Seebacher
10.21105/joss.00511,JOSS,1,Sam Albers
10.21105/joss.07584,JOSS,1,Ioannis G. Tsoulos
10.21105/joss.07584,JOSS,2,Vasileios Charilogis
10.21105/joss.07584,JOSS,3,Glykeria Kyrou
10.21105/joss.07584,JOSS,4,Vasileios N. Stavrou
10.21105/joss.07584,JOSS,5,Alexandros Tzallas
10.21105/joss.00737,JOSS,1,Hilary J Oliver
10.21105/joss.00737,JOSS,2,Matthew Shin
10.21105/joss.00737,JOSS,3,Oliver Sanders
10.21105/joss.00265,JOSS,1,Roger A Light
10.21105/joss.06734,JOSS,1,Dorsan Lepour
10.21105/joss.06734,JOSS,2,Joseph Loustau
10.21105/joss.06734,JOSS,3,Cédric Terrier
10.21105/joss.06734,JOSS,4,François Maréchal
10.21105/joss.07025,JOSS,1,Bingqing Liu
10.21105/joss.07025,JOSS,2,Qiusheng Wu
10.21105/joss.06389,JOSS,1,Michael Dumelle
10.21105/joss.06389,JOSS,2,Erin E. Peterson
10.21105/joss.06389,JOSS,3,Jay M. Ver Hoef
10.21105/joss.06389,JOSS,4,Alan Pearse
10.21105/joss.06389,JOSS,5,Daniel J. Isaak
10.21105/joss.02314,JOSS,1,Morgan Williams
10.21105/joss.02314,JOSS,2,Louise Schoneveld
10.21105/joss.02314,JOSS,3,Yajing Mao
10.21105/joss.02314,JOSS,4,Jens Klump
10.21105/joss.02314,JOSS,5,Justin Gosses
10.21105/joss.02314,JOSS,6,Hayden Dalton
10.21105/joss.02314,JOSS,7,Adam Bath
10.21105/joss.02314,JOSS,8,Steve Barnes
10.21105/joss.00230,JOSS,1,Adam H Sparks
10.21105/joss.03658,JOSS,1,William Savran
10.21105/joss.03658,JOSS,2,Maximilian Werner
10.21105/joss.03658,JOSS,3,Danijel Schorlemmer
10.21105/joss.03658,JOSS,4,Philip Maechling
10.21105/joss.06729,JOSS,1,Biplov Bhandari
10.21105/joss.06729,JOSS,2,Timothy Mayer
10.21105/joss.08923,JOSS,1,Julián Tachella
10.21105/joss.08923,JOSS,2,Matthieu Terris
10.21105/joss.08923,JOSS,3,Samuel Hurault
10.21105/joss.08923,JOSS,4,Andrew Wang
10.21105/joss.08923,JOSS,5,Leo Davy
10.21105/joss.08923,JOSS,6,Jérémy Scanvic
10.21105/joss.08923,JOSS,7,Victor Sechaud
10.21105/joss.08923,JOSS,8,Romain Vo
10.21105/joss.08923,JOSS,9,Thomas Moreau
10.21105/joss.08923,JOSS,10,Thomas Davies
10.21105/joss.08923,JOSS,11,Dongdong Chen
10.21105/joss.08923,JOSS,12,Nils Laurent
10.21105/joss.08923,JOSS,13,Brayan Monroy
10.21105/joss.08923,JOSS,14,Jonathan Dong
10.21105/joss.08923,JOSS,15,Zhiyuan Hu
10.21105/joss.08923,JOSS,16,Minh-Hai Nguyen
10.21105/joss.08923,JOSS,17,Florian Sarron
10.21105/joss.08923,JOSS,18,Pierre Weiss
10.21105/joss.08923,JOSS,19,Paul Escande
10.21105/joss.08923,JOSS,20,Mathurin Massias
10.21105/joss.08923,JOSS,21,Thibaut Modrzyk
10.21105/joss.08923,JOSS,22,Brett Levac
10.21105/joss.08923,JOSS,23,Tobías I. Liaudat
10.21105/joss.08923,JOSS,24,Maxime Song
10.21105/joss.08923,JOSS,25,Johannes Hertrich
10.21105/joss.08923,JOSS,26,Sebastian Neumayer
10.21105/joss.08923,JOSS,27,Georg Schramm
10.21105/joss.05596,JOSS,1,Laura Boeschoten
10.21105/joss.05596,JOSS,2,Niek C. de Schipper
10.21105/joss.05596,JOSS,3,Adriënne M. Mendrik
10.21105/joss.05596,JOSS,4,Emiel van der Veen
10.21105/joss.05596,JOSS,5,Bella Struminskaya
10.21105/joss.05596,JOSS,6,Heleen Janssen
10.21105/joss.05596,JOSS,7,Theo Araujo
10.21105/joss.06619,JOSS,1,Lars Hellemo
10.21105/joss.06619,JOSS,2,Espen Flo Bødal
10.21105/joss.06619,JOSS,3,Sigmund Eggen Holm
10.21105/joss.06619,JOSS,4,Dimitri Pinel
10.21105/joss.06619,JOSS,5,Julian Straus
10.21105/joss.07073,JOSS,1,Scott E. Field
10.21105/joss.07073,JOSS,2,Vijay Varma
10.21105/joss.07073,JOSS,3,Jonathan Blackman
10.21105/joss.07073,JOSS,4,Bhooshan Gadre
10.21105/joss.07073,JOSS,5,Chad R. Galley
10.21105/joss.07073,JOSS,6,Tousif Islam
10.21105/joss.07073,JOSS,7,Keefe Mitman
10.21105/joss.07073,JOSS,8,Michael Pürrer
10.21105/joss.07073,JOSS,9,Adhrit Ravichandran
10.21105/joss.07073,JOSS,10,Mark A. Scheel
10.21105/joss.07073,JOSS,11,Leo C. Stein
10.21105/joss.07073,JOSS,12,Jooheon Yoo
10.21105/joss.01236,JOSS,1,Adrien Leger
10.21105/joss.01236,JOSS,2,Tommaso Leonardi
10.21105/joss.08103,JOSS,1,Tim M. Tierney
10.21105/joss.08103,JOSS,2,Nicholas A. Alexander
10.21105/joss.08103,JOSS,3,John Ashburner
10.21105/joss.08103,JOSS,4,Nicole Labra Avila
10.21105/joss.08103,JOSS,5,Yaël Balbastre
10.21105/joss.08103,JOSS,6,Gareth Barnes
10.21105/joss.08103,JOSS,7,Yulia Bezsudnova
10.21105/joss.08103,JOSS,8,Mikael Brudfors
10.21105/joss.08103,JOSS,9,Korbinian Eckstein
10.21105/joss.08103,JOSS,10,Guillaume Flandin
10.21105/joss.08103,JOSS,11,Karl Friston
10.21105/joss.08103,JOSS,12,Amirhossein Jafarian
10.21105/joss.08103,JOSS,13,Olivia S. Kowalczyk
10.21105/joss.08103,JOSS,14,Vladimir Litvak
10.21105/joss.08103,JOSS,15,Johan Medrano
10.21105/joss.08103,JOSS,16,Stephanie Mellor
10.21105/joss.08103,JOSS,17,George O’Neill
10.21105/joss.08103,JOSS,18,Thomas Parr
10.21105/joss.08103,JOSS,19,Adeel Razi
10.21105/joss.08103,JOSS,20,Ryan Timms
10.21105/joss.08103,JOSS,21,Peter Zeidman
10.21105/joss.05225,JOSS,1,Prashin Jethwa
10.21105/joss.06962,JOSS,1,Gavin L. Simpson
10.21105/joss.07360,JOSS,1,Matteo Neri
10.21105/joss.07360,JOSS,2,Dishie Vinchhi
10.21105/joss.07360,JOSS,3,Christian Ferreyra
10.21105/joss.07360,JOSS,4,Thomas Robiglio
10.21105/joss.07360,JOSS,5,Onur Ates
10.21105/joss.07360,JOSS,6,Marlis Ontivero-Ortega
10.21105/joss.07360,JOSS,7,Andrea Brovelli
10.21105/joss.07360,JOSS,8,Daniele Marinazzo
10.21105/joss.07360,JOSS,9,Etienne Combrisson
10.21105/joss.01313,JOSS,1,Zoe Meers
10.21105/joss.01313,JOSS,2,Robert Hickman
10.21105/joss.01313,JOSS,3,Thomas Leeper
10.21105/joss.02676,JOSS,1,Nedeljko Radulovic
10.21105/joss.02676,JOSS,2,Dihia Boulegane
10.21105/joss.02676,JOSS,3,Albert Bifet
10.21105/joss.00820,JOSS,1,Christopher DeGroot
10.21105/joss.00445,JOSS,1,Allison Throm
10.21105/joss.00445,JOSS,2,Anthony French
10.21105/joss.00785,JOSS,1,María D’Andrea
10.21105/joss.00785,JOSS,2,Julie Brodeur
10.21105/joss.01119,JOSS,1,Richard Collins
10.21105/joss.01119,JOSS,2,Djeylan Aktas
10.21105/joss.01531,JOSS,1,Adi Singh
10.21105/joss.01531,JOSS,2,Sebastian Dengler
10.21105/joss.01531,JOSS,3,Christopher Lang
10.21105/joss.06309,JOSS,1,Yu Wang
10.21105/joss.06309,JOSS,2,Emma R. Cobian
10.21105/joss.06309,JOSS,3,Jubilee Lee
10.21105/joss.06309,JOSS,4,Fang Liu
10.21105/joss.06309,JOSS,5,Jonathan D. Hauenstein
10.21105/joss.06309,JOSS,6,Daniele E. Schiavazzi
10.21105/joss.06354,JOSS,1,Anna Tartaglia
10.21105/joss.06354,JOSS,2,Kazunori Akiyama
10.21105/joss.06354,JOSS,3,Paul Tiede
10.21105/joss.00119,JOSS,1,Seward Lee
10.21105/joss.02810,JOSS,1,Claudio Callegher
10.21105/joss.02810,JOSS,2,Giulia Bertoldo
10.21105/joss.02810,JOSS,3,Enrico Toffalini
10.21105/joss.02810,JOSS,4,Anna Vesely
10.21105/joss.02810,JOSS,5,Angela Andreella
10.21105/joss.02810,JOSS,6,Massimiliano Pastore
10.21105/joss.02810,JOSS,7,Gianmarco Altoè
10.21105/joss.03351,JOSS,1,Andrew Smith
10.21105/joss.03374,JOSS,1,Gaurav Vaidya
10.21105/joss.03374,JOSS,2,Nico Cellinese
10.21105/joss.03374,JOSS,3,Hilmar Lapp
10.21105/joss.08158,JOSS,1,Milan Rother
10.21105/joss.00248,JOSS,1,Sven N Willner
10.21105/joss.00248,JOSS,2,Corinne Hartin
10.21105/joss.00248,JOSS,3,Robert Gieseke
10.21105/joss.06260,JOSS,1,Kevin P. Kramer
10.21105/joss.06260,JOSS,2,Pierluigi Calanca
10.21105/joss.06310,JOSS,1,Essam Wisam
10.21105/joss.06310,JOSS,2,Anthony Blaom
10.21105/joss.04012,JOSS,1,Nicolas Galtier
10.21105/joss.04012,JOSS,2,Claire Guerrier
10.21105/joss.04333,JOSS,1,Joanna Leng
10.21105/joss.04333,JOSS,2,Jonathan H. Pickering
10.21105/joss.04333,JOSS,3,Sven L. M. Schroeder
10.21105/joss.04333,JOSS,4,Gunjan Das
10.21105/joss.07201,JOSS,1,Trey V. Wenger
10.21105/joss.04741,JOSS,1,Pierre-Yves de Müllenheim
10.21105/joss.04741,JOSS,2,Arnaud Chambellan
10.21105/joss.05395,JOSS,1,Tuomas Eerola
10.21105/joss.05395,JOSS,2,Martin Clayton
10.21105/joss.07048,JOSS,1,Nathanael Bosch
10.21105/joss.06394,JOSS,1,Mossa Merhi Reimert
10.21105/joss.06394,JOSS,2,Josiah D. Parry
10.21105/joss.06394,JOSS,3,Matt Denwood
10.21105/joss.06394,JOSS,4,Maya Katrin Gussmann
10.21105/joss.06394,JOSS,5,Claus O. Wilke
10.21105/joss.06394,JOSS,6,Ilia Kosenkov
10.21105/joss.06394,JOSS,7,Michael Milton
10.21105/joss.06394,JOSS,8,Amy Thomason
10.21105/joss.06906,JOSS,1,Aneesh P. Naik
10.21105/joss.06906,JOSS,2,Michael S. Petersen
10.21105/joss.00965,JOSS,1,Edward Higson
10.21105/joss.04237,JOSS,1,Jon Schwenk
10.21105/joss.04237,JOSS,2,Tal Zussman
10.21105/joss.04237,JOSS,3,Jemma Stachelek
10.21105/joss.04237,JOSS,4,Joel C. Rowland
10.21105/joss.01425,JOSS,1,Ulf Aslak
10.21105/joss.01425,JOSS,2,Benjamin Maier
10.21105/joss.08634,JOSS,1,Stephan Schiffels
10.21105/joss.08122,JOSS,1,Tom Eulenfeld
10.21105/joss.02871,JOSS,1,Saleh Rezaeiravesh
10.21105/joss.02871,JOSS,2,Ricardo Vinuesa
10.21105/joss.02871,JOSS,3,Philipp Schlatter
10.21105/joss.04362,JOSS,1,David Pagnon
10.21105/joss.04362,JOSS,2,Mathieu Domalain
10.21105/joss.04362,JOSS,3,Lionel Reveret
10.21105/joss.02410,JOSS,1,Roni Choudhury
10.21105/joss.02410,JOSS,2,Jon Beezley
10.21105/joss.02410,JOSS,3,Brandon Davis
10.21105/joss.02410,JOSS,4,Jared Tomeck
10.21105/joss.02410,JOSS,5,Samuel Gratzl
10.21105/joss.02410,JOSS,6,Lilian Golzarri-Arroyo
10.21105/joss.02410,JOSS,7,Jun Wan
10.21105/joss.02410,JOSS,8,Daniel Raftery
10.21105/joss.02410,JOSS,9,Jeff Baumes
10.21105/joss.02410,JOSS,10,Thomas O’Connell
10.21105/joss.05729,JOSS,1,Tim Furlan
10.21105/joss.05729,JOSS,2,Jonathan Stollberg
10.21105/joss.05729,JOSS,3,Andreas Menzel
10.21105/joss.02538,JOSS,1,Fabian Schaller
10.21105/joss.02538,JOSS,2,Jenny Wagner
10.21105/joss.02538,JOSS,3,Sebastian Kapfer
10.21105/joss.02083,JOSS,1,Courtney Smith
10.21105/joss.02083,JOSS,2,Tristan Salles
10.21105/joss.02083,JOSS,3,Ana Vila-Concejo
10.21105/joss.08828,JOSS,1,Rahul Khorana
10.21105/joss.09125,JOSS,1,Aleksandr Berezutskii
10.21105/joss.09502,JOSS,1,Erik Post
10.21105/joss.09502,JOSS,2,Kars I. Veldkamp
10.21105/joss.09502,JOSS,3,Nienke A. Timmermans
10.21105/joss.09502,JOSS,4,Diogo C. Soriano
10.21105/joss.09502,JOSS,5,Vedran Kasalica
10.21105/joss.09502,JOSS,6,Peter Kok
10.21105/joss.09502,JOSS,7,Hayriye Cagnan
10.21105/joss.09502,JOSS,8,Bastiaan R. Bloem
10.21105/joss.09502,JOSS,9,Max A. Little
10.21105/joss.09502,JOSS,10,Yordan P. Raykov
10.21105/joss.09502,JOSS,11,Twan van Laarhoven
10.21105/joss.09502,JOSS,12,Luc J. W. Evers
10.21105/joss.01351,JOSS,1,Romain Azais
10.21105/joss.01351,JOSS,2,Guillaume Cerutti
10.21105/joss.01351,JOSS,3,Didier Gemmerle;
10.21105/joss.01351,JOSS,4,Florian Ingels
10.21105/joss.09090,JOSS,1,Viktor Makarichev
10.21105/joss.09090,JOSS,2,Larisa Bankurova
10.21105/joss.09090,JOSS,3,Gennadii Zakharov
10.21105/joss.09090,JOSS,4,Leonid Stolbov
10.21105/joss.09090,JOSS,5,Steven Mehrman
10.21105/joss.09090,JOSS,6,Dan Skatov
10.21105/joss.09090,JOSS,7,Jeffrey Cohen
10.21105/joss.09090,JOSS,8,Paul Sass
10.21105/joss.09090,JOSS,9,Davit Rizhinashvili
10.21105/joss.09090,JOSS,10,Andrew Skalkin
10.21105/joss.07476,JOSS,1,David A. Kopriva
10.21105/joss.07476,JOSS,2,Andrew R. Winters
10.21105/joss.07476,JOSS,3,Michael Schlottke-Lakemper
10.21105/joss.07476,JOSS,4,Joseph A. Schoonover
10.21105/joss.07476,JOSS,5,Hendrik Ranocha
10.21105/joss.08027,JOSS,1,Matt Haberland
10.21105/joss.08027,JOSS,2,Albert Steppi
10.21105/joss.08027,JOSS,3,Pamphile Roy
10.21105/joss.08027,JOSS,4,Jake Bowhay
10.21105/joss.09147,JOSS,1,Yao Gahounzo
10.21105/joss.09147,JOSS,2,Michal Kopera
10.21105/joss.03221,JOSS,1,Travis Thurber
10.21105/joss.03221,JOSS,2,Chris Vernon
10.21105/joss.03221,JOSS,3,Ning Sun
10.21105/joss.03221,JOSS,4,Sean Turner
10.21105/joss.03221,JOSS,5,Jim Yoon
10.21105/joss.03221,JOSS,6,Nathalie Voisin
10.21105/joss.04360,JOSS,1,Maxime Borry
10.21105/joss.04360,JOSS,2,Alexander Hübner
10.21105/joss.04360,JOSS,3,Christina Warinner
10.21105/joss.06902,JOSS,1,Andrew Gibbs
10.21105/joss.01566,JOSS,1,Jonas Moss
10.21105/joss.01566,JOSS,2,Martin Tveten
10.21105/joss.01399,JOSS,1,Adam Batten
10.21105/joss.04563,JOSS,1,David Schoch
10.21105/joss.07869,JOSS,1,Biying Zhou
10.21105/joss.07869,JOSS,2,Yuhao Yuan
10.21105/joss.07869,JOSS,3,Nanyu Luo
10.21105/joss.07869,JOSS,4,Jia Qi
10.21105/joss.07869,JOSS,5,Feng Ji
10.21105/joss.05117,JOSS,1,David Birtwell
10.21105/joss.05117,JOSS,2,Heather Williams
10.21105/joss.05117,JOSS,3,Tom Hutchinson
10.21105/joss.05117,JOSS,4,Louis Lee
10.21105/joss.05117,JOSS,5,Hayden Freedman
10.21105/joss.05117,JOSS,6,Christian Stoeckert
10.21105/joss.01704,JOSS,1,Sindre Olufsen
10.21105/joss.08722,JOSS,1,Daniel Balzer
10.21105/joss.08722,JOSS,2,Ivan Kassal
10.21105/joss.07844,JOSS,1,Alexander V. Mantzaris
10.21105/joss.00781,JOSS,1,David P. Fleming
10.21105/joss.00781,JOSS,2,Jake VanderPlas
10.21105/joss.09316,JOSS,1,Farrokh Labib
10.21105/joss.09316,JOSS,2,Akilan Rajamani
10.21105/joss.09316,JOSS,3,Bruno Senjean
10.21105/joss.09316,JOSS,4,Nathan Shammah
10.21105/joss.03504,JOSS,1,Eetu Mäkelä
10.21105/joss.03504,JOSS,2,Pihla Toivanen
10.21105/joss.04955,JOSS,1,Hilaire Drouineau
10.21105/joss.04955,JOSS,2,Benjamin Planque
10.21105/joss.04955,JOSS,3,Christian Mullon
10.21105/joss.08355,JOSS,1,Bruno Stuyts
10.21105/joss.09409,JOSS,1,Matteo Bunino
10.21105/joss.09409,JOSS,2,Jarl Sondre Sæther
10.21105/joss.09409,JOSS,3,Linus Maximilian Eickhoff
10.21105/joss.09409,JOSS,4,Anna Elisa Lappe
10.21105/joss.09409,JOSS,5,Kalliopi Tsolaki
10.21105/joss.09409,JOSS,6,Killian Verder
10.21105/joss.09409,JOSS,7,Henry Mutegeki
10.21105/joss.09409,JOSS,8,Roman Machacek
10.21105/joss.09409,JOSS,9,Maria Girone
10.21105/joss.09409,JOSS,10,Oleksandr Krochak
10.21105/joss.09409,JOSS,11,Mario Rüttgers
10.21105/joss.09409,JOSS,12,Rakesh Sarma
10.21105/joss.09409,JOSS,13,Andreas Lintermann
10.21105/joss.03708,JOSS,1,Evgeny Metelkin
10.21105/joss.05186,JOSS,1,Pavel V. Stishenko
10.21105/joss.05186,JOSS,2,Thomas W. Keal
10.21105/joss.05186,JOSS,3,Scott M. Woodley
10.21105/joss.05186,JOSS,4,Volker Blum
10.21105/joss.05186,JOSS,5,Benjamin Hourahine
10.21105/joss.05186,JOSS,6,Reinhard J. Maurer
10.21105/joss.05186,JOSS,7,Andrew J. Logsdail
10.21105/joss.07288,JOSS,1,Lorena Acuña
10.21105/joss.07288,JOSS,2,Laura Kreidberg
10.21105/joss.07288,JOSS,3,Meng Zhai
10.21105/joss.07288,JOSS,4,Paul Mollière
10.21105/joss.07288,JOSS,5,Morgan Fouesneau
10.21105/joss.01655,JOSS,1,David Sanchez
10.21105/joss.00659,JOSS,1,Brian E. J. Rose
10.21105/joss.05116,JOSS,1,Claudio Moroni
10.21105/joss.05116,JOSS,2,Pietro Monticone
10.21105/joss.04277,JOSS,1,Benjamin A. Storer
10.21105/joss.04277,JOSS,2,Hussein Aluie
10.21105/joss.04414,JOSS,1,Kristian Agasøster Haaga
10.21105/joss.04414,JOSS,2,George Datseris
10.21105/joss.09535,JOSS,1,Harsh G. Kamath
10.21105/joss.09535,JOSS,2,Naveen Sudharsan
10.21105/joss.09535,JOSS,3,Manmeet Singh
10.21105/joss.09535,JOSS,4,Nils Wallenberg
10.21105/joss.09535,JOSS,5,Fredrik Lindberg
10.21105/joss.09535,JOSS,6,Dev Niyogi
10.21105/joss.04560,JOSS,1,Daniel O’Malley
10.21105/joss.04560,JOSS,2,Sarah Y. Greer
10.21105/joss.04560,JOSS,3,Aleksandra Pachalieva
10.21105/joss.04560,JOSS,4,Wu Hao
10.21105/joss.04560,JOSS,5,Dylan Harp
10.21105/joss.04560,JOSS,6,Velimir V. Vesselinov
10.21105/joss.03496,JOSS,1,Kleanthis Natsiopoulos
10.21105/joss.03496,JOSS,2,Nickolaos G. Tzeremes
10.21105/joss.08181,JOSS,1,Nathalia Bianchini Esper
10.21105/joss.08181,JOSS,2,Reinder Vos de Wael
10.21105/joss.08181,JOSS,3,Larissa Hunt
10.21105/joss.08181,JOSS,4,Céline Vetter
10.21105/joss.08181,JOSS,5,Andrew Leroux
10.21105/joss.08181,JOSS,6,Vadim Zipunnikov
10.21105/joss.08181,JOSS,7,John Vito d’Antonio-Bertagnolli
10.21105/joss.08181,JOSS,8,Michelle Freund
10.21105/joss.08181,JOSS,9,Kathleen Merikangas
10.21105/joss.08181,JOSS,10,Michael Milham
10.21105/joss.08181,JOSS,11,Gregory Kiar
10.21105/joss.08181,JOSS,12,Alexandre Rosa Franco
10.21105/joss.08866,JOSS,1,Benedikt Maurer
10.21105/joss.08866,JOSS,2,Claudia Draxl
10.21105/joss.00055,JOSS,1,Dirk Eddelbuettel
10.21105/joss.00055,JOSS,2,Wush Wu
10.21105/joss.06143,JOSS,1,Nguyen Van Thieu
10.21105/joss.09497,JOSS,1,Minyoung Jung
10.21105/joss.09497,JOSS,2,Benjamin G. Hancock
10.21105/joss.09497,JOSS,3,Zhenyu C. Qian
10.21105/joss.09497,JOSS,4,Na Zhuo
10.21105/joss.09497,JOSS,5,Ziqian Gong
10.21105/joss.09497,JOSS,6,Jarrod S. Doucette
10.21105/joss.09497,JOSS,7,Jinha Jung
10.21105/joss.01043,JOSS,1,Luis Benet
10.21105/joss.01043,JOSS,2,David Sanders
10.21105/joss.01831,JOSS,1,Lester Hedges
10.21105/joss.01831,JOSS,2,Antonia Mey
10.21105/joss.01831,JOSS,3,Charles Laughton
10.21105/joss.01831,JOSS,4,Francesco Gervasio
10.21105/joss.01831,JOSS,5,Adrian Mulholland
10.21105/joss.01831,JOSS,6,Christopher Woods
10.21105/joss.01831,JOSS,7,Julien Michel
10.21105/joss.01102,JOSS,1,Dominic Bennett
10.21105/joss.01102,JOSS,2,Hannes Hettling
10.21105/joss.01102,JOSS,3,Daniele Silvestro
10.21105/joss.01102,JOSS,4,Rutger Vos
10.21105/joss.01102,JOSS,5,Alexandre Antonelli
10.21105/joss.01023,JOSS,1,Massimiliano Pastore
10.21105/joss.01247,JOSS,1,Stéfan van der Walt
10.21105/joss.01247,JOSS,2,Arien Crellin-Quick
10.21105/joss.01247,JOSS,3,Joshua Bloom
10.21105/joss.06016,JOSS,1,Brenda Praggastis
10.21105/joss.06016,JOSS,2,Sinan Aksoy
10.21105/joss.06016,JOSS,3,Dustin Arendt
10.21105/joss.06016,JOSS,4,Mark Bonicillo
10.21105/joss.06016,JOSS,5,Cliff Joslyn
10.21105/joss.06016,JOSS,6,Emilie Purvine
10.21105/joss.06016,JOSS,7,Madelyn Shapiro
10.21105/joss.06016,JOSS,8,Ji Young Yun
10.21105/joss.06752,JOSS,1,Amanda K. Triplett
10.21105/joss.06752,JOSS,2,Georgios Artavanis
10.21105/joss.06752,JOSS,3,William M. Hasling
10.21105/joss.06752,JOSS,4,Reed M. Maxwell
10.21105/joss.06752,JOSS,5,Amy Defnet
10.21105/joss.06752,JOSS,6,Amy M. Johnson
10.21105/joss.06752,JOSS,7,William Lytle
10.21105/joss.06752,JOSS,8,Andrew Bennett
10.21105/joss.06752,JOSS,9,Elena Leonarduzzi
10.21105/joss.06752,JOSS,10,Lisa K. Gallagher
10.21105/joss.06752,JOSS,11,Laura E. Condon
10.21105/joss.00027,JOSS,1,C. Titus Brown
10.21105/joss.00027,JOSS,2,Luiz Irber
10.21105/joss.00745,JOSS,1,Richard Izzo
10.21105/joss.00745,JOSS,2,David Steinman
10.21105/joss.00745,JOSS,3,Simone Manini
10.21105/joss.00745,JOSS,4,Luca Antiga
10.21105/joss.10490,JOSS,1,Chinmay Chinara
10.21105/joss.10490,JOSS,2,Raymundo Cassani
10.21105/joss.10490,JOSS,3,Takfarinas Medani
10.21105/joss.10490,JOSS,4,Anand A. Joshi
10.21105/joss.10490,JOSS,5,Samuel Medina Villalon
10.21105/joss.10490,JOSS,6,Yash S. Vakilna
10.21105/joss.10490,JOSS,7,Johnson P. Hampson
10.21105/joss.10490,JOSS,8,Kenneth Taylor
10.21105/joss.10490,JOSS,9,Francois Tadel
10.21105/joss.10490,JOSS,10,Dileep Nair
10.21105/joss.10490,JOSS,11,Christian G. Bénar
10.21105/joss.10490,JOSS,12,Sylvain Baillet
10.21105/joss.10490,JOSS,13,John C. Mosher
10.21105/joss.10490,JOSS,14,Richard M. Leahy
10.21105/joss.00352,JOSS,1,Thomas Cokelaer
10.21105/joss.00352,JOSS,2,Dimitri Desvillechabrol
10.21105/joss.00352,JOSS,3,Rachel Legendre
10.21105/joss.00352,JOSS,4,Mélissa Cardon
10.21105/joss.03419,JOSS,1,Dion Häfner
10.21105/joss.03419,JOSS,2,Filippo Vicentini
10.21105/joss.06393,JOSS,1,Karelle Rheault
10.21105/joss.06393,JOSS,2,Jesper Riis Christiansen
10.21105/joss.06393,JOSS,3,Klaus Steenberg Larsen
10.21105/joss.01825,JOSS,1,Walter Torres
10.21105/joss.01825,JOSS,2,Kc Bierlich
10.21105/joss.04901,JOSS,1,Maximilian Denninger
10.21105/joss.04901,JOSS,2,Dominik Winkelbauer
10.21105/joss.04901,JOSS,3,Martin Sundermeyer
10.21105/joss.04901,JOSS,4,Wout Boerdijk
10.21105/joss.04901,JOSS,5,Markus Knauer
10.21105/joss.04901,JOSS,6,Klaus H. Strobl
10.21105/joss.04901,JOSS,7,Matthias Humt
10.21105/joss.04901,JOSS,8,Rudolph Triebel
10.21105/joss.04279,JOSS,1,Dana Solav
10.21105/joss.04279,JOSS,2,Asaf Silverstein
10.21105/joss.00207,JOSS,1,Nicholas Cortale
10.21105/joss.00207,JOSS,2,Dylan McNamara
10.21105/joss.02690,JOSS,1,Sebastian Haan
10.21105/joss.00639,JOSS,1,Mordechai (Moti) Ben-Ari
10.21105/joss.00674,JOSS,1,Arjun Chennu
10.21105/joss.03465,JOSS,1,Eric Winter
10.21105/joss.03465,JOSS,2,R.s. Weigel
10.21105/joss.01076,JOSS,1,Alexandros-Stavros Iliopoulos
10.21105/joss.01076,JOSS,2,Abhishek Dubey
10.21105/joss.01076,JOSS,3,Xiaobai Sun
10.21105/joss.06190,JOSS,1,Flaminia Catalli
10.21105/joss.06190,JOSS,2,Matteo Spada
10.21105/joss.01969,JOSS,1,Ross Meyer
10.21105/joss.01969,JOSS,2,Thomas Martin
10.21105/joss.01969,JOSS,3,Zane Jobe
10.21105/joss.07616,JOSS,1,Riccardo Boero
10.21105/joss.07074,JOSS,1,Tim Brauckhoff
10.21105/joss.07074,JOSS,2,Coline Kieffer
10.21105/joss.07074,JOSS,3,Stefan Rödiger
10.21105/joss.04562,JOSS,1,Thomas Thelen
10.21105/joss.04562,JOSS,2,Marcus Thomson
10.21105/joss.04562,JOSS,3,Gerardo Aldana
10.21105/joss.04562,JOSS,4,Toni Gonzalez
10.21105/joss.04354,JOSS,1,Anja Weigel
10.21105/joss.04354,JOSS,2,Fadoua Balabdaoui
10.21105/joss.04354,JOSS,3,Yulia Kulagina
10.21105/joss.04354,JOSS,4,Lilian Mueller
10.21105/joss.04607,JOSS,1,Joseph H. P. Jackson
10.21105/joss.04607,JOSS,2,Ian Harry
10.21105/joss.04607,JOSS,3,Coleman Krawczyk
10.21105/joss.06711,JOSS,1,Luke Dicks
10.21105/joss.06711,JOSS,2,Edward O. Pyzer-Knapp
10.21105/joss.05098,JOSS,1,Mohamed Masoud
10.21105/joss.05098,JOSS,2,Farfalla Hu
10.21105/joss.05098,JOSS,3,Sergey Plis
10.21105/joss.04212,JOSS,1,Robert Turnbull
10.21105/joss.04212,JOSS,2,Jonathan Garber
10.21105/joss.05403,JOSS,1,Yen-Ju Lu
10.21105/joss.05403,JOSS,2,Xuankai Chang
10.21105/joss.05403,JOSS,3,Chenda Li
10.21105/joss.05403,JOSS,4,Wangyou Zhang
10.21105/joss.05403,JOSS,5,Samuele Cornell
10.21105/joss.05403,JOSS,6,Zhaoheng Ni
10.21105/joss.05403,JOSS,7,Yoshiki Masuyama
10.21105/joss.05403,JOSS,8,Brian Yan
10.21105/joss.05403,JOSS,9,Robin Scheibler
10.21105/joss.05403,JOSS,10,Zhong-Qiu Wang
10.21105/joss.05403,JOSS,11,Yu Tsao
10.21105/joss.05403,JOSS,12,Yanmin Qian
10.21105/joss.05403,JOSS,13,Shinji Watanabe
10.21105/joss.03957,JOSS,1,Nicholas M. Anthony
10.21105/joss.03957,JOSS,2,Vadim Backman
10.21105/joss.05925,JOSS,1,David Augustin
10.21105/joss.02101,JOSS,1,Nora Eisner
10.21105/joss.02101,JOSS,2,Chris Lintott
10.21105/joss.02101,JOSS,3,Suzanne Aigrain
10.21105/joss.06972,JOSS,1,Ben Cassese
10.21105/joss.06972,JOSS,2,Justin Vega
10.21105/joss.06972,JOSS,3,Tiger Lu
10.21105/joss.06972,JOSS,4,Malena Rice
10.21105/joss.06972,JOSS,5,Avishi Poddar
10.21105/joss.06972,JOSS,6,David Kipping
10.21105/joss.04943,JOSS,1,Alex Golts
10.21105/joss.04943,JOSS,2,Moshe Raboh
10.21105/joss.04943,JOSS,3,Yoel Shoshan
10.21105/joss.04943,JOSS,4,Sagi Polaczek
10.21105/joss.04943,JOSS,5,Simona Rabinovici-Cohen
10.21105/joss.04943,JOSS,6,Efrat Hexter
10.21105/joss.09453,JOSS,1,Bernardo P. Ferreira
10.21105/joss.09453,JOSS,2,Guillaume Broggi
10.21105/joss.09453,JOSS,3,Miguel A. Bessa
10.21105/joss.03500,JOSS,1,Tobias Wood
10.21105/joss.03500,JOSS,2,Emil Ljungberg
10.21105/joss.03500,JOSS,3,Florian Wiesinger
10.21105/joss.01511,JOSS,1,Martí Bosch
10.21105/joss.00289,JOSS,1,Lucas A. Wilson
10.21105/joss.00289,JOSS,2,John M. Fonner
10.21105/joss.00289,JOSS,3,Jason Allison
10.21105/joss.00289,JOSS,4,Oscar Esteban
10.21105/joss.00289,JOSS,5,Harry Kenya
10.21105/joss.00289,JOSS,6,Marshall Lerner
10.21105/joss.01115,JOSS,1,Danny Price
10.21105/joss.01115,JOSS,2,Ellert van der Velden
10.21105/joss.01115,JOSS,3,Sébastien Celles
10.21105/joss.01115,JOSS,4,Pieter Eendebak
10.21105/joss.01115,JOSS,5,Michael McKerns
10.21105/joss.01115,JOSS,6,Eben Olson
10.21105/joss.01115,JOSS,7,Colin Raffel
10.21105/joss.01115,JOSS,8,Bairen Yi
10.21105/joss.01115,JOSS,9,Elliott Ash
10.21105/joss.03050,JOSS,1,Eike Caldeweyher
10.21105/joss.05728,JOSS,1,Oliver R. T. King
10.21105/joss.05728,JOSS,2,Leigh N. Fletcher
10.21105/joss.08490,JOSS,1,M. I. M. AboElNasr
10.21105/joss.08829,JOSS,1,Fabian Zills
10.21105/joss.09136,JOSS,1,Luis M. B. Varona
10.21105/joss.05418,JOSS,1,Quang C. Huynh
10.21105/joss.05418,JOSS,2,Tom R. Carruthers
10.21105/joss.05418,JOSS,3,Adrian R. Hordyk
10.21105/joss.02827,JOSS,1,Vahid Bokharaie
10.21105/joss.01609,JOSS,1,Madhavun Candadai
10.21105/joss.01609,JOSS,2,Eduardo Izquierdo
10.21105/joss.01866,JOSS,1,Mauricio Vargas
10.21105/joss.07951,JOSS,1,Micah D. Gale
10.21105/joss.07951,JOSS,2,Travis J. Labossiere-Hickman
10.21105/joss.07951,JOSS,3,Brenna A. Carbno
10.21105/joss.07951,JOSS,4,Andrew J. Bascom
10.21105/joss.00826,JOSS,1,Marcus D Sherman
10.21105/joss.00826,JOSS,2,Ryan E Mills
10.21105/joss.02964,JOSS,1,Julia Wrobel
10.21105/joss.02964,JOSS,2,Alexander Bauer
10.21105/joss.08577,JOSS,1,Tomonori Hoshi
10.21105/joss.08577,JOSS,2,Erina Ishigaki
10.21105/joss.08577,JOSS,3,Satoshi Kaneko
10.21105/joss.05448,JOSS,1,Reed Nelson
10.21105/joss.05448,JOSS,2,Rosa Aghdam
10.21105/joss.05448,JOSS,3,Claudia Solis-Lemus
10.21105/joss.04852,JOSS,1,José Dias Neto
10.21105/joss.04852,JOSS,2,Guilherme P. Castelao
10.21105/joss.04566,JOSS,1,Hagai Rossman
10.21105/joss.04566,JOSS,2,Ayya Keshet
10.21105/joss.04566,JOSS,3,Malka Gorfine
10.21105/joss.02654,JOSS,1,Martin Millon
10.21105/joss.02654,JOSS,2,Malte Tewes
10.21105/joss.02654,JOSS,3,Vivien Bonvin
10.21105/joss.02654,JOSS,4,Bastian Lengen
10.21105/joss.02654,JOSS,5,Frederic Courbin
10.21105/joss.06158,JOSS,1,Yangkang Chen
10.21105/joss.06158,JOSS,2,Zhongru Gu
10.21105/joss.06158,JOSS,3,Xiangjiang Zhan
10.21105/joss.02878,JOSS,1,Sebastian Kopf
10.21105/joss.02878,JOSS,2,Brett Davidheiser-Kroll
10.21105/joss.02878,JOSS,3,Ilja Kocken
10.21105/joss.04977,JOSS,1,Thomas E. Riley
10.21105/joss.04977,JOSS,2,Devarshi Choudhury
10.21105/joss.04977,JOSS,3,Tuomo Salmi
10.21105/joss.04977,JOSS,4,Serena Vinciguerra
10.21105/joss.04977,JOSS,5,Yves Kini
10.21105/joss.04977,JOSS,6,Bas Dorsman
10.21105/joss.04977,JOSS,7,Anna L. Watts
10.21105/joss.04977,JOSS,8,Daniela Huppenkothen
10.21105/joss.04977,JOSS,9,Sebastien Guillot
10.21105/joss.06773,JOSS,1,David Loiseaux
10.21105/joss.06773,JOSS,2,Hannah Schreiber
10.21105/joss.09057,JOSS,1,Josu C. Aurrekoetxea
10.21105/joss.09057,JOSS,2,Sam E. Brady
10.21105/joss.09057,JOSS,3,Llibert Aresté Saló
10.21105/joss.09057,JOSS,4,Jamie Bamber
10.21105/joss.09057,JOSS,5,Liina Chung-Jukko
10.21105/joss.09057,JOSS,6,Katy Clough
10.21105/joss.09057,JOSS,7,Eloy de Jong
10.21105/joss.09057,JOSS,8,Matthew Elley
10.21105/joss.09057,JOSS,9,Pau Figueras
10.21105/joss.09057,JOSS,10,Thomas Helfer
10.21105/joss.09057,JOSS,11,Eugene A. Lim
10.21105/joss.09057,JOSS,12,Miren Radia
10.21105/joss.09057,JOSS,13,Areef Waeming
10.21105/joss.09057,JOSS,14,Zipeng Wang
10.21105/joss.06157,JOSS,1,Hélène Kabbech
10.21105/joss.06157,JOSS,2,Ihor Smal
10.21105/joss.00699,JOSS,1,Jacob Anhøj
10.21105/joss.04971,JOSS,1,Andreas Søgaard
10.21105/joss.04971,JOSS,2,Rasmus F. Ørsøe
10.21105/joss.04971,JOSS,3,Morten Holm
10.21105/joss.04971,JOSS,4,Leon Bozianu
10.21105/joss.04971,JOSS,5,Aske Rosted
10.21105/joss.04971,JOSS,6,Troels C. Petersen
10.21105/joss.04971,JOSS,7,Kaare Endrup Iversen
10.21105/joss.04971,JOSS,8,Andreas Hermansen
10.21105/joss.04971,JOSS,9,Tim Guggenmos
10.21105/joss.04971,JOSS,10,Peter Andresen
10.21105/joss.04971,JOSS,11,Martin Ha Minh
10.21105/joss.04971,JOSS,12,Ludwig Neste
10.21105/joss.04971,JOSS,13,Moust Holmes
10.21105/joss.04971,JOSS,14,Axel Pontén
10.21105/joss.04971,JOSS,15,Kayla Leonard DeHolton
10.21105/joss.04971,JOSS,16,Philipp Eller
10.21105/joss.06875,JOSS,1,Sun Yong Kwon
10.21105/joss.06875,JOSS,2,Eric Thibodeau
10.21105/joss.06875,JOSS,3,Alex Plotkowski
10.21105/joss.06875,JOSS,4,Ying Yang
10.21105/joss.07343,JOSS,1,Paul Taconet
10.21105/joss.07343,JOSS,2,Nicolas Moiroux
10.21105/joss.05564,JOSS,1,Jasper H. Bussemaker
10.21105/joss.09295,JOSS,1,Syed Ali Mohsin Bukhari
10.21105/joss.09295,JOSS,2,Iqra Siddique
10.21105/joss.09295,JOSS,3,Asad Ali
10.21105/joss.03632,JOSS,1,Candace Makeda Moore
10.21105/joss.03632,JOSS,2,Andrew Murphy
10.21105/joss.03632,JOSS,3,Oleg Sivokon
10.21105/joss.03632,JOSS,4,Patrice J Musoke
10.21105/joss.01628,JOSS,1,Matthew Petroff
10.21105/joss.05901,JOSS,1,Vivek Joshy
10.21105/joss.02342,JOSS,1,David Tourigny
10.21105/joss.02342,JOSS,2,Jorge Muriel
10.21105/joss.02342,JOSS,3,Moritz Beber
10.21105/joss.08936,JOSS,1,Johan Larsson
10.21105/joss.09384,JOSS,1,Martin Robinson
10.21105/joss.09384,JOSS,2,Alex Allmont
10.21105/joss.01886,JOSS,1,Leah Wasser
10.21105/joss.01886,JOSS,2,Maxwell Joseph
10.21105/joss.01886,JOSS,3,Joe McGlinchy
10.21105/joss.01886,JOSS,4,Jenny Palomino
10.21105/joss.01886,JOSS,5,Nathan Korinek
10.21105/joss.01886,JOSS,6,Chris Holdgraf
10.21105/joss.01886,JOSS,7,Tim Head
10.21105/joss.01352,JOSS,1,Brandon Dube
10.21105/joss.06758,JOSS,1,Florian Kotthoff
10.21105/joss.06758,JOSS,2,Christoph Muschner
10.21105/joss.06758,JOSS,3,Deniz Tepe
10.21105/joss.06758,JOSS,4,Guido Pleßmann
10.21105/joss.06758,JOSS,5,Ludwig Hülk
10.21105/joss.08382,JOSS,1,Stephanie M. Wu
10.21105/joss.08382,JOSS,2,Matthew R. Williams
10.21105/joss.08382,JOSS,3,Terrance D. Savitsky
10.21105/joss.08382,JOSS,4,Briana J. K. Stephenson
10.21105/joss.08416,JOSS,1,Henrik Finsberg
10.21105/joss.06210,JOSS,1,Nicolas Frerebeau
10.21105/joss.00739,JOSS,1,Alessandro Gasparini
10.21105/joss.06692,JOSS,1,Yonatan Tarazona
10.21105/joss.06692,JOSS,2,Fernando Benitez-Paez
10.21105/joss.06692,JOSS,3,Jakub Nowosad
10.21105/joss.06692,JOSS,4,Fabian Drenkhan
10.21105/joss.06692,JOSS,5,Martín E. Timaná
10.21105/joss.01083,JOSS,1,Eric Dawson
10.21105/joss.01083,JOSS,2,Richard Durbin
10.21105/joss.05573,JOSS,1,Unai Alegre-Ibarra
10.21105/joss.05573,JOSS,2,Hans-Christian Ruiz Euler
10.21105/joss.05573,JOSS,3,Humaid A.Mollah
10.21105/joss.05573,JOSS,4,Bozhidar P. Petrov
10.21105/joss.05573,JOSS,5,Srikumar S. Sastry
10.21105/joss.05573,JOSS,6,Marcus N. Boon
10.21105/joss.05573,JOSS,7,Michel P. de Jong
10.21105/joss.05573,JOSS,8,Mohamadreza Zolfagharinejad
10.21105/joss.05573,JOSS,9,Florentina M. J. Uitzetter
10.21105/joss.05573,JOSS,10,Bram van de Ven
10.21105/joss.05573,JOSS,11,António J. Sousa de Almeida
10.21105/joss.05573,JOSS,12,Sachin Kinge
10.21105/joss.05573,JOSS,13,Wilfred G. van der Wiel
10.21105/joss.10231,JOSS,1,Rubel Mozumder
10.21105/joss.10231,JOSS,2,Lukas Pielsticker
10.21105/joss.10231,JOSS,3,Markus Kühbach
10.21105/joss.10231,JOSS,4,Andrea Albino
10.21105/joss.10231,JOSS,5,Florian Dobener
10.21105/joss.10231,JOSS,6,Sherjeel Shabih
10.21105/joss.10231,JOSS,7,José A. Márquez Prieto
10.21105/joss.10231,JOSS,8,Sandor Brockhauser
10.21105/joss.10231,JOSS,9,Claudia Draxl
10.21105/joss.10231,JOSS,10,Christoph Koch
10.21105/joss.10231,JOSS,11,Heiko B. Weber
10.21105/joss.02362,JOSS,1,Alex Mikes
10.21105/joss.02362,JOSS,2,Katherine Edmonds
10.21105/joss.02362,JOSS,3,Robert Stone
10.21105/joss.02362,JOSS,4,Bryony DuPont
10.21105/joss.05654,JOSS,1,Charles Vernerey
10.21105/joss.05654,JOSS,2,Samir Loudni
10.21105/joss.00558,JOSS,1,Pi-Yueh Chuang
10.21105/joss.00558,JOSS,2,Olivier Mesnard
10.21105/joss.00558,JOSS,3,Anush Krishnan
10.21105/joss.00558,JOSS,4,Lorena A. Barba
10.21105/joss.04070,JOSS,1,Victor Sacek
10.21105/joss.04070,JOSS,2,Jamison Assunção
10.21105/joss.04070,JOSS,3,Agustina Pesce
10.21105/joss.04070,JOSS,4,Rafael Monteiro da Silva
10.21105/joss.06036,JOSS,1,Martin Beseda
10.21105/joss.06036,JOSS,2,Silvie Illésová
10.21105/joss.06036,JOSS,3,Saad Yalouz
10.21105/joss.06036,JOSS,4,Bruno Senjean
10.21105/joss.03298,JOSS,1,Jon. Drobny
10.21105/joss.03298,JOSS,2,Davide Curreli
10.21105/joss.07545,JOSS,1,Jacques Dainat
10.21105/joss.04304,JOSS,1,Yannik Schälte
10.21105/joss.04304,JOSS,2,Emmanuel Klinger
10.21105/joss.04304,JOSS,3,Emad Alamoudi
10.21105/joss.04304,JOSS,4,Jan Hasenauer
10.21105/joss.06418,JOSS,1,Francesco Lombardi
10.21105/joss.06418,JOSS,2,Pierre-François Duc
10.21105/joss.06418,JOSS,3,Mohammad Amin Tahavori
10.21105/joss.06418,JOSS,4,Claudia Sanchez-Solis
10.21105/joss.06418,JOSS,5,Sarah Eckhoff
10.21105/joss.06418,JOSS,6,Maria C. G. Hart
10.21105/joss.06418,JOSS,7,Francesco Sanvito
10.21105/joss.06418,JOSS,8,Gregory Ireland
10.21105/joss.06418,JOSS,9,Sergio Balderrama
10.21105/joss.06418,JOSS,10,Johann Kraft
10.21105/joss.06418,JOSS,11,Gokarna Dhungel
10.21105/joss.06418,JOSS,12,Sylvain Quoilin
10.21105/joss.00472,JOSS,1,Anton Rodenhauser
10.21105/joss.00472,JOSS,2,Wilson W Good
10.21105/joss.00472,JOSS,3,Brian Zenger
10.21105/joss.00472,JOSS,4,Jess Tate
10.21105/joss.00472,JOSS,5,Kedar Aras
10.21105/joss.00472,JOSS,6,Brett Burton
10.21105/joss.00472,JOSS,7,Rob S. MacLeod
10.21105/joss.05853,JOSS,1,Daniel Puzzuoli
10.21105/joss.05853,JOSS,2,Christopher J. Wood
10.21105/joss.05853,JOSS,3,Daniel J. Egger
10.21105/joss.05853,JOSS,4,Benjamin Rosand
10.21105/joss.05853,JOSS,5,Kento Ueda
10.21105/joss.09571,JOSS,1,Konstantin Löffler
10.21105/joss.09571,JOSS,2,Stian Backe
10.21105/joss.09571,JOSS,3,Julian Bornemann
10.21105/joss.09571,JOSS,4,Alena Diesing
10.21105/joss.09571,JOSS,5,Karlo Hainsch
10.21105/joss.09571,JOSS,6,Jonathan Hanto
10.21105/joss.09571,JOSS,7,Philipp Herpich
10.21105/joss.09571,JOSS,8,Nikita Moskalenko
10.21105/joss.09571,JOSS,9,Martha Pedersen
10.21105/joss.09571,JOSS,10,Dimitri Pinel
10.21105/joss.09571,JOSS,11,Dana Reulein
10.21105/joss.09571,JOSS,12,Shweta Tiwari
10.21105/joss.06066,JOSS,1,Akihiro Kuno
10.21105/joss.02890,JOSS,1,Kanishka Narayan
10.21105/joss.02890,JOSS,2,Chris Vernon
10.21105/joss.02890,JOSS,3,Stephanie Waldhoff
10.21105/joss.02890,JOSS,4,James Edmonds
10.21105/joss.02890,JOSS,5,Ryna Cui
10.21105/joss.00296,JOSS,1,Taylor B Arnold
10.21105/joss.01818,JOSS,1,Pascal Audet
10.21105/joss.01818,JOSS,2,Colin Thomson
10.21105/joss.01818,JOSS,3,Michael Bostock
10.21105/joss.01818,JOSS,4,Tom Eulenfeld
10.21105/joss.04953,JOSS,1,Arne Küderle
10.21105/joss.04953,JOSS,2,Robert Richer
10.21105/joss.04953,JOSS,3,Raul C. Sîmpetru
10.21105/joss.04953,JOSS,4,Bjoern M. Eskofier
10.21105/joss.04737,JOSS,1,Rémi Lafage
10.21105/joss.01306,JOSS,1,Conn O'Rourke
10.21105/joss.01306,JOSS,2,Benjamin Morgan
10.21105/joss.01190,JOSS,1,Andreas Baum
10.21105/joss.01190,JOSS,2,Laurent Vermue
10.21105/joss.01173,JOSS,1,Pankaj Mishra
10.21105/joss.00427,JOSS,1,Carlos X. Hernández
10.21105/joss.00427,JOSS,2,Vijay S. Pande
10.21105/joss.05994,JOSS,1,Kevin S. Anderson
10.21105/joss.05994,JOSS,2,Clifford W. Hansen
10.21105/joss.05994,JOSS,3,William F. Holmgren
10.21105/joss.05994,JOSS,4,Adam R. Jensen
10.21105/joss.05994,JOSS,5,Mark A. Mikofski
10.21105/joss.05994,JOSS,6,Anton Driesse
10.21105/joss.01762,JOSS,1,Lee Katz
10.21105/joss.01762,JOSS,2,Taylor Griswold
10.21105/joss.01762,JOSS,3,Shatavia Morrison
10.21105/joss.01762,JOSS,4,Jason Caravas
10.21105/joss.01762,JOSS,5,Shaokang Zhang
10.21105/joss.01762,JOSS,6,Henk Bakker
10.21105/joss.01762,JOSS,7,Xiangyu Deng
10.21105/joss.01762,JOSS,8,Heather Carleton
10.21105/joss.00407,JOSS,1,Yuxuan Zhang
10.21105/joss.00407,JOSS,2,Jean Bilheux
10.21105/joss.01441,JOSS,1,Łukasz Kaczmarczyk
10.21105/joss.01441,JOSS,2,Zahur Ullah
10.21105/joss.01441,JOSS,3,Karol Lewandowski
10.21105/joss.01441,JOSS,4,Xuan Meng
10.21105/joss.01441,JOSS,5,Xiao-Yi Zhou
10.21105/joss.01441,JOSS,6,Ignatios Athanasiadis
10.21105/joss.01441,JOSS,7,Hoang Nguyen
10.21105/joss.01441,JOSS,8,Christophe-Alexandre Chalons-Mouriesse
10.21105/joss.01441,JOSS,9,Euan Richardson
10.21105/joss.01441,JOSS,10,Euan Miur
10.21105/joss.01441,JOSS,11,Andrei Shvarts
10.21105/joss.01441,JOSS,12,Mebratu Wakeni
10.21105/joss.01441,JOSS,13,Chris Pearce
10.21105/joss.06433,JOSS,1,Seán R. Kavanagh
10.21105/joss.06433,JOSS,2,Alexander G. Squires
10.21105/joss.06433,JOSS,3,Adair Nicolson
10.21105/joss.06433,JOSS,4,Irea Mosquera-Lois
10.21105/joss.06433,JOSS,5,Alex M. Ganose
10.21105/joss.06433,JOSS,6,Bonan Zhu
10.21105/joss.06433,JOSS,7,Katarina Brlec
10.21105/joss.06433,JOSS,8,Aron Walsh
10.21105/joss.06433,JOSS,9,David O. Scanlon
10.21105/joss.00236,JOSS,1,Chris Mutel
10.21105/joss.07586,JOSS,1,Xilin Xia
10.21105/joss.07586,JOSS,2,Xiaodong Ming
10.21105/joss.05161,JOSS,1,Dmitry Bagaev
10.21105/joss.05161,JOSS,2,Albert Podusenko
10.21105/joss.05161,JOSS,3,Bert de Vries
10.21105/joss.04383,JOSS,1,Dominic Chmiel
10.21105/joss.04383,JOSS,2,Samuel Wallan
10.21105/joss.04383,JOSS,3,Matt Haberland
10.21105/joss.07668,JOSS,1,Ewout ter Hoeven
10.21105/joss.07668,JOSS,2,Jan Kwakkel
10.21105/joss.07668,JOSS,3,Vincent Hess
10.21105/joss.07668,JOSS,4,Thomas Pike
10.21105/joss.07668,JOSS,5,Boyu Wang
10.21105/joss.07668,JOSS,6,rht
10.21105/joss.07668,JOSS,7,Jackie Kazil
10.21105/joss.02537,JOSS,1,Stefanie Wiegand
10.21105/joss.00517,JOSS,1,R Daniel Kortschak
10.21105/joss.00766,JOSS,1,Jeroen F.J. Laros
10.21105/joss.03519,JOSS,1,Francesco Andreuzzi
10.21105/joss.03540,JOSS,1,Valeria Blesius
10.21105/joss.03540,JOSS,2,Andreas Dominik
10.21105/joss.03804,JOSS,1,Larkin Liu
10.21105/joss.03804,JOSS,2,Jun Luo
10.21105/joss.01448,JOSS,1,Benjamin Montgomery
10.21105/joss.01448,JOSS,2,Paul Nakroshis
10.21105/joss.01409,JOSS,1,Yury Shevchenko
10.21105/joss.06452,JOSS,1,Devrim Cavusoglu
10.21105/joss.06452,JOSS,2,Secil Sen
10.21105/joss.06452,JOSS,3,Ulas Sert
10.21105/joss.06452,JOSS,4,Sinan Altinuc
10.21105/joss.07099,JOSS,1,Raoul Schram
10.21105/joss.07099,JOSS,2,Samuel Spithorst
10.21105/joss.07099,JOSS,3,Erik-Jan van Kesteren
10.21105/joss.07853,JOSS,1,Kathleen M. Kuesters
10.21105/joss.07853,JOSS,2,Jessica M. Blanton
10.21105/joss.07853,JOSS,3,Jeffrey D. Kovach
10.21105/joss.07853,JOSS,4,Walter A. Blank
10.21105/joss.07853,JOSS,5,Lúcio M. Barbosa
10.21105/joss.07853,JOSS,6,Luciano K. Silva
10.21105/joss.07853,JOSS,7,Mitermayer G. Reis
10.21105/joss.07853,JOSS,8,Ronald E. Blanton
10.21105/joss.08075,JOSS,1,Aslan Noorghasemi
10.21105/joss.08075,JOSS,2,Christopher McComb
10.21105/joss.04494,JOSS,1,Matej Troják
10.21105/joss.04494,JOSS,2,Helge Hecht
10.21105/joss.04494,JOSS,3,Martin Čech
10.21105/joss.04494,JOSS,4,Elliott James Price
10.21105/joss.07540,JOSS,1,Carlos Ramos-Carreño
10.21105/joss.07540,JOSS,2,Tuomas Rossi
10.21105/joss.04905,JOSS,1,Dennis Gläser
10.21105/joss.04905,JOSS,2,Timo Koch
10.21105/joss.04905,JOSS,3,Sören Peters
10.21105/joss.04905,JOSS,4,Sven Marcus
10.21105/joss.04905,JOSS,5,Bernd Flemisch
10.21105/joss.06524,JOSS,1,Yigitcan Özer
10.21105/joss.06524,JOSS,2,Leo Brütting
10.21105/joss.06524,JOSS,3,Simon Schwär
10.21105/joss.06524,JOSS,4,Meinard Müller
10.21105/joss.06800,JOSS,1,Tommy Jones
10.21105/joss.05867,JOSS,1,Luis Barroso-Luque
10.21105/joss.05867,JOSS,2,Fengyu Xie
10.21105/joss.05846,JOSS,1,Jeremy Theler
10.21105/joss.06126,JOSS,1,Florian Krause
10.21105/joss.06126,JOSS,2,Nikos Kogias
10.21105/joss.04880,JOSS,1,Martin Lackner
10.21105/joss.04880,JOSS,2,Peter Regner
10.21105/joss.04880,JOSS,3,Benjamin Krenn
10.21105/joss.05975,JOSS,1,Clàudia Rodés-Bachs
10.21105/joss.05975,JOSS,2,Jon Sampedro
10.21105/joss.05975,JOSS,3,Russell Horowitz
10.21105/joss.05975,JOSS,4,Dirk-Jan Van de Ven
10.21105/joss.05975,JOSS,5,Ryna Yiyun Cui
10.21105/joss.05975,JOSS,6,Alicia Zhao
10.21105/joss.05975,JOSS,7,Matthew Zwerling
10.21105/joss.05975,JOSS,8,Zarrar Khan
10.21105/joss.04724,JOSS,1,Valentin Lucet
10.21105/joss.04724,JOSS,2,Eric J. Pedersen
10.21105/joss.09292,JOSS,1,Matthew Evans
10.21105/joss.09292,JOSS,2,Tristan Pryer
10.21105/joss.05999,JOSS,1,Savyasanchi Aggarwal
10.21105/joss.05999,JOSS,2,Seán R. Kavanagh
10.21105/joss.05999,JOSS,3,Young Won Woo
10.21105/joss.05999,JOSS,4,Lucas G. Verga
10.21105/joss.05999,JOSS,5,Alex M. Ganose
10.21105/joss.05999,JOSS,6,Aron Walsh
10.21105/joss.02973,JOSS,1,Sophie Theis
10.21105/joss.02973,JOSS,2,Magali Suzanne
10.21105/joss.02973,JOSS,3,Guillaume Gay
10.21105/joss.00370,JOSS,1,Benjamin J. Morgan
10.21105/joss.09187,JOSS,1,Zella King
10.21105/joss.09187,JOSS,2,Jon Gillham
10.21105/joss.09187,JOSS,3,Martin Utley
10.21105/joss.09187,JOSS,4,Sara Lundell
10.21105/joss.09187,JOSS,5,Matt Graham
10.21105/joss.09187,JOSS,6,Sonya Crowe
10.21105/joss.08796,JOSS,1,Christopher Marais
10.21105/joss.08796,JOSS,2,Eric Kuo
10.21105/joss.08796,JOSS,3,Jiri Hulcr
10.21105/joss.08796,JOSS,4,Raquel Dias
10.21105/joss.08070,JOSS,1,Marilyn De Graeve
10.21105/joss.08070,JOSS,2,Wout Bittremieux
10.21105/joss.08070,JOSS,3,Thomas Naake
10.21105/joss.08070,JOSS,4,Carolin Huber
10.21105/joss.08070,JOSS,5,Matthias Anagho-Mattanovich
10.21105/joss.08070,JOSS,6,Nils Hoffmann
10.21105/joss.08070,JOSS,7,Pierre Marchal
10.21105/joss.08070,JOSS,8,Victor Chrone
10.21105/joss.08070,JOSS,9,Philippine Louail
10.21105/joss.08070,JOSS,10,Helge Hecht
10.21105/joss.08070,JOSS,11,Michael Witting
10.21105/joss.08070,JOSS,12,Johannes Rainer
10.21105/joss.06590,JOSS,1,Jeremy Magland
10.21105/joss.06590,JOSS,2,Jeff Soules
10.21105/joss.06590,JOSS,3,Cody Baker
10.21105/joss.06590,JOSS,4,Benjamin Dichter
10.21105/joss.07534,JOSS,1,David Woodburn
10.21105/joss.02088,JOSS,1,Peter Harrison
10.21105/joss.00362,JOSS,1,Rohan Dandage
10.21105/joss.00362,JOSS,2,Kausik Chakraborty
10.21105/joss.04980,JOSS,1,Thomas Baldauf
10.21105/joss.01650,JOSS,1,Zsolt Elter
10.21105/joss.01650,JOSS,2,Aron Cserkaszky
10.21105/joss.01650,JOSS,3,Sophie Grape
10.21105/joss.05848,JOSS,1,Mainak Jas
10.21105/joss.05848,JOSS,2,Ryan Thorpe
10.21105/joss.05848,JOSS,3,Nicholas Tolley
10.21105/joss.05848,JOSS,4,Christopher Bailey
10.21105/joss.05848,JOSS,5,Steven Brandt
10.21105/joss.05848,JOSS,6,Blake Caldwell
10.21105/joss.05848,JOSS,7,Huzi Cheng
10.21105/joss.05848,JOSS,8,Dylan Daniels
10.21105/joss.05848,JOSS,9,Carolina Fernandez Pujol
10.21105/joss.05848,JOSS,10,Mostafa Khalil
10.21105/joss.05848,JOSS,11,Samika Kanekar
10.21105/joss.05848,JOSS,12,Carmen Kohl
10.21105/joss.05848,JOSS,13,Orsolya Kolozsvári
10.21105/joss.05848,JOSS,14,Kaisu Lankinen
10.21105/joss.05848,JOSS,15,Kenneth Loi
10.21105/joss.05848,JOSS,16,Sam Neymotin
10.21105/joss.05848,JOSS,17,Rajat Partani
10.21105/joss.05848,JOSS,18,Mattan Pelah
10.21105/joss.05848,JOSS,19,Alex Rockhill
10.21105/joss.05848,JOSS,20,Mohamed Sherif
10.21105/joss.05848,JOSS,21,Matti Hamalainen
10.21105/joss.05848,JOSS,22,Stephanie Jones
10.21105/joss.05700,JOSS,1,Martin Roa-Villescas
10.21105/joss.05700,JOSS,2,Jin-Guo Liu
10.21105/joss.01027,JOSS,1,Felix Ospald
10.21105/joss.08144,JOSS,1,Romain Thomas
10.21105/joss.08144,JOSS,2,Evgenia Dammer
10.21105/joss.02864,JOSS,1,Damien Marsic
10.21105/joss.08253,JOSS,1,Marcel Robeer
10.21105/joss.08253,JOSS,2,Michiel Bron
10.21105/joss.08253,JOSS,3,Elize Herrewijnen
10.21105/joss.08253,JOSS,4,Riwish Hoeseni
10.21105/joss.08253,JOSS,5,Floris Bex
10.21105/joss.08026,JOSS,1,Kwok Lung Fan
10.21105/joss.08026,JOSS,2,Gene Pennello
10.21105/joss.08026,JOSS,3,Qi Liu
10.21105/joss.08026,JOSS,4,Nicholas Petrick
10.21105/joss.08026,JOSS,5,Ravi K. Samala
10.21105/joss.08026,JOSS,6,Frank W. Samuelson
10.21105/joss.08026,JOSS,7,Yee Lam Elim Thompson
10.21105/joss.08026,JOSS,8,Qian Cao
10.21105/joss.00490,JOSS,1,Björn Dahlgren
10.21105/joss.01850,JOSS,1,Rami Yaari
10.21105/joss.01850,JOSS,2,Itai Dattner
10.21105/joss.00863,JOSS,1,Marco A. Lopez-Sanchez
10.21105/joss.08641,JOSS,1,Vinayak Das Gupta
10.21105/joss.06373,JOSS,1,Naim Göksel Karaçaylı
10.21105/joss.07309,JOSS,1,Romain Sacchi
10.21105/joss.07309,JOSS,2,Alvaro J. Hahn-Menacho
10.21105/joss.07240,JOSS,1,Jim Hester
10.21105/joss.07240,JOSS,2,Florent Angly
10.21105/joss.07240,JOSS,3,Michael Chirico
10.21105/joss.07240,JOSS,4,Russ Hyde
10.21105/joss.07240,JOSS,5,Ren Kun
10.21105/joss.07240,JOSS,6,Indrajeet Patil
10.21105/joss.07240,JOSS,7,Alexander Rosenstock
10.21105/joss.08680,JOSS,1,Jean-Baptiste Filippi
10.21105/joss.08680,JOSS,2,Roberta Baggio
10.21105/joss.08680,JOSS,3,Ronan Paugam
10.21105/joss.08680,JOSS,4,Frédéric Bosseur
10.21105/joss.08680,JOSS,5,Antonio Leblanc
10.21105/joss.08680,JOSS,6,Alberto Alonso-Pinar
10.21105/joss.04157,JOSS,1,Santiago Badia
10.21105/joss.04157,JOSS,2,Alberto F. Martín
10.21105/joss.04157,JOSS,3,Francesc Verdugo
10.21105/joss.01225,JOSS,1,Freek Stulp
10.21105/joss.01225,JOSS,2,Gennaro Raiola
10.21105/joss.06234,JOSS,1,Adrien C. R. Thob
10.21105/joss.06234,JOSS,2,Robyn E. Sanderson
10.21105/joss.06234,JOSS,3,Andrew P. Eden
10.21105/joss.06234,JOSS,4,Farnik Nikakhtar
10.21105/joss.06234,JOSS,5,Nondh Panithanpaisal
10.21105/joss.06234,JOSS,6,Nicolás Garavito-Camargo
10.21105/joss.06234,JOSS,7,Sanjib Sharma
10.21105/joss.06326,JOSS,1,Matteo Ravasi
10.21105/joss.06326,JOSS,2,Marcus Valtonen Örnhag
10.21105/joss.06326,JOSS,3,Nick Luiken
10.21105/joss.06326,JOSS,4,Olivier Leblanc
10.21105/joss.06326,JOSS,5,Eneko Uruñuela
10.21105/joss.07997,JOSS,1,Seb Dalgarno
10.21105/joss.07997,JOSS,2,John Boulanger
10.21105/joss.07997,JOSS,3,Ayla Pearson
10.21105/joss.07997,JOSS,4,Joe Thorley
10.21105/joss.07997,JOSS,5,Troy Hegel
10.21105/joss.07997,JOSS,6,Barry Nobert
10.21105/joss.07997,JOSS,7,Dave Hervieux
10.21105/joss.05701,JOSS,1,Rémi Thériault
10.21105/joss.06944,JOSS,1,Keisuke Adachi
10.21105/joss.06944,JOSS,2,Minoru Kanega
10.21105/joss.02341,JOSS,1,Allison Pfeiffer
10.21105/joss.02341,JOSS,2,Katherine Barnhart
10.21105/joss.02341,JOSS,3,Jonathan Czuba
10.21105/joss.02341,JOSS,4,Eric Hutton
10.21105/joss.08456,JOSS,1,Daniel A. J. Parsons
10.21105/joss.08456,JOSS,2,Benjamin Price
10.21105/joss.07478,JOSS,1,Lukas Burgholzer
10.21105/joss.07478,JOSS,2,Yannick Stade
10.21105/joss.07478,JOSS,3,Tom Peham
10.21105/joss.07478,JOSS,4,Robert Wille
10.21105/joss.01370,JOSS,1,Weiqun Zhang
10.21105/joss.01370,JOSS,2,Ann Almgren
10.21105/joss.01370,JOSS,3,Vince Beckner
10.21105/joss.01370,JOSS,4,John Bell
10.21105/joss.01370,JOSS,5,Johannes Blaschke
10.21105/joss.01370,JOSS,6,Cy Chan
10.21105/joss.01370,JOSS,7,Marcus Day
10.21105/joss.01370,JOSS,8,Brian Friesen
10.21105/joss.01370,JOSS,9,Kevin Gott
10.21105/joss.01370,JOSS,10,Daniel Graves
10.21105/joss.01370,JOSS,11,Max Katz
10.21105/joss.01370,JOSS,12,Andrew Myers
10.21105/joss.01370,JOSS,13,Tan Nguyen
10.21105/joss.01370,JOSS,14,Andrew Nonaka
10.21105/joss.01370,JOSS,15,Michele Rosso
10.21105/joss.01370,JOSS,16,Samuel Williams
10.21105/joss.01370,JOSS,17,Michael Zingale
10.21105/joss.07023,JOSS,1,Karl D. Gordon
10.21105/joss.08169,JOSS,1,Valentin Munteanu
10.21105/joss.08169,JOSS,2,Vladimir Starostin
10.21105/joss.08169,JOSS,3,Alexander Hinderhofer
10.21105/joss.08169,JOSS,4,Alexander Gerlach
10.21105/joss.08169,JOSS,5,Dmitry Lapkin
10.21105/joss.08169,JOSS,6,Frank Schreiber
10.21105/joss.05309,JOSS,1,Pamphile T. Roy
10.21105/joss.05309,JOSS,2,Art B. Owen
10.21105/joss.05309,JOSS,3,Maximilian Balandat
10.21105/joss.05309,JOSS,4,Matt Haberland
10.21105/joss.07740,JOSS,1,Kjetil Olsen Lye
10.21105/joss.07740,JOSS,2,Tobias Meyer Andersen
10.21105/joss.07740,JOSS,3,Atgeirr Flø Rasmussen
10.21105/joss.07740,JOSS,4,Jakob Torben
10.21105/joss.05361,JOSS,1,Vincent Stimper
10.21105/joss.05361,JOSS,2,David Liu
10.21105/joss.05361,JOSS,3,Andrew Campbell
10.21105/joss.05361,JOSS,4,Vincent Berenz
10.21105/joss.05361,JOSS,5,Lukas Ryll
10.21105/joss.05361,JOSS,6,Bernhard Schölkopf
10.21105/joss.05361,JOSS,7,José Miguel Hernández-Lobato
10.21105/joss.04148,JOSS,1,Aaron R. Caldwell
10.21105/joss.04406,JOSS,1,Wouter Peere
10.21105/joss.04406,JOSS,2,Tobias Blanke
10.21105/joss.05027,JOSS,1,Javier Rodriguez Zaurin
10.21105/joss.05027,JOSS,2,Pavol Mulinka
10.21105/joss.09406,JOSS,1,Daniel T. Chou
10.21105/joss.00978,JOSS,1,Joshua Rosenberg
10.21105/joss.00978,JOSS,2,Patrick Beymer
10.21105/joss.00978,JOSS,3,Daniel Anderson
10.21105/joss.00978,JOSS,4,C.j. van Lissa
10.21105/joss.00978,JOSS,5,Jennifer Schmidt
10.21105/joss.07246,JOSS,1,Anugrah Jo Joshy
10.21105/joss.07246,JOSS,2,John T. Hwang
10.21105/joss.06581,JOSS,1,Stephan Struckmann
10.21105/joss.06581,JOSS,2,Joany Mariño
10.21105/joss.06581,JOSS,3,Elisa Kasbohm
10.21105/joss.06581,JOSS,4,Elena Salogni
10.21105/joss.06581,JOSS,5,Carsten Oliver Schmidt
10.21105/joss.02815,JOSS,1,Mattan Ben-Shachar
10.21105/joss.02815,JOSS,2,Daniel Lüdecke
10.21105/joss.02815,JOSS,3,Dominique Makowski
