batch_id,index,operation,status,error,message,entity_id,raw_input
44740,0,create_item,Done,,,Q140794849,CREATE
44740,1,set_label,Done,,,Q140794849,"LAST|Len|""Obtaining High Quality Photographs of Paintings by Image Fusion"""
44740,2,set_description,Done,,,Q140794849,"LAST|Den|""scientific article published in Image Processing On Line"""
44740,3,set_statement,Done,,,Q140794849,"LAST|P31|Q18918145|S248|Q5188229|S356|""10.5201/IPOL.2015.49""|S854|""https://api.crossref.org/works/10.5201/ipol.2015.49""|S813|+2026-06-18T00:00:00Z/11"
44740,4,set_statement,Done,,,Q140794849,"LAST|P356|""10.5201/IPOL.2015.49""|S248|Q5188229|S356|""10.5201/IPOL.2015.49""|S854|""https://api.crossref.org/works/10.5201/ipol.2015.49""|S813|+2026-06-18T00:00:00Z/11"
44740,5,set_statement,Done,,,Q140794849,"LAST|P1476|en:""Obtaining High Quality Photographs of Paintings by Image Fusion""|S248|Q5188229|S356|""10.5201/IPOL.2015.49""|S854|""https://api.crossref.org/works/10.5201/ipol.2015.49""|S813|+2026-06-18T00:00:00Z/11"
44740,6,set_statement,Done,,,Q140794849,"LAST|P1433|Q50815456|S248|Q5188229|S356|""10.5201/IPOL.2015.49""|S854|""https://api.crossref.org/works/10.5201/ipol.2015.49""|S813|+2026-06-18T00:00:00Z/11"
44740,7,set_statement,Done,,,Q140794849,"LAST|P577|+2015-06-27T00:00:00Z/11|S248|Q5188229|S356|""10.5201/IPOL.2015.49""|S854|""https://api.crossref.org/works/10.5201/ipol.2015.49""|S813|+2026-06-18T00:00:00Z/11"
44740,8,set_statement,Done,,,Q140794849,"LAST|P407|Q1860|S248|Q5188229|S356|""10.5201/IPOL.2015.49""|S854|""https://api.crossref.org/works/10.5201/ipol.2015.49""|S813|+2026-06-18T00:00:00Z/11"
44740,9,set_statement,Done,,,Q140794849,"LAST|P921|Q140794560|S248|Q50815456|S854|""https://doi.org/10.5201/ipol.2015.49""|S813|+2026-06-18T00:00:00Z/11"
44740,10,set_statement,Error,api_user_error,Error 422 ('patch-result-invalid-value'): Invalid value in patch result,Q140794560,"Q140794560|P1343|LAST|S248|Q50815456|S854|""https://doi.org/10.5201/ipol.2015.49""|S813|+2026-06-18T00:00:00Z/11"
44740,11,create_item,Done,,,Q140794850,CREATE
44740,12,set_label,Done,,,Q140794850,"LAST|Len|""Selective Contrast Adjustment by Poisson Equation"""
44740,13,set_description,Done,,,Q140794850,"LAST|Den|""scientific article published in Image Processing On Line"""
44740,14,set_statement,Done,,,Q140794850,"LAST|P31|Q18918145|S248|Q5188229|S356|""10.5201/IPOL.2013.41""|S854|""https://api.crossref.org/works/10.5201/ipol.2013.41""|S813|+2026-06-18T00:00:00Z/11"
44740,15,set_statement,Done,,,Q140794850,"LAST|P356|""10.5201/IPOL.2013.41""|S248|Q5188229|S356|""10.5201/IPOL.2013.41""|S854|""https://api.crossref.org/works/10.5201/ipol.2013.41""|S813|+2026-06-18T00:00:00Z/11"
44740,16,set_statement,Done,,,Q140794850,"LAST|P1476|en:""Selective Contrast Adjustment by Poisson Equation""|S248|Q5188229|S356|""10.5201/IPOL.2013.41""|S854|""https://api.crossref.org/works/10.5201/ipol.2013.41""|S813|+2026-06-18T00:00:00Z/11"
44740,17,set_statement,Done,,,Q140794850,"LAST|P1433|Q50815456|S248|Q5188229|S356|""10.5201/IPOL.2013.41""|S854|""https://api.crossref.org/works/10.5201/ipol.2013.41""|S813|+2026-06-18T00:00:00Z/11"
44740,18,set_statement,Done,,,Q140794850,"LAST|P577|+2013-09-26T00:00:00Z/11|S248|Q5188229|S356|""10.5201/IPOL.2013.41""|S854|""https://api.crossref.org/works/10.5201/ipol.2013.41""|S813|+2026-06-18T00:00:00Z/11"
44740,19,set_statement,Done,,,Q140794850,"LAST|P407|Q1860|S248|Q5188229|S356|""10.5201/IPOL.2013.41""|S854|""https://api.crossref.org/works/10.5201/ipol.2013.41""|S813|+2026-06-18T00:00:00Z/11"
44740,20,set_statement,Done,,,Q140794850,"LAST|P921|Q140794561|S248|Q50815456|S854|""https://doi.org/10.5201/ipol.2013.41""|S813|+2026-06-18T00:00:00Z/11"
44740,21,set_statement,Error,api_user_error,Error 422 ('patch-result-invalid-value'): Invalid value in patch result,Q140794561,"Q140794561|P1343|LAST|S248|Q50815456|S854|""https://doi.org/10.5201/ipol.2013.41""|S813|+2026-06-18T00:00:00Z/11"
44740,22,create_item,Done,,,Q140794851,CREATE
44740,23,set_label,Done,,,Q140794851,"LAST|Len|""Generation and Detection of Alignments in Gabor Patterns"""
44740,24,set_description,Done,,,Q140794851,"LAST|Den|""scientific article published in Image Processing On Line"""
44740,25,set_statement,Done,,,Q140794851,"LAST|P31|Q18918145|S248|Q5188229|S356|""10.5201/IPOL.2016.177""|S854|""https://api.crossref.org/works/10.5201/ipol.2016.177""|S813|+2026-06-18T00:00:00Z/11"
44740,26,set_statement,Done,,,Q140794851,"LAST|P356|""10.5201/IPOL.2016.177""|S248|Q5188229|S356|""10.5201/IPOL.2016.177""|S854|""https://api.crossref.org/works/10.5201/ipol.2016.177""|S813|+2026-06-18T00:00:00Z/11"
44740,27,set_statement,Done,,,Q140794851,"LAST|P1476|en:""Generation and Detection of Alignments in Gabor Patterns""|S248|Q5188229|S356|""10.5201/IPOL.2016.177""|S854|""https://api.crossref.org/works/10.5201/ipol.2016.177""|S813|+2026-06-18T00:00:00Z/11"
44740,28,set_statement,Done,,,Q140794851,"LAST|P1433|Q50815456|S248|Q5188229|S356|""10.5201/IPOL.2016.177""|S854|""https://api.crossref.org/works/10.5201/ipol.2016.177""|S813|+2026-06-18T00:00:00Z/11"
44740,29,set_statement,Done,,,Q140794851,"LAST|P577|+2016-11-18T00:00:00Z/11|S248|Q5188229|S356|""10.5201/IPOL.2016.177""|S854|""https://api.crossref.org/works/10.5201/ipol.2016.177""|S813|+2026-06-18T00:00:00Z/11"
44740,30,set_statement,Done,,,Q140794851,"LAST|P407|Q1860|S248|Q5188229|S356|""10.5201/IPOL.2016.177""|S854|""https://api.crossref.org/works/10.5201/ipol.2016.177""|S813|+2026-06-18T00:00:00Z/11"
44740,31,set_statement,Done,,,Q140794851,"LAST|P921|Q140794562|S248|Q50815456|S854|""https://doi.org/10.5201/ipol.2016.177""|S813|+2026-06-18T00:00:00Z/11"
44740,32,set_statement,Error,api_user_error,Error 422 ('patch-result-invalid-value'): Invalid value in patch result,Q140794562,"Q140794562|P1343|LAST|S248|Q50815456|S854|""https://doi.org/10.5201/ipol.2016.177""|S813|+2026-06-18T00:00:00Z/11"
44740,33,create_item,Done,,,Q140794852,CREATE
44740,34,set_label,Done,,,Q140794852,"LAST|Len|""Implementation of the Midway Image Equalization"""
44740,35,set_description,Done,,,Q140794852,"LAST|Den|""scientific article published in Image Processing On Line"""
44740,36,set_statement,Done,,,Q140794852,"LAST|P31|Q18918145|S248|Q5188229|S356|""10.5201/IPOL.2016.140""|S854|""https://api.crossref.org/works/10.5201/ipol.2016.140""|S813|+2026-06-18T00:00:00Z/11"
44740,37,set_statement,Done,,,Q140794852,"LAST|P356|""10.5201/IPOL.2016.140""|S248|Q5188229|S356|""10.5201/IPOL.2016.140""|S854|""https://api.crossref.org/works/10.5201/ipol.2016.140""|S813|+2026-06-18T00:00:00Z/11"
44740,38,set_statement,Done,,,Q140794852,"LAST|P1476|en:""Implementation of the Midway Image Equalization""|S248|Q5188229|S356|""10.5201/IPOL.2016.140""|S854|""https://api.crossref.org/works/10.5201/ipol.2016.140""|S813|+2026-06-18T00:00:00Z/11"
44740,39,set_statement,Done,,,Q140794852,"LAST|P1433|Q50815456|S248|Q5188229|S356|""10.5201/IPOL.2016.140""|S854|""https://api.crossref.org/works/10.5201/ipol.2016.140""|S813|+2026-06-18T00:00:00Z/11"
44740,40,set_statement,Done,,,Q140794852,"LAST|P577|+2016-06-21T00:00:00Z/11|S248|Q5188229|S356|""10.5201/IPOL.2016.140""|S854|""https://api.crossref.org/works/10.5201/ipol.2016.140""|S813|+2026-06-18T00:00:00Z/11"
44740,41,set_statement,Done,,,Q140794852,"LAST|P407|Q1860|S248|Q5188229|S356|""10.5201/IPOL.2016.140""|S854|""https://api.crossref.org/works/10.5201/ipol.2016.140""|S813|+2026-06-18T00:00:00Z/11"
44740,42,set_statement,Done,,,Q140794852,"LAST|P921|Q140794563|S248|Q50815456|S854|""https://doi.org/10.5201/ipol.2016.140""|S813|+2026-06-18T00:00:00Z/11"
44740,43,set_statement,Error,api_user_error,Error 422 ('patch-result-invalid-value'): Invalid value in patch result,Q140794563,"Q140794563|P1343|LAST|S248|Q50815456|S854|""https://doi.org/10.5201/ipol.2016.140""|S813|+2026-06-18T00:00:00Z/11"
44740,44,create_item,Done,,,Q140794853,CREATE
44740,45,set_label,Done,,,Q140794853,"LAST|Len|""A Contrario Detection of Faces with a Short Cascade of Classifiers"""
44740,46,set_description,Done,,,Q140794853,"LAST|Den|""scientific article published in Image Processing On Line"""
44740,47,set_statement,Done,,,Q140794853,"LAST|P31|Q18918145|S248|Q5188229|S356|""10.5201/IPOL.2019.272""|S854|""https://api.crossref.org/works/10.5201/ipol.2019.272""|S813|+2026-06-18T00:00:00Z/11"
44740,48,set_statement,Done,,,Q140794853,"LAST|P356|""10.5201/IPOL.2019.272""|S248|Q5188229|S356|""10.5201/IPOL.2019.272""|S854|""https://api.crossref.org/works/10.5201/ipol.2019.272""|S813|+2026-06-18T00:00:00Z/11"
44740,49,set_statement,Done,,,Q140794853,"LAST|P1476|en:""A Contrario Detection of Faces with a Short Cascade of Classifiers""|S248|Q5188229|S356|""10.5201/IPOL.2019.272""|S854|""https://api.crossref.org/works/10.5201/ipol.2019.272""|S813|+2026-06-18T00:00:00Z/11"
44740,50,set_statement,Done,,,Q140794853,"LAST|P1433|Q50815456|S248|Q5188229|S356|""10.5201/IPOL.2019.272""|S854|""https://api.crossref.org/works/10.5201/ipol.2019.272""|S813|+2026-06-18T00:00:00Z/11"
44740,51,set_statement,Done,,,Q140794853,"LAST|P577|+2019-10-01T00:00:00Z/11|S248|Q5188229|S356|""10.5201/IPOL.2019.272""|S854|""https://api.crossref.org/works/10.5201/ipol.2019.272""|S813|+2026-06-18T00:00:00Z/11"
44740,52,set_statement,Done,,,Q140794853,"LAST|P407|Q1860|S248|Q5188229|S356|""10.5201/IPOL.2019.272""|S854|""https://api.crossref.org/works/10.5201/ipol.2019.272""|S813|+2026-06-18T00:00:00Z/11"
44740,53,set_statement,Done,,,Q140794853,"LAST|P921|Q140794564|S248|Q50815456|S854|""https://doi.org/10.5201/ipol.2019.272""|S813|+2026-06-18T00:00:00Z/11"
44740,54,set_statement,Error,api_user_error,Error 422 ('patch-result-invalid-value'): Invalid value in patch result,Q140794564,"Q140794564|P1343|LAST|S248|Q50815456|S854|""https://doi.org/10.5201/ipol.2019.272""|S813|+2026-06-18T00:00:00Z/11"
44740,55,create_item,Done,,,Q140794855,CREATE
44740,56,set_label,Done,,,Q140794855,"LAST|Len|""Comparison of Motion Smoothing Strategies for Video Stabilization using Parametric Models"""
44740,57,set_description,Done,,,Q140794855,"LAST|Den|""scientific article published in Image Processing On Line"""
44740,58,set_statement,Done,,,Q140794855,"LAST|P31|Q18918145|S248|Q5188229|S356|""10.5201/IPOL.2017.209""|S854|""https://api.crossref.org/works/10.5201/ipol.2017.209""|S813|+2026-06-18T00:00:00Z/11"
44740,59,set_statement,Done,,,Q140794855,"LAST|P356|""10.5201/IPOL.2017.209""|S248|Q5188229|S356|""10.5201/IPOL.2017.209""|S854|""https://api.crossref.org/works/10.5201/ipol.2017.209""|S813|+2026-06-18T00:00:00Z/11"
44740,60,set_statement,Done,,,Q140794855,"LAST|P1476|en:""Comparison of Motion Smoothing Strategies for Video Stabilization using Parametric Models""|S248|Q5188229|S356|""10.5201/IPOL.2017.209""|S854|""https://api.crossref.org/works/10.5201/ipol.2017.209""|S813|+2026-06-18T00:00:00Z/11"
44740,61,set_statement,Done,,,Q140794855,"LAST|P1433|Q50815456|S248|Q5188229|S356|""10.5201/IPOL.2017.209""|S854|""https://api.crossref.org/works/10.5201/ipol.2017.209""|S813|+2026-06-18T00:00:00Z/11"
44740,62,set_statement,Done,,,Q140794855,"LAST|P577|+2017-11-26T00:00:00Z/11|S248|Q5188229|S356|""10.5201/IPOL.2017.209""|S854|""https://api.crossref.org/works/10.5201/ipol.2017.209""|S813|+2026-06-18T00:00:00Z/11"
44740,63,set_statement,Done,,,Q140794855,"LAST|P407|Q1860|S248|Q5188229|S356|""10.5201/IPOL.2017.209""|S854|""https://api.crossref.org/works/10.5201/ipol.2017.209""|S813|+2026-06-18T00:00:00Z/11"
44740,64,set_statement,Done,,,Q140794855,"LAST|P921|Q140794565|S248|Q50815456|S854|""https://doi.org/10.5201/ipol.2017.209""|S813|+2026-06-18T00:00:00Z/11"
44740,65,set_statement,Error,api_user_error,Error 422 ('patch-result-invalid-value'): Invalid value in patch result,Q140794565,"Q140794565|P1343|LAST|S248|Q50815456|S854|""https://doi.org/10.5201/ipol.2017.209""|S813|+2026-06-18T00:00:00Z/11"
44740,66,create_item,Done,,,Q140794856,CREATE
44740,67,set_label,Done,,,Q140794856,"LAST|Len|""ZERO: a Local JPEG Grid Origin Detector Based on the Number of DCT Zeros and its Applications in Image Forensics"""
44740,68,set_description,Done,,,Q140794856,"LAST|Den|""scientific article published in Image Processing On Line"""
44740,69,set_statement,Done,,,Q140794856,"LAST|P31|Q18918145|S248|Q5188229|S356|""10.5201/IPOL.2021.390""|S854|""https://api.crossref.org/works/10.5201/ipol.2021.390""|S813|+2026-06-18T00:00:00Z/11"
44740,70,set_statement,Done,,,Q140794856,"LAST|P356|""10.5201/IPOL.2021.390""|S248|Q5188229|S356|""10.5201/IPOL.2021.390""|S854|""https://api.crossref.org/works/10.5201/ipol.2021.390""|S813|+2026-06-18T00:00:00Z/11"
44740,71,set_statement,Done,,,Q140794856,"LAST|P1476|en:""ZERO: a Local JPEG Grid Origin Detector Based on the Number of DCT Zeros and its Applications in Image Forensics""|S248|Q5188229|S356|""10.5201/IPOL.2021.390""|S854|""https://api.crossref.org/works/10.5201/ipol.2021.390""|S813|+2026-06-18T00:00:00Z/11"
44740,72,set_statement,Done,,,Q140794856,"LAST|P1433|Q50815456|S248|Q5188229|S356|""10.5201/IPOL.2021.390""|S854|""https://api.crossref.org/works/10.5201/ipol.2021.390""|S813|+2026-06-18T00:00:00Z/11"
44740,73,set_statement,Done,,,Q140794856,"LAST|P577|+2021-12-16T00:00:00Z/11|S248|Q5188229|S356|""10.5201/IPOL.2021.390""|S854|""https://api.crossref.org/works/10.5201/ipol.2021.390""|S813|+2026-06-18T00:00:00Z/11"
44740,74,set_statement,Done,,,Q140794856,"LAST|P407|Q1860|S248|Q5188229|S356|""10.5201/IPOL.2021.390""|S854|""https://api.crossref.org/works/10.5201/ipol.2021.390""|S813|+2026-06-18T00:00:00Z/11"
44740,75,set_statement,Done,,,Q140794856,"LAST|P921|Q140794566|S248|Q50815456|S854|""https://doi.org/10.5201/ipol.2021.390""|S813|+2026-06-18T00:00:00Z/11"
44740,76,set_statement,Error,api_user_error,Error 422 ('patch-result-invalid-value'): Invalid value in patch result,Q140794566,"Q140794566|P1343|LAST|S248|Q50815456|S854|""https://doi.org/10.5201/ipol.2021.390""|S813|+2026-06-18T00:00:00Z/11"
44740,77,create_item,Done,,,Q140794857,CREATE
44740,78,set_label,Done,,,Q140794857,"LAST|Len|""Digital Level Layers for Digital Curve Decomposition and Vectorization"""
44740,79,set_description,Done,,,Q140794857,"LAST|Den|""scientific article published in Image Processing On Line"""
44740,80,set_statement,Done,,,Q140794857,"LAST|P31|Q18918145|S248|Q5188229|S356|""10.5201/IPOL.2014.67""|S854|""https://api.crossref.org/works/10.5201/ipol.2014.67""|S813|+2026-06-18T00:00:00Z/11"
44740,81,set_statement,Done,,,Q140794857,"LAST|P356|""10.5201/IPOL.2014.67""|S248|Q5188229|S356|""10.5201/IPOL.2014.67""|S854|""https://api.crossref.org/works/10.5201/ipol.2014.67""|S813|+2026-06-18T00:00:00Z/11"
44740,82,set_statement,Done,,,Q140794857,"LAST|P1476|en:""Digital Level Layers for Digital Curve Decomposition and Vectorization""|S248|Q5188229|S356|""10.5201/IPOL.2014.67""|S854|""https://api.crossref.org/works/10.5201/ipol.2014.67""|S813|+2026-06-18T00:00:00Z/11"
44740,83,set_statement,Done,,,Q140794857,"LAST|P1433|Q50815456|S248|Q5188229|S356|""10.5201/IPOL.2014.67""|S854|""https://api.crossref.org/works/10.5201/ipol.2014.67""|S813|+2026-06-18T00:00:00Z/11"
44740,84,set_statement,Done,,,Q140794857,"LAST|P577|+2014-07-30T00:00:00Z/11|S248|Q5188229|S356|""10.5201/IPOL.2014.67""|S854|""https://api.crossref.org/works/10.5201/ipol.2014.67""|S813|+2026-06-18T00:00:00Z/11"
44740,85,set_statement,Done,,,Q140794857,"LAST|P407|Q1860|S248|Q5188229|S356|""10.5201/IPOL.2014.67""|S854|""https://api.crossref.org/works/10.5201/ipol.2014.67""|S813|+2026-06-18T00:00:00Z/11"
44740,86,set_statement,Done,,,Q140794857,"LAST|P921|Q140794569|S248|Q50815456|S854|""https://doi.org/10.5201/ipol.2014.67""|S813|+2026-06-18T00:00:00Z/11"
44740,87,set_statement,Error,api_user_error,Error 422 ('patch-result-invalid-value'): Invalid value in patch result,Q140794569,"Q140794569|P1343|LAST|S248|Q50815456|S854|""https://doi.org/10.5201/ipol.2014.67""|S813|+2026-06-18T00:00:00Z/11"
44740,88,create_item,Done,,,Q140794858,CREATE
44740,89,set_label,Done,,,Q140794858,"LAST|Len|""Attitude Refinement for Orbiting Pushbroom Cameras: a Simple Polynomial Fitting Method"""
44740,90,set_description,Done,,,Q140794858,"LAST|Den|""scientific article published in Image Processing On Line"""
44740,91,set_statement,Done,,,Q140794858,"LAST|P31|Q18918145|S248|Q5188229|S356|""10.5201/IPOL.2015.146""|S854|""https://api.crossref.org/works/10.5201/ipol.2015.146""|S813|+2026-06-18T00:00:00Z/11"
44740,92,set_statement,Done,,,Q140794858,"LAST|P356|""10.5201/IPOL.2015.146""|S248|Q5188229|S356|""10.5201/IPOL.2015.146""|S854|""https://api.crossref.org/works/10.5201/ipol.2015.146""|S813|+2026-06-18T00:00:00Z/11"
44740,93,set_statement,Done,,,Q140794858,"LAST|P1476|en:""Attitude Refinement for Orbiting Pushbroom Cameras: a Simple Polynomial Fitting Method""|S248|Q5188229|S356|""10.5201/IPOL.2015.146""|S854|""https://api.crossref.org/works/10.5201/ipol.2015.146""|S813|+2026-06-18T00:00:00Z/11"
44740,94,set_statement,Done,,,Q140794858,"LAST|P1433|Q50815456|S248|Q5188229|S356|""10.5201/IPOL.2015.146""|S854|""https://api.crossref.org/works/10.5201/ipol.2015.146""|S813|+2026-06-18T00:00:00Z/11"
44740,95,set_statement,Done,,,Q140794858,"LAST|P577|+2015-12-26T00:00:00Z/11|S248|Q5188229|S356|""10.5201/IPOL.2015.146""|S854|""https://api.crossref.org/works/10.5201/ipol.2015.146""|S813|+2026-06-18T00:00:00Z/11"
44740,96,set_statement,Done,,,Q140794858,"LAST|P407|Q1860|S248|Q5188229|S356|""10.5201/IPOL.2015.146""|S854|""https://api.crossref.org/works/10.5201/ipol.2015.146""|S813|+2026-06-18T00:00:00Z/11"
44740,97,set_statement,Done,,,Q140794858,"LAST|P921|Q140794570|S248|Q50815456|S854|""https://doi.org/10.5201/ipol.2015.146""|S813|+2026-06-18T00:00:00Z/11"
44740,98,set_statement,Error,api_user_error,Error 422 ('patch-result-invalid-value'): Invalid value in patch result,Q140794570,"Q140794570|P1343|LAST|S248|Q50815456|S854|""https://doi.org/10.5201/ipol.2015.146""|S813|+2026-06-18T00:00:00Z/11"
44740,99,create_item,Done,,,Q140794859,CREATE
44740,100,set_label,Done,,,Q140794859,"LAST|Len|""Screened Poisson Equation for Image Contrast Enhancement"""
44740,101,set_description,Done,,,Q140794859,"LAST|Den|""scientific article published in Image Processing On Line"""
44740,102,set_statement,Done,,,Q140794859,"LAST|P31|Q18918145|S248|Q5188229|S356|""10.5201/IPOL.2014.84""|S854|""https://api.crossref.org/works/10.5201/ipol.2014.84""|S813|+2026-06-18T00:00:00Z/11"
44740,103,set_statement,Done,,,Q140794859,"LAST|P356|""10.5201/IPOL.2014.84""|S248|Q5188229|S356|""10.5201/IPOL.2014.84""|S854|""https://api.crossref.org/works/10.5201/ipol.2014.84""|S813|+2026-06-18T00:00:00Z/11"
44740,104,set_statement,Done,,,Q140794859,"LAST|P1476|en:""Screened Poisson Equation for Image Contrast Enhancement""|S248|Q5188229|S356|""10.5201/IPOL.2014.84""|S854|""https://api.crossref.org/works/10.5201/ipol.2014.84""|S813|+2026-06-18T00:00:00Z/11"
44740,105,set_statement,Done,,,Q140794859,"LAST|P1433|Q50815456|S248|Q5188229|S356|""10.5201/IPOL.2014.84""|S854|""https://api.crossref.org/works/10.5201/ipol.2014.84""|S813|+2026-06-18T00:00:00Z/11"
44740,106,set_statement,Done,,,Q140794859,"LAST|P577|+2014-03-11T00:00:00Z/11|S248|Q5188229|S356|""10.5201/IPOL.2014.84""|S854|""https://api.crossref.org/works/10.5201/ipol.2014.84""|S813|+2026-06-18T00:00:00Z/11"
44740,107,set_statement,Done,,,Q140794859,"LAST|P407|Q1860|S248|Q5188229|S356|""10.5201/IPOL.2014.84""|S854|""https://api.crossref.org/works/10.5201/ipol.2014.84""|S813|+2026-06-18T00:00:00Z/11"
44740,108,set_statement,Done,,,Q140794859,"LAST|P921|Q140794572|S248|Q50815456|S854|""https://doi.org/10.5201/ipol.2014.84""|S813|+2026-06-18T00:00:00Z/11"
44740,109,set_statement,Error,api_user_error,Error 422 ('patch-result-invalid-value'): Invalid value in patch result,Q140794572,"Q140794572|P1343|LAST|S248|Q50815456|S854|""https://doi.org/10.5201/ipol.2014.84""|S813|+2026-06-18T00:00:00Z/11"
44740,110,create_item,Done,,,Q140794860,CREATE
44740,111,set_label,Done,,,Q140794860,"LAST|Len|""An Analysis and Implementation of the BM3D Image Denoising Method"""
44740,112,set_description,Done,,,Q140794860,"LAST|Den|""scientific article published in Image Processing On Line"""
44740,113,set_statement,Done,,,Q140794860,"LAST|P31|Q18918145|S248|Q5188229|S356|""10.5201/IPOL.2012.L-BM3D""|S854|""https://api.crossref.org/works/10.5201/ipol.2012.l-bm3d""|S813|+2026-06-18T00:00:00Z/11"
44740,114,set_statement,Done,,,Q140794860,"LAST|P356|""10.5201/IPOL.2012.L-BM3D""|S248|Q5188229|S356|""10.5201/IPOL.2012.L-BM3D""|S854|""https://api.crossref.org/works/10.5201/ipol.2012.l-bm3d""|S813|+2026-06-18T00:00:00Z/11"
44740,115,set_statement,Done,,,Q140794860,"LAST|P1476|en:""An Analysis and Implementation of the BM3D Image Denoising Method""|S248|Q5188229|S356|""10.5201/IPOL.2012.L-BM3D""|S854|""https://api.crossref.org/works/10.5201/ipol.2012.l-bm3d""|S813|+2026-06-18T00:00:00Z/11"
44740,116,set_statement,Done,,,Q140794860,"LAST|P1433|Q50815456|S248|Q5188229|S356|""10.5201/IPOL.2012.L-BM3D""|S854|""https://api.crossref.org/works/10.5201/ipol.2012.l-bm3d""|S813|+2026-06-18T00:00:00Z/11"
44740,117,set_statement,Done,,,Q140794860,"LAST|P577|+2012-08-08T00:00:00Z/11|S248|Q5188229|S356|""10.5201/IPOL.2012.L-BM3D""|S854|""https://api.crossref.org/works/10.5201/ipol.2012.l-bm3d""|S813|+2026-06-18T00:00:00Z/11"
44740,118,set_statement,Done,,,Q140794860,"LAST|P407|Q1860|S248|Q5188229|S356|""10.5201/IPOL.2012.L-BM3D""|S854|""https://api.crossref.org/works/10.5201/ipol.2012.l-bm3d""|S813|+2026-06-18T00:00:00Z/11"
44740,119,set_statement,Done,,,Q140794860,"LAST|P921|Q140794573|S248|Q50815456|S854|""https://doi.org/10.5201/ipol.2012.l-bm3d""|S813|+2026-06-18T00:00:00Z/11"
44740,120,set_statement,Error,api_user_error,Error 422 ('patch-result-invalid-value'): Invalid value in patch result,Q140794573,"Q140794573|P1343|LAST|S248|Q50815456|S854|""https://doi.org/10.5201/ipol.2012.l-bm3d""|S813|+2026-06-18T00:00:00Z/11"
44740,121,create_item,Done,,,Q140794861,CREATE
44740,122,set_label,Done,,,Q140794861,"LAST|Len|""Cartoon + Texture Image Decomposition by the TV-L1 Model"""
44740,123,set_description,Done,,,Q140794861,"LAST|Den|""scientific article published in Image Processing On Line"""
44740,124,set_statement,Done,,,Q140794861,"LAST|P31|Q18918145|S248|Q5188229|S356|""10.5201/IPOL.2014.103""|S854|""https://api.crossref.org/works/10.5201/ipol.2014.103""|S813|+2026-06-18T00:00:00Z/11"
44740,125,set_statement,Done,,,Q140794861,"LAST|P356|""10.5201/IPOL.2014.103""|S248|Q5188229|S356|""10.5201/IPOL.2014.103""|S854|""https://api.crossref.org/works/10.5201/ipol.2014.103""|S813|+2026-06-18T00:00:00Z/11"
44740,126,set_statement,Done,,,Q140794861,"LAST|P1476|en:""Cartoon + Texture Image Decomposition by the TV-L1 Model""|S248|Q5188229|S356|""10.5201/IPOL.2014.103""|S854|""https://api.crossref.org/works/10.5201/ipol.2014.103""|S813|+2026-06-18T00:00:00Z/11"
44740,127,set_statement,Done,,,Q140794861,"LAST|P1433|Q50815456|S248|Q5188229|S356|""10.5201/IPOL.2014.103""|S854|""https://api.crossref.org/works/10.5201/ipol.2014.103""|S813|+2026-06-18T00:00:00Z/11"
44740,128,set_statement,Done,,,Q140794861,"LAST|P577|+2014-09-05T00:00:00Z/11|S248|Q5188229|S356|""10.5201/IPOL.2014.103""|S854|""https://api.crossref.org/works/10.5201/ipol.2014.103""|S813|+2026-06-18T00:00:00Z/11"
44740,129,set_statement,Done,,,Q140794861,"LAST|P407|Q1860|S248|Q5188229|S356|""10.5201/IPOL.2014.103""|S854|""https://api.crossref.org/works/10.5201/ipol.2014.103""|S813|+2026-06-18T00:00:00Z/11"
44740,130,set_statement,Done,,,Q140794861,"LAST|P921|Q140794574|S248|Q50815456|S854|""https://doi.org/10.5201/ipol.2014.103""|S813|+2026-06-18T00:00:00Z/11"
44740,131,set_statement,Error,api_user_error,Error 422 ('patch-result-invalid-value'): Invalid value in patch result,Q140794574,"Q140794574|P1343|LAST|S248|Q50815456|S854|""https://doi.org/10.5201/ipol.2014.103""|S813|+2026-06-18T00:00:00Z/11"
44740,132,create_item,Done,,,Q140794862,CREATE
44740,133,set_label,Done,,,Q140794862,"LAST|Len|""Temporal Repetition Detector for Time Series of Spectrally Limited Satellite Imagers"""
44740,134,set_description,Done,,,Q140794862,"LAST|Den|""scientific article published in Image Processing On Line"""
44740,135,set_statement,Done,,,Q140794862,"LAST|P31|Q18918145|S248|Q5188229|S356|""10.5201/IPOL.2020.245""|S854|""https://api.crossref.org/works/10.5201/ipol.2020.245""|S813|+2026-06-18T00:00:00Z/11"
44740,136,set_statement,Done,,,Q140794862,"LAST|P356|""10.5201/IPOL.2020.245""|S248|Q5188229|S356|""10.5201/IPOL.2020.245""|S854|""https://api.crossref.org/works/10.5201/ipol.2020.245""|S813|+2026-06-18T00:00:00Z/11"
44740,137,set_statement,Done,,,Q140794862,"LAST|P1476|en:""Temporal Repetition Detector for Time Series of Spectrally Limited Satellite Imagers""|S248|Q5188229|S356|""10.5201/IPOL.2020.245""|S854|""https://api.crossref.org/works/10.5201/ipol.2020.245""|S813|+2026-06-18T00:00:00Z/11"
44740,138,set_statement,Done,,,Q140794862,"LAST|P1433|Q50815456|S248|Q5188229|S356|""10.5201/IPOL.2020.245""|S854|""https://api.crossref.org/works/10.5201/ipol.2020.245""|S813|+2026-06-18T00:00:00Z/11"
44740,139,set_statement,Done,,,Q140794862,"LAST|P577|+2020-06-27T00:00:00Z/11|S248|Q5188229|S356|""10.5201/IPOL.2020.245""|S854|""https://api.crossref.org/works/10.5201/ipol.2020.245""|S813|+2026-06-18T00:00:00Z/11"
44740,140,set_statement,Done,,,Q140794862,"LAST|P407|Q1860|S248|Q5188229|S356|""10.5201/IPOL.2020.245""|S854|""https://api.crossref.org/works/10.5201/ipol.2020.245""|S813|+2026-06-18T00:00:00Z/11"
44740,141,set_statement,Done,,,Q140794862,"LAST|P921|Q140794575|S248|Q50815456|S854|""https://doi.org/10.5201/ipol.2020.245""|S813|+2026-06-18T00:00:00Z/11"
44740,142,set_statement,Error,api_user_error,Error 422 ('patch-result-invalid-value'): Invalid value in patch result,Q140794575,"Q140794575|P1343|LAST|S248|Q50815456|S854|""https://doi.org/10.5201/ipol.2020.245""|S813|+2026-06-18T00:00:00Z/11"
44740,143,create_item,Done,,,Q140794863,CREATE
44740,144,set_label,Done,,,Q140794863,"LAST|Len|""Image Demosaicking with Contour Stencils"""
44740,145,set_description,Done,,,Q140794863,"LAST|Den|""scientific article published in Image Processing On Line"""
44740,146,set_statement,Done,,,Q140794863,"LAST|P31|Q18918145|S248|Q5188229|S356|""10.5201/IPOL.2012.G-DWCS""|S854|""https://api.crossref.org/works/10.5201/ipol.2012.g-dwcs""|S813|+2026-06-18T00:00:00Z/11"
44740,147,set_statement,Done,,,Q140794863,"LAST|P356|""10.5201/IPOL.2012.G-DWCS""|S248|Q5188229|S356|""10.5201/IPOL.2012.G-DWCS""|S854|""https://api.crossref.org/works/10.5201/ipol.2012.g-dwcs""|S813|+2026-06-18T00:00:00Z/11"
44740,148,set_statement,Done,,,Q140794863,"LAST|P1476|en:""Image Demosaicking with Contour Stencils""|S248|Q5188229|S356|""10.5201/IPOL.2012.G-DWCS""|S854|""https://api.crossref.org/works/10.5201/ipol.2012.g-dwcs""|S813|+2026-06-18T00:00:00Z/11"
44740,149,set_statement,Done,,,Q140794863,"LAST|P1433|Q50815456|S248|Q5188229|S356|""10.5201/IPOL.2012.G-DWCS""|S854|""https://api.crossref.org/works/10.5201/ipol.2012.g-dwcs""|S813|+2026-06-18T00:00:00Z/11"
44740,150,set_statement,Done,,,Q140794863,"LAST|P577|+2012-03-24T00:00:00Z/11|S248|Q5188229|S356|""10.5201/IPOL.2012.G-DWCS""|S854|""https://api.crossref.org/works/10.5201/ipol.2012.g-dwcs""|S813|+2026-06-18T00:00:00Z/11"
44740,151,set_statement,Done,,,Q140794863,"LAST|P407|Q1860|S248|Q5188229|S356|""10.5201/IPOL.2012.G-DWCS""|S854|""https://api.crossref.org/works/10.5201/ipol.2012.g-dwcs""|S813|+2026-06-18T00:00:00Z/11"
44740,152,set_statement,Done,,,Q140794863,"LAST|P921|Q140794578|S248|Q50815456|S854|""https://doi.org/10.5201/ipol.2012.g-dwcs""|S813|+2026-06-18T00:00:00Z/11"
44740,153,set_statement,Error,api_user_error,Error 422 ('patch-result-invalid-value'): Invalid value in patch result,Q140794578,"Q140794578|P1343|LAST|S248|Q50815456|S854|""https://doi.org/10.5201/ipol.2012.g-dwcs""|S813|+2026-06-18T00:00:00Z/11"
44740,154,create_item,Done,,,Q140794864,CREATE
44740,155,set_label,Done,,,Q140794864,"LAST|Len|""Ground Visibility in Satellite Optical Time Series Based on A Contrario Local Image Matching"""
44740,156,set_description,Done,,,Q140794864,"LAST|Den|""scientific article published in Image Processing On Line"""
44740,157,set_statement,Done,,,Q140794864,"LAST|P31|Q18918145|S248|Q5188229|S356|""10.5201/IPOL.2021.342""|S854|""https://api.crossref.org/works/10.5201/ipol.2021.342""|S813|+2026-06-18T00:00:00Z/11"
44740,158,set_statement,Done,,,Q140794864,"LAST|P356|""10.5201/IPOL.2021.342""|S248|Q5188229|S356|""10.5201/IPOL.2021.342""|S854|""https://api.crossref.org/works/10.5201/ipol.2021.342""|S813|+2026-06-18T00:00:00Z/11"
44740,159,set_statement,Done,,,Q140794864,"LAST|P1476|en:""Ground Visibility in Satellite Optical Time Series Based on A Contrario Local Image Matching""|S248|Q5188229|S356|""10.5201/IPOL.2021.342""|S854|""https://api.crossref.org/works/10.5201/ipol.2021.342""|S813|+2026-06-18T00:00:00Z/11"
44740,160,set_statement,Done,,,Q140794864,"LAST|P1433|Q50815456|S248|Q5188229|S356|""10.5201/IPOL.2021.342""|S854|""https://api.crossref.org/works/10.5201/ipol.2021.342""|S813|+2026-06-18T00:00:00Z/11"
44740,161,set_statement,Done,,,Q140794864,"LAST|P577|+2021-07-26T00:00:00Z/11|S248|Q5188229|S356|""10.5201/IPOL.2021.342""|S854|""https://api.crossref.org/works/10.5201/ipol.2021.342""|S813|+2026-06-18T00:00:00Z/11"
44740,162,set_statement,Done,,,Q140794864,"LAST|P407|Q1860|S248|Q5188229|S356|""10.5201/IPOL.2021.342""|S854|""https://api.crossref.org/works/10.5201/ipol.2021.342""|S813|+2026-06-18T00:00:00Z/11"
44740,163,set_statement,Done,,,Q140794864,"LAST|P921|Q140794580|S248|Q50815456|S854|""https://doi.org/10.5201/ipol.2021.342""|S813|+2026-06-18T00:00:00Z/11"
44740,164,set_statement,Error,api_user_error,Error 422 ('patch-result-invalid-value'): Invalid value in patch result,Q140794580,"Q140794580|P1343|LAST|S248|Q50815456|S854|""https://doi.org/10.5201/ipol.2021.342""|S813|+2026-06-18T00:00:00Z/11"
44740,165,create_item,Done,,,Q140794865,CREATE
44740,166,set_label,Done,,,Q140794865,"LAST|Len|""Cartoon+Texture Image Decomposition"""
44740,167,set_description,Done,,,Q140794865,"LAST|Den|""scientific article published in Image Processing On Line"""
44740,168,set_statement,Done,,,Q140794865,"LAST|P31|Q18918145|S248|Q5188229|S356|""10.5201/IPOL.2011.BLMV_CT""|S854|""https://api.crossref.org/works/10.5201/ipol.2011.blmv_ct""|S813|+2026-06-18T00:00:00Z/11"
44740,169,set_statement,Done,,,Q140794865,"LAST|P356|""10.5201/IPOL.2011.BLMV_CT""|S248|Q5188229|S356|""10.5201/IPOL.2011.BLMV_CT""|S854|""https://api.crossref.org/works/10.5201/ipol.2011.blmv_ct""|S813|+2026-06-18T00:00:00Z/11"
44740,170,set_statement,Done,,,Q140794865,"LAST|P1476|en:""Cartoon+Texture Image Decomposition""|S248|Q5188229|S356|""10.5201/IPOL.2011.BLMV_CT""|S854|""https://api.crossref.org/works/10.5201/ipol.2011.blmv_ct""|S813|+2026-06-18T00:00:00Z/11"
44740,171,set_statement,Done,,,Q140794865,"LAST|P1433|Q50815456|S248|Q5188229|S356|""10.5201/IPOL.2011.BLMV_CT""|S854|""https://api.crossref.org/works/10.5201/ipol.2011.blmv_ct""|S813|+2026-06-18T00:00:00Z/11"
44740,172,set_statement,Done,,,Q140794865,"LAST|P577|+2011-09-13T00:00:00Z/11|S248|Q5188229|S356|""10.5201/IPOL.2011.BLMV_CT""|S854|""https://api.crossref.org/works/10.5201/ipol.2011.blmv_ct""|S813|+2026-06-18T00:00:00Z/11"
44740,173,set_statement,Done,,,Q140794865,"LAST|P407|Q1860|S248|Q5188229|S356|""10.5201/IPOL.2011.BLMV_CT""|S854|""https://api.crossref.org/works/10.5201/ipol.2011.blmv_ct""|S813|+2026-06-18T00:00:00Z/11"
44740,174,set_statement,Done,,,Q140794865,"LAST|P921|Q140794581|S248|Q50815456|S854|""https://doi.org/10.5201/ipol.2011.blmv_ct""|S813|+2026-06-18T00:00:00Z/11"
44740,175,set_statement,Error,api_user_error,Error 422 ('patch-result-invalid-value'): Invalid value in patch result,Q140794581,"Q140794581|P1343|LAST|S248|Q50815456|S854|""https://doi.org/10.5201/ipol.2011.blmv_ct""|S813|+2026-06-18T00:00:00Z/11"
44740,176,create_item,Done,,,Q140794866,CREATE
44740,177,set_label,Done,,,Q140794866,"LAST|Len|""Vanishing Point Detection in Urban Scenes Using Point Alignments"""
44740,178,set_description,Done,,,Q140794866,"LAST|Den|""scientific article published in Image Processing On Line"""
44740,179,set_statement,Done,,,Q140794866,"LAST|P31|Q18918145|S248|Q5188229|S356|""10.5201/IPOL.2017.148""|S854|""https://api.crossref.org/works/10.5201/ipol.2017.148""|S813|+2026-06-18T00:00:00Z/11"
44740,180,set_statement,Done,,,Q140794866,"LAST|P356|""10.5201/IPOL.2017.148""|S248|Q5188229|S356|""10.5201/IPOL.2017.148""|S854|""https://api.crossref.org/works/10.5201/ipol.2017.148""|S813|+2026-06-18T00:00:00Z/11"
44740,181,set_statement,Done,,,Q140794866,"LAST|P1476|en:""Vanishing Point Detection in Urban Scenes Using Point Alignments""|S248|Q5188229|S356|""10.5201/IPOL.2017.148""|S854|""https://api.crossref.org/works/10.5201/ipol.2017.148""|S813|+2026-06-18T00:00:00Z/11"
44740,182,set_statement,Done,,,Q140794866,"LAST|P1433|Q50815456|S248|Q5188229|S356|""10.5201/IPOL.2017.148""|S854|""https://api.crossref.org/works/10.5201/ipol.2017.148""|S813|+2026-06-18T00:00:00Z/11"
44740,183,set_statement,Done,,,Q140794866,"LAST|P577|+2017-07-14T00:00:00Z/11|S248|Q5188229|S356|""10.5201/IPOL.2017.148""|S854|""https://api.crossref.org/works/10.5201/ipol.2017.148""|S813|+2026-06-18T00:00:00Z/11"
44740,184,set_statement,Done,,,Q140794866,"LAST|P407|Q1860|S248|Q5188229|S356|""10.5201/IPOL.2017.148""|S854|""https://api.crossref.org/works/10.5201/ipol.2017.148""|S813|+2026-06-18T00:00:00Z/11"
44740,185,set_statement,Done,,,Q140794866,"LAST|P921|Q140794582|S248|Q50815456|S854|""https://doi.org/10.5201/ipol.2017.148""|S813|+2026-06-18T00:00:00Z/11"
44740,186,set_statement,Error,api_user_error,Error 422 ('patch-result-invalid-value'): Invalid value in patch result,Q140794582,"Q140794582|P1343|LAST|S248|Q50815456|S854|""https://doi.org/10.5201/ipol.2017.148""|S813|+2026-06-18T00:00:00Z/11"
44740,187,create_item,Done,,,Q140794867,CREATE
44740,188,set_label,Done,,,Q140794867,"LAST|Len|""Watervoxels"""
44740,189,set_description,Done,,,Q140794867,"LAST|Den|""scientific article published in Image Processing On Line"""
44740,190,set_statement,Done,,,Q140794867,"LAST|P31|Q18918145|S248|Q5188229|S356|""10.5201/IPOL.2019.250""|S854|""https://api.crossref.org/works/10.5201/ipol.2019.250""|S813|+2026-06-18T00:00:00Z/11"
44740,191,set_statement,Done,,,Q140794867,"LAST|P356|""10.5201/IPOL.2019.250""|S248|Q5188229|S356|""10.5201/IPOL.2019.250""|S854|""https://api.crossref.org/works/10.5201/ipol.2019.250""|S813|+2026-06-18T00:00:00Z/11"
44740,192,set_statement,Done,,,Q140794867,"LAST|P1476|en:""Watervoxels""|S248|Q5188229|S356|""10.5201/IPOL.2019.250""|S854|""https://api.crossref.org/works/10.5201/ipol.2019.250""|S813|+2026-06-18T00:00:00Z/11"
44740,193,set_statement,Done,,,Q140794867,"LAST|P1433|Q50815456|S248|Q5188229|S356|""10.5201/IPOL.2019.250""|S854|""https://api.crossref.org/works/10.5201/ipol.2019.250""|S813|+2026-06-18T00:00:00Z/11"
44740,194,set_statement,Done,,,Q140794867,"LAST|P577|+2019-10-08T00:00:00Z/11|S248|Q5188229|S356|""10.5201/IPOL.2019.250""|S854|""https://api.crossref.org/works/10.5201/ipol.2019.250""|S813|+2026-06-18T00:00:00Z/11"
44740,195,set_statement,Done,,,Q140794867,"LAST|P407|Q1860|S248|Q5188229|S356|""10.5201/IPOL.2019.250""|S854|""https://api.crossref.org/works/10.5201/ipol.2019.250""|S813|+2026-06-18T00:00:00Z/11"
44740,196,set_statement,Done,,,Q140794867,"LAST|P921|Q140794583|S248|Q50815456|S854|""https://doi.org/10.5201/ipol.2019.250""|S813|+2026-06-18T00:00:00Z/11"
44740,197,set_statement,Error,api_user_error,Error 422 ('patch-result-invalid-value'): Invalid value in patch result,Q140794583,"Q140794583|P1343|LAST|S248|Q50815456|S854|""https://doi.org/10.5201/ipol.2019.250""|S813|+2026-06-18T00:00:00Z/11"
44740,198,create_item,Done,,,Q140794868,CREATE
44740,199,set_label,Done,,,Q140794868,"LAST|Len|""A Generic Bundle Adjustment Methodology for Indirect RPC Model Refinement of Satellite Imagery"""
44740,200,set_description,Done,,,Q140794868,"LAST|Den|""scientific article published in Image Processing On Line"""
44740,201,set_statement,Done,,,Q140794868,"LAST|P31|Q18918145|S248|Q5188229|S356|""10.5201/IPOL.2021.352""|S854|""https://api.crossref.org/works/10.5201/ipol.2021.352""|S813|+2026-06-18T00:00:00Z/11"
44740,202,set_statement,Done,,,Q140794868,"LAST|P356|""10.5201/IPOL.2021.352""|S248|Q5188229|S356|""10.5201/IPOL.2021.352""|S854|""https://api.crossref.org/works/10.5201/ipol.2021.352""|S813|+2026-06-18T00:00:00Z/11"
44740,203,set_statement,Done,,,Q140794868,"LAST|P1476|en:""A Generic Bundle Adjustment Methodology for Indirect RPC Model Refinement of Satellite Imagery""|S248|Q5188229|S356|""10.5201/IPOL.2021.352""|S854|""https://api.crossref.org/works/10.5201/ipol.2021.352""|S813|+2026-06-18T00:00:00Z/11"
44740,204,set_statement,Done,,,Q140794868,"LAST|P1433|Q50815456|S248|Q5188229|S356|""10.5201/IPOL.2021.352""|S854|""https://api.crossref.org/works/10.5201/ipol.2021.352""|S813|+2026-06-18T00:00:00Z/11"
44740,205,set_statement,Done,,,Q140794868,"LAST|P577|+2021-11-13T00:00:00Z/11|S248|Q5188229|S356|""10.5201/IPOL.2021.352""|S854|""https://api.crossref.org/works/10.5201/ipol.2021.352""|S813|+2026-06-18T00:00:00Z/11"
44740,206,set_statement,Done,,,Q140794868,"LAST|P407|Q1860|S248|Q5188229|S356|""10.5201/IPOL.2021.352""|S854|""https://api.crossref.org/works/10.5201/ipol.2021.352""|S813|+2026-06-18T00:00:00Z/11"
44740,207,set_statement,Done,,,Q140794868,"LAST|P921|Q140794584|S248|Q50815456|S854|""https://doi.org/10.5201/ipol.2021.352""|S813|+2026-06-18T00:00:00Z/11"
44740,208,set_statement,Error,api_user_error,Error 422 ('patch-result-invalid-value'): Invalid value in patch result,Q140794584,"Q140794584|P1343|LAST|S248|Q50815456|S854|""https://doi.org/10.5201/ipol.2021.352""|S813|+2026-06-18T00:00:00Z/11"
44740,209,create_item,Done,,,Q140794869,CREATE
44740,210,set_label,Done,,,Q140794869,"LAST|Len|""The Production of Ground Truths for Evaluating Highly Accurate Stereovision Algorithms"""
44740,211,set_description,Done,,,Q140794869,"LAST|Den|""scientific article published in Image Processing On Line"""
44740,212,set_statement,Done,,,Q140794869,"LAST|P31|Q18918145|S248|Q5188229|S356|""10.5201/IPOL.2018.187""|S854|""https://api.crossref.org/works/10.5201/ipol.2018.187""|S813|+2026-06-18T00:00:00Z/11"
44740,213,set_statement,Done,,,Q140794869,"LAST|P356|""10.5201/IPOL.2018.187""|S248|Q5188229|S356|""10.5201/IPOL.2018.187""|S854|""https://api.crossref.org/works/10.5201/ipol.2018.187""|S813|+2026-06-18T00:00:00Z/11"
44740,214,set_statement,Done,,,Q140794869,"LAST|P1476|en:""The Production of Ground Truths for Evaluating Highly Accurate Stereovision Algorithms""|S248|Q5188229|S356|""10.5201/IPOL.2018.187""|S854|""https://api.crossref.org/works/10.5201/ipol.2018.187""|S813|+2026-06-18T00:00:00Z/11"
44740,215,set_statement,Done,,,Q140794869,"LAST|P1433|Q50815456|S248|Q5188229|S356|""10.5201/IPOL.2018.187""|S854|""https://api.crossref.org/works/10.5201/ipol.2018.187""|S813|+2026-06-18T00:00:00Z/11"
44740,216,set_statement,Done,,,Q140794869,"LAST|P577|+2018-01-02T00:00:00Z/11|S248|Q5188229|S356|""10.5201/IPOL.2018.187""|S854|""https://api.crossref.org/works/10.5201/ipol.2018.187""|S813|+2026-06-18T00:00:00Z/11"
44740,217,set_statement,Done,,,Q140794869,"LAST|P407|Q1860|S248|Q5188229|S356|""10.5201/IPOL.2018.187""|S854|""https://api.crossref.org/works/10.5201/ipol.2018.187""|S813|+2026-06-18T00:00:00Z/11"
44740,218,set_statement,Done,,,Q140794869,"LAST|P921|Q140794585|S248|Q50815456|S854|""https://doi.org/10.5201/ipol.2018.187""|S813|+2026-06-18T00:00:00Z/11"
44740,219,set_statement,Error,api_user_error,Error 422 ('patch-result-invalid-value'): Invalid value in patch result,Q140794585,"Q140794585|P1343|LAST|S248|Q50815456|S854|""https://doi.org/10.5201/ipol.2018.187""|S813|+2026-06-18T00:00:00Z/11"
44740,220,create_item,Done,,,Q140794870,CREATE
44740,221,set_label,Done,,,Q140794870,"LAST|Len|""Comparison of Optical Flow Methods under Stereomatching with Short Baselines"""
44740,222,set_description,Done,,,Q140794870,"LAST|Den|""scientific article published in Image Processing On Line"""
44740,223,set_statement,Done,,,Q140794870,"LAST|P31|Q18918145|S248|Q5188229|S356|""10.5201/IPOL.2019.217""|S854|""https://api.crossref.org/works/10.5201/ipol.2019.217""|S813|+2026-06-18T00:00:00Z/11"
44740,224,set_statement,Done,,,Q140794870,"LAST|P356|""10.5201/IPOL.2019.217""|S248|Q5188229|S356|""10.5201/IPOL.2019.217""|S854|""https://api.crossref.org/works/10.5201/ipol.2019.217""|S813|+2026-06-18T00:00:00Z/11"
44740,225,set_statement,Done,,,Q140794870,"LAST|P1476|en:""Comparison of Optical Flow Methods under Stereomatching with Short Baselines""|S248|Q5188229|S356|""10.5201/IPOL.2019.217""|S854|""https://api.crossref.org/works/10.5201/ipol.2019.217""|S813|+2026-06-18T00:00:00Z/11"
44740,226,set_statement,Done,,,Q140794870,"LAST|P1433|Q50815456|S248|Q5188229|S356|""10.5201/IPOL.2019.217""|S854|""https://api.crossref.org/works/10.5201/ipol.2019.217""|S813|+2026-06-18T00:00:00Z/11"
44740,227,set_statement,Done,,,Q140794870,"LAST|P577|+2019-10-09T00:00:00Z/11|S248|Q5188229|S356|""10.5201/IPOL.2019.217""|S854|""https://api.crossref.org/works/10.5201/ipol.2019.217""|S813|+2026-06-18T00:00:00Z/11"
44740,228,set_statement,Done,,,Q140794870,"LAST|P407|Q1860|S248|Q5188229|S356|""10.5201/IPOL.2019.217""|S854|""https://api.crossref.org/works/10.5201/ipol.2019.217""|S813|+2026-06-18T00:00:00Z/11"
44740,229,set_statement,Done,,,Q140794870,"LAST|P921|Q140794586|S248|Q50815456|S854|""https://doi.org/10.5201/ipol.2019.217""|S813|+2026-06-18T00:00:00Z/11"
44740,230,set_statement,Error,api_user_error,Error 422 ('patch-result-invalid-value'): Invalid value in patch result,Q140794586,"Q140794586|P1343|LAST|S248|Q50815456|S854|""https://doi.org/10.5201/ipol.2019.217""|S813|+2026-06-18T00:00:00Z/11"
44740,231,create_item,Done,,,Q140794871,CREATE
44740,232,set_label,Done,,,Q140794871,"LAST|Len|""Analysis and Extension of the Ponomarenko et al. Method, Estimating a Noise Curve from a Single Image"""
44740,233,set_description,Done,,,Q140794871,"LAST|Den|""scientific article published in Image Processing On Line"""
44740,234,set_statement,Done,,,Q140794871,"LAST|P31|Q18918145|S248|Q5188229|S356|""10.5201/IPOL.2013.45""|S854|""https://api.crossref.org/works/10.5201/ipol.2013.45""|S813|+2026-06-18T00:00:00Z/11"
44740,235,set_statement,Done,,,Q140794871,"LAST|P356|""10.5201/IPOL.2013.45""|S248|Q5188229|S356|""10.5201/IPOL.2013.45""|S854|""https://api.crossref.org/works/10.5201/ipol.2013.45""|S813|+2026-06-18T00:00:00Z/11"
44740,236,set_statement,Done,,,Q140794871,"LAST|P1476|en:""Analysis and Extension of the Ponomarenko et al. Method, Estimating a Noise Curve from a Single Image""|S248|Q5188229|S356|""10.5201/IPOL.2013.45""|S854|""https://api.crossref.org/works/10.5201/ipol.2013.45""|S813|+2026-06-18T00:00:00Z/11"
44740,237,set_statement,Done,,,Q140794871,"LAST|P1433|Q50815456|S248|Q5188229|S356|""10.5201/IPOL.2013.45""|S854|""https://api.crossref.org/works/10.5201/ipol.2013.45""|S813|+2026-06-18T00:00:00Z/11"
44740,238,set_statement,Done,,,Q140794871,"LAST|P577|+2013-07-23T00:00:00Z/11|S248|Q5188229|S356|""10.5201/IPOL.2013.45""|S854|""https://api.crossref.org/works/10.5201/ipol.2013.45""|S813|+2026-06-18T00:00:00Z/11"
44740,239,set_statement,Done,,,Q140794871,"LAST|P407|Q1860|S248|Q5188229|S356|""10.5201/IPOL.2013.45""|S854|""https://api.crossref.org/works/10.5201/ipol.2013.45""|S813|+2026-06-18T00:00:00Z/11"
44740,240,set_statement,Done,,,Q140794871,"LAST|P921|Q140794589|S248|Q50815456|S854|""https://doi.org/10.5201/ipol.2013.45""|S813|+2026-06-18T00:00:00Z/11"
44740,241,set_statement,Error,api_user_error,Error 422 ('patch-result-invalid-value'): Invalid value in patch result,Q140794589,"Q140794589|P1343|LAST|S248|Q50815456|S854|""https://doi.org/10.5201/ipol.2013.45""|S813|+2026-06-18T00:00:00Z/11"
44740,242,create_item,Done,,,Q140794872,CREATE
44740,243,set_label,Done,,,Q140794872,"LAST|Len|""2D Filtering of Curvilinear Structures by Ranking the Orientation Responses of Path Operators (RORPO)"""
44740,244,set_description,Done,,,Q140794872,"LAST|Den|""scientific article published in Image Processing On Line"""
44740,245,set_statement,Done,,,Q140794872,"LAST|P31|Q18918145|S248|Q5188229|S356|""10.5201/IPOL.2017.207""|S854|""https://api.crossref.org/works/10.5201/ipol.2017.207""|S813|+2026-06-18T00:00:00Z/11"
44740,246,set_statement,Done,,,Q140794872,"LAST|P356|""10.5201/IPOL.2017.207""|S248|Q5188229|S356|""10.5201/IPOL.2017.207""|S854|""https://api.crossref.org/works/10.5201/ipol.2017.207""|S813|+2026-06-18T00:00:00Z/11"
44740,247,set_statement,Done,,,Q140794872,"LAST|P1476|en:""2D Filtering of Curvilinear Structures by Ranking the Orientation Responses of Path Operators (RORPO)""|S248|Q5188229|S356|""10.5201/IPOL.2017.207""|S854|""https://api.crossref.org/works/10.5201/ipol.2017.207""|S813|+2026-06-18T00:00:00Z/11"
44740,248,set_statement,Done,,,Q140794872,"LAST|P1433|Q50815456|S248|Q5188229|S356|""10.5201/IPOL.2017.207""|S854|""https://api.crossref.org/works/10.5201/ipol.2017.207""|S813|+2026-06-18T00:00:00Z/11"
44740,249,set_statement,Done,,,Q140794872,"LAST|P577|+2017-10-01T00:00:00Z/11|S248|Q5188229|S356|""10.5201/IPOL.2017.207""|S854|""https://api.crossref.org/works/10.5201/ipol.2017.207""|S813|+2026-06-18T00:00:00Z/11"
44740,250,set_statement,Done,,,Q140794872,"LAST|P407|Q1860|S248|Q5188229|S356|""10.5201/IPOL.2017.207""|S854|""https://api.crossref.org/works/10.5201/ipol.2017.207""|S813|+2026-06-18T00:00:00Z/11"
44740,251,set_statement,Done,,,Q140794872,"LAST|P921|Q140794590|S248|Q50815456|S854|""https://doi.org/10.5201/ipol.2017.207""|S813|+2026-06-18T00:00:00Z/11"
44740,252,set_statement,Error,api_user_error,Error 422 ('patch-result-invalid-value'): Invalid value in patch result,Q140794590,"Q140794590|P1343|LAST|S248|Q50815456|S854|""https://doi.org/10.5201/ipol.2017.207""|S813|+2026-06-18T00:00:00Z/11"
44740,253,create_item,Done,,,Q140794873,CREATE
44740,254,set_label,Done,,,Q140794873,"LAST|Len|""Video Denoising with Optical Flow Estimation"""
44740,255,set_description,Done,,,Q140794873,"LAST|Den|""scientific article published in Image Processing On Line"""
44740,256,set_statement,Done,,,Q140794873,"LAST|P31|Q18918145|S248|Q5188229|S356|""10.5201/IPOL.2018.224""|S854|""https://api.crossref.org/works/10.5201/ipol.2018.224""|S813|+2026-06-18T00:00:00Z/11"
44740,257,set_statement,Done,,,Q140794873,"LAST|P356|""10.5201/IPOL.2018.224""|S248|Q5188229|S356|""10.5201/IPOL.2018.224""|S854|""https://api.crossref.org/works/10.5201/ipol.2018.224""|S813|+2026-06-18T00:00:00Z/11"
44740,258,set_statement,Done,,,Q140794873,"LAST|P1476|en:""Video Denoising with Optical Flow Estimation""|S248|Q5188229|S356|""10.5201/IPOL.2018.224""|S854|""https://api.crossref.org/works/10.5201/ipol.2018.224""|S813|+2026-06-18T00:00:00Z/11"
44740,259,set_statement,Done,,,Q140794873,"LAST|P1433|Q50815456|S248|Q5188229|S356|""10.5201/IPOL.2018.224""|S854|""https://api.crossref.org/works/10.5201/ipol.2018.224""|S813|+2026-06-18T00:00:00Z/11"
44740,260,set_statement,Done,,,Q140794873,"LAST|P577|+2018-07-23T00:00:00Z/11|S248|Q5188229|S356|""10.5201/IPOL.2018.224""|S854|""https://api.crossref.org/works/10.5201/ipol.2018.224""|S813|+2026-06-18T00:00:00Z/11"
44740,261,set_statement,Done,,,Q140794873,"LAST|P407|Q1860|S248|Q5188229|S356|""10.5201/IPOL.2018.224""|S854|""https://api.crossref.org/works/10.5201/ipol.2018.224""|S813|+2026-06-18T00:00:00Z/11"
44740,262,set_statement,Done,,,Q140794873,"LAST|P921|Q140794591|S248|Q50815456|S854|""https://doi.org/10.5201/ipol.2018.224""|S813|+2026-06-18T00:00:00Z/11"
44740,263,set_statement,Error,api_user_error,Error 422 ('patch-result-invalid-value'): Invalid value in patch result,Q140794591,"Q140794591|P1343|LAST|S248|Q50815456|S854|""https://doi.org/10.5201/ipol.2018.224""|S813|+2026-06-18T00:00:00Z/11"
44740,264,create_item,Done,,,Q140794874,CREATE
44740,265,set_label,Done,,,Q140794874,"LAST|Len|""The Orthographic Projection Model for Pose Calibration of Long Focal Images"""
44740,266,set_description,Done,,,Q140794874,"LAST|Den|""scientific article published in Image Processing On Line"""
44740,267,set_statement,Done,,,Q140794874,"LAST|P31|Q18918145|S248|Q5188229|S356|""10.5201/IPOL.2019.248""|S854|""https://api.crossref.org/works/10.5201/ipol.2019.248""|S813|+2026-06-18T00:00:00Z/11"
44740,268,set_statement,Done,,,Q140794874,"LAST|P356|""10.5201/IPOL.2019.248""|S248|Q5188229|S356|""10.5201/IPOL.2019.248""|S854|""https://api.crossref.org/works/10.5201/ipol.2019.248""|S813|+2026-06-18T00:00:00Z/11"
44740,269,set_statement,Done,,,Q140794874,"LAST|P1476|en:""The Orthographic Projection Model for Pose Calibration of Long Focal Images""|S248|Q5188229|S356|""10.5201/IPOL.2019.248""|S854|""https://api.crossref.org/works/10.5201/ipol.2019.248""|S813|+2026-06-18T00:00:00Z/11"
44740,270,set_statement,Done,,,Q140794874,"LAST|P1433|Q50815456|S248|Q5188229|S356|""10.5201/IPOL.2019.248""|S854|""https://api.crossref.org/works/10.5201/ipol.2019.248""|S813|+2026-06-18T00:00:00Z/11"
44740,271,set_statement,Done,,,Q140794874,"LAST|P577|+2019-09-05T00:00:00Z/11|S248|Q5188229|S356|""10.5201/IPOL.2019.248""|S854|""https://api.crossref.org/works/10.5201/ipol.2019.248""|S813|+2026-06-18T00:00:00Z/11"
44740,272,set_statement,Done,,,Q140794874,"LAST|P407|Q1860|S248|Q5188229|S356|""10.5201/IPOL.2019.248""|S854|""https://api.crossref.org/works/10.5201/ipol.2019.248""|S813|+2026-06-18T00:00:00Z/11"
44740,273,set_statement,Done,,,Q140794874,"LAST|P921|Q140794592|S248|Q50815456|S854|""https://doi.org/10.5201/ipol.2019.248""|S813|+2026-06-18T00:00:00Z/11"
44740,274,set_statement,Error,api_user_error,Error 422 ('patch-result-invalid-value'): Invalid value in patch result,Q140794592,"Q140794592|P1343|LAST|S248|Q50815456|S854|""https://doi.org/10.5201/ipol.2019.248""|S813|+2026-06-18T00:00:00Z/11"
44740,275,create_item,Done,,,Q140794875,CREATE
44740,276,set_label,Done,,,Q140794875,"LAST|Len|""PALMS Image Partitioning - A New Parallel Algorithm for the Piecewise Affine-Linear Mumford-Shah Model"""
44740,277,set_description,Done,,,Q140794875,"LAST|Den|""scientific article published in Image Processing On Line"""
44740,278,set_statement,Done,,,Q140794875,"LAST|P31|Q18918145|S248|Q5188229|S356|""10.5201/IPOL.2020.295""|S854|""https://api.crossref.org/works/10.5201/ipol.2020.295""|S813|+2026-06-18T00:00:00Z/11"
44740,279,set_statement,Done,,,Q140794875,"LAST|P356|""10.5201/IPOL.2020.295""|S248|Q5188229|S356|""10.5201/IPOL.2020.295""|S854|""https://api.crossref.org/works/10.5201/ipol.2020.295""|S813|+2026-06-18T00:00:00Z/11"
44740,280,set_statement,Done,,,Q140794875,"LAST|P1476|en:""PALMS Image Partitioning - A New Parallel Algorithm for the Piecewise Affine-Linear Mumford-Shah Model""|S248|Q5188229|S356|""10.5201/IPOL.2020.295""|S854|""https://api.crossref.org/works/10.5201/ipol.2020.295""|S813|+2026-06-18T00:00:00Z/11"
44740,281,set_statement,Done,,,Q140794875,"LAST|P1433|Q50815456|S248|Q5188229|S356|""10.5201/IPOL.2020.295""|S854|""https://api.crossref.org/works/10.5201/ipol.2020.295""|S813|+2026-06-18T00:00:00Z/11"
44740,282,set_statement,Done,,,Q140794875,"LAST|P577|+2020-09-29T00:00:00Z/11|S248|Q5188229|S356|""10.5201/IPOL.2020.295""|S854|""https://api.crossref.org/works/10.5201/ipol.2020.295""|S813|+2026-06-18T00:00:00Z/11"
44740,283,set_statement,Done,,,Q140794875,"LAST|P407|Q1860|S248|Q5188229|S356|""10.5201/IPOL.2020.295""|S854|""https://api.crossref.org/works/10.5201/ipol.2020.295""|S813|+2026-06-18T00:00:00Z/11"
44740,284,set_statement,Done,,,Q140794875,"LAST|P921|Q140794594|S248|Q50815456|S854|""https://doi.org/10.5201/ipol.2020.295""|S813|+2026-06-18T00:00:00Z/11"
44740,285,set_statement,Error,api_user_error,Error 422 ('patch-result-invalid-value'): Invalid value in patch result,Q140794594,"Q140794594|P1343|LAST|S248|Q50815456|S854|""https://doi.org/10.5201/ipol.2020.295""|S813|+2026-06-18T00:00:00Z/11"
44740,286,create_item,Done,,,Q140794876,CREATE
44740,287,set_label,Done,,,Q140794876,"LAST|Len|""The Gradient Product Transform: An Image Filter for Symmetry Detection"""
44740,288,set_description,Done,,,Q140794876,"LAST|Den|""scientific article published in Image Processing On Line"""
44740,289,set_statement,Done,,,Q140794876,"LAST|P31|Q18918145|S248|Q5188229|S356|""10.5201/IPOL.2019.270""|S854|""https://api.crossref.org/works/10.5201/ipol.2019.270""|S813|+2026-06-18T00:00:00Z/11"
44740,290,set_statement,Done,,,Q140794876,"LAST|P356|""10.5201/IPOL.2019.270""|S248|Q5188229|S356|""10.5201/IPOL.2019.270""|S854|""https://api.crossref.org/works/10.5201/ipol.2019.270""|S813|+2026-06-18T00:00:00Z/11"
44740,291,set_statement,Done,,,Q140794876,"LAST|P1476|en:""The Gradient Product Transform: An Image Filter for Symmetry Detection""|S248|Q5188229|S356|""10.5201/IPOL.2019.270""|S854|""https://api.crossref.org/works/10.5201/ipol.2019.270""|S813|+2026-06-18T00:00:00Z/11"
44740,292,set_statement,Done,,,Q140794876,"LAST|P1433|Q50815456|S248|Q5188229|S356|""10.5201/IPOL.2019.270""|S854|""https://api.crossref.org/works/10.5201/ipol.2019.270""|S813|+2026-06-18T00:00:00Z/11"
44740,293,set_statement,Done,,,Q140794876,"LAST|P577|+2019-12-09T00:00:00Z/11|S248|Q5188229|S356|""10.5201/IPOL.2019.270""|S854|""https://api.crossref.org/works/10.5201/ipol.2019.270""|S813|+2026-06-18T00:00:00Z/11"
44740,294,set_statement,Done,,,Q140794876,"LAST|P407|Q1860|S248|Q5188229|S356|""10.5201/IPOL.2019.270""|S854|""https://api.crossref.org/works/10.5201/ipol.2019.270""|S813|+2026-06-18T00:00:00Z/11"
44740,295,set_statement,Done,,,Q140794876,"LAST|P921|Q140794595|S248|Q50815456|S854|""https://doi.org/10.5201/ipol.2019.270""|S813|+2026-06-18T00:00:00Z/11"
44740,296,set_statement,Error,api_user_error,Error 422 ('patch-result-invalid-value'): Invalid value in patch result,Q140794595,"Q140794595|P1343|LAST|S248|Q50815456|S854|""https://doi.org/10.5201/ipol.2019.270""|S813|+2026-06-18T00:00:00Z/11"
44740,297,create_item,Done,,,Q140794877,CREATE
44740,298,set_label,Done,,,Q140794877,"LAST|Len|""Integral Images for Block Matching"""
44740,299,set_description,Done,,,Q140794877,"LAST|Den|""scientific article published in Image Processing On Line"""
44740,300,set_statement,Done,,,Q140794877,"LAST|P31|Q18918145|S248|Q5188229|S356|""10.5201/IPOL.2014.57""|S854|""https://api.crossref.org/works/10.5201/ipol.2014.57""|S813|+2026-06-18T00:00:00Z/11"
44740,301,set_statement,Done,,,Q140794877,"LAST|P356|""10.5201/IPOL.2014.57""|S248|Q5188229|S356|""10.5201/IPOL.2014.57""|S854|""https://api.crossref.org/works/10.5201/ipol.2014.57""|S813|+2026-06-18T00:00:00Z/11"
44740,302,set_statement,Done,,,Q140794877,"LAST|P1476|en:""Integral Images for Block Matching""|S248|Q5188229|S356|""10.5201/IPOL.2014.57""|S854|""https://api.crossref.org/works/10.5201/ipol.2014.57""|S813|+2026-06-18T00:00:00Z/11"
44740,303,set_statement,Done,,,Q140794877,"LAST|P1433|Q50815456|S248|Q5188229|S356|""10.5201/IPOL.2014.57""|S854|""https://api.crossref.org/works/10.5201/ipol.2014.57""|S813|+2026-06-18T00:00:00Z/11"
44740,304,set_statement,Done,,,Q140794877,"LAST|P577|+2014-12-16T00:00:00Z/11|S248|Q5188229|S356|""10.5201/IPOL.2014.57""|S854|""https://api.crossref.org/works/10.5201/ipol.2014.57""|S813|+2026-06-18T00:00:00Z/11"
44740,305,set_statement,Done,,,Q140794877,"LAST|P407|Q1860|S248|Q5188229|S356|""10.5201/IPOL.2014.57""|S854|""https://api.crossref.org/works/10.5201/ipol.2014.57""|S813|+2026-06-18T00:00:00Z/11"
44740,306,set_statement,Done,,,Q140794877,"LAST|P921|Q140794597|S248|Q50815456|S854|""https://doi.org/10.5201/ipol.2014.57""|S813|+2026-06-18T00:00:00Z/11"
44740,307,set_statement,Error,api_user_error,Error 422 ('patch-result-invalid-value'): Invalid value in patch result,Q140794597,"Q140794597|P1343|LAST|S248|Q50815456|S854|""https://doi.org/10.5201/ipol.2014.57""|S813|+2026-06-18T00:00:00Z/11"
44740,308,create_item,Done,,,Q140794878,CREATE
44740,309,set_label,Done,,,Q140794878,"LAST|Len|""Linear Methods for Image Interpolation"""
44740,310,set_description,Done,,,Q140794878,"LAST|Den|""scientific article published in Image Processing On Line"""
44740,311,set_statement,Done,,,Q140794878,"LAST|P31|Q18918145|S248|Q5188229|S356|""10.5201/IPOL.2011.G_LMII""|S854|""https://api.crossref.org/works/10.5201/ipol.2011.g_lmii""|S813|+2026-06-18T00:00:00Z/11"
44740,312,set_statement,Done,,,Q140794878,"LAST|P356|""10.5201/IPOL.2011.G_LMII""|S248|Q5188229|S356|""10.5201/IPOL.2011.G_LMII""|S854|""https://api.crossref.org/works/10.5201/ipol.2011.g_lmii""|S813|+2026-06-18T00:00:00Z/11"
44740,313,set_statement,Done,,,Q140794878,"LAST|P1476|en:""Linear Methods for Image Interpolation""|S248|Q5188229|S356|""10.5201/IPOL.2011.G_LMII""|S854|""https://api.crossref.org/works/10.5201/ipol.2011.g_lmii""|S813|+2026-06-18T00:00:00Z/11"
44740,314,set_statement,Done,,,Q140794878,"LAST|P1433|Q50815456|S248|Q5188229|S356|""10.5201/IPOL.2011.G_LMII""|S854|""https://api.crossref.org/works/10.5201/ipol.2011.g_lmii""|S813|+2026-06-18T00:00:00Z/11"
44740,315,set_statement,Done,,,Q140794878,"LAST|P577|+2011-09-27T00:00:00Z/11|S248|Q5188229|S356|""10.5201/IPOL.2011.G_LMII""|S854|""https://api.crossref.org/works/10.5201/ipol.2011.g_lmii""|S813|+2026-06-18T00:00:00Z/11"
44740,316,set_statement,Done,,,Q140794878,"LAST|P407|Q1860|S248|Q5188229|S356|""10.5201/IPOL.2011.G_LMII""|S854|""https://api.crossref.org/works/10.5201/ipol.2011.g_lmii""|S813|+2026-06-18T00:00:00Z/11"
44740,317,set_statement,Done,,,Q140794878,"LAST|P921|Q140794598|S248|Q50815456|S854|""https://doi.org/10.5201/ipol.2011.g_lmii""|S813|+2026-06-18T00:00:00Z/11"
44740,318,set_statement,Error,api_user_error,Error 422 ('patch-result-invalid-value'): Invalid value in patch result,Q140794598,"Q140794598|P1343|LAST|S248|Q50815456|S854|""https://doi.org/10.5201/ipol.2011.g_lmii""|S813|+2026-06-18T00:00:00Z/11"
44740,319,create_item,Done,,,Q140794879,CREATE
44740,320,set_label,Done,,,Q140794879,"LAST|Len|""Iterative Hough Transform for Line Detection in 3D Point Clouds"""
44740,321,set_description,Done,,,Q140794879,"LAST|Den|""scientific article published in Image Processing On Line"""
44740,322,set_statement,Done,,,Q140794879,"LAST|P31|Q18918145|S248|Q5188229|S356|""10.5201/IPOL.2017.208""|S854|""https://api.crossref.org/works/10.5201/ipol.2017.208""|S813|+2026-06-18T00:00:00Z/11"
44740,323,set_statement,Done,,,Q140794879,"LAST|P356|""10.5201/IPOL.2017.208""|S248|Q5188229|S356|""10.5201/IPOL.2017.208""|S854|""https://api.crossref.org/works/10.5201/ipol.2017.208""|S813|+2026-06-18T00:00:00Z/11"
44740,324,set_statement,Done,,,Q140794879,"LAST|P1476|en:""Iterative Hough Transform for Line Detection in 3D Point Clouds""|S248|Q5188229|S356|""10.5201/IPOL.2017.208""|S854|""https://api.crossref.org/works/10.5201/ipol.2017.208""|S813|+2026-06-18T00:00:00Z/11"
44740,325,set_statement,Done,,,Q140794879,"LAST|P1433|Q50815456|S248|Q5188229|S356|""10.5201/IPOL.2017.208""|S854|""https://api.crossref.org/works/10.5201/ipol.2017.208""|S813|+2026-06-18T00:00:00Z/11"
44740,326,set_statement,Done,,,Q140794879,"LAST|P577|+2017-07-19T00:00:00Z/11|S248|Q5188229|S356|""10.5201/IPOL.2017.208""|S854|""https://api.crossref.org/works/10.5201/ipol.2017.208""|S813|+2026-06-18T00:00:00Z/11"
44740,327,set_statement,Done,,,Q140794879,"LAST|P407|Q1860|S248|Q5188229|S356|""10.5201/IPOL.2017.208""|S854|""https://api.crossref.org/works/10.5201/ipol.2017.208""|S813|+2026-06-18T00:00:00Z/11"
44740,328,set_statement,Done,,,Q140794879,"LAST|P921|Q140794599|S248|Q50815456|S854|""https://doi.org/10.5201/ipol.2017.208""|S813|+2026-06-18T00:00:00Z/11"
44740,329,set_statement,Error,api_user_error,Error 422 ('patch-result-invalid-value'): Invalid value in patch result,Q140794599,"Q140794599|P1343|LAST|S248|Q50815456|S854|""https://doi.org/10.5201/ipol.2017.208""|S813|+2026-06-18T00:00:00Z/11"
44740,330,create_item,Done,,,Q140794880,CREATE
44740,331,set_label,Done,,,Q140794880,"LAST|Len|""Midway Video Equalization"""
44740,332,set_description,Done,,,Q140794880,"LAST|Den|""scientific article published in Image Processing On Line"""
44740,333,set_statement,Done,,,Q140794880,"LAST|P31|Q18918145|S248|Q5188229|S356|""10.5201/IPOL.2017.181""|S854|""https://api.crossref.org/works/10.5201/ipol.2017.181""|S813|+2026-06-18T00:00:00Z/11"
44740,334,set_statement,Done,,,Q140794880,"LAST|P356|""10.5201/IPOL.2017.181""|S248|Q5188229|S356|""10.5201/IPOL.2017.181""|S854|""https://api.crossref.org/works/10.5201/ipol.2017.181""|S813|+2026-06-18T00:00:00Z/11"
44740,335,set_statement,Done,,,Q140794880,"LAST|P1476|en:""Midway Video Equalization""|S248|Q5188229|S356|""10.5201/IPOL.2017.181""|S854|""https://api.crossref.org/works/10.5201/ipol.2017.181""|S813|+2026-06-18T00:00:00Z/11"
44740,336,set_statement,Done,,,Q140794880,"LAST|P1433|Q50815456|S248|Q5188229|S356|""10.5201/IPOL.2017.181""|S854|""https://api.crossref.org/works/10.5201/ipol.2017.181""|S813|+2026-06-18T00:00:00Z/11"
44740,337,set_statement,Done,,,Q140794880,"LAST|P577|+2017-04-24T00:00:00Z/11|S248|Q5188229|S356|""10.5201/IPOL.2017.181""|S854|""https://api.crossref.org/works/10.5201/ipol.2017.181""|S813|+2026-06-18T00:00:00Z/11"
44740,338,set_statement,Done,,,Q140794880,"LAST|P407|Q1860|S248|Q5188229|S356|""10.5201/IPOL.2017.181""|S854|""https://api.crossref.org/works/10.5201/ipol.2017.181""|S813|+2026-06-18T00:00:00Z/11"
44740,339,set_statement,Done,,,Q140794880,"LAST|P921|Q140794600|S248|Q50815456|S854|""https://doi.org/10.5201/ipol.2017.181""|S813|+2026-06-18T00:00:00Z/11"
44740,340,set_statement,Error,api_user_error,Error 422 ('patch-result-invalid-value'): Invalid value in patch result,Q140794600,"Q140794600|P1343|LAST|S248|Q50815456|S854|""https://doi.org/10.5201/ipol.2017.181""|S813|+2026-06-18T00:00:00Z/11"
44740,341,create_item,Done,,,Q140794881,CREATE
44740,342,set_label,Done,,,Q140794881,"LAST|Len|""An Implementation and Detailed Analysis of the K-SVD Image Denoising Algorithm"""
44740,343,set_description,Done,,,Q140794881,"LAST|Den|""scientific article published in Image Processing On Line"""
44740,344,set_statement,Done,,,Q140794881,"LAST|P31|Q18918145|S248|Q5188229|S356|""10.5201/IPOL.2012.LLM-KSVD""|S854|""https://api.crossref.org/works/10.5201/ipol.2012.llm-ksvd""|S813|+2026-06-18T00:00:00Z/11"
44740,345,set_statement,Done,,,Q140794881,"LAST|P356|""10.5201/IPOL.2012.LLM-KSVD""|S248|Q5188229|S356|""10.5201/IPOL.2012.LLM-KSVD""|S854|""https://api.crossref.org/works/10.5201/ipol.2012.llm-ksvd""|S813|+2026-06-18T00:00:00Z/11"
44740,346,set_statement,Done,,,Q140794881,"LAST|P1476|en:""An Implementation and Detailed Analysis of the K-SVD Image Denoising Algorithm""|S248|Q5188229|S356|""10.5201/IPOL.2012.LLM-KSVD""|S854|""https://api.crossref.org/works/10.5201/ipol.2012.llm-ksvd""|S813|+2026-06-18T00:00:00Z/11"
44740,347,set_statement,Done,,,Q140794881,"LAST|P1433|Q50815456|S248|Q5188229|S356|""10.5201/IPOL.2012.LLM-KSVD""|S854|""https://api.crossref.org/works/10.5201/ipol.2012.llm-ksvd""|S813|+2026-06-18T00:00:00Z/11"
44740,348,set_statement,Done,,,Q140794881,"LAST|P577|+2012-05-19T00:00:00Z/11|S248|Q5188229|S356|""10.5201/IPOL.2012.LLM-KSVD""|S854|""https://api.crossref.org/works/10.5201/ipol.2012.llm-ksvd""|S813|+2026-06-18T00:00:00Z/11"
44740,349,set_statement,Done,,,Q140794881,"LAST|P407|Q1860|S248|Q5188229|S356|""10.5201/IPOL.2012.LLM-KSVD""|S854|""https://api.crossref.org/works/10.5201/ipol.2012.llm-ksvd""|S813|+2026-06-18T00:00:00Z/11"
44740,350,set_statement,Done,,,Q140794881,"LAST|P921|Q140794602|S248|Q50815456|S854|""https://doi.org/10.5201/ipol.2012.llm-ksvd""|S813|+2026-06-18T00:00:00Z/11"
44740,351,set_statement,Error,api_user_error,Error 422 ('patch-result-invalid-value'): Invalid value in patch result,Q140794602,"Q140794602|P1343|LAST|S248|Q50815456|S854|""https://doi.org/10.5201/ipol.2012.llm-ksvd""|S813|+2026-06-18T00:00:00Z/11"
44740,352,create_item,Done,,,Q140794882,CREATE
44740,353,set_label,Done,,,Q140794882,"LAST|Len|""Simulated Exposure Fusion"""
44740,354,set_description,Done,,,Q140794882,"LAST|Den|""scientific article published in Image Processing On Line"""
44740,355,set_statement,Done,,,Q140794882,"LAST|P31|Q18918145|S248|Q5188229|S356|""10.5201/IPOL.2019.279""|S854|""https://api.crossref.org/works/10.5201/ipol.2019.279""|S813|+2026-06-18T00:00:00Z/11"
44740,356,set_statement,Done,,,Q140794882,"LAST|P356|""10.5201/IPOL.2019.279""|S248|Q5188229|S356|""10.5201/IPOL.2019.279""|S854|""https://api.crossref.org/works/10.5201/ipol.2019.279""|S813|+2026-06-18T00:00:00Z/11"
44740,357,set_statement,Done,,,Q140794882,"LAST|P1476|en:""Simulated Exposure Fusion""|S248|Q5188229|S356|""10.5201/IPOL.2019.279""|S854|""https://api.crossref.org/works/10.5201/ipol.2019.279""|S813|+2026-06-18T00:00:00Z/11"
44740,358,set_statement,Done,,,Q140794882,"LAST|P1433|Q50815456|S248|Q5188229|S356|""10.5201/IPOL.2019.279""|S854|""https://api.crossref.org/works/10.5201/ipol.2019.279""|S813|+2026-06-18T00:00:00Z/11"
44740,359,set_statement,Done,,,Q140794882,"LAST|P577|+2019-12-29T00:00:00Z/11|S248|Q5188229|S356|""10.5201/IPOL.2019.279""|S854|""https://api.crossref.org/works/10.5201/ipol.2019.279""|S813|+2026-06-18T00:00:00Z/11"
44740,360,set_statement,Done,,,Q140794882,"LAST|P407|Q1860|S248|Q5188229|S356|""10.5201/IPOL.2019.279""|S854|""https://api.crossref.org/works/10.5201/ipol.2019.279""|S813|+2026-06-18T00:00:00Z/11"
44740,361,set_statement,Done,,,Q140794882,"LAST|P921|Q140794603|S248|Q50815456|S854|""https://doi.org/10.5201/ipol.2019.279""|S813|+2026-06-18T00:00:00Z/11"
44740,362,set_statement,Error,api_user_error,Error 422 ('patch-result-invalid-value'): Invalid value in patch result,Q140794603,"Q140794603|P1343|LAST|S248|Q50815456|S854|""https://doi.org/10.5201/ipol.2019.279""|S813|+2026-06-18T00:00:00Z/11"
44740,363,create_item,Done,,,Q140794883,CREATE
44740,364,set_label,Done,,,Q140794883,"LAST|Len|""Non-Local Patch-Based Image Inpainting"""
44740,365,set_description,Done,,,Q140794883,"LAST|Den|""scientific article published in Image Processing On Line"""
44740,366,set_statement,Done,,,Q140794883,"LAST|P31|Q18918145|S248|Q5188229|S356|""10.5201/IPOL.2017.189""|S854|""https://api.crossref.org/works/10.5201/ipol.2017.189""|S813|+2026-06-18T00:00:00Z/11"
44740,367,set_statement,Done,,,Q140794883,"LAST|P356|""10.5201/IPOL.2017.189""|S248|Q5188229|S356|""10.5201/IPOL.2017.189""|S854|""https://api.crossref.org/works/10.5201/ipol.2017.189""|S813|+2026-06-18T00:00:00Z/11"
44740,368,set_statement,Done,,,Q140794883,"LAST|P1476|en:""Non-Local Patch-Based Image Inpainting""|S248|Q5188229|S356|""10.5201/IPOL.2017.189""|S854|""https://api.crossref.org/works/10.5201/ipol.2017.189""|S813|+2026-06-18T00:00:00Z/11"
44740,369,set_statement,Done,,,Q140794883,"LAST|P1433|Q50815456|S248|Q5188229|S356|""10.5201/IPOL.2017.189""|S854|""https://api.crossref.org/works/10.5201/ipol.2017.189""|S813|+2026-06-18T00:00:00Z/11"
44740,370,set_statement,Done,,,Q140794883,"LAST|P577|+2017-12-13T00:00:00Z/11|S248|Q5188229|S356|""10.5201/IPOL.2017.189""|S854|""https://api.crossref.org/works/10.5201/ipol.2017.189""|S813|+2026-06-18T00:00:00Z/11"
44740,371,set_statement,Done,,,Q140794883,"LAST|P407|Q1860|S248|Q5188229|S356|""10.5201/IPOL.2017.189""|S854|""https://api.crossref.org/works/10.5201/ipol.2017.189""|S813|+2026-06-18T00:00:00Z/11"
44740,372,set_statement,Done,,,Q140794883,"LAST|P921|Q140794604|S248|Q50815456|S854|""https://doi.org/10.5201/ipol.2017.189""|S813|+2026-06-18T00:00:00Z/11"
44740,373,set_statement,Error,api_user_error,Error 422 ('patch-result-invalid-value'): Invalid value in patch result,Q140794604,"Q140794604|P1343|LAST|S248|Q50815456|S854|""https://doi.org/10.5201/ipol.2017.189""|S813|+2026-06-18T00:00:00Z/11"
44740,374,create_item,Done,,,Q140794884,CREATE
44740,375,set_label,Done,,,Q140794884,"LAST|Len|""Extraction of the Level Lines of a Bilinear Image"""
44740,376,set_description,Done,,,Q140794884,"LAST|Den|""scientific article published in Image Processing On Line"""
44740,377,set_statement,Done,,,Q140794884,"LAST|P31|Q18918145|S248|Q5188229|S356|""10.5201/IPOL.2019.269""|S854|""https://api.crossref.org/works/10.5201/ipol.2019.269""|S813|+2026-06-18T00:00:00Z/11"
44740,378,set_statement,Done,,,Q140794884,"LAST|P356|""10.5201/IPOL.2019.269""|S248|Q5188229|S356|""10.5201/IPOL.2019.269""|S854|""https://api.crossref.org/works/10.5201/ipol.2019.269""|S813|+2026-06-18T00:00:00Z/11"
44740,379,set_statement,Done,,,Q140794884,"LAST|P1476|en:""Extraction of the Level Lines of a Bilinear Image""|S248|Q5188229|S356|""10.5201/IPOL.2019.269""|S854|""https://api.crossref.org/works/10.5201/ipol.2019.269""|S813|+2026-06-18T00:00:00Z/11"
44740,380,set_statement,Done,,,Q140794884,"LAST|P1433|Q50815456|S248|Q5188229|S356|""10.5201/IPOL.2019.269""|S854|""https://api.crossref.org/works/10.5201/ipol.2019.269""|S813|+2026-06-18T00:00:00Z/11"
44740,381,set_statement,Done,,,Q140794884,"LAST|P577|+2019-08-10T00:00:00Z/11|S248|Q5188229|S356|""10.5201/IPOL.2019.269""|S854|""https://api.crossref.org/works/10.5201/ipol.2019.269""|S813|+2026-06-18T00:00:00Z/11"
44740,382,set_statement,Done,,,Q140794884,"LAST|P407|Q1860|S248|Q5188229|S356|""10.5201/IPOL.2019.269""|S854|""https://api.crossref.org/works/10.5201/ipol.2019.269""|S813|+2026-06-18T00:00:00Z/11"
44740,383,set_statement,Done,,,Q140794884,"LAST|P921|Q140794605|S248|Q50815456|S854|""https://doi.org/10.5201/ipol.2019.269""|S813|+2026-06-18T00:00:00Z/11"
44740,384,set_statement,Error,api_user_error,Error 422 ('patch-result-invalid-value'): Invalid value in patch result,Q140794605,"Q140794605|P1343|LAST|S248|Q50815456|S854|""https://doi.org/10.5201/ipol.2019.269""|S813|+2026-06-18T00:00:00Z/11"
44740,385,create_item,Done,,,Q140794885,CREATE
44740,386,set_label,Done,,,Q140794885,"LAST|Len|""Quasi-Euclidean Epipolar Rectification"""
44740,387,set_description,Done,,,Q140794885,"LAST|Den|""scientific article published in Image Processing On Line"""
44740,388,set_statement,Done,,,Q140794885,"LAST|P31|Q18918145|S248|Q5188229|S356|""10.5201/IPOL.2011.M_QER""|S854|""https://api.crossref.org/works/10.5201/ipol.2011.m_qer""|S813|+2026-06-18T00:00:00Z/11"
44740,389,set_statement,Done,,,Q140794885,"LAST|P356|""10.5201/IPOL.2011.M_QER""|S248|Q5188229|S356|""10.5201/IPOL.2011.M_QER""|S854|""https://api.crossref.org/works/10.5201/ipol.2011.m_qer""|S813|+2026-06-18T00:00:00Z/11"
44740,390,set_statement,Done,,,Q140794885,"LAST|P1476|en:""Quasi-Euclidean Epipolar Rectification""|S248|Q5188229|S356|""10.5201/IPOL.2011.M_QER""|S854|""https://api.crossref.org/works/10.5201/ipol.2011.m_qer""|S813|+2026-06-18T00:00:00Z/11"
44740,391,set_statement,Done,,,Q140794885,"LAST|P1433|Q50815456|S248|Q5188229|S356|""10.5201/IPOL.2011.M_QER""|S854|""https://api.crossref.org/works/10.5201/ipol.2011.m_qer""|S813|+2026-06-18T00:00:00Z/11"
44740,392,set_statement,Done,,,Q140794885,"LAST|P577|+2011-09-13T00:00:00Z/11|S248|Q5188229|S356|""10.5201/IPOL.2011.M_QER""|S854|""https://api.crossref.org/works/10.5201/ipol.2011.m_qer""|S813|+2026-06-18T00:00:00Z/11"
44740,393,set_statement,Done,,,Q140794885,"LAST|P407|Q1860|S248|Q5188229|S356|""10.5201/IPOL.2011.M_QER""|S854|""https://api.crossref.org/works/10.5201/ipol.2011.m_qer""|S813|+2026-06-18T00:00:00Z/11"
44740,394,set_statement,Done,,,Q140794885,"LAST|P921|Q140794606|S248|Q50815456|S854|""https://doi.org/10.5201/ipol.2011.m_qer""|S813|+2026-06-18T00:00:00Z/11"
44740,395,set_statement,Error,api_user_error,Error 422 ('patch-result-invalid-value'): Invalid value in patch result,Q140794606,"Q140794606|P1343|LAST|S248|Q50815456|S854|""https://doi.org/10.5201/ipol.2011.m_qer""|S813|+2026-06-18T00:00:00Z/11"
44740,396,create_item,Done,,,Q140794886,CREATE
44740,397,set_label,Done,,,Q140794886,"LAST|Len|""An Implementation of Combined Local-Global Optical Flow"""
44740,398,set_description,Done,,,Q140794886,"LAST|Den|""scientific article published in Image Processing On Line"""
44740,399,set_statement,Done,,,Q140794886,"LAST|P31|Q18918145|S248|Q5188229|S356|""10.5201/IPOL.2015.44""|S854|""https://api.crossref.org/works/10.5201/ipol.2015.44""|S813|+2026-06-18T00:00:00Z/11"
44740,400,set_statement,Done,,,Q140794886,"LAST|P356|""10.5201/IPOL.2015.44""|S248|Q5188229|S356|""10.5201/IPOL.2015.44""|S854|""https://api.crossref.org/works/10.5201/ipol.2015.44""|S813|+2026-06-18T00:00:00Z/11"
44740,401,set_statement,Done,,,Q140794886,"LAST|P1476|en:""An Implementation of Combined Local-Global Optical Flow""|S248|Q5188229|S356|""10.5201/IPOL.2015.44""|S854|""https://api.crossref.org/works/10.5201/ipol.2015.44""|S813|+2026-06-18T00:00:00Z/11"
44740,402,set_statement,Done,,,Q140794886,"LAST|P1433|Q50815456|S248|Q5188229|S356|""10.5201/IPOL.2015.44""|S854|""https://api.crossref.org/works/10.5201/ipol.2015.44""|S813|+2026-06-18T00:00:00Z/11"
44740,403,set_statement,Done,,,Q140794886,"LAST|P577|+2015-06-25T00:00:00Z/11|S248|Q5188229|S356|""10.5201/IPOL.2015.44""|S854|""https://api.crossref.org/works/10.5201/ipol.2015.44""|S813|+2026-06-18T00:00:00Z/11"
44740,404,set_statement,Done,,,Q140794886,"LAST|P407|Q1860|S248|Q5188229|S356|""10.5201/IPOL.2015.44""|S854|""https://api.crossref.org/works/10.5201/ipol.2015.44""|S813|+2026-06-18T00:00:00Z/11"
44740,405,set_statement,Done,,,Q140794886,"LAST|P921|Q140794608|S248|Q50815456|S854|""https://doi.org/10.5201/ipol.2015.44""|S813|+2026-06-18T00:00:00Z/11"
44740,406,set_statement,Error,api_user_error,Error 422 ('patch-result-invalid-value'): Invalid value in patch result,Q140794608,"Q140794608|P1343|LAST|S248|Q50815456|S854|""https://doi.org/10.5201/ipol.2015.44""|S813|+2026-06-18T00:00:00Z/11"
44740,407,create_item,Done,,,Q140794887,CREATE
44740,408,set_label,Done,,,Q140794887,"LAST|Len|""A Fast Approximation of the Bilateral Filter using the Discrete Fourier Transform"""
44740,409,set_description,Done,,,Q140794887,"LAST|Den|""scientific article published in Image Processing On Line"""
44740,410,set_statement,Done,,,Q140794887,"LAST|P31|Q18918145|S248|Q5188229|S356|""10.5201/IPOL.2017.184""|S854|""https://api.crossref.org/works/10.5201/ipol.2017.184""|S813|+2026-06-18T00:00:00Z/11"
44740,411,set_statement,Done,,,Q140794887,"LAST|P356|""10.5201/IPOL.2017.184""|S248|Q5188229|S356|""10.5201/IPOL.2017.184""|S854|""https://api.crossref.org/works/10.5201/ipol.2017.184""|S813|+2026-06-18T00:00:00Z/11"
44740,412,set_statement,Done,,,Q140794887,"LAST|P1476|en:""A Fast Approximation of the Bilateral Filter using the Discrete Fourier Transform""|S248|Q5188229|S356|""10.5201/IPOL.2017.184""|S854|""https://api.crossref.org/works/10.5201/ipol.2017.184""|S813|+2026-06-18T00:00:00Z/11"
44740,413,set_statement,Done,,,Q140794887,"LAST|P1433|Q50815456|S248|Q5188229|S356|""10.5201/IPOL.2017.184""|S854|""https://api.crossref.org/works/10.5201/ipol.2017.184""|S813|+2026-06-18T00:00:00Z/11"
44740,414,set_statement,Done,,,Q140794887,"LAST|P577|+2017-05-24T00:00:00Z/11|S248|Q5188229|S356|""10.5201/IPOL.2017.184""|S854|""https://api.crossref.org/works/10.5201/ipol.2017.184""|S813|+2026-06-18T00:00:00Z/11"
44740,415,set_statement,Done,,,Q140794887,"LAST|P407|Q1860|S248|Q5188229|S356|""10.5201/IPOL.2017.184""|S854|""https://api.crossref.org/works/10.5201/ipol.2017.184""|S813|+2026-06-18T00:00:00Z/11"
44740,416,set_statement,Done,,,Q140794887,"LAST|P921|Q140794609|S248|Q50815456|S854|""https://doi.org/10.5201/ipol.2017.184""|S813|+2026-06-18T00:00:00Z/11"
44740,417,set_statement,Error,api_user_error,Error 422 ('patch-result-invalid-value'): Invalid value in patch result,Q140794609,"Q140794609|P1343|LAST|S248|Q50815456|S854|""https://doi.org/10.5201/ipol.2017.184""|S813|+2026-06-18T00:00:00Z/11"
44740,418,create_item,Done,,,Q140794888,CREATE
44740,419,set_label,Done,,,Q140794888,"LAST|Len|""On the Implementation of Collaborative TV Regularization: Application to Cartoon+Texture Decomposition"""
44740,420,set_description,Done,,,Q140794888,"LAST|Den|""scientific article published in Image Processing On Line"""
44740,421,set_statement,Done,,,Q140794888,"LAST|P31|Q18918145|S248|Q5188229|S356|""10.5201/IPOL.2016.141""|S854|""https://api.crossref.org/works/10.5201/ipol.2016.141""|S813|+2026-06-18T00:00:00Z/11"
44740,422,set_statement,Done,,,Q140794888,"LAST|P356|""10.5201/IPOL.2016.141""|S248|Q5188229|S356|""10.5201/IPOL.2016.141""|S854|""https://api.crossref.org/works/10.5201/ipol.2016.141""|S813|+2026-06-18T00:00:00Z/11"
44740,423,set_statement,Done,,,Q140794888,"LAST|P1476|en:""On the Implementation of Collaborative TV Regularization: Application to Cartoon+Texture Decomposition""|S248|Q5188229|S356|""10.5201/IPOL.2016.141""|S854|""https://api.crossref.org/works/10.5201/ipol.2016.141""|S813|+2026-06-18T00:00:00Z/11"
44740,424,set_statement,Done,,,Q140794888,"LAST|P1433|Q50815456|S248|Q5188229|S356|""10.5201/IPOL.2016.141""|S854|""https://api.crossref.org/works/10.5201/ipol.2016.141""|S813|+2026-06-18T00:00:00Z/11"
44740,425,set_statement,Done,,,Q140794888,"LAST|P577|+2016-04-20T00:00:00Z/11|S248|Q5188229|S356|""10.5201/IPOL.2016.141""|S854|""https://api.crossref.org/works/10.5201/ipol.2016.141""|S813|+2026-06-18T00:00:00Z/11"
44740,426,set_statement,Done,,,Q140794888,"LAST|P407|Q1860|S248|Q5188229|S356|""10.5201/IPOL.2016.141""|S854|""https://api.crossref.org/works/10.5201/ipol.2016.141""|S813|+2026-06-18T00:00:00Z/11"
44740,427,set_statement,Done,,,Q140794888,"LAST|P921|Q140794611|S248|Q50815456|S854|""https://doi.org/10.5201/ipol.2016.141""|S813|+2026-06-18T00:00:00Z/11"
44740,428,set_statement,Error,api_user_error,Error 422 ('patch-result-invalid-value'): Invalid value in patch result,Q140794611,"Q140794611|P1343|LAST|S248|Q50815456|S854|""https://doi.org/10.5201/ipol.2016.141""|S813|+2026-06-18T00:00:00Z/11"
44740,429,create_item,Done,,,Q140794889,CREATE
44740,430,set_label,Done,,,Q140794889,"LAST|Len|""Zhang-Wu Directional LMMSE Image Demosaicking"""
44740,431,set_description,Done,,,Q140794889,"LAST|Den|""scientific article published in Image Processing On Line"""
44740,432,set_statement,Done,,,Q140794889,"LAST|P31|Q18918145|S248|Q5188229|S356|""10.5201/IPOL.2011.G_ZWLD""|S854|""https://api.crossref.org/works/10.5201/ipol.2011.g_zwld""|S813|+2026-06-18T00:00:00Z/11"
44740,433,set_statement,Done,,,Q140794889,"LAST|P356|""10.5201/IPOL.2011.G_ZWLD""|S248|Q5188229|S356|""10.5201/IPOL.2011.G_ZWLD""|S854|""https://api.crossref.org/works/10.5201/ipol.2011.g_zwld""|S813|+2026-06-18T00:00:00Z/11"
44740,434,set_statement,Done,,,Q140794889,"LAST|P1476|en:""Zhang-Wu Directional LMMSE Image Demosaicking""|S248|Q5188229|S356|""10.5201/IPOL.2011.G_ZWLD""|S854|""https://api.crossref.org/works/10.5201/ipol.2011.g_zwld""|S813|+2026-06-18T00:00:00Z/11"
44740,435,set_statement,Done,,,Q140794889,"LAST|P1433|Q50815456|S248|Q5188229|S356|""10.5201/IPOL.2011.G_ZWLD""|S854|""https://api.crossref.org/works/10.5201/ipol.2011.g_zwld""|S813|+2026-06-18T00:00:00Z/11"
44740,436,set_statement,Done,,,Q140794889,"LAST|P577|+2011-09-01T00:00:00Z/11|S248|Q5188229|S356|""10.5201/IPOL.2011.G_ZWLD""|S854|""https://api.crossref.org/works/10.5201/ipol.2011.g_zwld""|S813|+2026-06-18T00:00:00Z/11"
44740,437,set_statement,Done,,,Q140794889,"LAST|P407|Q1860|S248|Q5188229|S356|""10.5201/IPOL.2011.G_ZWLD""|S854|""https://api.crossref.org/works/10.5201/ipol.2011.g_zwld""|S813|+2026-06-18T00:00:00Z/11"
44740,438,set_statement,Done,,,Q140794889,"LAST|P921|Q140794612|S248|Q50815456|S854|""https://doi.org/10.5201/ipol.2011.g_zwld""|S813|+2026-06-18T00:00:00Z/11"
44740,439,set_statement,Error,api_user_error,Error 422 ('patch-result-invalid-value'): Invalid value in patch result,Q140794612,"Q140794612|P1343|LAST|S248|Q50815456|S854|""https://doi.org/10.5201/ipol.2011.g_zwld""|S813|+2026-06-18T00:00:00Z/11"
44740,440,create_item,Done,,,Q140794890,CREATE
44740,441,set_label,Done,,,Q140794890,"LAST|Len|""The Heeger & Bergen Pyramid Based Texture Synthesis Algorithm"""
44740,442,set_description,Done,,,Q140794890,"LAST|Den|""scientific article published in Image Processing On Line"""
44740,443,set_statement,Done,,,Q140794890,"LAST|P31|Q18918145|S248|Q5188229|S356|""10.5201/IPOL.2014.79""|S854|""https://api.crossref.org/works/10.5201/ipol.2014.79""|S813|+2026-06-18T00:00:00Z/11"
44740,444,set_statement,Done,,,Q140794890,"LAST|P356|""10.5201/IPOL.2014.79""|S248|Q5188229|S356|""10.5201/IPOL.2014.79""|S854|""https://api.crossref.org/works/10.5201/ipol.2014.79""|S813|+2026-06-18T00:00:00Z/11"
44740,445,set_statement,Done,,,Q140794890,"LAST|P1476|en:""The Heeger & Bergen Pyramid Based Texture Synthesis Algorithm""|S248|Q5188229|S356|""10.5201/IPOL.2014.79""|S854|""https://api.crossref.org/works/10.5201/ipol.2014.79""|S813|+2026-06-18T00:00:00Z/11"
44740,446,set_statement,Done,,,Q140794890,"LAST|P1433|Q50815456|S248|Q5188229|S356|""10.5201/IPOL.2014.79""|S854|""https://api.crossref.org/works/10.5201/ipol.2014.79""|S813|+2026-06-18T00:00:00Z/11"
44740,447,set_statement,Done,,,Q140794890,"LAST|P577|+2014-11-17T00:00:00Z/11|S248|Q5188229|S356|""10.5201/IPOL.2014.79""|S854|""https://api.crossref.org/works/10.5201/ipol.2014.79""|S813|+2026-06-18T00:00:00Z/11"
44740,448,set_statement,Done,,,Q140794890,"LAST|P407|Q1860|S248|Q5188229|S356|""10.5201/IPOL.2014.79""|S854|""https://api.crossref.org/works/10.5201/ipol.2014.79""|S813|+2026-06-18T00:00:00Z/11"
44740,449,set_statement,Done,,,Q140794890,"LAST|P921|Q140794613|S248|Q50815456|S854|""https://doi.org/10.5201/ipol.2014.79""|S813|+2026-06-18T00:00:00Z/11"
44740,450,set_statement,Error,api_user_error,Error 422 ('patch-result-invalid-value'): Invalid value in patch result,Q140794613,"Q140794613|P1343|LAST|S248|Q50815456|S854|""https://doi.org/10.5201/ipol.2014.79""|S813|+2026-06-18T00:00:00Z/11"
44740,451,create_item,Done,,,Q140794891,CREATE
44740,452,set_label,Done,,,Q140794891,"LAST|Len|""Numerical Simulation of Landscape Evolution Models"""
44740,453,set_description,Done,,,Q140794891,"LAST|Den|""scientific article published in Image Processing On Line"""
44740,454,set_statement,Done,,,Q140794891,"LAST|P31|Q18918145|S248|Q5188229|S356|""10.5201/IPOL.2018.205""|S854|""https://api.crossref.org/works/10.5201/ipol.2018.205""|S813|+2026-06-18T00:00:00Z/11"
44740,455,set_statement,Done,,,Q140794891,"LAST|P356|""10.5201/IPOL.2018.205""|S248|Q5188229|S356|""10.5201/IPOL.2018.205""|S854|""https://api.crossref.org/works/10.5201/ipol.2018.205""|S813|+2026-06-18T00:00:00Z/11"
44740,456,set_statement,Done,,,Q140794891,"LAST|P1476|en:""Numerical Simulation of Landscape Evolution Models""|S248|Q5188229|S356|""10.5201/IPOL.2018.205""|S854|""https://api.crossref.org/works/10.5201/ipol.2018.205""|S813|+2026-06-18T00:00:00Z/11"
44740,457,set_statement,Done,,,Q140794891,"LAST|P1433|Q50815456|S248|Q5188229|S356|""10.5201/IPOL.2018.205""|S854|""https://api.crossref.org/works/10.5201/ipol.2018.205""|S813|+2026-06-18T00:00:00Z/11"
44740,458,set_statement,Done,,,Q140794891,"LAST|P577|+2018-09-03T00:00:00Z/11|S248|Q5188229|S356|""10.5201/IPOL.2018.205""|S854|""https://api.crossref.org/works/10.5201/ipol.2018.205""|S813|+2026-06-18T00:00:00Z/11"
44740,459,set_statement,Done,,,Q140794891,"LAST|P407|Q1860|S248|Q5188229|S356|""10.5201/IPOL.2018.205""|S854|""https://api.crossref.org/works/10.5201/ipol.2018.205""|S813|+2026-06-18T00:00:00Z/11"
44740,460,set_statement,Done,,,Q140794891,"LAST|P921|Q140794614|S248|Q50815456|S854|""https://doi.org/10.5201/ipol.2018.205""|S813|+2026-06-18T00:00:00Z/11"
44740,461,set_statement,Error,api_user_error,Error 422 ('patch-result-invalid-value'): Invalid value in patch result,Q140794614,"Q140794614|P1343|LAST|S248|Q50815456|S854|""https://doi.org/10.5201/ipol.2018.205""|S813|+2026-06-18T00:00:00Z/11"
44740,462,create_item,Done,,,Q140794892,CREATE
44740,463,set_label,Done,,,Q140794892,"LAST|Len|""Finite Difference Schemes for MCM and AMSS"""
44740,464,set_description,Done,,,Q140794892,"LAST|Den|""scientific article published in Image Processing On Line"""
44740,465,set_statement,Done,,,Q140794892,"LAST|P31|Q18918145|S248|Q5188229|S356|""10.5201/IPOL.2011.CM_FDS""|S854|""https://api.crossref.org/works/10.5201/ipol.2011.cm_fds""|S813|+2026-06-18T00:00:00Z/11"
44740,466,set_statement,Done,,,Q140794892,"LAST|P356|""10.5201/IPOL.2011.CM_FDS""|S248|Q5188229|S356|""10.5201/IPOL.2011.CM_FDS""|S854|""https://api.crossref.org/works/10.5201/ipol.2011.cm_fds""|S813|+2026-06-18T00:00:00Z/11"
44740,467,set_statement,Done,,,Q140794892,"LAST|P1476|en:""Finite Difference Schemes for MCM and AMSS""|S248|Q5188229|S356|""10.5201/IPOL.2011.CM_FDS""|S854|""https://api.crossref.org/works/10.5201/ipol.2011.cm_fds""|S813|+2026-06-18T00:00:00Z/11"
44740,468,set_statement,Done,,,Q140794892,"LAST|P1433|Q50815456|S248|Q5188229|S356|""10.5201/IPOL.2011.CM_FDS""|S854|""https://api.crossref.org/works/10.5201/ipol.2011.cm_fds""|S813|+2026-06-18T00:00:00Z/11"
44740,469,set_statement,Done,,,Q140794892,"LAST|P577|+2011-09-13T00:00:00Z/11|S248|Q5188229|S356|""10.5201/IPOL.2011.CM_FDS""|S854|""https://api.crossref.org/works/10.5201/ipol.2011.cm_fds""|S813|+2026-06-18T00:00:00Z/11"
44740,470,set_statement,Done,,,Q140794892,"LAST|P407|Q1860|S248|Q5188229|S356|""10.5201/IPOL.2011.CM_FDS""|S854|""https://api.crossref.org/works/10.5201/ipol.2011.cm_fds""|S813|+2026-06-18T00:00:00Z/11"
44740,471,set_statement,Done,,,Q140794892,"LAST|P921|Q140794615|S248|Q50815456|S854|""https://doi.org/10.5201/ipol.2011.cm_fds""|S813|+2026-06-18T00:00:00Z/11"
44740,472,set_statement,Error,api_user_error,Error 422 ('patch-result-invalid-value'): Invalid value in patch result,Q140794615,"Q140794615|P1343|LAST|S248|Q50815456|S854|""https://doi.org/10.5201/ipol.2011.cm_fds""|S813|+2026-06-18T00:00:00Z/11"
44740,473,set_statement,Error,last_not_evaluated,LAST could not be evaluated.,LAST,"LAST|P921|Q140794616|S248|Q50815456|S854|""https://doi.org/10.5201/ipol.2011.cm_fds""|S813|+2026-06-18T00:00:00Z/11"
44740,474,set_statement,Error,api_user_error,Error 422 ('patch-result-invalid-value'): Invalid value in patch result,Q140794616,"Q140794616|P1343|LAST|S248|Q50815456|S854|""https://doi.org/10.5201/ipol.2011.cm_fds""|S813|+2026-06-18T00:00:00Z/11"
44740,475,create_item,Done,,,Q140794893,CREATE
44740,476,set_label,Done,,,Q140794893,"LAST|Len|""An Analysis and Implementation of the Shape Preserving Local Histogram"""
44740,477,set_description,Done,,,Q140794893,"LAST|Den|""scientific article published in Image Processing On Line"""
44740,478,set_statement,Done,,,Q140794893,"LAST|P31|Q18918145|S248|Q5188229|S356|""10.5201/IPOL.2018.236""|S854|""https://api.crossref.org/works/10.5201/ipol.2018.236""|S813|+2026-06-18T00:00:00Z/11"
44740,479,set_statement,Done,,,Q140794893,"LAST|P356|""10.5201/IPOL.2018.236""|S248|Q5188229|S356|""10.5201/IPOL.2018.236""|S854|""https://api.crossref.org/works/10.5201/ipol.2018.236""|S813|+2026-06-18T00:00:00Z/11"
44740,480,set_statement,Done,,,Q140794893,"LAST|P1476|en:""An Analysis and Implementation of the Shape Preserving Local Histogram""|S248|Q5188229|S356|""10.5201/IPOL.2018.236""|S854|""https://api.crossref.org/works/10.5201/ipol.2018.236""|S813|+2026-06-18T00:00:00Z/11"
44740,481,set_statement,Done,,,Q140794893,"LAST|P1433|Q50815456|S248|Q5188229|S356|""10.5201/IPOL.2018.236""|S854|""https://api.crossref.org/works/10.5201/ipol.2018.236""|S813|+2026-06-18T00:00:00Z/11"
44740,482,set_statement,Done,,,Q140794893,"LAST|P577|+2018-12-07T00:00:00Z/11|S248|Q5188229|S356|""10.5201/IPOL.2018.236""|S854|""https://api.crossref.org/works/10.5201/ipol.2018.236""|S813|+2026-06-18T00:00:00Z/11"
44740,483,set_statement,Done,,,Q140794893,"LAST|P407|Q1860|S248|Q5188229|S356|""10.5201/IPOL.2018.236""|S854|""https://api.crossref.org/works/10.5201/ipol.2018.236""|S813|+2026-06-18T00:00:00Z/11"
44740,484,set_statement,Done,,,Q140794893,"LAST|P921|Q140794617|S248|Q50815456|S854|""https://doi.org/10.5201/ipol.2018.236""|S813|+2026-06-18T00:00:00Z/11"
44740,485,set_statement,Error,api_user_error,Error 422 ('patch-result-invalid-value'): Invalid value in patch result,Q140794617,"Q140794617|P1343|LAST|S248|Q50815456|S854|""https://doi.org/10.5201/ipol.2018.236""|S813|+2026-06-18T00:00:00Z/11"
44740,486,create_item,Done,,,Q140794894,CREATE
44740,487,set_label,Done,,,Q140794894,"LAST|Len|""A Sub-Pixel Edge Detector: an Implementation of the Canny/Devernay Algorithm"""
44740,488,set_description,Done,,,Q140794894,"LAST|Den|""scientific article published in Image Processing On Line"""
44740,489,set_statement,Done,,,Q140794894,"LAST|P31|Q18918145|S248|Q5188229|S356|""10.5201/IPOL.2017.216""|S854|""https://api.crossref.org/works/10.5201/ipol.2017.216""|S813|+2026-06-18T00:00:00Z/11"
44740,490,set_statement,Done,,,Q140794894,"LAST|P356|""10.5201/IPOL.2017.216""|S248|Q5188229|S356|""10.5201/IPOL.2017.216""|S854|""https://api.crossref.org/works/10.5201/ipol.2017.216""|S813|+2026-06-18T00:00:00Z/11"
44740,491,set_statement,Done,,,Q140794894,"LAST|P1476|en:""A Sub-Pixel Edge Detector: an Implementation of the Canny/Devernay Algorithm""|S248|Q5188229|S356|""10.5201/IPOL.2017.216""|S854|""https://api.crossref.org/works/10.5201/ipol.2017.216""|S813|+2026-06-18T00:00:00Z/11"
44740,492,set_statement,Done,,,Q140794894,"LAST|P1433|Q50815456|S248|Q5188229|S356|""10.5201/IPOL.2017.216""|S854|""https://api.crossref.org/works/10.5201/ipol.2017.216""|S813|+2026-06-18T00:00:00Z/11"
44740,493,set_statement,Done,,,Q140794894,"LAST|P577|+2017-11-28T00:00:00Z/11|S248|Q5188229|S356|""10.5201/IPOL.2017.216""|S854|""https://api.crossref.org/works/10.5201/ipol.2017.216""|S813|+2026-06-18T00:00:00Z/11"
44740,494,set_statement,Done,,,Q140794894,"LAST|P407|Q1860|S248|Q5188229|S356|""10.5201/IPOL.2017.216""|S854|""https://api.crossref.org/works/10.5201/ipol.2017.216""|S813|+2026-06-18T00:00:00Z/11"
44740,495,set_statement,Done,,,Q140794894,"LAST|P921|Q140794618|S248|Q50815456|S854|""https://doi.org/10.5201/ipol.2017.216""|S813|+2026-06-18T00:00:00Z/11"
44740,496,set_statement,Error,api_user_error,Error 422 ('patch-result-invalid-value'): Invalid value in patch result,Q140794618,"Q140794618|P1343|LAST|S248|Q50815456|S854|""https://doi.org/10.5201/ipol.2017.216""|S813|+2026-06-18T00:00:00Z/11"
44740,497,create_item,Done,,,Q140794895,CREATE
44740,498,set_label,Done,,,Q140794895,"LAST|Len|""Horn-Schunck Optical Flow with a Multi-Scale Strategy"""
44740,499,set_description,Done,,,Q140794895,"LAST|Den|""scientific article published in Image Processing On Line"""
44740,500,set_statement,Done,,,Q140794895,"LAST|P31|Q18918145|S248|Q5188229|S356|""10.5201/IPOL.2013.20""|S854|""https://api.crossref.org/works/10.5201/ipol.2013.20""|S813|+2026-06-18T00:00:00Z/11"
44740,501,set_statement,Done,,,Q140794895,"LAST|P356|""10.5201/IPOL.2013.20""|S248|Q5188229|S356|""10.5201/IPOL.2013.20""|S854|""https://api.crossref.org/works/10.5201/ipol.2013.20""|S813|+2026-06-18T00:00:00Z/11"
44740,502,set_statement,Done,,,Q140794895,"LAST|P1476|en:""Horn-Schunck Optical Flow with a Multi-Scale Strategy""|S248|Q5188229|S356|""10.5201/IPOL.2013.20""|S854|""https://api.crossref.org/works/10.5201/ipol.2013.20""|S813|+2026-06-18T00:00:00Z/11"
44740,503,set_statement,Done,,,Q140794895,"LAST|P1433|Q50815456|S248|Q5188229|S356|""10.5201/IPOL.2013.20""|S854|""https://api.crossref.org/works/10.5201/ipol.2013.20""|S813|+2026-06-18T00:00:00Z/11"
44740,504,set_statement,Done,,,Q140794895,"LAST|P577|+2013-07-19T00:00:00Z/11|S248|Q5188229|S356|""10.5201/IPOL.2013.20""|S854|""https://api.crossref.org/works/10.5201/ipol.2013.20""|S813|+2026-06-18T00:00:00Z/11"
44740,505,set_statement,Done,,,Q140794895,"LAST|P407|Q1860|S248|Q5188229|S356|""10.5201/IPOL.2013.20""|S854|""https://api.crossref.org/works/10.5201/ipol.2013.20""|S813|+2026-06-18T00:00:00Z/11"
44740,506,set_statement,Done,,,Q140794895,"LAST|P921|Q140794619|S248|Q50815456|S854|""https://doi.org/10.5201/ipol.2013.20""|S813|+2026-06-18T00:00:00Z/11"
44740,507,set_statement,Error,api_user_error,Error 422 ('patch-result-invalid-value'): Invalid value in patch result,Q140794619,"Q140794619|P1343|LAST|S248|Q50815456|S854|""https://doi.org/10.5201/ipol.2013.20""|S813|+2026-06-18T00:00:00Z/11"
44740,508,create_item,Done,,,Q140794896,CREATE
44740,509,set_label,Done,,,Q140794896,"LAST|Len|""Study of the Principal Component Analysis Method for the"""
44740,510,set_description,Done,,,Q140794896,"LAST|Den|""scientific article published in Image Processing On Line"""
44740,511,set_statement,Done,,,Q140794896,"LAST|P31|Q18918145|S248|Q5188229|S356|""10.5201/IPOL.2018.47""|S854|""https://api.crossref.org/works/10.5201/ipol.2018.47""|S813|+2026-06-18T00:00:00Z/11"
44740,512,set_statement,Done,,,Q140794896,"LAST|P356|""10.5201/IPOL.2018.47""|S248|Q5188229|S356|""10.5201/IPOL.2018.47""|S854|""https://api.crossref.org/works/10.5201/ipol.2018.47""|S813|+2026-06-18T00:00:00Z/11"
44740,513,set_statement,Done,,,Q140794896,"LAST|P1476|en:""Study of the Principal Component Analysis Method for the""|S248|Q5188229|S356|""10.5201/IPOL.2018.47""|S854|""https://api.crossref.org/works/10.5201/ipol.2018.47""|S813|+2026-06-18T00:00:00Z/11"
44740,514,set_statement,Done,,,Q140794896,"LAST|P1433|Q50815456|S248|Q5188229|S356|""10.5201/IPOL.2018.47""|S854|""https://api.crossref.org/works/10.5201/ipol.2018.47""|S813|+2026-06-18T00:00:00Z/11"
44740,515,set_statement,Done,,,Q140794896,"LAST|P577|+2018-11-23T00:00:00Z/11|S248|Q5188229|S356|""10.5201/IPOL.2018.47""|S854|""https://api.crossref.org/works/10.5201/ipol.2018.47""|S813|+2026-06-18T00:00:00Z/11"
44740,516,set_statement,Done,,,Q140794896,"LAST|P407|Q1860|S248|Q5188229|S356|""10.5201/IPOL.2018.47""|S854|""https://api.crossref.org/works/10.5201/ipol.2018.47""|S813|+2026-06-18T00:00:00Z/11"
44740,517,set_statement,Done,,,Q140794896,"LAST|P921|Q140794620|S248|Q50815456|S854|""https://doi.org/10.5201/ipol.2018.47""|S813|+2026-06-18T00:00:00Z/11"
44740,518,set_statement,Error,api_user_error,Error 422 ('patch-result-invalid-value'): Invalid value in patch result,Q140794620,"Q140794620|P1343|LAST|S248|Q50815456|S854|""https://doi.org/10.5201/ipol.2018.47""|S813|+2026-06-18T00:00:00Z/11"
44740,519,create_item,Done,,,Q140794897,CREATE
44740,520,set_label,Done,,,Q140794897,"LAST|Len|""Exemplar-based Texture Synthesis: the Efros-Leung Algorithm"""
44740,521,set_description,Done,,,Q140794897,"LAST|Den|""scientific article published in Image Processing On Line"""
44740,522,set_statement,Done,,,Q140794897,"LAST|P31|Q18918145|S248|Q5188229|S356|""10.5201/IPOL.2013.59""|S854|""https://api.crossref.org/works/10.5201/ipol.2013.59""|S813|+2026-06-18T00:00:00Z/11"
44740,523,set_statement,Done,,,Q140794897,"LAST|P356|""10.5201/IPOL.2013.59""|S248|Q5188229|S356|""10.5201/IPOL.2013.59""|S854|""https://api.crossref.org/works/10.5201/ipol.2013.59""|S813|+2026-06-18T00:00:00Z/11"
44740,524,set_statement,Done,,,Q140794897,"LAST|P1476|en:""Exemplar-based Texture Synthesis: the Efros-Leung Algorithm""|S248|Q5188229|S356|""10.5201/IPOL.2013.59""|S854|""https://api.crossref.org/works/10.5201/ipol.2013.59""|S813|+2026-06-18T00:00:00Z/11"
44740,525,set_statement,Done,,,Q140794897,"LAST|P1433|Q50815456|S248|Q5188229|S356|""10.5201/IPOL.2013.59""|S854|""https://api.crossref.org/works/10.5201/ipol.2013.59""|S813|+2026-06-18T00:00:00Z/11"
44740,526,set_statement,Done,,,Q140794897,"LAST|P577|+2013-10-23T00:00:00Z/11|S248|Q5188229|S356|""10.5201/IPOL.2013.59""|S854|""https://api.crossref.org/works/10.5201/ipol.2013.59""|S813|+2026-06-18T00:00:00Z/11"
44740,527,set_statement,Done,,,Q140794897,"LAST|P407|Q1860|S248|Q5188229|S356|""10.5201/IPOL.2013.59""|S854|""https://api.crossref.org/works/10.5201/ipol.2013.59""|S813|+2026-06-18T00:00:00Z/11"
44740,528,set_statement,Done,,,Q140794897,"LAST|P921|Q140794621|S248|Q50815456|S854|""https://doi.org/10.5201/ipol.2013.59""|S813|+2026-06-18T00:00:00Z/11"
44740,529,set_statement,Error,api_user_error,Error 422 ('patch-result-invalid-value'): Invalid value in patch result,Q140794621,"Q140794621|P1343|LAST|S248|Q50815456|S854|""https://doi.org/10.5201/ipol.2013.59""|S813|+2026-06-18T00:00:00Z/11"
44740,530,create_item,Done,,,Q140794898,CREATE
44740,531,set_label,Done,,,Q140794898,"LAST|Len|""Reversibility Error of Image Interpolation Methods: Definition and Improvements"""
44740,532,set_description,Done,,,Q140794898,"LAST|Den|""scientific article published in Image Processing On Line"""
44740,533,set_statement,Done,,,Q140794898,"LAST|P31|Q18918145|S248|Q5188229|S356|""10.5201/IPOL.2019.277""|S854|""https://api.crossref.org/works/10.5201/ipol.2019.277""|S813|+2026-06-18T00:00:00Z/11"
44740,534,set_statement,Done,,,Q140794898,"LAST|P356|""10.5201/IPOL.2019.277""|S248|Q5188229|S356|""10.5201/IPOL.2019.277""|S854|""https://api.crossref.org/works/10.5201/ipol.2019.277""|S813|+2026-06-18T00:00:00Z/11"
44740,535,set_statement,Done,,,Q140794898,"LAST|P1476|en:""Reversibility Error of Image Interpolation Methods: Definition and Improvements""|S248|Q5188229|S356|""10.5201/IPOL.2019.277""|S854|""https://api.crossref.org/works/10.5201/ipol.2019.277""|S813|+2026-06-18T00:00:00Z/11"
44740,536,set_statement,Done,,,Q140794898,"LAST|P1433|Q50815456|S248|Q5188229|S356|""10.5201/IPOL.2019.277""|S854|""https://api.crossref.org/works/10.5201/ipol.2019.277""|S813|+2026-06-18T00:00:00Z/11"
44740,537,set_statement,Done,,,Q140794898,"LAST|P577|+2019-10-16T00:00:00Z/11|S248|Q5188229|S356|""10.5201/IPOL.2019.277""|S854|""https://api.crossref.org/works/10.5201/ipol.2019.277""|S813|+2026-06-18T00:00:00Z/11"
44740,538,set_statement,Done,,,Q140794898,"LAST|P407|Q1860|S248|Q5188229|S356|""10.5201/IPOL.2019.277""|S854|""https://api.crossref.org/works/10.5201/ipol.2019.277""|S813|+2026-06-18T00:00:00Z/11"
44740,539,set_statement,Done,,,Q140794898,"LAST|P921|Q140794622|S248|Q50815456|S854|""https://doi.org/10.5201/ipol.2019.277""|S813|+2026-06-18T00:00:00Z/11"
44740,540,set_statement,Error,api_user_error,Error 422 ('patch-result-invalid-value'): Invalid value in patch result,Q140794622,"Q140794622|P1343|LAST|S248|Q50815456|S854|""https://doi.org/10.5201/ipol.2019.277""|S813|+2026-06-18T00:00:00Z/11"
44740,541,create_item,Done,,,Q140794899,CREATE
44740,542,set_label,Done,,,Q140794899,"LAST|Len|""Extended Exposure Fusion"""
44740,543,set_description,Done,,,Q140794899,"LAST|Den|""scientific article published in Image Processing On Line"""
44740,544,set_statement,Done,,,Q140794899,"LAST|P31|Q18918145|S248|Q5188229|S356|""10.5201/IPOL.2019.278""|S854|""https://api.crossref.org/works/10.5201/ipol.2019.278""|S813|+2026-06-18T00:00:00Z/11"
44740,545,set_statement,Done,,,Q140794899,"LAST|P356|""10.5201/IPOL.2019.278""|S248|Q5188229|S356|""10.5201/IPOL.2019.278""|S854|""https://api.crossref.org/works/10.5201/ipol.2019.278""|S813|+2026-06-18T00:00:00Z/11"
44740,546,set_statement,Done,,,Q140794899,"LAST|P1476|en:""Extended Exposure Fusion""|S248|Q5188229|S356|""10.5201/IPOL.2019.278""|S854|""https://api.crossref.org/works/10.5201/ipol.2019.278""|S813|+2026-06-18T00:00:00Z/11"
44740,547,set_statement,Done,,,Q140794899,"LAST|P1433|Q50815456|S248|Q5188229|S356|""10.5201/IPOL.2019.278""|S854|""https://api.crossref.org/works/10.5201/ipol.2019.278""|S813|+2026-06-18T00:00:00Z/11"
44740,548,set_statement,Done,,,Q140794899,"LAST|P577|+2019-12-29T00:00:00Z/11|S248|Q5188229|S356|""10.5201/IPOL.2019.278""|S854|""https://api.crossref.org/works/10.5201/ipol.2019.278""|S813|+2026-06-18T00:00:00Z/11"
44740,549,set_statement,Done,,,Q140794899,"LAST|P407|Q1860|S248|Q5188229|S356|""10.5201/IPOL.2019.278""|S854|""https://api.crossref.org/works/10.5201/ipol.2019.278""|S813|+2026-06-18T00:00:00Z/11"
44740,550,set_statement,Done,,,Q140794899,"LAST|P921|Q140794623|S248|Q50815456|S854|""https://doi.org/10.5201/ipol.2019.278""|S813|+2026-06-18T00:00:00Z/11"
44740,551,set_statement,Error,api_user_error,Error 422 ('patch-result-invalid-value'): Invalid value in patch result,Q140794623,"Q140794623|P1343|LAST|S248|Q50815456|S854|""https://doi.org/10.5201/ipol.2019.278""|S813|+2026-06-18T00:00:00Z/11"
44740,552,create_item,Done,,,Q140794900,CREATE
44740,553,set_label,Done,,,Q140794900,"LAST|Len|""A Contrario 3D Point Alignment Detection Algorithm"""
44740,554,set_description,Done,,,Q140794900,"LAST|Den|""scientific article published in Image Processing On Line"""
44740,555,set_statement,Done,,,Q140794900,"LAST|P31|Q18918145|S248|Q5188229|S356|""10.5201/IPOL.2017.214""|S854|""https://api.crossref.org/works/10.5201/ipol.2017.214""|S813|+2026-06-18T00:00:00Z/11"
44740,556,set_statement,Done,,,Q140794900,"LAST|P356|""10.5201/IPOL.2017.214""|S248|Q5188229|S356|""10.5201/IPOL.2017.214""|S854|""https://api.crossref.org/works/10.5201/ipol.2017.214""|S813|+2026-06-18T00:00:00Z/11"
44740,557,set_statement,Done,,,Q140794900,"LAST|P1476|en:""A Contrario 3D Point Alignment Detection Algorithm""|S248|Q5188229|S356|""10.5201/IPOL.2017.214""|S854|""https://api.crossref.org/works/10.5201/ipol.2017.214""|S813|+2026-06-18T00:00:00Z/11"
44740,558,set_statement,Done,,,Q140794900,"LAST|P1433|Q50815456|S248|Q5188229|S356|""10.5201/IPOL.2017.214""|S854|""https://api.crossref.org/works/10.5201/ipol.2017.214""|S813|+2026-06-18T00:00:00Z/11"
44740,559,set_statement,Done,,,Q140794900,"LAST|P577|+2017-12-30T00:00:00Z/11|S248|Q5188229|S356|""10.5201/IPOL.2017.214""|S854|""https://api.crossref.org/works/10.5201/ipol.2017.214""|S813|+2026-06-18T00:00:00Z/11"
44740,560,set_statement,Done,,,Q140794900,"LAST|P407|Q1860|S248|Q5188229|S356|""10.5201/IPOL.2017.214""|S854|""https://api.crossref.org/works/10.5201/ipol.2017.214""|S813|+2026-06-18T00:00:00Z/11"
44740,561,set_statement,Done,,,Q140794900,"LAST|P921|Q140794625|S248|Q50815456|S854|""https://doi.org/10.5201/ipol.2017.214""|S813|+2026-06-18T00:00:00Z/11"
44740,562,set_statement,Error,api_user_error,Error 422 ('patch-result-invalid-value'): Invalid value in patch result,Q140794625,"Q140794625|P1343|LAST|S248|Q50815456|S854|""https://doi.org/10.5201/ipol.2017.214""|S813|+2026-06-18T00:00:00Z/11"
44740,563,create_item,Done,,,Q140794901,CREATE
44740,564,set_label,Done,,,Q140794901,"LAST|Len|""Automatic RANSAC by Likelihood Maximization"""
44740,565,set_description,Done,,,Q140794901,"LAST|Den|""scientific article published in Image Processing On Line"""
44740,566,set_statement,Done,,,Q140794901,"LAST|P31|Q18918145|S248|Q5188229|S356|""10.5201/IPOL.2022.357""|S854|""https://api.crossref.org/works/10.5201/ipol.2022.357""|S813|+2026-06-18T00:00:00Z/11"
44740,567,set_statement,Done,,,Q140794901,"LAST|P356|""10.5201/IPOL.2022.357""|S248|Q5188229|S356|""10.5201/IPOL.2022.357""|S854|""https://api.crossref.org/works/10.5201/ipol.2022.357""|S813|+2026-06-18T00:00:00Z/11"
44740,568,set_statement,Done,,,Q140794901,"LAST|P1476|en:""Automatic RANSAC by Likelihood Maximization""|S248|Q5188229|S356|""10.5201/IPOL.2022.357""|S854|""https://api.crossref.org/works/10.5201/ipol.2022.357""|S813|+2026-06-18T00:00:00Z/11"
44740,569,set_statement,Done,,,Q140794901,"LAST|P1433|Q50815456|S248|Q5188229|S356|""10.5201/IPOL.2022.357""|S854|""https://api.crossref.org/works/10.5201/ipol.2022.357""|S813|+2026-06-18T00:00:00Z/11"
44740,570,set_statement,Done,,,Q140794901,"LAST|P577|+2022-03-28T00:00:00Z/11|S248|Q5188229|S356|""10.5201/IPOL.2022.357""|S854|""https://api.crossref.org/works/10.5201/ipol.2022.357""|S813|+2026-06-18T00:00:00Z/11"
44740,571,set_statement,Done,,,Q140794901,"LAST|P407|Q1860|S248|Q5188229|S356|""10.5201/IPOL.2022.357""|S854|""https://api.crossref.org/works/10.5201/ipol.2022.357""|S813|+2026-06-18T00:00:00Z/11"
44740,572,set_statement,Done,,,Q140794901,"LAST|P921|Q140794628|S248|Q50815456|S854|""https://doi.org/10.5201/ipol.2022.357""|S813|+2026-06-18T00:00:00Z/11"
44740,573,set_statement,Error,api_user_error,Error 422 ('patch-result-invalid-value'): Invalid value in patch result,Q140794628,"Q140794628|P1343|LAST|S248|Q50815456|S854|""https://doi.org/10.5201/ipol.2022.357""|S813|+2026-06-18T00:00:00Z/11"
44740,574,create_item,Done,,,Q140794902,CREATE
44740,575,set_label,Done,,,Q140794902,"LAST|Len|""Robust Discontinuity Preserving Optical Flow Methods"""
44740,576,set_description,Done,,,Q140794902,"LAST|Den|""scientific article published in Image Processing On Line"""
44740,577,set_statement,Done,,,Q140794902,"LAST|P31|Q18918145|S248|Q5188229|S356|""10.5201/IPOL.2016.172""|S854|""https://api.crossref.org/works/10.5201/ipol.2016.172""|S813|+2026-06-18T00:00:00Z/11"
44740,578,set_statement,Done,,,Q140794902,"LAST|P356|""10.5201/IPOL.2016.172""|S248|Q5188229|S356|""10.5201/IPOL.2016.172""|S854|""https://api.crossref.org/works/10.5201/ipol.2016.172""|S813|+2026-06-18T00:00:00Z/11"
44740,579,set_statement,Done,,,Q140794902,"LAST|P1476|en:""Robust Discontinuity Preserving Optical Flow Methods""|S248|Q5188229|S356|""10.5201/IPOL.2016.172""|S854|""https://api.crossref.org/works/10.5201/ipol.2016.172""|S813|+2026-06-18T00:00:00Z/11"
44740,580,set_statement,Done,,,Q140794902,"LAST|P1433|Q50815456|S248|Q5188229|S356|""10.5201/IPOL.2016.172""|S854|""https://api.crossref.org/works/10.5201/ipol.2016.172""|S813|+2026-06-18T00:00:00Z/11"
44740,581,set_statement,Done,,,Q140794902,"LAST|P577|+2016-11-07T00:00:00Z/11|S248|Q5188229|S356|""10.5201/IPOL.2016.172""|S854|""https://api.crossref.org/works/10.5201/ipol.2016.172""|S813|+2026-06-18T00:00:00Z/11"
44740,582,set_statement,Done,,,Q140794902,"LAST|P407|Q1860|S248|Q5188229|S356|""10.5201/IPOL.2016.172""|S854|""https://api.crossref.org/works/10.5201/ipol.2016.172""|S813|+2026-06-18T00:00:00Z/11"
44740,583,set_statement,Done,,,Q140794902,"LAST|P921|Q140794629|S248|Q50815456|S854|""https://doi.org/10.5201/ipol.2016.172""|S813|+2026-06-18T00:00:00Z/11"
44740,584,set_statement,Error,api_user_error,Error 422 ('patch-result-invalid-value'): Invalid value in patch result,Q140794629,"Q140794629|P1343|LAST|S248|Q50815456|S854|""https://doi.org/10.5201/ipol.2016.172""|S813|+2026-06-18T00:00:00Z/11"
44740,585,create_item,Done,,,Q140794903,CREATE
44740,586,set_label,Done,,,Q140794903,"LAST|Len|""Interactive Segmentation Based on Component-trees"""
44740,587,set_description,Done,,,Q140794903,"LAST|Den|""scientific article published in Image Processing On Line"""
44740,588,set_statement,Done,,,Q140794903,"LAST|P31|Q18918145|S248|Q5188229|S356|""10.5201/IPOL.2014.71""|S854|""https://api.crossref.org/works/10.5201/ipol.2014.71""|S813|+2026-06-18T00:00:00Z/11"
44740,589,set_statement,Done,,,Q140794903,"LAST|P356|""10.5201/IPOL.2014.71""|S248|Q5188229|S356|""10.5201/IPOL.2014.71""|S854|""https://api.crossref.org/works/10.5201/ipol.2014.71""|S813|+2026-06-18T00:00:00Z/11"
44740,590,set_statement,Done,,,Q140794903,"LAST|P1476|en:""Interactive Segmentation Based on Component-trees""|S248|Q5188229|S356|""10.5201/IPOL.2014.71""|S854|""https://api.crossref.org/works/10.5201/ipol.2014.71""|S813|+2026-06-18T00:00:00Z/11"
44740,591,set_statement,Done,,,Q140794903,"LAST|P1433|Q50815456|S248|Q5188229|S356|""10.5201/IPOL.2014.71""|S854|""https://api.crossref.org/works/10.5201/ipol.2014.71""|S813|+2026-06-18T00:00:00Z/11"
44740,592,set_statement,Done,,,Q140794903,"LAST|P577|+2014-05-05T00:00:00Z/11|S248|Q5188229|S356|""10.5201/IPOL.2014.71""|S854|""https://api.crossref.org/works/10.5201/ipol.2014.71""|S813|+2026-06-18T00:00:00Z/11"
44740,593,set_statement,Done,,,Q140794903,"LAST|P407|Q1860|S248|Q5188229|S356|""10.5201/IPOL.2014.71""|S854|""https://api.crossref.org/works/10.5201/ipol.2014.71""|S813|+2026-06-18T00:00:00Z/11"
44740,594,set_statement,Done,,,Q140794903,"LAST|P921|Q140794631|S248|Q50815456|S854|""https://doi.org/10.5201/ipol.2014.71""|S813|+2026-06-18T00:00:00Z/11"
44740,595,set_statement,Error,api_user_error,Error 422 ('patch-result-invalid-value'): Invalid value in patch result,Q140794631,"Q140794631|P1343|LAST|S248|Q50815456|S854|""https://doi.org/10.5201/ipol.2014.71""|S813|+2026-06-18T00:00:00Z/11"
44740,596,create_item,Done,,,Q140794904,CREATE
44740,597,set_label,Done,,,Q140794904,"LAST|Len|""PARIGI: a Patch-based Approach to Remove Impulse-Gaussian Noise from Images"""
44740,598,set_description,Done,,,Q140794904,"LAST|Den|""scientific article published in Image Processing On Line"""
44740,599,set_statement,Done,,,Q140794904,"LAST|P31|Q18918145|S248|Q5188229|S356|""10.5201/IPOL.2016.161""|S854|""https://api.crossref.org/works/10.5201/ipol.2016.161""|S813|+2026-06-18T00:00:00Z/11"
44740,600,set_statement,Done,,,Q140794904,"LAST|P356|""10.5201/IPOL.2016.161""|S248|Q5188229|S356|""10.5201/IPOL.2016.161""|S854|""https://api.crossref.org/works/10.5201/ipol.2016.161""|S813|+2026-06-18T00:00:00Z/11"
44740,601,set_statement,Done,,,Q140794904,"LAST|P1476|en:""PARIGI: a Patch-based Approach to Remove Impulse-Gaussian Noise from Images""|S248|Q5188229|S356|""10.5201/IPOL.2016.161""|S854|""https://api.crossref.org/works/10.5201/ipol.2016.161""|S813|+2026-06-18T00:00:00Z/11"
44740,602,set_statement,Done,,,Q140794904,"LAST|P1433|Q50815456|S248|Q5188229|S356|""10.5201/IPOL.2016.161""|S854|""https://api.crossref.org/works/10.5201/ipol.2016.161""|S813|+2026-06-18T00:00:00Z/11"
44740,603,set_statement,Done,,,Q140794904,"LAST|P577|+2016-06-29T00:00:00Z/11|S248|Q5188229|S356|""10.5201/IPOL.2016.161""|S854|""https://api.crossref.org/works/10.5201/ipol.2016.161""|S813|+2026-06-18T00:00:00Z/11"
44740,604,set_statement,Done,,,Q140794904,"LAST|P407|Q1860|S248|Q5188229|S356|""10.5201/IPOL.2016.161""|S854|""https://api.crossref.org/works/10.5201/ipol.2016.161""|S813|+2026-06-18T00:00:00Z/11"
44740,605,set_statement,Done,,,Q140794904,"LAST|P921|Q140794632|S248|Q50815456|S854|""https://doi.org/10.5201/ipol.2016.161""|S813|+2026-06-18T00:00:00Z/11"
44740,606,set_statement,Error,api_user_error,Error 422 ('patch-result-invalid-value'): Invalid value in patch result,Q140794632,"Q140794632|P1343|LAST|S248|Q50815456|S854|""https://doi.org/10.5201/ipol.2016.161""|S813|+2026-06-18T00:00:00Z/11"
44740,607,create_item,Done,,,Q140794905,CREATE
44740,608,set_label,Done,,,Q140794905,"LAST|Len|""Implementation of the \""Non-Local Bayes\"" (NL-Bayes) Image Denoising Algorithm"""
44740,609,set_description,Done,,,Q140794905,"LAST|Den|""scientific article published in Image Processing On Line"""
44740,610,set_statement,Done,,,Q140794905,"LAST|P31|Q18918145|S248|Q5188229|S356|""10.5201/IPOL.2013.16""|S854|""https://api.crossref.org/works/10.5201/ipol.2013.16""|S813|+2026-06-18T00:00:00Z/11"
44740,611,set_statement,Done,,,Q140794905,"LAST|P356|""10.5201/IPOL.2013.16""|S248|Q5188229|S356|""10.5201/IPOL.2013.16""|S854|""https://api.crossref.org/works/10.5201/ipol.2013.16""|S813|+2026-06-18T00:00:00Z/11"
44740,612,set_statement,Done,,,Q140794905,"LAST|P1476|en:""Implementation of the \""Non-Local Bayes\"" (NL-Bayes) Image Denoising Algorithm""|S248|Q5188229|S356|""10.5201/IPOL.2013.16""|S854|""https://api.crossref.org/works/10.5201/ipol.2013.16""|S813|+2026-06-18T00:00:00Z/11"
44740,613,set_statement,Done,,,Q140794905,"LAST|P1433|Q50815456|S248|Q5188229|S356|""10.5201/IPOL.2013.16""|S854|""https://api.crossref.org/works/10.5201/ipol.2013.16""|S813|+2026-06-18T00:00:00Z/11"
44740,614,set_statement,Done,,,Q140794905,"LAST|P577|+2013-06-17T00:00:00Z/11|S248|Q5188229|S356|""10.5201/IPOL.2013.16""|S854|""https://api.crossref.org/works/10.5201/ipol.2013.16""|S813|+2026-06-18T00:00:00Z/11"
44740,615,set_statement,Done,,,Q140794905,"LAST|P407|Q1860|S248|Q5188229|S356|""10.5201/IPOL.2013.16""|S854|""https://api.crossref.org/works/10.5201/ipol.2013.16""|S813|+2026-06-18T00:00:00Z/11"
44740,616,set_statement,Done,,,Q140794905,"LAST|P921|Q140794633|S248|Q50815456|S854|""https://doi.org/10.5201/ipol.2013.16""|S813|+2026-06-18T00:00:00Z/11"
44740,617,set_statement,Error,api_user_error,Error 422 ('patch-result-invalid-value'): Invalid value in patch result,Q140794633,"Q140794633|P1343|LAST|S248|Q50815456|S854|""https://doi.org/10.5201/ipol.2013.16""|S813|+2026-06-18T00:00:00Z/11"
44740,618,create_item,Done,,,Q140794906,CREATE
44740,619,set_label,Done,,,Q140794906,"LAST|Len|""Bilaterally Weighted Patches for Disparity Map Computation"""
44740,620,set_description,Done,,,Q140794906,"LAST|Den|""scientific article published in Image Processing On Line"""
44740,621,set_statement,Done,,,Q140794906,"LAST|P31|Q18918145|S248|Q5188229|S356|""10.5201/IPOL.2015.123""|S854|""https://api.crossref.org/works/10.5201/ipol.2015.123""|S813|+2026-06-18T00:00:00Z/11"
44740,622,set_statement,Done,,,Q140794906,"LAST|P356|""10.5201/IPOL.2015.123""|S248|Q5188229|S356|""10.5201/IPOL.2015.123""|S854|""https://api.crossref.org/works/10.5201/ipol.2015.123""|S813|+2026-06-18T00:00:00Z/11"
44740,623,set_statement,Done,,,Q140794906,"LAST|P1476|en:""Bilaterally Weighted Patches for Disparity Map Computation""|S248|Q5188229|S356|""10.5201/IPOL.2015.123""|S854|""https://api.crossref.org/works/10.5201/ipol.2015.123""|S813|+2026-06-18T00:00:00Z/11"
44740,624,set_statement,Done,,,Q140794906,"LAST|P1433|Q50815456|S248|Q5188229|S356|""10.5201/IPOL.2015.123""|S854|""https://api.crossref.org/works/10.5201/ipol.2015.123""|S813|+2026-06-18T00:00:00Z/11"
44740,625,set_statement,Done,,,Q140794906,"LAST|P577|+2015-03-11T00:00:00Z/11|S248|Q5188229|S356|""10.5201/IPOL.2015.123""|S854|""https://api.crossref.org/works/10.5201/ipol.2015.123""|S813|+2026-06-18T00:00:00Z/11"
44740,626,set_statement,Done,,,Q140794906,"LAST|P407|Q1860|S248|Q5188229|S356|""10.5201/IPOL.2015.123""|S854|""https://api.crossref.org/works/10.5201/ipol.2015.123""|S813|+2026-06-18T00:00:00Z/11"
44740,627,set_statement,Done,,,Q140794906,"LAST|P921|Q140794635|S248|Q50815456|S854|""https://doi.org/10.5201/ipol.2015.123""|S813|+2026-06-18T00:00:00Z/11"
44740,628,set_statement,Error,api_user_error,Error 422 ('patch-result-invalid-value'): Invalid value in patch result,Q140794635,"Q140794635|P1343|LAST|S248|Q50815456|S854|""https://doi.org/10.5201/ipol.2015.123""|S813|+2026-06-18T00:00:00Z/11"
44740,629,create_item,Done,,,Q140794907,CREATE
44740,630,set_label,Done,,,Q140794907,"LAST|Len|""A Demosaicking Algorithm with Adaptive Inter-Channel Correlation"""
44740,631,set_description,Done,,,Q140794907,"LAST|Den|""scientific article published in Image Processing On Line"""
44740,632,set_statement,Done,,,Q140794907,"LAST|P31|Q18918145|S248|Q5188229|S356|""10.5201/IPOL.2015.145""|S854|""https://api.crossref.org/works/10.5201/ipol.2015.145""|S813|+2026-06-18T00:00:00Z/11"
44740,633,set_statement,Done,,,Q140794907,"LAST|P356|""10.5201/IPOL.2015.145""|S248|Q5188229|S356|""10.5201/IPOL.2015.145""|S854|""https://api.crossref.org/works/10.5201/ipol.2015.145""|S813|+2026-06-18T00:00:00Z/11"
44740,634,set_statement,Done,,,Q140794907,"LAST|P1476|en:""A Demosaicking Algorithm with Adaptive Inter-Channel Correlation""|S248|Q5188229|S356|""10.5201/IPOL.2015.145""|S854|""https://api.crossref.org/works/10.5201/ipol.2015.145""|S813|+2026-06-18T00:00:00Z/11"
44740,635,set_statement,Done,,,Q140794907,"LAST|P1433|Q50815456|S248|Q5188229|S356|""10.5201/IPOL.2015.145""|S854|""https://api.crossref.org/works/10.5201/ipol.2015.145""|S813|+2026-06-18T00:00:00Z/11"
44740,636,set_statement,Done,,,Q140794907,"LAST|P577|+2015-12-21T00:00:00Z/11|S248|Q5188229|S356|""10.5201/IPOL.2015.145""|S854|""https://api.crossref.org/works/10.5201/ipol.2015.145""|S813|+2026-06-18T00:00:00Z/11"
44740,637,set_statement,Done,,,Q140794907,"LAST|P407|Q1860|S248|Q5188229|S356|""10.5201/IPOL.2015.145""|S854|""https://api.crossref.org/works/10.5201/ipol.2015.145""|S813|+2026-06-18T00:00:00Z/11"
44740,638,set_statement,Done,,,Q140794907,"LAST|P921|Q140794637|S248|Q50815456|S854|""https://doi.org/10.5201/ipol.2015.145""|S813|+2026-06-18T00:00:00Z/11"
44740,639,set_statement,Error,api_user_error,Error 422 ('patch-result-invalid-value'): Invalid value in patch result,Q140794637,"Q140794637|P1343|LAST|S248|Q50815456|S854|""https://doi.org/10.5201/ipol.2015.145""|S813|+2026-06-18T00:00:00Z/11"
44740,640,create_item,Done,,,Q140794908,CREATE
44740,641,set_label,Done,,,Q140794908,"LAST|Len|""Rudin-Osher-Fatemi Total Variation Denoising using Split Bregman"""
44740,642,set_description,Done,,,Q140794908,"LAST|Den|""scientific article published in Image Processing On Line"""
44740,643,set_statement,Done,,,Q140794908,"LAST|P31|Q18918145|S248|Q5188229|S356|""10.5201/IPOL.2012.G-TVD""|S854|""https://api.crossref.org/works/10.5201/ipol.2012.g-tvd""|S813|+2026-06-18T00:00:00Z/11"
44740,644,set_statement,Done,,,Q140794908,"LAST|P356|""10.5201/IPOL.2012.G-TVD""|S248|Q5188229|S356|""10.5201/IPOL.2012.G-TVD""|S854|""https://api.crossref.org/works/10.5201/ipol.2012.g-tvd""|S813|+2026-06-18T00:00:00Z/11"
44740,645,set_statement,Done,,,Q140794908,"LAST|P1476|en:""Rudin-Osher-Fatemi Total Variation Denoising using Split Bregman""|S248|Q5188229|S356|""10.5201/IPOL.2012.G-TVD""|S854|""https://api.crossref.org/works/10.5201/ipol.2012.g-tvd""|S813|+2026-06-18T00:00:00Z/11"
44740,646,set_statement,Done,,,Q140794908,"LAST|P1433|Q50815456|S248|Q5188229|S356|""10.5201/IPOL.2012.G-TVD""|S854|""https://api.crossref.org/works/10.5201/ipol.2012.g-tvd""|S813|+2026-06-18T00:00:00Z/11"
44740,647,set_statement,Done,,,Q140794908,"LAST|P577|+2012-05-19T00:00:00Z/11|S248|Q5188229|S356|""10.5201/IPOL.2012.G-TVD""|S854|""https://api.crossref.org/works/10.5201/ipol.2012.g-tvd""|S813|+2026-06-18T00:00:00Z/11"
44740,648,set_statement,Done,,,Q140794908,"LAST|P407|Q1860|S248|Q5188229|S356|""10.5201/IPOL.2012.G-TVD""|S854|""https://api.crossref.org/works/10.5201/ipol.2012.g-tvd""|S813|+2026-06-18T00:00:00Z/11"
44740,649,set_statement,Done,,,Q140794908,"LAST|P921|Q140794638|S248|Q50815456|S854|""https://doi.org/10.5201/ipol.2012.g-tvd""|S813|+2026-06-18T00:00:00Z/11"
44740,650,set_statement,Error,api_user_error,Error 422 ('patch-result-invalid-value'): Invalid value in patch result,Q140794638,"Q140794638|P1343|LAST|S248|Q50815456|S854|""https://doi.org/10.5201/ipol.2012.g-tvd""|S813|+2026-06-18T00:00:00Z/11"
44740,651,create_item,Done,,,Q140794909,CREATE
44740,652,set_label,Done,,,Q140794909,"LAST|Len|""Cloud Detection by Luminance and Inter-band Parallax Analysis for Pushbroom Satellite Imagers"""
44740,653,set_description,Done,,,Q140794909,"LAST|Den|""scientific article published in Image Processing On Line"""
44740,654,set_statement,Done,,,Q140794909,"LAST|P31|Q18918145|S248|Q5188229|S356|""10.5201/IPOL.2020.271""|S854|""https://api.crossref.org/works/10.5201/ipol.2020.271""|S813|+2026-06-18T00:00:00Z/11"
44740,655,set_statement,Done,,,Q140794909,"LAST|P356|""10.5201/IPOL.2020.271""|S248|Q5188229|S356|""10.5201/IPOL.2020.271""|S854|""https://api.crossref.org/works/10.5201/ipol.2020.271""|S813|+2026-06-18T00:00:00Z/11"
44740,656,set_statement,Done,,,Q140794909,"LAST|P1476|en:""Cloud Detection by Luminance and Inter-band Parallax Analysis for Pushbroom Satellite Imagers""|S248|Q5188229|S356|""10.5201/IPOL.2020.271""|S854|""https://api.crossref.org/works/10.5201/ipol.2020.271""|S813|+2026-06-18T00:00:00Z/11"
44740,657,set_statement,Done,,,Q140794909,"LAST|P1433|Q50815456|S248|Q5188229|S356|""10.5201/IPOL.2020.271""|S854|""https://api.crossref.org/works/10.5201/ipol.2020.271""|S813|+2026-06-18T00:00:00Z/11"
44740,658,set_statement,Done,,,Q140794909,"LAST|P577|+2020-11-21T00:00:00Z/11|S248|Q5188229|S356|""10.5201/IPOL.2020.271""|S854|""https://api.crossref.org/works/10.5201/ipol.2020.271""|S813|+2026-06-18T00:00:00Z/11"
44740,659,set_statement,Done,,,Q140794909,"LAST|P407|Q1860|S248|Q5188229|S356|""10.5201/IPOL.2020.271""|S854|""https://api.crossref.org/works/10.5201/ipol.2020.271""|S813|+2026-06-18T00:00:00Z/11"
44740,660,set_statement,Done,,,Q140794909,"LAST|P921|Q140794639|S248|Q50815456|S854|""https://doi.org/10.5201/ipol.2020.271""|S813|+2026-06-18T00:00:00Z/11"
44740,661,set_statement,Error,api_user_error,Error 422 ('patch-result-invalid-value'): Invalid value in patch result,Q140794639,"Q140794639|P1343|LAST|S248|Q50815456|S854|""https://doi.org/10.5201/ipol.2020.271""|S813|+2026-06-18T00:00:00Z/11"
44740,662,create_item,Done,,,Q140794910,CREATE
44740,663,set_label,Done,,,Q140794910,"LAST|Len|""The Flutter Shutter Camera Simulator"""
44740,664,set_description,Done,,,Q140794910,"LAST|Den|""scientific article published in Image Processing On Line"""
44740,665,set_statement,Done,,,Q140794910,"LAST|P31|Q18918145|S248|Q5188229|S356|""10.5201/IPOL.2012.T-FSCS""|S854|""https://api.crossref.org/works/10.5201/ipol.2012.t-fscs""|S813|+2026-06-18T00:00:00Z/11"
44740,666,set_statement,Done,,,Q140794910,"LAST|P356|""10.5201/IPOL.2012.T-FSCS""|S248|Q5188229|S356|""10.5201/IPOL.2012.T-FSCS""|S854|""https://api.crossref.org/works/10.5201/ipol.2012.t-fscs""|S813|+2026-06-18T00:00:00Z/11"
44740,667,set_statement,Done,,,Q140794910,"LAST|P1476|en:""The Flutter Shutter Camera Simulator""|S248|Q5188229|S356|""10.5201/IPOL.2012.T-FSCS""|S854|""https://api.crossref.org/works/10.5201/ipol.2012.t-fscs""|S813|+2026-06-18T00:00:00Z/11"
44740,668,set_statement,Done,,,Q140794910,"LAST|P1433|Q50815456|S248|Q5188229|S356|""10.5201/IPOL.2012.T-FSCS""|S854|""https://api.crossref.org/works/10.5201/ipol.2012.t-fscs""|S813|+2026-06-18T00:00:00Z/11"
44740,669,set_statement,Done,,,Q140794910,"LAST|P577|+2012-10-17T00:00:00Z/11|S248|Q5188229|S356|""10.5201/IPOL.2012.T-FSCS""|S854|""https://api.crossref.org/works/10.5201/ipol.2012.t-fscs""|S813|+2026-06-18T00:00:00Z/11"
44740,670,set_statement,Done,,,Q140794910,"LAST|P407|Q1860|S248|Q5188229|S356|""10.5201/IPOL.2012.T-FSCS""|S854|""https://api.crossref.org/works/10.5201/ipol.2012.t-fscs""|S813|+2026-06-18T00:00:00Z/11"
44740,671,set_statement,Done,,,Q140794910,"LAST|P921|Q140794640|S248|Q50815456|S854|""https://doi.org/10.5201/ipol.2012.t-fscs""|S813|+2026-06-18T00:00:00Z/11"
44740,672,set_statement,Error,api_user_error,Error 422 ('patch-result-invalid-value'): Invalid value in patch result,Q140794640,"Q140794640|P1343|LAST|S248|Q50815456|S854|""https://doi.org/10.5201/ipol.2012.t-fscs""|S813|+2026-06-18T00:00:00Z/11"
44740,673,create_item,Done,,,Q140794911,CREATE
44740,674,set_label,Done,,,Q140794911,"LAST|Len|""Combined First and Second Order Total Variation Inpainting using Split Bregman"""
44740,675,set_description,Done,,,Q140794911,"LAST|Den|""scientific article published in Image Processing On Line"""
44740,676,set_statement,Done,,,Q140794911,"LAST|P31|Q18918145|S248|Q5188229|S356|""10.5201/IPOL.2013.40""|S854|""https://api.crossref.org/works/10.5201/ipol.2013.40""|S813|+2026-06-18T00:00:00Z/11"
44740,677,set_statement,Done,,,Q140794911,"LAST|P356|""10.5201/IPOL.2013.40""|S248|Q5188229|S356|""10.5201/IPOL.2013.40""|S854|""https://api.crossref.org/works/10.5201/ipol.2013.40""|S813|+2026-06-18T00:00:00Z/11"
44740,678,set_statement,Done,,,Q140794911,"LAST|P1476|en:""Combined First and Second Order Total Variation Inpainting using Split Bregman""|S248|Q5188229|S356|""10.5201/IPOL.2013.40""|S854|""https://api.crossref.org/works/10.5201/ipol.2013.40""|S813|+2026-06-18T00:00:00Z/11"
44740,679,set_statement,Done,,,Q140794911,"LAST|P1433|Q50815456|S248|Q5188229|S356|""10.5201/IPOL.2013.40""|S854|""https://api.crossref.org/works/10.5201/ipol.2013.40""|S813|+2026-06-18T00:00:00Z/11"
44740,680,set_statement,Done,,,Q140794911,"LAST|P577|+2013-07-12T00:00:00Z/11|S248|Q5188229|S356|""10.5201/IPOL.2013.40""|S854|""https://api.crossref.org/works/10.5201/ipol.2013.40""|S813|+2026-06-18T00:00:00Z/11"
44740,681,set_statement,Done,,,Q140794911,"LAST|P407|Q1860|S248|Q5188229|S356|""10.5201/IPOL.2013.40""|S854|""https://api.crossref.org/works/10.5201/ipol.2013.40""|S813|+2026-06-18T00:00:00Z/11"
44740,682,set_statement,Done,,,Q140794911,"LAST|P921|Q140794641|S248|Q50815456|S854|""https://doi.org/10.5201/ipol.2013.40""|S813|+2026-06-18T00:00:00Z/11"
44740,683,set_statement,Error,api_user_error,Error 422 ('patch-result-invalid-value'): Invalid value in patch result,Q140794641,"Q140794641|P1343|LAST|S248|Q50815456|S854|""https://doi.org/10.5201/ipol.2013.40""|S813|+2026-06-18T00:00:00Z/11"
44740,684,create_item,Done,,,Q140794912,CREATE
44740,685,set_label,Done,,,Q140794912,"LAST|Len|""The Bilateral Filter for Point Clouds"""
44740,686,set_description,Done,,,Q140794912,"LAST|Den|""scientific article published in Image Processing On Line"""
44740,687,set_statement,Done,,,Q140794912,"LAST|P31|Q18918145|S248|Q5188229|S356|""10.5201/IPOL.2017.179""|S854|""https://api.crossref.org/works/10.5201/ipol.2017.179""|S813|+2026-06-18T00:00:00Z/11"
44740,688,set_statement,Done,,,Q140794912,"LAST|P356|""10.5201/IPOL.2017.179""|S248|Q5188229|S356|""10.5201/IPOL.2017.179""|S854|""https://api.crossref.org/works/10.5201/ipol.2017.179""|S813|+2026-06-18T00:00:00Z/11"
44740,689,set_statement,Done,,,Q140794912,"LAST|P1476|en:""The Bilateral Filter for Point Clouds""|S248|Q5188229|S356|""10.5201/IPOL.2017.179""|S854|""https://api.crossref.org/works/10.5201/ipol.2017.179""|S813|+2026-06-18T00:00:00Z/11"
44740,690,set_statement,Done,,,Q140794912,"LAST|P1433|Q50815456|S248|Q5188229|S356|""10.5201/IPOL.2017.179""|S854|""https://api.crossref.org/works/10.5201/ipol.2017.179""|S813|+2026-06-18T00:00:00Z/11"
44740,691,set_statement,Done,,,Q140794912,"LAST|P577|+2017-10-29T00:00:00Z/11|S248|Q5188229|S356|""10.5201/IPOL.2017.179""|S854|""https://api.crossref.org/works/10.5201/ipol.2017.179""|S813|+2026-06-18T00:00:00Z/11"
44740,692,set_statement,Done,,,Q140794912,"LAST|P407|Q1860|S248|Q5188229|S356|""10.5201/IPOL.2017.179""|S854|""https://api.crossref.org/works/10.5201/ipol.2017.179""|S813|+2026-06-18T00:00:00Z/11"
44740,693,set_statement,Done,,,Q140794912,"LAST|P921|Q140794642|S248|Q50815456|S854|""https://doi.org/10.5201/ipol.2017.179""|S813|+2026-06-18T00:00:00Z/11"
44740,694,set_statement,Error,api_user_error,Error 422 ('patch-result-invalid-value'): Invalid value in patch result,Q140794642,"Q140794642|P1343|LAST|S248|Q50815456|S854|""https://doi.org/10.5201/ipol.2017.179""|S813|+2026-06-18T00:00:00Z/11"
44740,695,create_item,Done,,,Q140794913,CREATE
44740,696,set_label,Done,,,Q140794913,"LAST|Len|""TV-L1 Optical Flow Estimation"""
44740,697,set_description,Done,,,Q140794913,"LAST|Den|""scientific article published in Image Processing On Line"""
44740,698,set_statement,Done,,,Q140794913,"LAST|P31|Q18918145|S248|Q5188229|S356|""10.5201/IPOL.2013.26""|S854|""https://api.crossref.org/works/10.5201/ipol.2013.26""|S813|+2026-06-18T00:00:00Z/11"
44740,699,set_statement,Done,,,Q140794913,"LAST|P356|""10.5201/IPOL.2013.26""|S248|Q5188229|S356|""10.5201/IPOL.2013.26""|S854|""https://api.crossref.org/works/10.5201/ipol.2013.26""|S813|+2026-06-18T00:00:00Z/11"
44740,700,set_statement,Done,,,Q140794913,"LAST|P1476|en:""TV-L1 Optical Flow Estimation""|S248|Q5188229|S356|""10.5201/IPOL.2013.26""|S854|""https://api.crossref.org/works/10.5201/ipol.2013.26""|S813|+2026-06-18T00:00:00Z/11"
44740,701,set_statement,Done,,,Q140794913,"LAST|P1433|Q50815456|S248|Q5188229|S356|""10.5201/IPOL.2013.26""|S854|""https://api.crossref.org/works/10.5201/ipol.2013.26""|S813|+2026-06-18T00:00:00Z/11"
44740,702,set_statement,Done,,,Q140794913,"LAST|P577|+2013-07-19T00:00:00Z/11|S248|Q5188229|S356|""10.5201/IPOL.2013.26""|S854|""https://api.crossref.org/works/10.5201/ipol.2013.26""|S813|+2026-06-18T00:00:00Z/11"
44740,703,set_statement,Done,,,Q140794913,"LAST|P407|Q1860|S248|Q5188229|S356|""10.5201/IPOL.2013.26""|S854|""https://api.crossref.org/works/10.5201/ipol.2013.26""|S813|+2026-06-18T00:00:00Z/11"
44740,704,set_statement,Done,,,Q140794913,"LAST|P921|Q140794643|S248|Q50815456|S854|""https://doi.org/10.5201/ipol.2013.26""|S813|+2026-06-18T00:00:00Z/11"
44740,705,set_statement,Error,api_user_error,Error 422 ('patch-result-invalid-value'): Invalid value in patch result,Q140794643,"Q140794643|P1343|LAST|S248|Q50815456|S854|""https://doi.org/10.5201/ipol.2013.26""|S813|+2026-06-18T00:00:00Z/11"
44740,706,create_item,Done,,,Q140794914,CREATE
44740,707,set_label,Done,,,Q140794914,"LAST|Len|""Realistic Film Grain Rendering"""
44740,708,set_description,Done,,,Q140794914,"LAST|Den|""scientific article published in Image Processing On Line"""
44740,709,set_statement,Done,,,Q140794914,"LAST|P31|Q18918145|S248|Q5188229|S356|""10.5201/IPOL.2017.192""|S854|""https://api.crossref.org/works/10.5201/ipol.2017.192""|S813|+2026-06-18T00:00:00Z/11"
44740,710,set_statement,Done,,,Q140794914,"LAST|P356|""10.5201/IPOL.2017.192""|S248|Q5188229|S356|""10.5201/IPOL.2017.192""|S854|""https://api.crossref.org/works/10.5201/ipol.2017.192""|S813|+2026-06-18T00:00:00Z/11"
44740,711,set_statement,Done,,,Q140794914,"LAST|P1476|en:""Realistic Film Grain Rendering""|S248|Q5188229|S356|""10.5201/IPOL.2017.192""|S854|""https://api.crossref.org/works/10.5201/ipol.2017.192""|S813|+2026-06-18T00:00:00Z/11"
44740,712,set_statement,Done,,,Q140794914,"LAST|P1433|Q50815456|S248|Q5188229|S356|""10.5201/IPOL.2017.192""|S854|""https://api.crossref.org/works/10.5201/ipol.2017.192""|S813|+2026-06-18T00:00:00Z/11"
44740,713,set_statement,Done,,,Q140794914,"LAST|P577|+2017-07-18T00:00:00Z/11|S248|Q5188229|S356|""10.5201/IPOL.2017.192""|S854|""https://api.crossref.org/works/10.5201/ipol.2017.192""|S813|+2026-06-18T00:00:00Z/11"
44740,714,set_statement,Done,,,Q140794914,"LAST|P407|Q1860|S248|Q5188229|S356|""10.5201/IPOL.2017.192""|S854|""https://api.crossref.org/works/10.5201/ipol.2017.192""|S813|+2026-06-18T00:00:00Z/11"
44740,715,set_statement,Done,,,Q140794914,"LAST|P921|Q140794644|S248|Q50815456|S854|""https://doi.org/10.5201/ipol.2017.192""|S813|+2026-06-18T00:00:00Z/11"
44740,716,set_statement,Error,api_user_error,Error 422 ('patch-result-invalid-value'): Invalid value in patch result,Q140794644,"Q140794644|P1343|LAST|S248|Q50815456|S854|""https://doi.org/10.5201/ipol.2017.192""|S813|+2026-06-18T00:00:00Z/11"
44740,717,create_item,Done,,,Q140794915,CREATE
44740,718,set_label,Done,,,Q140794915,"LAST|Len|""How to Apply a Filter Defined in the Frequency Domain by a Continuous Function"""
44740,719,set_description,Done,,,Q140794915,"LAST|Den|""scientific article published in Image Processing On Line"""
44740,720,set_statement,Done,,,Q140794915,"LAST|P31|Q18918145|S248|Q5188229|S356|""10.5201/IPOL.2016.116""|S854|""https://api.crossref.org/works/10.5201/ipol.2016.116""|S813|+2026-06-18T00:00:00Z/11"
44740,721,set_statement,Done,,,Q140794915,"LAST|P356|""10.5201/IPOL.2016.116""|S248|Q5188229|S356|""10.5201/IPOL.2016.116""|S854|""https://api.crossref.org/works/10.5201/ipol.2016.116""|S813|+2026-06-18T00:00:00Z/11"
44740,722,set_statement,Done,,,Q140794915,"LAST|P1476|en:""How to Apply a Filter Defined in the Frequency Domain by a Continuous Function""|S248|Q5188229|S356|""10.5201/IPOL.2016.116""|S854|""https://api.crossref.org/works/10.5201/ipol.2016.116""|S813|+2026-06-18T00:00:00Z/11"
44740,723,set_statement,Done,,,Q140794915,"LAST|P1433|Q50815456|S248|Q5188229|S356|""10.5201/IPOL.2016.116""|S854|""https://api.crossref.org/works/10.5201/ipol.2016.116""|S813|+2026-06-18T00:00:00Z/11"
44740,724,set_statement,Done,,,Q140794915,"LAST|P577|+2016-11-07T00:00:00Z/11|S248|Q5188229|S356|""10.5201/IPOL.2016.116""|S854|""https://api.crossref.org/works/10.5201/ipol.2016.116""|S813|+2026-06-18T00:00:00Z/11"
44740,725,set_statement,Done,,,Q140794915,"LAST|P407|Q1860|S248|Q5188229|S356|""10.5201/IPOL.2016.116""|S854|""https://api.crossref.org/works/10.5201/ipol.2016.116""|S813|+2026-06-18T00:00:00Z/11"
44740,726,set_statement,Done,,,Q140794915,"LAST|P921|Q140794645|S248|Q50815456|S854|""https://doi.org/10.5201/ipol.2016.116""|S813|+2026-06-18T00:00:00Z/11"
44740,727,set_statement,Error,api_user_error,Error 422 ('patch-result-invalid-value'): Invalid value in patch result,Q140794645,"Q140794645|P1343|LAST|S248|Q50815456|S854|""https://doi.org/10.5201/ipol.2016.116""|S813|+2026-06-18T00:00:00Z/11"
44740,728,create_item,Done,,,Q140794916,CREATE
44740,729,set_label,Done,,,Q140794916,"LAST|Len|""Computing an Exact Gaussian Scale-Space"""
44740,730,set_description,Done,,,Q140794916,"LAST|Den|""scientific article published in Image Processing On Line"""
44740,731,set_statement,Done,,,Q140794916,"LAST|P31|Q18918145|S248|Q5188229|S356|""10.5201/IPOL.2016.117""|S854|""https://api.crossref.org/works/10.5201/ipol.2016.117""|S813|+2026-06-18T00:00:00Z/11"
44740,732,set_statement,Done,,,Q140794916,"LAST|P356|""10.5201/IPOL.2016.117""|S248|Q5188229|S356|""10.5201/IPOL.2016.117""|S854|""https://api.crossref.org/works/10.5201/ipol.2016.117""|S813|+2026-06-18T00:00:00Z/11"
44740,733,set_statement,Done,,,Q140794916,"LAST|P1476|en:""Computing an Exact Gaussian Scale-Space""|S248|Q5188229|S356|""10.5201/IPOL.2016.117""|S854|""https://api.crossref.org/works/10.5201/ipol.2016.117""|S813|+2026-06-18T00:00:00Z/11"
44740,734,set_statement,Done,,,Q140794916,"LAST|P1433|Q50815456|S248|Q5188229|S356|""10.5201/IPOL.2016.117""|S854|""https://api.crossref.org/works/10.5201/ipol.2016.117""|S813|+2026-06-18T00:00:00Z/11"
44740,735,set_statement,Done,,,Q140794916,"LAST|P577|+2016-02-02T00:00:00Z/11|S248|Q5188229|S356|""10.5201/IPOL.2016.117""|S854|""https://api.crossref.org/works/10.5201/ipol.2016.117""|S813|+2026-06-18T00:00:00Z/11"
44740,736,set_statement,Done,,,Q140794916,"LAST|P407|Q1860|S248|Q5188229|S356|""10.5201/IPOL.2016.117""|S854|""https://api.crossref.org/works/10.5201/ipol.2016.117""|S813|+2026-06-18T00:00:00Z/11"
44740,737,set_statement,Done,,,Q140794916,"LAST|P921|Q140794647|S248|Q50815456|S854|""https://doi.org/10.5201/ipol.2016.117""|S813|+2026-06-18T00:00:00Z/11"
44740,738,set_statement,Error,api_user_error,Error 422 ('patch-result-invalid-value'): Invalid value in patch result,Q140794647,"Q140794647|P1343|LAST|S248|Q50815456|S854|""https://doi.org/10.5201/ipol.2016.117""|S813|+2026-06-18T00:00:00Z/11"
44740,739,create_item,Done,,,Q140794917,CREATE
44740,740,set_label,Done,,,Q140794917,"LAST|Len|""Image Interpolation with Contour Stencils"""
44740,741,set_description,Done,,,Q140794917,"LAST|Den|""scientific article published in Image Processing On Line"""
44740,742,set_statement,Done,,,Q140794917,"LAST|P31|Q18918145|S248|Q5188229|S356|""10.5201/IPOL.2011.G_IICS""|S854|""https://api.crossref.org/works/10.5201/ipol.2011.g_iics""|S813|+2026-06-18T00:00:00Z/11"
44740,743,set_statement,Done,,,Q140794917,"LAST|P356|""10.5201/IPOL.2011.G_IICS""|S248|Q5188229|S356|""10.5201/IPOL.2011.G_IICS""|S854|""https://api.crossref.org/works/10.5201/ipol.2011.g_iics""|S813|+2026-06-18T00:00:00Z/11"
44740,744,set_statement,Done,,,Q140794917,"LAST|P1476|en:""Image Interpolation with Contour Stencils""|S248|Q5188229|S356|""10.5201/IPOL.2011.G_IICS""|S854|""https://api.crossref.org/works/10.5201/ipol.2011.g_iics""|S813|+2026-06-18T00:00:00Z/11"
44740,745,set_statement,Done,,,Q140794917,"LAST|P1433|Q50815456|S248|Q5188229|S356|""10.5201/IPOL.2011.G_IICS""|S854|""https://api.crossref.org/works/10.5201/ipol.2011.g_iics""|S813|+2026-06-18T00:00:00Z/11"
44740,746,set_statement,Done,,,Q140794917,"LAST|P577|+2011-08-01T00:00:00Z/11|S248|Q5188229|S356|""10.5201/IPOL.2011.G_IICS""|S854|""https://api.crossref.org/works/10.5201/ipol.2011.g_iics""|S813|+2026-06-18T00:00:00Z/11"
44740,747,set_statement,Done,,,Q140794917,"LAST|P407|Q1860|S248|Q5188229|S356|""10.5201/IPOL.2011.G_IICS""|S854|""https://api.crossref.org/works/10.5201/ipol.2011.g_iics""|S813|+2026-06-18T00:00:00Z/11"
44740,748,set_statement,Done,,,Q140794917,"LAST|P921|Q140794648|S248|Q50815456|S854|""https://doi.org/10.5201/ipol.2011.g_iics""|S813|+2026-06-18T00:00:00Z/11"
44740,749,set_statement,Error,api_user_error,Error 422 ('patch-result-invalid-value'): Invalid value in patch result,Q140794648,"Q140794648|P1343|LAST|S248|Q50815456|S854|""https://doi.org/10.5201/ipol.2011.g_iics""|S813|+2026-06-18T00:00:00Z/11"
44740,750,create_item,Done,,,Q140794918,CREATE
44740,751,set_label,Done,,,Q140794918,"LAST|Len|""A Study of Two CNN Demosaicking Algorithms"""
44740,752,set_description,Done,,,Q140794918,"LAST|Den|""scientific article published in Image Processing On Line"""
44740,753,set_statement,Done,,,Q140794918,"LAST|P31|Q18918145|S248|Q5188229|S356|""10.5201/IPOL.2019.274""|S854|""https://api.crossref.org/works/10.5201/ipol.2019.274""|S813|+2026-06-18T00:00:00Z/11"
44740,754,set_statement,Done,,,Q140794918,"LAST|P356|""10.5201/IPOL.2019.274""|S248|Q5188229|S356|""10.5201/IPOL.2019.274""|S854|""https://api.crossref.org/works/10.5201/ipol.2019.274""|S813|+2026-06-18T00:00:00Z/11"
44740,755,set_statement,Done,,,Q140794918,"LAST|P1476|en:""A Study of Two CNN Demosaicking Algorithms""|S248|Q5188229|S356|""10.5201/IPOL.2019.274""|S854|""https://api.crossref.org/works/10.5201/ipol.2019.274""|S813|+2026-06-18T00:00:00Z/11"
44740,756,set_statement,Done,,,Q140794918,"LAST|P1433|Q50815456|S248|Q5188229|S356|""10.5201/IPOL.2019.274""|S854|""https://api.crossref.org/works/10.5201/ipol.2019.274""|S813|+2026-06-18T00:00:00Z/11"
44740,757,set_statement,Done,,,Q140794918,"LAST|P577|+2019-09-05T00:00:00Z/11|S248|Q5188229|S356|""10.5201/IPOL.2019.274""|S854|""https://api.crossref.org/works/10.5201/ipol.2019.274""|S813|+2026-06-18T00:00:00Z/11"
44740,758,set_statement,Done,,,Q140794918,"LAST|P407|Q1860|S248|Q5188229|S356|""10.5201/IPOL.2019.274""|S854|""https://api.crossref.org/works/10.5201/ipol.2019.274""|S813|+2026-06-18T00:00:00Z/11"
44740,759,set_statement,Done,,,Q140794918,"LAST|P921|Q140794650|S248|Q50815456|S854|""https://doi.org/10.5201/ipol.2019.274""|S813|+2026-06-18T00:00:00Z/11"
44740,760,set_statement,Error,api_user_error,Error 422 ('patch-result-invalid-value'): Invalid value in patch result,Q140794650,"Q140794650|P1343|LAST|S248|Q50815456|S854|""https://doi.org/10.5201/ipol.2019.274""|S813|+2026-06-18T00:00:00Z/11"
44740,761,create_item,Done,,,Q140794919,CREATE
44740,762,set_label,Done,,,Q140794919,"LAST|Len|""Retinex Poisson Equation: a Model for Color Perception"""
44740,763,set_description,Done,,,Q140794919,"LAST|Den|""scientific article published in Image Processing On Line"""
44740,764,set_statement,Done,,,Q140794919,"LAST|P31|Q18918145|S248|Q5188229|S356|""10.5201/IPOL.2011.LMPS_RPE""|S854|""https://api.crossref.org/works/10.5201/ipol.2011.lmps_rpe""|S813|+2026-06-18T00:00:00Z/11"
44740,765,set_statement,Done,,,Q140794919,"LAST|P356|""10.5201/IPOL.2011.LMPS_RPE""|S248|Q5188229|S356|""10.5201/IPOL.2011.LMPS_RPE""|S854|""https://api.crossref.org/works/10.5201/ipol.2011.lmps_rpe""|S813|+2026-06-18T00:00:00Z/11"
44740,766,set_statement,Done,,,Q140794919,"LAST|P1476|en:""Retinex Poisson Equation: a Model for Color Perception""|S248|Q5188229|S356|""10.5201/IPOL.2011.LMPS_RPE""|S854|""https://api.crossref.org/works/10.5201/ipol.2011.lmps_rpe""|S813|+2026-06-18T00:00:00Z/11"
44740,767,set_statement,Done,,,Q140794919,"LAST|P1433|Q50815456|S248|Q5188229|S356|""10.5201/IPOL.2011.LMPS_RPE""|S854|""https://api.crossref.org/works/10.5201/ipol.2011.lmps_rpe""|S813|+2026-06-18T00:00:00Z/11"
44740,768,set_statement,Done,,,Q140794919,"LAST|P577|+2011-04-05T00:00:00Z/11|S248|Q5188229|S356|""10.5201/IPOL.2011.LMPS_RPE""|S854|""https://api.crossref.org/works/10.5201/ipol.2011.lmps_rpe""|S813|+2026-06-18T00:00:00Z/11"
44740,769,set_statement,Done,,,Q140794919,"LAST|P407|Q1860|S248|Q5188229|S356|""10.5201/IPOL.2011.LMPS_RPE""|S854|""https://api.crossref.org/works/10.5201/ipol.2011.lmps_rpe""|S813|+2026-06-18T00:00:00Z/11"
44740,770,set_statement,Done,,,Q140794919,"LAST|P921|Q140794651|S248|Q50815456|S854|""https://doi.org/10.5201/ipol.2011.lmps_rpe""|S813|+2026-06-18T00:00:00Z/11"
44740,771,set_statement,Error,api_user_error,Error 422 ('patch-result-invalid-value'): Invalid value in patch result,Q140794651,"Q140794651|P1343|LAST|S248|Q50815456|S854|""https://doi.org/10.5201/ipol.2011.lmps_rpe""|S813|+2026-06-18T00:00:00Z/11"
44740,772,create_item,Done,,,Q140794920,CREATE
44740,773,set_label,Done,,,Q140794920,"LAST|Len|""Implementation of the Centroid Method for the Correction of Turbulence"""
44740,774,set_description,Done,,,Q140794920,"LAST|Den|""scientific article published in Image Processing On Line"""
44740,775,set_statement,Done,,,Q140794920,"LAST|P31|Q18918145|S248|Q5188229|S356|""10.5201/IPOL.2014.105""|S854|""https://api.crossref.org/works/10.5201/ipol.2014.105""|S813|+2026-06-18T00:00:00Z/11"
44740,776,set_statement,Done,,,Q140794920,"LAST|P356|""10.5201/IPOL.2014.105""|S248|Q5188229|S356|""10.5201/IPOL.2014.105""|S854|""https://api.crossref.org/works/10.5201/ipol.2014.105""|S813|+2026-06-18T00:00:00Z/11"
44740,777,set_statement,Done,,,Q140794920,"LAST|P1476|en:""Implementation of the Centroid Method for the Correction of Turbulence""|S248|Q5188229|S356|""10.5201/IPOL.2014.105""|S854|""https://api.crossref.org/works/10.5201/ipol.2014.105""|S813|+2026-06-18T00:00:00Z/11"
44740,778,set_statement,Done,,,Q140794920,"LAST|P1433|Q50815456|S248|Q5188229|S356|""10.5201/IPOL.2014.105""|S854|""https://api.crossref.org/works/10.5201/ipol.2014.105""|S813|+2026-06-18T00:00:00Z/11"
44740,779,set_statement,Done,,,Q140794920,"LAST|P577|+2014-07-31T00:00:00Z/11|S248|Q5188229|S356|""10.5201/IPOL.2014.105""|S854|""https://api.crossref.org/works/10.5201/ipol.2014.105""|S813|+2026-06-18T00:00:00Z/11"
44740,780,set_statement,Done,,,Q140794920,"LAST|P407|Q1860|S248|Q5188229|S356|""10.5201/IPOL.2014.105""|S854|""https://api.crossref.org/works/10.5201/ipol.2014.105""|S813|+2026-06-18T00:00:00Z/11"
44740,781,set_statement,Done,,,Q140794920,"LAST|P921|Q140794652|S248|Q50815456|S854|""https://doi.org/10.5201/ipol.2014.105""|S813|+2026-06-18T00:00:00Z/11"
44740,782,set_statement,Error,api_user_error,Error 422 ('patch-result-invalid-value'): Invalid value in patch result,Q140794652,"Q140794652|P1343|LAST|S248|Q50815456|S854|""https://doi.org/10.5201/ipol.2014.105""|S813|+2026-06-18T00:00:00Z/11"
44740,783,create_item,Done,,,Q140794921,CREATE
44740,784,set_label,Done,,,Q140794921,"LAST|Len|""Total Variation Deconvolution using Split Bregman"""
44740,785,set_description,Done,,,Q140794921,"LAST|Den|""scientific article published in Image Processing On Line"""
44740,786,set_statement,Done,,,Q140794921,"LAST|P31|Q18918145|S248|Q5188229|S356|""10.5201/IPOL.2012.G-TVDC""|S854|""https://api.crossref.org/works/10.5201/ipol.2012.g-tvdc""|S813|+2026-06-18T00:00:00Z/11"
44740,787,set_statement,Done,,,Q140794921,"LAST|P356|""10.5201/IPOL.2012.G-TVDC""|S248|Q5188229|S356|""10.5201/IPOL.2012.G-TVDC""|S854|""https://api.crossref.org/works/10.5201/ipol.2012.g-tvdc""|S813|+2026-06-18T00:00:00Z/11"
44740,788,set_statement,Done,,,Q140794921,"LAST|P1476|en:""Total Variation Deconvolution using Split Bregman""|S248|Q5188229|S356|""10.5201/IPOL.2012.G-TVDC""|S854|""https://api.crossref.org/works/10.5201/ipol.2012.g-tvdc""|S813|+2026-06-18T00:00:00Z/11"
44740,789,set_statement,Done,,,Q140794921,"LAST|P1433|Q50815456|S248|Q5188229|S356|""10.5201/IPOL.2012.G-TVDC""|S854|""https://api.crossref.org/works/10.5201/ipol.2012.g-tvdc""|S813|+2026-06-18T00:00:00Z/11"
44740,790,set_statement,Done,,,Q140794921,"LAST|P577|+2012-07-30T00:00:00Z/11|S248|Q5188229|S356|""10.5201/IPOL.2012.G-TVDC""|S854|""https://api.crossref.org/works/10.5201/ipol.2012.g-tvdc""|S813|+2026-06-18T00:00:00Z/11"
44740,791,set_statement,Done,,,Q140794921,"LAST|P407|Q1860|S248|Q5188229|S356|""10.5201/IPOL.2012.G-TVDC""|S854|""https://api.crossref.org/works/10.5201/ipol.2012.g-tvdc""|S813|+2026-06-18T00:00:00Z/11"
44740,792,set_statement,Done,,,Q140794921,"LAST|P921|Q140794653|S248|Q50815456|S854|""https://doi.org/10.5201/ipol.2012.g-tvdc""|S813|+2026-06-18T00:00:00Z/11"
44740,793,set_statement,Error,api_user_error,Error 422 ('patch-result-invalid-value'): Invalid value in patch result,Q140794653,"Q140794653|P1343|LAST|S248|Q50815456|S854|""https://doi.org/10.5201/ipol.2012.g-tvdc""|S813|+2026-06-18T00:00:00Z/11"
44740,794,create_item,Done,,,Q140794922,CREATE
44740,795,set_label,Done,,,Q140794922,"LAST|Len|""The Implementation of SURE Guided Piecewise Linear Image Denoising"""
44740,796,set_description,Done,,,Q140794922,"LAST|Den|""scientific article published in Image Processing On Line"""
44740,797,set_statement,Done,,,Q140794922,"LAST|P31|Q18918145|S248|Q5188229|S356|""10.5201/IPOL.2013.52""|S854|""https://api.crossref.org/works/10.5201/ipol.2013.52""|S813|+2026-06-18T00:00:00Z/11"
44740,798,set_statement,Done,,,Q140794922,"LAST|P356|""10.5201/IPOL.2013.52""|S248|Q5188229|S356|""10.5201/IPOL.2013.52""|S854|""https://api.crossref.org/works/10.5201/ipol.2013.52""|S813|+2026-06-18T00:00:00Z/11"
44740,799,set_statement,Done,,,Q140794922,"LAST|P1476|en:""The Implementation of SURE Guided Piecewise Linear Image Denoising""|S248|Q5188229|S356|""10.5201/IPOL.2013.52""|S854|""https://api.crossref.org/works/10.5201/ipol.2013.52""|S813|+2026-06-18T00:00:00Z/11"
44740,800,set_statement,Done,,,Q140794922,"LAST|P1433|Q50815456|S248|Q5188229|S356|""10.5201/IPOL.2013.52""|S854|""https://api.crossref.org/works/10.5201/ipol.2013.52""|S813|+2026-06-18T00:00:00Z/11"
44740,801,set_statement,Done,,,Q140794922,"LAST|P577|+2013-07-01T00:00:00Z/11|S248|Q5188229|S356|""10.5201/IPOL.2013.52""|S854|""https://api.crossref.org/works/10.5201/ipol.2013.52""|S813|+2026-06-18T00:00:00Z/11"
44740,802,set_statement,Done,,,Q140794922,"LAST|P407|Q1860|S248|Q5188229|S356|""10.5201/IPOL.2013.52""|S854|""https://api.crossref.org/works/10.5201/ipol.2013.52""|S813|+2026-06-18T00:00:00Z/11"
44740,803,set_statement,Done,,,Q140794922,"LAST|P921|Q140794654|S248|Q50815456|S854|""https://doi.org/10.5201/ipol.2013.52""|S813|+2026-06-18T00:00:00Z/11"
44740,804,set_statement,Error,api_user_error,Error 422 ('patch-result-invalid-value'): Invalid value in patch result,Q140794654,"Q140794654|P1343|LAST|S248|Q50815456|S854|""https://doi.org/10.5201/ipol.2013.52""|S813|+2026-06-18T00:00:00Z/11"
44740,805,create_item,Done,,,Q140794923,CREATE
44740,806,set_label,Done,,,Q140794923,"LAST|Len|""DCT Image Denoising: a Simple and Effective Image Denoising Algorithm"""
44740,807,set_description,Done,,,Q140794923,"LAST|Den|""scientific article published in Image Processing On Line"""
44740,808,set_statement,Done,,,Q140794923,"LAST|P31|Q18918145|S248|Q5188229|S356|""10.5201/IPOL.2011.YS-DCT""|S854|""https://api.crossref.org/works/10.5201/ipol.2011.ys-dct""|S813|+2026-06-18T00:00:00Z/11"
44740,809,set_statement,Done,,,Q140794923,"LAST|P356|""10.5201/IPOL.2011.YS-DCT""|S248|Q5188229|S356|""10.5201/IPOL.2011.YS-DCT""|S854|""https://api.crossref.org/works/10.5201/ipol.2011.ys-dct""|S813|+2026-06-18T00:00:00Z/11"
44740,810,set_statement,Done,,,Q140794923,"LAST|P1476|en:""DCT Image Denoising: a Simple and Effective Image Denoising Algorithm""|S248|Q5188229|S356|""10.5201/IPOL.2011.YS-DCT""|S854|""https://api.crossref.org/works/10.5201/ipol.2011.ys-dct""|S813|+2026-06-18T00:00:00Z/11"
44740,811,set_statement,Done,,,Q140794923,"LAST|P1433|Q50815456|S248|Q5188229|S356|""10.5201/IPOL.2011.YS-DCT""|S854|""https://api.crossref.org/works/10.5201/ipol.2011.ys-dct""|S813|+2026-06-18T00:00:00Z/11"
44740,812,set_statement,Done,,,Q140794923,"LAST|P577|+2011-10-24T00:00:00Z/11|S248|Q5188229|S356|""10.5201/IPOL.2011.YS-DCT""|S854|""https://api.crossref.org/works/10.5201/ipol.2011.ys-dct""|S813|+2026-06-18T00:00:00Z/11"
44740,813,set_statement,Done,,,Q140794923,"LAST|P407|Q1860|S248|Q5188229|S356|""10.5201/IPOL.2011.YS-DCT""|S854|""https://api.crossref.org/works/10.5201/ipol.2011.ys-dct""|S813|+2026-06-18T00:00:00Z/11"
44740,814,set_statement,Done,,,Q140794923,"LAST|P921|Q140794655|S248|Q50815456|S854|""https://doi.org/10.5201/ipol.2011.ys-dct""|S813|+2026-06-18T00:00:00Z/11"
44740,815,set_statement,Error,api_user_error,Error 422 ('patch-result-invalid-value'): Invalid value in patch result,Q140794655,"Q140794655|P1343|LAST|S248|Q50815456|S854|""https://doi.org/10.5201/ipol.2011.ys-dct""|S813|+2026-06-18T00:00:00Z/11"
44740,816,create_item,Done,,,Q140794924,CREATE
44740,817,set_label,Done,,,Q140794924,"LAST|Len|""Implementation of Nonlocal Pansharpening Image Fusion"""
44740,818,set_description,Done,,,Q140794924,"LAST|Den|""scientific article published in Image Processing On Line"""
44740,819,set_statement,Done,,,Q140794924,"LAST|P31|Q18918145|S248|Q5188229|S356|""10.5201/IPOL.2014.98""|S854|""https://api.crossref.org/works/10.5201/ipol.2014.98""|S813|+2026-06-18T00:00:00Z/11"
44740,820,set_statement,Done,,,Q140794924,"LAST|P356|""10.5201/IPOL.2014.98""|S248|Q5188229|S356|""10.5201/IPOL.2014.98""|S854|""https://api.crossref.org/works/10.5201/ipol.2014.98""|S813|+2026-06-18T00:00:00Z/11"
44740,821,set_statement,Done,,,Q140794924,"LAST|P1476|en:""Implementation of Nonlocal Pansharpening Image Fusion""|S248|Q5188229|S356|""10.5201/IPOL.2014.98""|S854|""https://api.crossref.org/works/10.5201/ipol.2014.98""|S813|+2026-06-18T00:00:00Z/11"
44740,822,set_statement,Done,,,Q140794924,"LAST|P1433|Q50815456|S248|Q5188229|S356|""10.5201/IPOL.2014.98""|S854|""https://api.crossref.org/works/10.5201/ipol.2014.98""|S813|+2026-06-18T00:00:00Z/11"
44740,823,set_statement,Done,,,Q140794924,"LAST|P577|+2014-02-28T00:00:00Z/11|S248|Q5188229|S356|""10.5201/IPOL.2014.98""|S854|""https://api.crossref.org/works/10.5201/ipol.2014.98""|S813|+2026-06-18T00:00:00Z/11"
44740,824,set_statement,Done,,,Q140794924,"LAST|P407|Q1860|S248|Q5188229|S356|""10.5201/IPOL.2014.98""|S854|""https://api.crossref.org/works/10.5201/ipol.2014.98""|S813|+2026-06-18T00:00:00Z/11"
44740,825,set_statement,Done,,,Q140794924,"LAST|P921|Q140794656|S248|Q50815456|S854|""https://doi.org/10.5201/ipol.2014.98""|S813|+2026-06-18T00:00:00Z/11"
44740,826,set_statement,Error,api_user_error,Error 422 ('patch-result-invalid-value'): Invalid value in patch result,Q140794656,"Q140794656|P1343|LAST|S248|Q50815456|S854|""https://doi.org/10.5201/ipol.2014.98""|S813|+2026-06-18T00:00:00Z/11"
44740,827,create_item,Done,,,Q140794925,CREATE
44740,828,set_label,Done,,,Q140794925,"LAST|Len|""Non-parametric Sub-pixel Local Point Spread Function Estimation"""
44740,829,set_description,Done,,,Q140794925,"LAST|Den|""scientific article published in Image Processing On Line"""
44740,830,set_statement,Done,,,Q140794925,"LAST|P31|Q18918145|S248|Q5188229|S356|""10.5201/IPOL.2012.ADMM-NPPSF""|S854|""https://api.crossref.org/works/10.5201/ipol.2012.admm-nppsf""|S813|+2026-06-18T00:00:00Z/11"
44740,831,set_statement,Done,,,Q140794925,"LAST|P356|""10.5201/IPOL.2012.ADMM-NPPSF""|S248|Q5188229|S356|""10.5201/IPOL.2012.ADMM-NPPSF""|S854|""https://api.crossref.org/works/10.5201/ipol.2012.admm-nppsf""|S813|+2026-06-18T00:00:00Z/11"
44740,832,set_statement,Done,,,Q140794925,"LAST|P1476|en:""Non-parametric Sub-pixel Local Point Spread Function Estimation""|S248|Q5188229|S356|""10.5201/IPOL.2012.ADMM-NPPSF""|S854|""https://api.crossref.org/works/10.5201/ipol.2012.admm-nppsf""|S813|+2026-06-18T00:00:00Z/11"
44740,833,set_statement,Done,,,Q140794925,"LAST|P1433|Q50815456|S248|Q5188229|S356|""10.5201/IPOL.2012.ADMM-NPPSF""|S854|""https://api.crossref.org/works/10.5201/ipol.2012.admm-nppsf""|S813|+2026-06-18T00:00:00Z/11"
44740,834,set_statement,Done,,,Q140794925,"LAST|P577|+2012-03-23T00:00:00Z/11|S248|Q5188229|S356|""10.5201/IPOL.2012.ADMM-NPPSF""|S854|""https://api.crossref.org/works/10.5201/ipol.2012.admm-nppsf""|S813|+2026-06-18T00:00:00Z/11"
44740,835,set_statement,Done,,,Q140794925,"LAST|P407|Q1860|S248|Q5188229|S356|""10.5201/IPOL.2012.ADMM-NPPSF""|S854|""https://api.crossref.org/works/10.5201/ipol.2012.admm-nppsf""|S813|+2026-06-18T00:00:00Z/11"
44740,836,set_statement,Done,,,Q140794925,"LAST|P921|Q140794657|S248|Q50815456|S854|""https://doi.org/10.5201/ipol.2012.admm-nppsf""|S813|+2026-06-18T00:00:00Z/11"
44740,837,set_statement,Error,api_user_error,Error 422 ('patch-result-invalid-value'): Invalid value in patch result,Q140794657,"Q140794657|P1343|LAST|S248|Q50815456|S854|""https://doi.org/10.5201/ipol.2012.admm-nppsf""|S813|+2026-06-18T00:00:00Z/11"
44740,838,create_item,Done,,,Q140794926,CREATE
44740,839,set_label,Done,,,Q140794926,"LAST|Len|""Optimization of Image B-spline Interpolation for GPU Architectures"""
44740,840,set_description,Done,,,Q140794926,"LAST|Den|""scientific article published in Image Processing On Line"""
44740,841,set_statement,Done,,,Q140794926,"LAST|P31|Q18918145|S248|Q5188229|S356|""10.5201/IPOL.2019.257""|S854|""https://api.crossref.org/works/10.5201/ipol.2019.257""|S813|+2026-06-18T00:00:00Z/11"
44740,842,set_statement,Done,,,Q140794926,"LAST|P356|""10.5201/IPOL.2019.257""|S248|Q5188229|S356|""10.5201/IPOL.2019.257""|S854|""https://api.crossref.org/works/10.5201/ipol.2019.257""|S813|+2026-06-18T00:00:00Z/11"
44740,843,set_statement,Done,,,Q140794926,"LAST|P1476|en:""Optimization of Image B-spline Interpolation for GPU Architectures""|S248|Q5188229|S356|""10.5201/IPOL.2019.257""|S854|""https://api.crossref.org/works/10.5201/ipol.2019.257""|S813|+2026-06-18T00:00:00Z/11"
44740,844,set_statement,Done,,,Q140794926,"LAST|P1433|Q50815456|S248|Q5188229|S356|""10.5201/IPOL.2019.257""|S854|""https://api.crossref.org/works/10.5201/ipol.2019.257""|S813|+2026-06-18T00:00:00Z/11"
44740,845,set_statement,Done,,,Q140794926,"LAST|P577|+2019-08-02T00:00:00Z/11|S248|Q5188229|S356|""10.5201/IPOL.2019.257""|S854|""https://api.crossref.org/works/10.5201/ipol.2019.257""|S813|+2026-06-18T00:00:00Z/11"
44740,846,set_statement,Done,,,Q140794926,"LAST|P407|Q1860|S248|Q5188229|S356|""10.5201/IPOL.2019.257""|S854|""https://api.crossref.org/works/10.5201/ipol.2019.257""|S813|+2026-06-18T00:00:00Z/11"
44740,847,set_statement,Done,,,Q140794926,"LAST|P921|Q140794658|S248|Q50815456|S854|""https://doi.org/10.5201/ipol.2019.257""|S813|+2026-06-18T00:00:00Z/11"
44740,848,set_statement,Error,api_user_error,Error 422 ('patch-result-invalid-value'): Invalid value in patch result,Q140794658,"Q140794658|P1343|LAST|S248|Q50815456|S854|""https://doi.org/10.5201/ipol.2019.257""|S813|+2026-06-18T00:00:00Z/11"
44740,849,create_item,Done,,,Q140794927,CREATE
44740,850,set_label,Done,,,Q140794927,"LAST|Len|""Blind Image Deblurring using the l0 Gradient Prior"""
44740,851,set_description,Done,,,Q140794927,"LAST|Den|""scientific article published in Image Processing On Line"""
44740,852,set_statement,Done,,,Q140794927,"LAST|P31|Q18918145|S248|Q5188229|S356|""10.5201/IPOL.2019.243""|S854|""https://api.crossref.org/works/10.5201/ipol.2019.243""|S813|+2026-06-18T00:00:00Z/11"
44740,853,set_statement,Done,,,Q140794927,"LAST|P356|""10.5201/IPOL.2019.243""|S248|Q5188229|S356|""10.5201/IPOL.2019.243""|S854|""https://api.crossref.org/works/10.5201/ipol.2019.243""|S813|+2026-06-18T00:00:00Z/11"
44740,854,set_statement,Done,,,Q140794927,"LAST|P1476|en:""Blind Image Deblurring using the l0 Gradient Prior""|S248|Q5188229|S356|""10.5201/IPOL.2019.243""|S854|""https://api.crossref.org/works/10.5201/ipol.2019.243""|S813|+2026-06-18T00:00:00Z/11"
44740,855,set_statement,Done,,,Q140794927,"LAST|P1433|Q50815456|S248|Q5188229|S356|""10.5201/IPOL.2019.243""|S854|""https://api.crossref.org/works/10.5201/ipol.2019.243""|S813|+2026-06-18T00:00:00Z/11"
44740,856,set_statement,Done,,,Q140794927,"LAST|P577|+2019-03-12T00:00:00Z/11|S248|Q5188229|S356|""10.5201/IPOL.2019.243""|S854|""https://api.crossref.org/works/10.5201/ipol.2019.243""|S813|+2026-06-18T00:00:00Z/11"
44740,857,set_statement,Done,,,Q140794927,"LAST|P407|Q1860|S248|Q5188229|S356|""10.5201/IPOL.2019.243""|S854|""https://api.crossref.org/works/10.5201/ipol.2019.243""|S813|+2026-06-18T00:00:00Z/11"
44740,858,set_statement,Done,,,Q140794927,"LAST|P921|Q140794659|S248|Q50815456|S854|""https://doi.org/10.5201/ipol.2019.243""|S813|+2026-06-18T00:00:00Z/11"
44740,859,set_statement,Error,api_user_error,Error 422 ('patch-result-invalid-value'): Invalid value in patch result,Q140794659,"Q140794659|P1343|LAST|S248|Q50815456|S854|""https://doi.org/10.5201/ipol.2019.243""|S813|+2026-06-18T00:00:00Z/11"
44740,860,create_item,Done,,,Q140794928,CREATE
44740,861,set_label,Done,,,Q140794928,"LAST|Len|""A Near-Linear Time Guaranteed Algorithm for Digital Curve"""
44740,862,set_description,Done,,,Q140794928,"LAST|Den|""scientific article published in Image Processing On Line"""
44740,863,set_statement,Done,,,Q140794928,"LAST|P31|Q18918145|S248|Q5188229|S356|""10.5201/IPOL.2014.70""|S854|""https://api.crossref.org/works/10.5201/ipol.2014.70""|S813|+2026-06-18T00:00:00Z/11"
44740,864,set_statement,Done,,,Q140794928,"LAST|P356|""10.5201/IPOL.2014.70""|S248|Q5188229|S356|""10.5201/IPOL.2014.70""|S854|""https://api.crossref.org/works/10.5201/ipol.2014.70""|S813|+2026-06-18T00:00:00Z/11"
44740,865,set_statement,Done,,,Q140794928,"LAST|P1476|en:""A Near-Linear Time Guaranteed Algorithm for Digital Curve""|S248|Q5188229|S356|""10.5201/IPOL.2014.70""|S854|""https://api.crossref.org/works/10.5201/ipol.2014.70""|S813|+2026-06-18T00:00:00Z/11"
44740,866,set_statement,Done,,,Q140794928,"LAST|P1433|Q50815456|S248|Q5188229|S356|""10.5201/IPOL.2014.70""|S854|""https://api.crossref.org/works/10.5201/ipol.2014.70""|S813|+2026-06-18T00:00:00Z/11"
44740,867,set_statement,Done,,,Q140794928,"LAST|P577|+2014-05-22T00:00:00Z/11|S248|Q5188229|S356|""10.5201/IPOL.2014.70""|S854|""https://api.crossref.org/works/10.5201/ipol.2014.70""|S813|+2026-06-18T00:00:00Z/11"
44740,868,set_statement,Done,,,Q140794928,"LAST|P407|Q1860|S248|Q5188229|S356|""10.5201/IPOL.2014.70""|S854|""https://api.crossref.org/works/10.5201/ipol.2014.70""|S813|+2026-06-18T00:00:00Z/11"
44740,869,set_statement,Done,,,Q140794928,"LAST|P921|Q140794660|S248|Q50815456|S854|""https://doi.org/10.5201/ipol.2014.70""|S813|+2026-06-18T00:00:00Z/11"
44740,870,set_statement,Error,api_user_error,Error 422 ('patch-result-invalid-value'): Invalid value in patch result,Q140794660,"Q140794660|P1343|LAST|S248|Q50815456|S854|""https://doi.org/10.5201/ipol.2014.70""|S813|+2026-06-18T00:00:00Z/11"
44740,871,create_item,Done,,,Q140794929,CREATE
44740,872,set_label,Done,,,Q140794929,"LAST|Len|""Roussos-Maragos Tensor-Driven Diffusion for Image Interpolation"""
44740,873,set_description,Done,,,Q140794929,"LAST|Den|""scientific article published in Image Processing On Line"""
44740,874,set_statement,Done,,,Q140794929,"LAST|P31|Q18918145|S248|Q5188229|S356|""10.5201/IPOL.2011.G_RMDI""|S854|""https://api.crossref.org/works/10.5201/ipol.2011.g_rmdi""|S813|+2026-06-18T00:00:00Z/11"
44740,875,set_statement,Done,,,Q140794929,"LAST|P356|""10.5201/IPOL.2011.G_RMDI""|S248|Q5188229|S356|""10.5201/IPOL.2011.G_RMDI""|S854|""https://api.crossref.org/works/10.5201/ipol.2011.g_rmdi""|S813|+2026-06-18T00:00:00Z/11"
44740,876,set_statement,Done,,,Q140794929,"LAST|P1476|en:""Roussos-Maragos Tensor-Driven Diffusion for Image Interpolation""|S248|Q5188229|S356|""10.5201/IPOL.2011.G_RMDI""|S854|""https://api.crossref.org/works/10.5201/ipol.2011.g_rmdi""|S813|+2026-06-18T00:00:00Z/11"
44740,877,set_statement,Done,,,Q140794929,"LAST|P1433|Q50815456|S248|Q5188229|S356|""10.5201/IPOL.2011.G_RMDI""|S854|""https://api.crossref.org/works/10.5201/ipol.2011.g_rmdi""|S813|+2026-06-18T00:00:00Z/11"
44740,878,set_statement,Done,,,Q140794929,"LAST|P577|+2011-09-13T00:00:00Z/11|S248|Q5188229|S356|""10.5201/IPOL.2011.G_RMDI""|S854|""https://api.crossref.org/works/10.5201/ipol.2011.g_rmdi""|S813|+2026-06-18T00:00:00Z/11"
44740,879,set_statement,Done,,,Q140794929,"LAST|P407|Q1860|S248|Q5188229|S356|""10.5201/IPOL.2011.G_RMDI""|S854|""https://api.crossref.org/works/10.5201/ipol.2011.g_rmdi""|S813|+2026-06-18T00:00:00Z/11"
44740,880,set_statement,Done,,,Q140794929,"LAST|P921|Q140794661|S248|Q50815456|S854|""https://doi.org/10.5201/ipol.2011.g_rmdi""|S813|+2026-06-18T00:00:00Z/11"
44740,881,set_statement,Error,api_user_error,Error 422 ('patch-result-invalid-value'): Invalid value in patch result,Q140794661,"Q140794661|P1343|LAST|S248|Q50815456|S854|""https://doi.org/10.5201/ipol.2011.g_rmdi""|S813|+2026-06-18T00:00:00Z/11"
44740,882,create_item,Done,,,Q140794931,CREATE
44740,883,set_label,Done,,,Q140794931,"LAST|Len|""An Analysis and Implementation of the FFDNet Image Denoising Method"""
44740,884,set_description,Done,,,Q140794931,"LAST|Den|""scientific article published in Image Processing On Line"""
44740,885,set_statement,Done,,,Q140794931,"LAST|P31|Q18918145|S248|Q5188229|S356|""10.5201/IPOL.2019.231""|S854|""https://api.crossref.org/works/10.5201/ipol.2019.231""|S813|+2026-06-18T00:00:00Z/11"
44740,886,set_statement,Done,,,Q140794931,"LAST|P356|""10.5201/IPOL.2019.231""|S248|Q5188229|S356|""10.5201/IPOL.2019.231""|S854|""https://api.crossref.org/works/10.5201/ipol.2019.231""|S813|+2026-06-18T00:00:00Z/11"
44740,887,set_statement,Done,,,Q140794931,"LAST|P1476|en:""An Analysis and Implementation of the FFDNet Image Denoising Method""|S248|Q5188229|S356|""10.5201/IPOL.2019.231""|S854|""https://api.crossref.org/works/10.5201/ipol.2019.231""|S813|+2026-06-18T00:00:00Z/11"
44740,888,set_statement,Done,,,Q140794931,"LAST|P1433|Q50815456|S248|Q5188229|S356|""10.5201/IPOL.2019.231""|S854|""https://api.crossref.org/works/10.5201/ipol.2019.231""|S813|+2026-06-18T00:00:00Z/11"
44740,889,set_statement,Done,,,Q140794931,"LAST|P577|+2019-01-06T00:00:00Z/11|S248|Q5188229|S356|""10.5201/IPOL.2019.231""|S854|""https://api.crossref.org/works/10.5201/ipol.2019.231""|S813|+2026-06-18T00:00:00Z/11"
44740,890,set_statement,Done,,,Q140794931,"LAST|P407|Q1860|S248|Q5188229|S356|""10.5201/IPOL.2019.231""|S854|""https://api.crossref.org/works/10.5201/ipol.2019.231""|S813|+2026-06-18T00:00:00Z/11"
44740,891,set_statement,Done,,,Q140794931,"LAST|P921|Q140794662|S248|Q50815456|S854|""https://doi.org/10.5201/ipol.2019.231""|S813|+2026-06-18T00:00:00Z/11"
44740,892,set_statement,Error,api_user_error,Error 422 ('patch-result-invalid-value'): Invalid value in patch result,Q140794662,"Q140794662|P1343|LAST|S248|Q50815456|S854|""https://doi.org/10.5201/ipol.2019.231""|S813|+2026-06-18T00:00:00Z/11"
44740,893,create_item,Done,,,Q140794932,CREATE
44740,894,set_label,Done,,,Q140794932,"LAST|Len|""Image Forgeries Detection through Mosaic Analysis: the Intermediate Values Algorithm"""
44740,895,set_description,Done,,,Q140794932,"LAST|Den|""scientific article published in Image Processing On Line"""
44740,896,set_statement,Done,,,Q140794932,"LAST|P31|Q18918145|S248|Q5188229|S356|""10.5201/IPOL.2021.355""|S854|""https://api.crossref.org/works/10.5201/ipol.2021.355""|S813|+2026-06-18T00:00:00Z/11"
44740,897,set_statement,Done,,,Q140794932,"LAST|P356|""10.5201/IPOL.2021.355""|S248|Q5188229|S356|""10.5201/IPOL.2021.355""|S854|""https://api.crossref.org/works/10.5201/ipol.2021.355""|S813|+2026-06-18T00:00:00Z/11"
44740,898,set_statement,Done,,,Q140794932,"LAST|P1476|en:""Image Forgeries Detection through Mosaic Analysis: the Intermediate Values Algorithm""|S248|Q5188229|S356|""10.5201/IPOL.2021.355""|S854|""https://api.crossref.org/works/10.5201/ipol.2021.355""|S813|+2026-06-18T00:00:00Z/11"
44740,899,set_statement,Done,,,Q140794932,"LAST|P1433|Q50815456|S248|Q5188229|S356|""10.5201/IPOL.2021.355""|S854|""https://api.crossref.org/works/10.5201/ipol.2021.355""|S813|+2026-06-18T00:00:00Z/11"
44740,900,set_statement,Done,,,Q140794932,"LAST|P577|+2021-10-15T00:00:00Z/11|S248|Q5188229|S356|""10.5201/IPOL.2021.355""|S854|""https://api.crossref.org/works/10.5201/ipol.2021.355""|S813|+2026-06-18T00:00:00Z/11"
44740,901,set_statement,Done,,,Q140794932,"LAST|P407|Q1860|S248|Q5188229|S356|""10.5201/IPOL.2021.355""|S854|""https://api.crossref.org/works/10.5201/ipol.2021.355""|S813|+2026-06-18T00:00:00Z/11"
44740,902,set_statement,Done,,,Q140794932,"LAST|P921|Q140794663|S248|Q50815456|S854|""https://doi.org/10.5201/ipol.2021.355""|S813|+2026-06-18T00:00:00Z/11"
44740,903,set_statement,Error,api_user_error,Error 422 ('patch-result-invalid-value'): Invalid value in patch result,Q140794663,"Q140794663|P1343|LAST|S248|Q50815456|S854|""https://doi.org/10.5201/ipol.2021.355""|S813|+2026-06-18T00:00:00Z/11"
44740,904,create_item,Done,,,Q140794933,CREATE
44740,905,set_label,Done,,,Q140794933,"LAST|Len|""Chan-Vese Segmentation"""
44740,906,set_description,Done,,,Q140794933,"LAST|Den|""scientific article published in Image Processing On Line"""
44740,907,set_statement,Done,,,Q140794933,"LAST|P31|Q18918145|S248|Q5188229|S356|""10.5201/IPOL.2012.G-CV""|S854|""https://api.crossref.org/works/10.5201/ipol.2012.g-cv""|S813|+2026-06-18T00:00:00Z/11"
44740,908,set_statement,Done,,,Q140794933,"LAST|P356|""10.5201/IPOL.2012.G-CV""|S248|Q5188229|S356|""10.5201/IPOL.2012.G-CV""|S854|""https://api.crossref.org/works/10.5201/ipol.2012.g-cv""|S813|+2026-06-18T00:00:00Z/11"
44740,909,set_statement,Done,,,Q140794933,"LAST|P1476|en:""Chan-Vese Segmentation""|S248|Q5188229|S356|""10.5201/IPOL.2012.G-CV""|S854|""https://api.crossref.org/works/10.5201/ipol.2012.g-cv""|S813|+2026-06-18T00:00:00Z/11"
44740,910,set_statement,Done,,,Q140794933,"LAST|P1433|Q50815456|S248|Q5188229|S356|""10.5201/IPOL.2012.G-CV""|S854|""https://api.crossref.org/works/10.5201/ipol.2012.g-cv""|S813|+2026-06-18T00:00:00Z/11"
44740,911,set_statement,Done,,,Q140794933,"LAST|P577|+2012-08-08T00:00:00Z/11|S248|Q5188229|S356|""10.5201/IPOL.2012.G-CV""|S854|""https://api.crossref.org/works/10.5201/ipol.2012.g-cv""|S813|+2026-06-18T00:00:00Z/11"
44740,912,set_statement,Done,,,Q140794933,"LAST|P407|Q1860|S248|Q5188229|S356|""10.5201/IPOL.2012.G-CV""|S854|""https://api.crossref.org/works/10.5201/ipol.2012.g-cv""|S813|+2026-06-18T00:00:00Z/11"
44740,913,set_statement,Done,,,Q140794933,"LAST|P921|Q140794664|S248|Q50815456|S854|""https://doi.org/10.5201/ipol.2012.g-cv""|S813|+2026-06-18T00:00:00Z/11"
44740,914,set_statement,Error,api_user_error,Error 422 ('patch-result-invalid-value'): Invalid value in patch result,Q140794664,"Q140794664|P1343|LAST|S248|Q50815456|S854|""https://doi.org/10.5201/ipol.2012.g-cv""|S813|+2026-06-18T00:00:00Z/11"
44740,915,create_item,Done,,,Q140794934,CREATE
44740,916,set_label,Done,,,Q140794934,"LAST|Len|""An Implementation of the Mean Shift Algorithm"""
44740,917,set_description,Done,,,Q140794934,"LAST|Den|""scientific article published in Image Processing On Line"""
44740,918,set_statement,Done,,,Q140794934,"LAST|P31|Q18918145|S248|Q5188229|S356|""10.5201/IPOL.2019.255""|S854|""https://api.crossref.org/works/10.5201/ipol.2019.255""|S813|+2026-06-18T00:00:00Z/11"
44740,919,set_statement,Done,,,Q140794934,"LAST|P356|""10.5201/IPOL.2019.255""|S248|Q5188229|S356|""10.5201/IPOL.2019.255""|S854|""https://api.crossref.org/works/10.5201/ipol.2019.255""|S813|+2026-06-18T00:00:00Z/11"
44740,920,set_statement,Done,,,Q140794934,"LAST|P1476|en:""An Implementation of the Mean Shift Algorithm""|S248|Q5188229|S356|""10.5201/IPOL.2019.255""|S854|""https://api.crossref.org/works/10.5201/ipol.2019.255""|S813|+2026-06-18T00:00:00Z/11"
44740,921,set_statement,Done,,,Q140794934,"LAST|P1433|Q50815456|S248|Q5188229|S356|""10.5201/IPOL.2019.255""|S854|""https://api.crossref.org/works/10.5201/ipol.2019.255""|S813|+2026-06-18T00:00:00Z/11"
44740,922,set_statement,Done,,,Q140794934,"LAST|P577|+2019-09-17T00:00:00Z/11|S248|Q5188229|S356|""10.5201/IPOL.2019.255""|S854|""https://api.crossref.org/works/10.5201/ipol.2019.255""|S813|+2026-06-18T00:00:00Z/11"
44740,923,set_statement,Done,,,Q140794934,"LAST|P407|Q1860|S248|Q5188229|S356|""10.5201/IPOL.2019.255""|S854|""https://api.crossref.org/works/10.5201/ipol.2019.255""|S813|+2026-06-18T00:00:00Z/11"
44740,924,set_statement,Done,,,Q140794934,"LAST|P921|Q140794665|S248|Q50815456|S854|""https://doi.org/10.5201/ipol.2019.255""|S813|+2026-06-18T00:00:00Z/11"
44740,925,set_statement,Error,api_user_error,Error 422 ('patch-result-invalid-value'): Invalid value in patch result,Q140794665,"Q140794665|P1343|LAST|S248|Q50815456|S854|""https://doi.org/10.5201/ipol.2019.255""|S813|+2026-06-18T00:00:00Z/11"
44740,926,create_item,Done,,,Q140794935,CREATE
44740,927,set_label,Done,,,Q140794935,"LAST|Len|""Cradle Removal in X-Ray Images of Panel Paintings"""
44740,928,set_description,Done,,,Q140794935,"LAST|Den|""scientific article published in Image Processing On Line"""
44740,929,set_statement,Done,,,Q140794935,"LAST|P31|Q18918145|S248|Q5188229|S356|""10.5201/IPOL.2017.174""|S854|""https://api.crossref.org/works/10.5201/ipol.2017.174""|S813|+2026-06-18T00:00:00Z/11"
44740,930,set_statement,Done,,,Q140794935,"LAST|P356|""10.5201/IPOL.2017.174""|S248|Q5188229|S356|""10.5201/IPOL.2017.174""|S854|""https://api.crossref.org/works/10.5201/ipol.2017.174""|S813|+2026-06-18T00:00:00Z/11"
44740,931,set_statement,Done,,,Q140794935,"LAST|P1476|en:""Cradle Removal in X-Ray Images of Panel Paintings""|S248|Q5188229|S356|""10.5201/IPOL.2017.174""|S854|""https://api.crossref.org/works/10.5201/ipol.2017.174""|S813|+2026-06-18T00:00:00Z/11"
44740,932,set_statement,Done,,,Q140794935,"LAST|P1433|Q50815456|S248|Q5188229|S356|""10.5201/IPOL.2017.174""|S854|""https://api.crossref.org/works/10.5201/ipol.2017.174""|S813|+2026-06-18T00:00:00Z/11"
44740,933,set_statement,Done,,,Q140794935,"LAST|P577|+2017-01-14T00:00:00Z/11|S248|Q5188229|S356|""10.5201/IPOL.2017.174""|S854|""https://api.crossref.org/works/10.5201/ipol.2017.174""|S813|+2026-06-18T00:00:00Z/11"
44740,934,set_statement,Done,,,Q140794935,"LAST|P407|Q1860|S248|Q5188229|S356|""10.5201/IPOL.2017.174""|S854|""https://api.crossref.org/works/10.5201/ipol.2017.174""|S813|+2026-06-18T00:00:00Z/11"
44740,935,set_statement,Done,,,Q140794935,"LAST|P921|Q140794666|S248|Q50815456|S854|""https://doi.org/10.5201/ipol.2017.174""|S813|+2026-06-18T00:00:00Z/11"
44740,936,set_statement,Error,api_user_error,Error 422 ('patch-result-invalid-value'): Invalid value in patch result,Q140794666,"Q140794666|P1343|LAST|S248|Q50815456|S854|""https://doi.org/10.5201/ipol.2017.174""|S813|+2026-06-18T00:00:00Z/11"
44740,937,create_item,Done,,,Q140794936,CREATE
44740,938,set_label,Done,,,Q140794936,"LAST|Len|""E-PLE: an Algorithm for Image Inpainting"""
44740,939,set_description,Done,,,Q140794936,"LAST|Den|""scientific article published in Image Processing On Line"""
44740,940,set_statement,Done,,,Q140794936,"LAST|P31|Q18918145|S248|Q5188229|S356|""10.5201/IPOL.2013.54""|S854|""https://api.crossref.org/works/10.5201/ipol.2013.54""|S813|+2026-06-18T00:00:00Z/11"
44740,941,set_statement,Done,,,Q140794936,"LAST|P356|""10.5201/IPOL.2013.54""|S248|Q5188229|S356|""10.5201/IPOL.2013.54""|S854|""https://api.crossref.org/works/10.5201/ipol.2013.54""|S813|+2026-06-18T00:00:00Z/11"
44740,942,set_statement,Done,,,Q140794936,"LAST|P1476|en:""E-PLE: an Algorithm for Image Inpainting""|S248|Q5188229|S356|""10.5201/IPOL.2013.54""|S854|""https://api.crossref.org/works/10.5201/ipol.2013.54""|S813|+2026-06-18T00:00:00Z/11"
44740,943,set_statement,Done,,,Q140794936,"LAST|P1433|Q50815456|S248|Q5188229|S356|""10.5201/IPOL.2013.54""|S854|""https://api.crossref.org/works/10.5201/ipol.2013.54""|S813|+2026-06-18T00:00:00Z/11"
44740,944,set_statement,Done,,,Q140794936,"LAST|P577|+2013-12-04T00:00:00Z/11|S248|Q5188229|S356|""10.5201/IPOL.2013.54""|S854|""https://api.crossref.org/works/10.5201/ipol.2013.54""|S813|+2026-06-18T00:00:00Z/11"
44740,945,set_statement,Done,,,Q140794936,"LAST|P407|Q1860|S248|Q5188229|S356|""10.5201/IPOL.2013.54""|S854|""https://api.crossref.org/works/10.5201/ipol.2013.54""|S813|+2026-06-18T00:00:00Z/11"
44740,946,set_statement,Done,,,Q140794936,"LAST|P921|Q140794668|S248|Q50815456|S854|""https://doi.org/10.5201/ipol.2013.54""|S813|+2026-06-18T00:00:00Z/11"
44740,947,set_statement,Error,api_user_error,Error 422 ('patch-result-invalid-value'): Invalid value in patch result,Q140794668,"Q140794668|P1343|LAST|S248|Q50815456|S854|""https://doi.org/10.5201/ipol.2013.54""|S813|+2026-06-18T00:00:00Z/11"
44740,948,create_item,Done,,,Q140794937,CREATE
44740,949,set_label,Done,,,Q140794937,"LAST|Len|""Automatic 1D Histogram Segmentation and Application to the Computation of Color Palettes"""
44740,950,set_description,Done,,,Q140794937,"LAST|Den|""scientific article published in Image Processing On Line"""
44740,951,set_statement,Done,,,Q140794937,"LAST|P31|Q18918145|S248|Q5188229|S356|""10.5201/IPOL.2021.344""|S854|""https://api.crossref.org/works/10.5201/ipol.2021.344""|S813|+2026-06-18T00:00:00Z/11"
44740,952,set_statement,Done,,,Q140794937,"LAST|P356|""10.5201/IPOL.2021.344""|S248|Q5188229|S356|""10.5201/IPOL.2021.344""|S854|""https://api.crossref.org/works/10.5201/ipol.2021.344""|S813|+2026-06-18T00:00:00Z/11"
44740,953,set_statement,Done,,,Q140794937,"LAST|P1476|en:""Automatic 1D Histogram Segmentation and Application to the Computation of Color Palettes""|S248|Q5188229|S356|""10.5201/IPOL.2021.344""|S854|""https://api.crossref.org/works/10.5201/ipol.2021.344""|S813|+2026-06-18T00:00:00Z/11"
44740,954,set_statement,Done,,,Q140794937,"LAST|P1433|Q50815456|S248|Q5188229|S356|""10.5201/IPOL.2021.344""|S854|""https://api.crossref.org/works/10.5201/ipol.2021.344""|S813|+2026-06-18T00:00:00Z/11"
44740,955,set_statement,Done,,,Q140794937,"LAST|P577|+2021-04-23T00:00:00Z/11|S248|Q5188229|S356|""10.5201/IPOL.2021.344""|S854|""https://api.crossref.org/works/10.5201/ipol.2021.344""|S813|+2026-06-18T00:00:00Z/11"
44740,956,set_statement,Done,,,Q140794937,"LAST|P407|Q1860|S248|Q5188229|S356|""10.5201/IPOL.2021.344""|S854|""https://api.crossref.org/works/10.5201/ipol.2021.344""|S813|+2026-06-18T00:00:00Z/11"
44740,957,set_statement,Done,,,Q140794937,"LAST|P921|Q140794669|S248|Q50815456|S854|""https://doi.org/10.5201/ipol.2021.344""|S813|+2026-06-18T00:00:00Z/11"
44740,958,set_statement,Error,api_user_error,Error 422 ('patch-result-invalid-value'): Invalid value in patch result,Q140794669,"Q140794669|P1343|LAST|S248|Q50815456|S854|""https://doi.org/10.5201/ipol.2021.344""|S813|+2026-06-18T00:00:00Z/11"
44740,959,create_item,Done,,,Q140794938,CREATE
44740,960,set_label,Done,,,Q140794938,"LAST|Len|""An Algorithmic Analysis of Variational Models for Perceptual Local Contrast Enhancement"""
44740,961,set_description,Done,,,Q140794938,"LAST|Den|""scientific article published in Image Processing On Line"""
44740,962,set_statement,Done,,,Q140794938,"LAST|P31|Q18918145|S248|Q5188229|S356|""10.5201/IPOL.2015.131""|S854|""https://api.crossref.org/works/10.5201/ipol.2015.131""|S813|+2026-06-18T00:00:00Z/11"
44740,963,set_statement,Done,,,Q140794938,"LAST|P356|""10.5201/IPOL.2015.131""|S248|Q5188229|S356|""10.5201/IPOL.2015.131""|S854|""https://api.crossref.org/works/10.5201/ipol.2015.131""|S813|+2026-06-18T00:00:00Z/11"
44740,964,set_statement,Done,,,Q140794938,"LAST|P1476|en:""An Algorithmic Analysis of Variational Models for Perceptual Local Contrast Enhancement""|S248|Q5188229|S356|""10.5201/IPOL.2015.131""|S854|""https://api.crossref.org/works/10.5201/ipol.2015.131""|S813|+2026-06-18T00:00:00Z/11"
44740,965,set_statement,Done,,,Q140794938,"LAST|P1433|Q50815456|S248|Q5188229|S356|""10.5201/IPOL.2015.131""|S854|""https://api.crossref.org/works/10.5201/ipol.2015.131""|S813|+2026-06-18T00:00:00Z/11"
44740,966,set_statement,Done,,,Q140794938,"LAST|P577|+2015-07-29T00:00:00Z/11|S248|Q5188229|S356|""10.5201/IPOL.2015.131""|S854|""https://api.crossref.org/works/10.5201/ipol.2015.131""|S813|+2026-06-18T00:00:00Z/11"
44740,967,set_statement,Done,,,Q140794938,"LAST|P407|Q1860|S248|Q5188229|S356|""10.5201/IPOL.2015.131""|S854|""https://api.crossref.org/works/10.5201/ipol.2015.131""|S813|+2026-06-18T00:00:00Z/11"
44740,968,set_statement,Done,,,Q140794938,"LAST|P921|Q140794670|S248|Q50815456|S854|""https://doi.org/10.5201/ipol.2015.131""|S813|+2026-06-18T00:00:00Z/11"
44740,969,set_statement,Error,api_user_error,Error 422 ('patch-result-invalid-value'): Invalid value in patch result,Q140794670,"Q140794670|P1343|LAST|S248|Q50815456|S854|""https://doi.org/10.5201/ipol.2015.131""|S813|+2026-06-18T00:00:00Z/11"
44740,970,create_item,Done,,,Q140794939,CREATE
44740,971,set_label,Done,,,Q140794939,"LAST|Len|""Micro-Texture Synthesis by Phase Randomization"""
44740,972,set_description,Done,,,Q140794939,"LAST|Den|""scientific article published in Image Processing On Line"""
44740,973,set_statement,Done,,,Q140794939,"LAST|P31|Q18918145|S248|Q5188229|S356|""10.5201/IPOL.2011.GGM_RPN""|S854|""https://api.crossref.org/works/10.5201/ipol.2011.ggm_rpn""|S813|+2026-06-18T00:00:00Z/11"
44740,974,set_statement,Done,,,Q140794939,"LAST|P356|""10.5201/IPOL.2011.GGM_RPN""|S248|Q5188229|S356|""10.5201/IPOL.2011.GGM_RPN""|S854|""https://api.crossref.org/works/10.5201/ipol.2011.ggm_rpn""|S813|+2026-06-18T00:00:00Z/11"
44740,975,set_statement,Done,,,Q140794939,"LAST|P1476|en:""Micro-Texture Synthesis by Phase Randomization""|S248|Q5188229|S356|""10.5201/IPOL.2011.GGM_RPN""|S854|""https://api.crossref.org/works/10.5201/ipol.2011.ggm_rpn""|S813|+2026-06-18T00:00:00Z/11"
44740,976,set_statement,Done,,,Q140794939,"LAST|P1433|Q50815456|S248|Q5188229|S356|""10.5201/IPOL.2011.GGM_RPN""|S854|""https://api.crossref.org/works/10.5201/ipol.2011.ggm_rpn""|S813|+2026-06-18T00:00:00Z/11"
44740,977,set_statement,Done,,,Q140794939,"LAST|P577|+2011-09-23T00:00:00Z/11|S248|Q5188229|S356|""10.5201/IPOL.2011.GGM_RPN""|S854|""https://api.crossref.org/works/10.5201/ipol.2011.ggm_rpn""|S813|+2026-06-18T00:00:00Z/11"
44740,978,set_statement,Done,,,Q140794939,"LAST|P407|Q1860|S248|Q5188229|S356|""10.5201/IPOL.2011.GGM_RPN""|S854|""https://api.crossref.org/works/10.5201/ipol.2011.ggm_rpn""|S813|+2026-06-18T00:00:00Z/11"
44740,979,set_statement,Done,,,Q140794939,"LAST|P921|Q140794671|S248|Q50815456|S854|""https://doi.org/10.5201/ipol.2011.ggm_rpn""|S813|+2026-06-18T00:00:00Z/11"
44740,980,set_statement,Error,api_user_error,Error 422 ('patch-result-invalid-value'): Invalid value in patch result,Q140794671,"Q140794671|P1343|LAST|S248|Q50815456|S854|""https://doi.org/10.5201/ipol.2011.ggm_rpn""|S813|+2026-06-18T00:00:00Z/11"
44740,981,create_item,Done,,,Q140794940,CREATE
44740,982,set_label,Done,,,Q140794940,"LAST|Len|""Non-uniformity Correction of Infrared Images by Midway Equalization"""
44740,983,set_description,Done,,,Q140794940,"LAST|Den|""scientific article published in Image Processing On Line"""
44740,984,set_statement,Done,,,Q140794940,"LAST|P31|Q18918145|S248|Q5188229|S356|""10.5201/IPOL.2012.GLMT-MIRE""|S854|""https://api.crossref.org/works/10.5201/ipol.2012.glmt-mire""|S813|+2026-06-18T00:00:00Z/11"
44740,985,set_statement,Done,,,Q140794940,"LAST|P356|""10.5201/IPOL.2012.GLMT-MIRE""|S248|Q5188229|S356|""10.5201/IPOL.2012.GLMT-MIRE""|S854|""https://api.crossref.org/works/10.5201/ipol.2012.glmt-mire""|S813|+2026-06-18T00:00:00Z/11"
44740,986,set_statement,Done,,,Q140794940,"LAST|P1476|en:""Non-uniformity Correction of Infrared Images by Midway Equalization""|S248|Q5188229|S356|""10.5201/IPOL.2012.GLMT-MIRE""|S854|""https://api.crossref.org/works/10.5201/ipol.2012.glmt-mire""|S813|+2026-06-18T00:00:00Z/11"
44740,987,set_statement,Done,,,Q140794940,"LAST|P1433|Q50815456|S248|Q5188229|S356|""10.5201/IPOL.2012.GLMT-MIRE""|S854|""https://api.crossref.org/works/10.5201/ipol.2012.glmt-mire""|S813|+2026-06-18T00:00:00Z/11"
44740,988,set_statement,Done,,,Q140794940,"LAST|P577|+2012-07-12T00:00:00Z/11|S248|Q5188229|S356|""10.5201/IPOL.2012.GLMT-MIRE""|S854|""https://api.crossref.org/works/10.5201/ipol.2012.glmt-mire""|S813|+2026-06-18T00:00:00Z/11"
44740,989,set_statement,Done,,,Q140794940,"LAST|P407|Q1860|S248|Q5188229|S356|""10.5201/IPOL.2012.GLMT-MIRE""|S854|""https://api.crossref.org/works/10.5201/ipol.2012.glmt-mire""|S813|+2026-06-18T00:00:00Z/11"
44740,990,set_statement,Done,,,Q140794940,"LAST|P921|Q140794672|S248|Q50815456|S854|""https://doi.org/10.5201/ipol.2012.glmt-mire""|S813|+2026-06-18T00:00:00Z/11"
44740,991,set_statement,Error,api_user_error,Error 422 ('patch-result-invalid-value'): Invalid value in patch result,Q140794672,"Q140794672|P1343|LAST|S248|Q50815456|S854|""https://doi.org/10.5201/ipol.2012.glmt-mire""|S813|+2026-06-18T00:00:00Z/11"
44740,992,create_item,Done,,,Q140794941,CREATE
44740,993,set_label,Done,,,Q140794941,"LAST|Len|""Extraction of Connected Region Boundary in Multidimensional Images"""
44740,994,set_description,Done,,,Q140794941,"LAST|Den|""scientific article published in Image Processing On Line"""
44740,995,set_statement,Done,,,Q140794941,"LAST|P31|Q18918145|S248|Q5188229|S356|""10.5201/IPOL.2014.74""|S854|""https://api.crossref.org/works/10.5201/ipol.2014.74""|S813|+2026-06-18T00:00:00Z/11"
44740,996,set_statement,Done,,,Q140794941,"LAST|P356|""10.5201/IPOL.2014.74""|S248|Q5188229|S356|""10.5201/IPOL.2014.74""|S854|""https://api.crossref.org/works/10.5201/ipol.2014.74""|S813|+2026-06-18T00:00:00Z/11"
44740,997,set_statement,Done,,,Q140794941,"LAST|P1476|en:""Extraction of Connected Region Boundary in Multidimensional Images""|S248|Q5188229|S356|""10.5201/IPOL.2014.74""|S854|""https://api.crossref.org/works/10.5201/ipol.2014.74""|S813|+2026-06-18T00:00:00Z/11"
44740,998,set_statement,Done,,,Q140794941,"LAST|P1433|Q50815456|S248|Q5188229|S356|""10.5201/IPOL.2014.74""|S854|""https://api.crossref.org/works/10.5201/ipol.2014.74""|S813|+2026-06-18T00:00:00Z/11"
44740,999,set_statement,Done,,,Q140794941,"LAST|P577|+2014-03-26T00:00:00Z/11|S248|Q5188229|S356|""10.5201/IPOL.2014.74""|S854|""https://api.crossref.org/works/10.5201/ipol.2014.74""|S813|+2026-06-18T00:00:00Z/11"
44740,1000,set_statement,Done,,,Q140794941,"LAST|P407|Q1860|S248|Q5188229|S356|""10.5201/IPOL.2014.74""|S854|""https://api.crossref.org/works/10.5201/ipol.2014.74""|S813|+2026-06-18T00:00:00Z/11"
44740,1001,set_statement,Done,,,Q140794941,"LAST|P921|Q140794673|S248|Q50815456|S854|""https://doi.org/10.5201/ipol.2014.74""|S813|+2026-06-18T00:00:00Z/11"
44740,1002,set_statement,Error,api_user_error,Error 422 ('patch-result-invalid-value'): Invalid value in patch result,Q140794673,"Q140794673|P1343|LAST|S248|Q50815456|S854|""https://doi.org/10.5201/ipol.2014.74""|S813|+2026-06-18T00:00:00Z/11"
44740,1003,create_item,Done,,,Q140794942,CREATE
44740,1004,set_label,Done,,,Q140794942,"LAST|Len|""A Parallel, O(n) Algorithm for an Unbiased, Thin Watershed"""
44740,1005,set_description,Done,,,Q140794942,"LAST|Den|""scientific article published in Image Processing On Line"""
44740,1006,set_statement,Done,,,Q140794942,"LAST|P31|Q18918145|S248|Q5188229|S356|""10.5201/IPOL.2022.215""|S854|""https://api.crossref.org/works/10.5201/ipol.2022.215""|S813|+2026-06-18T00:00:00Z/11"
44740,1007,set_statement,Done,,,Q140794942,"LAST|P356|""10.5201/IPOL.2022.215""|S248|Q5188229|S356|""10.5201/IPOL.2022.215""|S854|""https://api.crossref.org/works/10.5201/ipol.2022.215""|S813|+2026-06-18T00:00:00Z/11"
44740,1008,set_statement,Done,,,Q140794942,"LAST|P1476|en:""A Parallel, O(n) Algorithm for an Unbiased, Thin Watershed""|S248|Q5188229|S356|""10.5201/IPOL.2022.215""|S854|""https://api.crossref.org/works/10.5201/ipol.2022.215""|S813|+2026-06-18T00:00:00Z/11"
44740,1009,set_statement,Done,,,Q140794942,"LAST|P1433|Q50815456|S248|Q5188229|S356|""10.5201/IPOL.2022.215""|S854|""https://api.crossref.org/works/10.5201/ipol.2022.215""|S813|+2026-06-18T00:00:00Z/11"
44740,1010,set_statement,Done,,,Q140794942,"LAST|P577|+2022-04-08T00:00:00Z/11|S248|Q5188229|S356|""10.5201/IPOL.2022.215""|S854|""https://api.crossref.org/works/10.5201/ipol.2022.215""|S813|+2026-06-18T00:00:00Z/11"
44740,1011,set_statement,Done,,,Q140794942,"LAST|P407|Q1860|S248|Q5188229|S356|""10.5201/IPOL.2022.215""|S854|""https://api.crossref.org/works/10.5201/ipol.2022.215""|S813|+2026-06-18T00:00:00Z/11"
44740,1012,set_statement,Done,,,Q140794942,"LAST|P921|Q140794674|S248|Q50815456|S854|""https://doi.org/10.5201/ipol.2022.215""|S813|+2026-06-18T00:00:00Z/11"
44740,1013,set_statement,Error,api_user_error,Error 422 ('patch-result-invalid-value'): Invalid value in patch result,Q140794674,"Q140794674|P1343|LAST|S248|Q50815456|S854|""https://doi.org/10.5201/ipol.2022.215""|S813|+2026-06-18T00:00:00Z/11"
44740,1014,create_item,Done,,,Q140794943,CREATE
44740,1015,set_label,Done,,,Q140794943,"LAST|Len|""Mao-Gilles Algorithm for Turbulence Stabilization"""
44740,1016,set_description,Done,,,Q140794943,"LAST|Den|""scientific article published in Image Processing On Line"""
44740,1017,set_statement,Done,,,Q140794943,"LAST|P31|Q18918145|S248|Q5188229|S356|""10.5201/IPOL.2013.46""|S854|""https://api.crossref.org/works/10.5201/ipol.2013.46""|S813|+2026-06-18T00:00:00Z/11"
44740,1018,set_statement,Done,,,Q140794943,"LAST|P356|""10.5201/IPOL.2013.46""|S248|Q5188229|S356|""10.5201/IPOL.2013.46""|S854|""https://api.crossref.org/works/10.5201/ipol.2013.46""|S813|+2026-06-18T00:00:00Z/11"
44740,1019,set_statement,Done,,,Q140794943,"LAST|P1476|en:""Mao-Gilles Algorithm for Turbulence Stabilization""|S248|Q5188229|S356|""10.5201/IPOL.2013.46""|S854|""https://api.crossref.org/works/10.5201/ipol.2013.46""|S813|+2026-06-18T00:00:00Z/11"
44740,1020,set_statement,Done,,,Q140794943,"LAST|P1433|Q50815456|S248|Q5188229|S356|""10.5201/IPOL.2013.46""|S854|""https://api.crossref.org/works/10.5201/ipol.2013.46""|S813|+2026-06-18T00:00:00Z/11"
44740,1021,set_statement,Done,,,Q140794943,"LAST|P577|+2013-07-19T00:00:00Z/11|S248|Q5188229|S356|""10.5201/IPOL.2013.46""|S854|""https://api.crossref.org/works/10.5201/ipol.2013.46""|S813|+2026-06-18T00:00:00Z/11"
44740,1022,set_statement,Done,,,Q140794943,"LAST|P407|Q1860|S248|Q5188229|S356|""10.5201/IPOL.2013.46""|S854|""https://api.crossref.org/works/10.5201/ipol.2013.46""|S813|+2026-06-18T00:00:00Z/11"
44740,1023,set_statement,Done,,,Q140794943,"LAST|P921|Q140794675|S248|Q50815456|S854|""https://doi.org/10.5201/ipol.2013.46""|S813|+2026-06-18T00:00:00Z/11"
44740,1024,set_statement,Error,api_user_error,Error 422 ('patch-result-invalid-value'): Invalid value in patch result,Q140794675,"Q140794675|P1343|LAST|S248|Q50815456|S854|""https://doi.org/10.5201/ipol.2013.46""|S813|+2026-06-18T00:00:00Z/11"
44740,1025,create_item,Done,,,Q140794944,CREATE
44740,1026,set_label,Done,,,Q140794944,"LAST|Len|""Automatic Detection and Removal of Impulsive Noise in Audio Signals"""
44740,1027,set_description,Done,,,Q140794944,"LAST|Den|""scientific article published in Image Processing On Line"""
44740,1028,set_statement,Done,,,Q140794944,"LAST|P31|Q18918145|S248|Q5188229|S356|""10.5201/IPOL.2015.64""|S854|""https://api.crossref.org/works/10.5201/ipol.2015.64""|S813|+2026-06-18T00:00:00Z/11"
44740,1029,set_statement,Done,,,Q140794944,"LAST|P356|""10.5201/IPOL.2015.64""|S248|Q5188229|S356|""10.5201/IPOL.2015.64""|S854|""https://api.crossref.org/works/10.5201/ipol.2015.64""|S813|+2026-06-18T00:00:00Z/11"
44740,1030,set_statement,Done,,,Q140794944,"LAST|P1476|en:""Automatic Detection and Removal of Impulsive Noise in Audio Signals""|S248|Q5188229|S356|""10.5201/IPOL.2015.64""|S854|""https://api.crossref.org/works/10.5201/ipol.2015.64""|S813|+2026-06-18T00:00:00Z/11"
44740,1031,set_statement,Done,,,Q140794944,"LAST|P1433|Q50815456|S248|Q5188229|S356|""10.5201/IPOL.2015.64""|S854|""https://api.crossref.org/works/10.5201/ipol.2015.64""|S813|+2026-06-18T00:00:00Z/11"
44740,1032,set_statement,Done,,,Q140794944,"LAST|P577|+2015-11-21T00:00:00Z/11|S248|Q5188229|S356|""10.5201/IPOL.2015.64""|S854|""https://api.crossref.org/works/10.5201/ipol.2015.64""|S813|+2026-06-18T00:00:00Z/11"
44740,1033,set_statement,Done,,,Q140794944,"LAST|P407|Q1860|S248|Q5188229|S356|""10.5201/IPOL.2015.64""|S854|""https://api.crossref.org/works/10.5201/ipol.2015.64""|S813|+2026-06-18T00:00:00Z/11"
44740,1034,set_statement,Done,,,Q140794944,"LAST|P921|Q140794677|S248|Q50815456|S854|""https://doi.org/10.5201/ipol.2015.64""|S813|+2026-06-18T00:00:00Z/11"
44740,1035,set_statement,Error,api_user_error,Error 422 ('patch-result-invalid-value'): Invalid value in patch result,Q140794677,"Q140794677|P1343|LAST|S248|Q50815456|S854|""https://doi.org/10.5201/ipol.2015.64""|S813|+2026-06-18T00:00:00Z/11"
44740,1036,create_item,Done,,,Q140794945,CREATE
44740,1037,set_label,Done,,,Q140794945,"LAST|Len|""An Analysis and Implementation of the HDR+ Burst Denoising Method"""
44740,1038,set_description,Done,,,Q140794945,"LAST|Den|""scientific article published in Image Processing On Line"""
44740,1039,set_statement,Done,,,Q140794945,"LAST|P31|Q18918145|S248|Q5188229|S356|""10.5201/IPOL.2021.336""|S854|""https://api.crossref.org/works/10.5201/ipol.2021.336""|S813|+2026-06-18T00:00:00Z/11"
44740,1040,set_statement,Done,,,Q140794945,"LAST|P356|""10.5201/IPOL.2021.336""|S248|Q5188229|S356|""10.5201/IPOL.2021.336""|S854|""https://api.crossref.org/works/10.5201/ipol.2021.336""|S813|+2026-06-18T00:00:00Z/11"
44740,1041,set_statement,Done,,,Q140794945,"LAST|P1476|en:""An Analysis and Implementation of the HDR+ Burst Denoising Method""|S248|Q5188229|S356|""10.5201/IPOL.2021.336""|S854|""https://api.crossref.org/works/10.5201/ipol.2021.336""|S813|+2026-06-18T00:00:00Z/11"
44740,1042,set_statement,Done,,,Q140794945,"LAST|P1433|Q50815456|S248|Q5188229|S356|""10.5201/IPOL.2021.336""|S854|""https://api.crossref.org/works/10.5201/ipol.2021.336""|S813|+2026-06-18T00:00:00Z/11"
44740,1043,set_statement,Done,,,Q140794945,"LAST|P577|+2021-05-25T00:00:00Z/11|S248|Q5188229|S356|""10.5201/IPOL.2021.336""|S854|""https://api.crossref.org/works/10.5201/ipol.2021.336""|S813|+2026-06-18T00:00:00Z/11"
44740,1044,set_statement,Done,,,Q140794945,"LAST|P407|Q1860|S248|Q5188229|S356|""10.5201/IPOL.2021.336""|S854|""https://api.crossref.org/works/10.5201/ipol.2021.336""|S813|+2026-06-18T00:00:00Z/11"
44740,1045,set_statement,Done,,,Q140794945,"LAST|P921|Q140794678|S248|Q50815456|S854|""https://doi.org/10.5201/ipol.2021.336""|S813|+2026-06-18T00:00:00Z/11"
44740,1046,set_statement,Error,api_user_error,Error 422 ('patch-result-invalid-value'): Invalid value in patch result,Q140794678,"Q140794678|P1343|LAST|S248|Q50815456|S854|""https://doi.org/10.5201/ipol.2021.336""|S813|+2026-06-18T00:00:00Z/11"
44740,1047,create_item,Done,,,Q140794946,CREATE
44740,1048,set_label,Done,,,Q140794946,"LAST|Len|""A Line Search Multilevel Truncated Newton Algorithm for Computing the Optical Flow"""
44740,1049,set_description,Done,,,Q140794946,"LAST|Den|""scientific article published in Image Processing On Line"""
44740,1050,set_statement,Done,,,Q140794946,"LAST|P31|Q18918145|S248|Q5188229|S356|""10.5201/IPOL.2015.112""|S854|""https://api.crossref.org/works/10.5201/ipol.2015.112""|S813|+2026-06-18T00:00:00Z/11"
44740,1051,set_statement,Done,,,Q140794946,"LAST|P356|""10.5201/IPOL.2015.112""|S248|Q5188229|S356|""10.5201/IPOL.2015.112""|S854|""https://api.crossref.org/works/10.5201/ipol.2015.112""|S813|+2026-06-18T00:00:00Z/11"
44740,1052,set_statement,Done,,,Q140794946,"LAST|P1476|en:""A Line Search Multilevel Truncated Newton Algorithm for Computing the Optical Flow""|S248|Q5188229|S356|""10.5201/IPOL.2015.112""|S854|""https://api.crossref.org/works/10.5201/ipol.2015.112""|S813|+2026-06-18T00:00:00Z/11"
44740,1053,set_statement,Done,,,Q140794946,"LAST|P1433|Q50815456|S248|Q5188229|S356|""10.5201/IPOL.2015.112""|S854|""https://api.crossref.org/works/10.5201/ipol.2015.112""|S813|+2026-06-18T00:00:00Z/11"
44740,1054,set_statement,Done,,,Q140794946,"LAST|P577|+2015-06-19T00:00:00Z/11|S248|Q5188229|S356|""10.5201/IPOL.2015.112""|S854|""https://api.crossref.org/works/10.5201/ipol.2015.112""|S813|+2026-06-18T00:00:00Z/11"
44740,1055,set_statement,Done,,,Q140794946,"LAST|P407|Q1860|S248|Q5188229|S356|""10.5201/IPOL.2015.112""|S854|""https://api.crossref.org/works/10.5201/ipol.2015.112""|S813|+2026-06-18T00:00:00Z/11"
44740,1056,set_statement,Done,,,Q140794946,"LAST|P921|Q140794679|S248|Q50815456|S854|""https://doi.org/10.5201/ipol.2015.112""|S813|+2026-06-18T00:00:00Z/11"
44740,1057,set_statement,Error,api_user_error,Error 422 ('patch-result-invalid-value'): Invalid value in patch result,Q140794679,"Q140794679|P1343|LAST|S248|Q50815456|S854|""https://doi.org/10.5201/ipol.2015.112""|S813|+2026-06-18T00:00:00Z/11"
44740,1058,create_item,Done,,,Q140794947,CREATE
44740,1059,set_label,Done,,,Q140794947,"LAST|Len|""Accelerating Monte Carlo Renderers by Ray Histogram Fusion"""
44740,1060,set_description,Done,,,Q140794947,"LAST|Den|""scientific article published in Image Processing On Line"""
44740,1061,set_statement,Done,,,Q140794947,"LAST|P31|Q18918145|S248|Q5188229|S356|""10.5201/IPOL.2015.119""|S854|""https://api.crossref.org/works/10.5201/ipol.2015.119""|S813|+2026-06-18T00:00:00Z/11"
44740,1062,set_statement,Done,,,Q140794947,"LAST|P356|""10.5201/IPOL.2015.119""|S248|Q5188229|S356|""10.5201/IPOL.2015.119""|S854|""https://api.crossref.org/works/10.5201/ipol.2015.119""|S813|+2026-06-18T00:00:00Z/11"
44740,1063,set_statement,Done,,,Q140794947,"LAST|P1476|en:""Accelerating Monte Carlo Renderers by Ray Histogram Fusion""|S248|Q5188229|S356|""10.5201/IPOL.2015.119""|S854|""https://api.crossref.org/works/10.5201/ipol.2015.119""|S813|+2026-06-18T00:00:00Z/11"
44740,1064,set_statement,Done,,,Q140794947,"LAST|P1433|Q50815456|S248|Q5188229|S356|""10.5201/IPOL.2015.119""|S854|""https://api.crossref.org/works/10.5201/ipol.2015.119""|S813|+2026-06-18T00:00:00Z/11"
44740,1065,set_statement,Done,,,Q140794947,"LAST|P577|+2015-03-11T00:00:00Z/11|S248|Q5188229|S356|""10.5201/IPOL.2015.119""|S854|""https://api.crossref.org/works/10.5201/ipol.2015.119""|S813|+2026-06-18T00:00:00Z/11"
44740,1066,set_statement,Done,,,Q140794947,"LAST|P407|Q1860|S248|Q5188229|S356|""10.5201/IPOL.2015.119""|S854|""https://api.crossref.org/works/10.5201/ipol.2015.119""|S813|+2026-06-18T00:00:00Z/11"
44740,1067,set_statement,Done,,,Q140794947,"LAST|P921|Q140794681|S248|Q50815456|S854|""https://doi.org/10.5201/ipol.2015.119""|S813|+2026-06-18T00:00:00Z/11"
44740,1068,set_statement,Error,api_user_error,Error 422 ('patch-result-invalid-value'): Invalid value in patch result,Q140794681,"Q140794681|P1343|LAST|S248|Q50815456|S854|""https://doi.org/10.5201/ipol.2015.119""|S813|+2026-06-18T00:00:00Z/11"
44740,1069,create_item,Done,,,Q140794948,CREATE
44740,1070,set_label,Done,,,Q140794948,"LAST|Len|""The Flutter Shutter Code Calculator"""
44740,1071,set_description,Done,,,Q140794948,"LAST|Den|""scientific article published in Image Processing On Line"""
44740,1072,set_statement,Done,,,Q140794948,"LAST|P31|Q18918145|S248|Q5188229|S356|""10.5201/IPOL.2015.108""|S854|""https://api.crossref.org/works/10.5201/ipol.2015.108""|S813|+2026-06-18T00:00:00Z/11"
44740,1073,set_statement,Done,,,Q140794948,"LAST|P356|""10.5201/IPOL.2015.108""|S248|Q5188229|S356|""10.5201/IPOL.2015.108""|S854|""https://api.crossref.org/works/10.5201/ipol.2015.108""|S813|+2026-06-18T00:00:00Z/11"
44740,1074,set_statement,Done,,,Q140794948,"LAST|P1476|en:""The Flutter Shutter Code Calculator""|S248|Q5188229|S356|""10.5201/IPOL.2015.108""|S854|""https://api.crossref.org/works/10.5201/ipol.2015.108""|S813|+2026-06-18T00:00:00Z/11"
44740,1075,set_statement,Done,,,Q140794948,"LAST|P1433|Q50815456|S248|Q5188229|S356|""10.5201/IPOL.2015.108""|S854|""https://api.crossref.org/works/10.5201/ipol.2015.108""|S813|+2026-06-18T00:00:00Z/11"
44740,1076,set_statement,Done,,,Q140794948,"LAST|P577|+2015-08-19T00:00:00Z/11|S248|Q5188229|S356|""10.5201/IPOL.2015.108""|S854|""https://api.crossref.org/works/10.5201/ipol.2015.108""|S813|+2026-06-18T00:00:00Z/11"
44740,1077,set_statement,Done,,,Q140794948,"LAST|P407|Q1860|S248|Q5188229|S356|""10.5201/IPOL.2015.108""|S854|""https://api.crossref.org/works/10.5201/ipol.2015.108""|S813|+2026-06-18T00:00:00Z/11"
44740,1078,set_statement,Done,,,Q140794948,"LAST|P921|Q140794682|S248|Q50815456|S854|""https://doi.org/10.5201/ipol.2015.108""|S813|+2026-06-18T00:00:00Z/11"
44740,1079,set_statement,Error,api_user_error,Error 422 ('patch-result-invalid-value'): Invalid value in patch result,Q140794682,"Q140794682|P1343|LAST|S248|Q50815456|S854|""https://doi.org/10.5201/ipol.2015.108""|S813|+2026-06-18T00:00:00Z/11"
44740,1080,create_item,Done,,,Q140794950,CREATE
44740,1081,set_label,Done,,,Q140794950,"LAST|Len|""An Affine Invariant Patch Similarity"""
44740,1082,set_description,Done,,,Q140794950,"LAST|Den|""scientific article published in Image Processing On Line"""
44740,1083,set_statement,Done,,,Q140794950,"LAST|P31|Q18918145|S248|Q5188229|S356|""10.5201/IPOL.2018.202""|S854|""https://api.crossref.org/works/10.5201/ipol.2018.202""|S813|+2026-06-18T00:00:00Z/11"
44740,1084,set_statement,Done,,,Q140794950,"LAST|P356|""10.5201/IPOL.2018.202""|S248|Q5188229|S356|""10.5201/IPOL.2018.202""|S854|""https://api.crossref.org/works/10.5201/ipol.2018.202""|S813|+2026-06-18T00:00:00Z/11"
44740,1085,set_statement,Done,,,Q140794950,"LAST|P1476|en:""An Affine Invariant Patch Similarity""|S248|Q5188229|S356|""10.5201/IPOL.2018.202""|S854|""https://api.crossref.org/works/10.5201/ipol.2018.202""|S813|+2026-06-18T00:00:00Z/11"
44740,1086,set_statement,Done,,,Q140794950,"LAST|P1433|Q50815456|S248|Q5188229|S356|""10.5201/IPOL.2018.202""|S854|""https://api.crossref.org/works/10.5201/ipol.2018.202""|S813|+2026-06-18T00:00:00Z/11"
44740,1087,set_statement,Done,,,Q140794950,"LAST|P577|+2018-12-24T00:00:00Z/11|S248|Q5188229|S356|""10.5201/IPOL.2018.202""|S854|""https://api.crossref.org/works/10.5201/ipol.2018.202""|S813|+2026-06-18T00:00:00Z/11"
44740,1088,set_statement,Done,,,Q140794950,"LAST|P407|Q1860|S248|Q5188229|S356|""10.5201/IPOL.2018.202""|S854|""https://api.crossref.org/works/10.5201/ipol.2018.202""|S813|+2026-06-18T00:00:00Z/11"
44740,1089,set_statement,Done,,,Q140794950,"LAST|P921|Q140794683|S248|Q50815456|S854|""https://doi.org/10.5201/ipol.2018.202""|S813|+2026-06-18T00:00:00Z/11"
44740,1090,set_statement,Error,api_user_error,Error 422 ('patch-result-invalid-value'): Invalid value in patch result,Q140794683,"Q140794683|P1343|LAST|S248|Q50815456|S854|""https://doi.org/10.5201/ipol.2018.202""|S813|+2026-06-18T00:00:00Z/11"
44740,1091,create_item,Done,,,Q140794951,CREATE
44740,1092,set_label,Done,,,Q140794951,"LAST|Len|""Image Interpolation with Geometric Contour Stencils"""
44740,1093,set_description,Done,,,Q140794951,"LAST|Den|""scientific article published in Image Processing On Line (10.5201/ipol.2011.g_igcs)"""
44740,1094,set_statement,Done,,,Q140794951,"LAST|P31|Q18918145|S248|Q5188229|S356|""10.5201/IPOL.2011.G_IGCS""|S854|""https://api.crossref.org/works/10.5201/ipol.2011.g_igcs""|S813|+2026-06-18T00:00:00Z/11"
44740,1095,set_statement,Done,,,Q140794951,"LAST|P356|""10.5201/IPOL.2011.G_IGCS""|S248|Q5188229|S356|""10.5201/IPOL.2011.G_IGCS""|S854|""https://api.crossref.org/works/10.5201/ipol.2011.g_igcs""|S813|+2026-06-18T00:00:00Z/11"
44740,1096,set_statement,Done,,,Q140794951,"LAST|P1476|en:""Image Interpolation with Geometric Contour Stencils""|S248|Q5188229|S356|""10.5201/IPOL.2011.G_IGCS""|S854|""https://api.crossref.org/works/10.5201/ipol.2011.g_igcs""|S813|+2026-06-18T00:00:00Z/11"
44740,1097,set_statement,Done,,,Q140794951,"LAST|P1433|Q50815456|S248|Q5188229|S356|""10.5201/IPOL.2011.G_IGCS""|S854|""https://api.crossref.org/works/10.5201/ipol.2011.g_igcs""|S813|+2026-06-18T00:00:00Z/11"
44740,1098,set_statement,Done,,,Q140794951,"LAST|P577|+2011-09-01T00:00:00Z/11|S248|Q5188229|S356|""10.5201/IPOL.2011.G_IGCS""|S854|""https://api.crossref.org/works/10.5201/ipol.2011.g_igcs""|S813|+2026-06-18T00:00:00Z/11"
44740,1099,set_statement,Done,,,Q140794951,"LAST|P407|Q1860|S248|Q5188229|S356|""10.5201/IPOL.2011.G_IGCS""|S854|""https://api.crossref.org/works/10.5201/ipol.2011.g_igcs""|S813|+2026-06-18T00:00:00Z/11"
44740,1100,set_statement,Done,,,Q140794951,"LAST|P921|Q140794684|S248|Q50815456|S854|""https://doi.org/10.5201/ipol.2011.g_igcs""|S813|+2026-06-18T00:00:00Z/11"
44740,1101,set_statement,Error,api_user_error,Error 422 ('patch-result-invalid-value'): Invalid value in patch result,Q140794684,"Q140794684|P1343|LAST|S248|Q50815456|S854|""https://doi.org/10.5201/ipol.2011.g_igcs""|S813|+2026-06-18T00:00:00Z/11"
44740,1102,create_item,Done,,,Q140794952,CREATE
44740,1103,set_label,Done,,,Q140794952,"LAST|Len|""A Finite Difference Scheme for the Stack Filter Simulating the MCM"""
44740,1104,set_description,Done,,,Q140794952,"LAST|Den|""scientific article published in Image Processing On Line"""
44740,1105,set_statement,Done,,,Q140794952,"LAST|P31|Q18918145|S248|Q5188229|S356|""10.5201/IPOL.2013.53""|S854|""https://api.crossref.org/works/10.5201/ipol.2013.53""|S813|+2026-06-18T00:00:00Z/11"
44740,1106,set_statement,Done,,,Q140794952,"LAST|P356|""10.5201/IPOL.2013.53""|S248|Q5188229|S356|""10.5201/IPOL.2013.53""|S854|""https://api.crossref.org/works/10.5201/ipol.2013.53""|S813|+2026-06-18T00:00:00Z/11"
44740,1107,set_statement,Done,,,Q140794952,"LAST|P1476|en:""A Finite Difference Scheme for the Stack Filter Simulating the MCM""|S248|Q5188229|S356|""10.5201/IPOL.2013.53""|S854|""https://api.crossref.org/works/10.5201/ipol.2013.53""|S813|+2026-06-18T00:00:00Z/11"
44740,1108,set_statement,Done,,,Q140794952,"LAST|P1433|Q50815456|S248|Q5188229|S356|""10.5201/IPOL.2013.53""|S854|""https://api.crossref.org/works/10.5201/ipol.2013.53""|S813|+2026-06-18T00:00:00Z/11"
44740,1109,set_statement,Done,,,Q140794952,"LAST|P577|+2013-07-11T00:00:00Z/11|S248|Q5188229|S356|""10.5201/IPOL.2013.53""|S854|""https://api.crossref.org/works/10.5201/ipol.2013.53""|S813|+2026-06-18T00:00:00Z/11"
44740,1110,set_statement,Done,,,Q140794952,"LAST|P407|Q1860|S248|Q5188229|S356|""10.5201/IPOL.2013.53""|S854|""https://api.crossref.org/works/10.5201/ipol.2013.53""|S813|+2026-06-18T00:00:00Z/11"
44740,1111,set_statement,Done,,,Q140794952,"LAST|P921|Q140794685|S248|Q50815456|S854|""https://doi.org/10.5201/ipol.2013.53""|S813|+2026-06-18T00:00:00Z/11"
44740,1112,set_statement,Error,api_user_error,Error 422 ('patch-result-invalid-value'): Invalid value in patch result,Q140794685,"Q140794685|P1343|LAST|S248|Q50815456|S854|""https://doi.org/10.5201/ipol.2013.53""|S813|+2026-06-18T00:00:00Z/11"
44740,1113,create_item,Done,,,Q140794953,CREATE
44740,1114,set_label,Done,,,Q140794953,"LAST|Len|""Image Inpainting using Patch Consensus and DCT Priors"""
44740,1115,set_description,Done,,,Q140794953,"LAST|Den|""scientific article published in Image Processing On Line"""
44740,1116,set_statement,Done,,,Q140794953,"LAST|P31|Q18918145|S248|Q5188229|S356|""10.5201/IPOL.2021.286""|S854|""https://api.crossref.org/works/10.5201/ipol.2021.286""|S813|+2026-06-18T00:00:00Z/11"
44740,1117,set_statement,Done,,,Q140794953,"LAST|P356|""10.5201/IPOL.2021.286""|S248|Q5188229|S356|""10.5201/IPOL.2021.286""|S854|""https://api.crossref.org/works/10.5201/ipol.2021.286""|S813|+2026-06-18T00:00:00Z/11"
44740,1118,set_statement,Done,,,Q140794953,"LAST|P1476|en:""Image Inpainting using Patch Consensus and DCT Priors""|S248|Q5188229|S356|""10.5201/IPOL.2021.286""|S854|""https://api.crossref.org/works/10.5201/ipol.2021.286""|S813|+2026-06-18T00:00:00Z/11"
44740,1119,set_statement,Done,,,Q140794953,"LAST|P1433|Q50815456|S248|Q5188229|S356|""10.5201/IPOL.2021.286""|S854|""https://api.crossref.org/works/10.5201/ipol.2021.286""|S813|+2026-06-18T00:00:00Z/11"
44740,1120,set_statement,Done,,,Q140794953,"LAST|P577|+2021-01-09T00:00:00Z/11|S248|Q5188229|S356|""10.5201/IPOL.2021.286""|S854|""https://api.crossref.org/works/10.5201/ipol.2021.286""|S813|+2026-06-18T00:00:00Z/11"
44740,1121,set_statement,Done,,,Q140794953,"LAST|P407|Q1860|S248|Q5188229|S356|""10.5201/IPOL.2021.286""|S854|""https://api.crossref.org/works/10.5201/ipol.2021.286""|S813|+2026-06-18T00:00:00Z/11"
44740,1122,set_statement,Done,,,Q140794953,"LAST|P921|Q140794686|S248|Q50815456|S854|""https://doi.org/10.5201/ipol.2021.286""|S813|+2026-06-18T00:00:00Z/11"
44740,1123,set_statement,Error,api_user_error,Error 422 ('patch-result-invalid-value'): Invalid value in patch result,Q140794686,"Q140794686|P1343|LAST|S248|Q50815456|S854|""https://doi.org/10.5201/ipol.2021.286""|S813|+2026-06-18T00:00:00Z/11"
44740,1124,create_item,Done,,,Q140794954,CREATE
44740,1125,set_label,Done,,,Q140794954,"LAST|Len|""A Streaming Distance Transform Algorithm for Neighborhood-Sequence Distances"""
44740,1126,set_description,Done,,,Q140794954,"LAST|Den|""scientific article published in Image Processing On Line"""
44740,1127,set_statement,Done,,,Q140794954,"LAST|P31|Q18918145|S248|Q5188229|S356|""10.5201/IPOL.2014.68""|S854|""https://api.crossref.org/works/10.5201/ipol.2014.68""|S813|+2026-06-18T00:00:00Z/11"
44740,1128,set_statement,Done,,,Q140794954,"LAST|P356|""10.5201/IPOL.2014.68""|S248|Q5188229|S356|""10.5201/IPOL.2014.68""|S854|""https://api.crossref.org/works/10.5201/ipol.2014.68""|S813|+2026-06-18T00:00:00Z/11"
44740,1129,set_statement,Done,,,Q140794954,"LAST|P1476|en:""A Streaming Distance Transform Algorithm for Neighborhood-Sequence Distances""|S248|Q5188229|S356|""10.5201/IPOL.2014.68""|S854|""https://api.crossref.org/works/10.5201/ipol.2014.68""|S813|+2026-06-18T00:00:00Z/11"
44740,1130,set_statement,Done,,,Q140794954,"LAST|P1433|Q50815456|S248|Q5188229|S356|""10.5201/IPOL.2014.68""|S854|""https://api.crossref.org/works/10.5201/ipol.2014.68""|S813|+2026-06-18T00:00:00Z/11"
44740,1131,set_statement,Done,,,Q140794954,"LAST|P577|+2014-09-01T00:00:00Z/11|S248|Q5188229|S356|""10.5201/IPOL.2014.68""|S854|""https://api.crossref.org/works/10.5201/ipol.2014.68""|S813|+2026-06-18T00:00:00Z/11"
44740,1132,set_statement,Done,,,Q140794954,"LAST|P407|Q1860|S248|Q5188229|S356|""10.5201/IPOL.2014.68""|S854|""https://api.crossref.org/works/10.5201/ipol.2014.68""|S813|+2026-06-18T00:00:00Z/11"
44740,1133,set_statement,Done,,,Q140794954,"LAST|P921|Q140794687|S248|Q50815456|S854|""https://doi.org/10.5201/ipol.2014.68""|S813|+2026-06-18T00:00:00Z/11"
44740,1134,set_statement,Error,api_user_error,Error 422 ('patch-result-invalid-value'): Invalid value in patch result,Q140794687,"Q140794687|P1343|LAST|S248|Q50815456|S854|""https://doi.org/10.5201/ipol.2014.68""|S813|+2026-06-18T00:00:00Z/11"
44740,1135,create_item,Done,,,Q140794956,CREATE
44740,1136,set_label,Done,,,Q140794956,"LAST|Len|""The Inverse Compositional Algorithm for Parametric Registration"""
44740,1137,set_description,Done,,,Q140794956,"LAST|Den|""scientific article published in Image Processing On Line"""
44740,1138,set_statement,Done,,,Q140794956,"LAST|P31|Q18918145|S248|Q5188229|S356|""10.5201/IPOL.2016.153""|S854|""https://api.crossref.org/works/10.5201/ipol.2016.153""|S813|+2026-06-18T00:00:00Z/11"
44740,1139,set_statement,Done,,,Q140794956,"LAST|P356|""10.5201/IPOL.2016.153""|S248|Q5188229|S356|""10.5201/IPOL.2016.153""|S854|""https://api.crossref.org/works/10.5201/ipol.2016.153""|S813|+2026-06-18T00:00:00Z/11"
44740,1140,set_statement,Done,,,Q140794956,"LAST|P1476|en:""The Inverse Compositional Algorithm for Parametric Registration""|S248|Q5188229|S356|""10.5201/IPOL.2016.153""|S854|""https://api.crossref.org/works/10.5201/ipol.2016.153""|S813|+2026-06-18T00:00:00Z/11"
44740,1141,set_statement,Done,,,Q140794956,"LAST|P1433|Q50815456|S248|Q5188229|S356|""10.5201/IPOL.2016.153""|S854|""https://api.crossref.org/works/10.5201/ipol.2016.153""|S813|+2026-06-18T00:00:00Z/11"
44740,1142,set_statement,Done,,,Q140794956,"LAST|P577|+2016-11-09T00:00:00Z/11|S248|Q5188229|S356|""10.5201/IPOL.2016.153""|S854|""https://api.crossref.org/works/10.5201/ipol.2016.153""|S813|+2026-06-18T00:00:00Z/11"
44740,1143,set_statement,Done,,,Q140794956,"LAST|P407|Q1860|S248|Q5188229|S356|""10.5201/IPOL.2016.153""|S854|""https://api.crossref.org/works/10.5201/ipol.2016.153""|S813|+2026-06-18T00:00:00Z/11"
44740,1144,set_statement,Done,,,Q140794956,"LAST|P921|Q140794688|S248|Q50815456|S854|""https://doi.org/10.5201/ipol.2016.153""|S813|+2026-06-18T00:00:00Z/11"
44740,1145,set_statement,Error,api_user_error,Error 422 ('patch-result-invalid-value'): Invalid value in patch result,Q140794688,"Q140794688|P1343|LAST|S248|Q50815456|S854|""https://doi.org/10.5201/ipol.2016.153""|S813|+2026-06-18T00:00:00Z/11"
44740,1146,create_item,Done,,,Q140794957,CREATE
44740,1147,set_label,Done,,,Q140794957,"LAST|Len|""Automatic Color Enhancement (ACE) and its Fast Implementation"""
44740,1148,set_description,Done,,,Q140794957,"LAST|Den|""scientific article published in Image Processing On Line"""
44740,1149,set_statement,Done,,,Q140794957,"LAST|P31|Q18918145|S248|Q5188229|S356|""10.5201/IPOL.2012.G-ACE""|S854|""https://api.crossref.org/works/10.5201/ipol.2012.g-ace""|S813|+2026-06-18T00:00:00Z/11"
44740,1150,set_statement,Done,,,Q140794957,"LAST|P356|""10.5201/IPOL.2012.G-ACE""|S248|Q5188229|S356|""10.5201/IPOL.2012.G-ACE""|S854|""https://api.crossref.org/works/10.5201/ipol.2012.g-ace""|S813|+2026-06-18T00:00:00Z/11"
44740,1151,set_statement,Done,,,Q140794957,"LAST|P1476|en:""Automatic Color Enhancement (ACE) and its Fast Implementation""|S248|Q5188229|S356|""10.5201/IPOL.2012.G-ACE""|S854|""https://api.crossref.org/works/10.5201/ipol.2012.g-ace""|S813|+2026-06-18T00:00:00Z/11"
44740,1152,set_statement,Done,,,Q140794957,"LAST|P1433|Q50815456|S248|Q5188229|S356|""10.5201/IPOL.2012.G-ACE""|S854|""https://api.crossref.org/works/10.5201/ipol.2012.g-ace""|S813|+2026-06-18T00:00:00Z/11"
44740,1153,set_statement,Done,,,Q140794957,"LAST|P577|+2012-11-06T00:00:00Z/11|S248|Q5188229|S356|""10.5201/IPOL.2012.G-ACE""|S854|""https://api.crossref.org/works/10.5201/ipol.2012.g-ace""|S813|+2026-06-18T00:00:00Z/11"
44740,1154,set_statement,Done,,,Q140794957,"LAST|P407|Q1860|S248|Q5188229|S356|""10.5201/IPOL.2012.G-ACE""|S854|""https://api.crossref.org/works/10.5201/ipol.2012.g-ace""|S813|+2026-06-18T00:00:00Z/11"
44740,1155,set_statement,Done,,,Q140794957,"LAST|P921|Q140794689|S248|Q50815456|S854|""https://doi.org/10.5201/ipol.2012.g-ace""|S813|+2026-06-18T00:00:00Z/11"
44740,1156,set_statement,Error,api_user_error,Error 422 ('patch-result-invalid-value'): Invalid value in patch result,Q140794689,"Q140794689|P1343|LAST|S248|Q50815456|S854|""https://doi.org/10.5201/ipol.2012.g-ace""|S813|+2026-06-18T00:00:00Z/11"
44740,1157,create_item,Done,,,Q140794958,CREATE
44740,1158,set_label,Done,,,Q140794958,"LAST|Len|""Chambolle's Projection Algorithm for Total Variation Denoising"""
44740,1159,set_description,Done,,,Q140794958,"LAST|Den|""scientific article published in Image Processing On Line"""
44740,1160,set_statement,Done,,,Q140794958,"LAST|P31|Q18918145|S248|Q5188229|S356|""10.5201/IPOL.2013.61""|S854|""https://api.crossref.org/works/10.5201/ipol.2013.61""|S813|+2026-06-18T00:00:00Z/11"
44740,1161,set_statement,Done,,,Q140794958,"LAST|P356|""10.5201/IPOL.2013.61""|S248|Q5188229|S356|""10.5201/IPOL.2013.61""|S854|""https://api.crossref.org/works/10.5201/ipol.2013.61""|S813|+2026-06-18T00:00:00Z/11"
44740,1162,set_statement,Done,,,Q140794958,"LAST|P1476|en:""Chambolle's Projection Algorithm for Total Variation Denoising""|S248|Q5188229|S356|""10.5201/IPOL.2013.61""|S854|""https://api.crossref.org/works/10.5201/ipol.2013.61""|S813|+2026-06-18T00:00:00Z/11"
44740,1163,set_statement,Done,,,Q140794958,"LAST|P1433|Q50815456|S248|Q5188229|S356|""10.5201/IPOL.2013.61""|S854|""https://api.crossref.org/works/10.5201/ipol.2013.61""|S813|+2026-06-18T00:00:00Z/11"
44740,1164,set_statement,Done,,,Q140794958,"LAST|P577|+2013-12-17T00:00:00Z/11|S248|Q5188229|S356|""10.5201/IPOL.2013.61""|S854|""https://api.crossref.org/works/10.5201/ipol.2013.61""|S813|+2026-06-18T00:00:00Z/11"
44740,1165,set_statement,Done,,,Q140794958,"LAST|P407|Q1860|S248|Q5188229|S356|""10.5201/IPOL.2013.61""|S854|""https://api.crossref.org/works/10.5201/ipol.2013.61""|S813|+2026-06-18T00:00:00Z/11"
44740,1166,set_statement,Done,,,Q140794958,"LAST|P921|Q140794690|S248|Q50815456|S854|""https://doi.org/10.5201/ipol.2013.61""|S813|+2026-06-18T00:00:00Z/11"
44740,1167,set_statement,Error,api_user_error,Error 422 ('patch-result-invalid-value'): Invalid value in patch result,Q140794690,"Q140794690|P1343|LAST|S248|Q50815456|S854|""https://doi.org/10.5201/ipol.2013.61""|S813|+2026-06-18T00:00:00Z/11"
44740,1168,create_item,Done,,,Q140794959,CREATE
44740,1169,set_label,Done,,,Q140794959,"LAST|Len|""The Noise Clinic: a Blind Image Denoising Algorithm"""
44740,1170,set_description,Done,,,Q140794959,"LAST|Den|""scientific article published in Image Processing On Line"""
44740,1171,set_statement,Done,,,Q140794959,"LAST|P31|Q18918145|S248|Q5188229|S356|""10.5201/IPOL.2015.125""|S854|""https://api.crossref.org/works/10.5201/ipol.2015.125""|S813|+2026-06-18T00:00:00Z/11"
44740,1172,set_statement,Done,,,Q140794959,"LAST|P356|""10.5201/IPOL.2015.125""|S248|Q5188229|S356|""10.5201/IPOL.2015.125""|S854|""https://api.crossref.org/works/10.5201/ipol.2015.125""|S813|+2026-06-18T00:00:00Z/11"
44740,1173,set_statement,Done,,,Q140794959,"LAST|P1476|en:""The Noise Clinic: a Blind Image Denoising Algorithm""|S248|Q5188229|S356|""10.5201/IPOL.2015.125""|S854|""https://api.crossref.org/works/10.5201/ipol.2015.125""|S813|+2026-06-18T00:00:00Z/11"
44740,1174,set_statement,Done,,,Q140794959,"LAST|P1433|Q50815456|S248|Q5188229|S356|""10.5201/IPOL.2015.125""|S854|""https://api.crossref.org/works/10.5201/ipol.2015.125""|S813|+2026-06-18T00:00:00Z/11"
44740,1175,set_statement,Done,,,Q140794959,"LAST|P577|+2015-01-28T00:00:00Z/11|S248|Q5188229|S356|""10.5201/IPOL.2015.125""|S854|""https://api.crossref.org/works/10.5201/ipol.2015.125""|S813|+2026-06-18T00:00:00Z/11"
44740,1176,set_statement,Done,,,Q140794959,"LAST|P407|Q1860|S248|Q5188229|S356|""10.5201/IPOL.2015.125""|S854|""https://api.crossref.org/works/10.5201/ipol.2015.125""|S813|+2026-06-18T00:00:00Z/11"
44740,1177,set_statement,Done,,,Q140794959,"LAST|P921|Q140794691|S248|Q50815456|S854|""https://doi.org/10.5201/ipol.2015.125""|S813|+2026-06-18T00:00:00Z/11"
44740,1178,set_statement,Error,api_user_error,Error 422 ('patch-result-invalid-value'): Invalid value in patch result,Q140794691,"Q140794691|P1343|LAST|S248|Q50815456|S854|""https://doi.org/10.5201/ipol.2015.125""|S813|+2026-06-18T00:00:00Z/11"
44740,1179,create_item,Done,,,Q140794960,CREATE
44740,1180,set_label,Done,,,Q140794960,"LAST|Len|""Recovering the Subpixel PSF from Two Photographs at Different Distances"""
44740,1181,set_description,Done,,,Q140794960,"LAST|Den|""scientific article published in Image Processing On Line"""
44740,1182,set_statement,Done,,,Q140794960,"LAST|P31|Q18918145|S248|Q5188229|S356|""10.5201/IPOL.2013.77""|S854|""https://api.crossref.org/works/10.5201/ipol.2013.77""|S813|+2026-06-18T00:00:00Z/11"
44740,1183,set_statement,Done,,,Q140794960,"LAST|P356|""10.5201/IPOL.2013.77""|S248|Q5188229|S356|""10.5201/IPOL.2013.77""|S854|""https://api.crossref.org/works/10.5201/ipol.2013.77""|S813|+2026-06-18T00:00:00Z/11"
44740,1184,set_statement,Done,,,Q140794960,"LAST|P1476|en:""Recovering the Subpixel PSF from Two Photographs at Different Distances""|S248|Q5188229|S356|""10.5201/IPOL.2013.77""|S854|""https://api.crossref.org/works/10.5201/ipol.2013.77""|S813|+2026-06-18T00:00:00Z/11"
44740,1185,set_statement,Done,,,Q140794960,"LAST|P1433|Q50815456|S248|Q5188229|S356|""10.5201/IPOL.2013.77""|S854|""https://api.crossref.org/works/10.5201/ipol.2013.77""|S813|+2026-06-18T00:00:00Z/11"
44740,1186,set_statement,Done,,,Q140794960,"LAST|P577|+2013-10-23T00:00:00Z/11|S248|Q5188229|S356|""10.5201/IPOL.2013.77""|S854|""https://api.crossref.org/works/10.5201/ipol.2013.77""|S813|+2026-06-18T00:00:00Z/11"
44740,1187,set_statement,Done,,,Q140794960,"LAST|P407|Q1860|S248|Q5188229|S356|""10.5201/IPOL.2013.77""|S854|""https://api.crossref.org/works/10.5201/ipol.2013.77""|S813|+2026-06-18T00:00:00Z/11"
44740,1188,set_statement,Done,,,Q140794960,"LAST|P921|Q140794692|S248|Q50815456|S854|""https://doi.org/10.5201/ipol.2013.77""|S813|+2026-06-18T00:00:00Z/11"
44740,1189,set_statement,Error,api_user_error,Error 422 ('patch-result-invalid-value'): Invalid value in patch result,Q140794692,"Q140794692|P1343|LAST|S248|Q50815456|S854|""https://doi.org/10.5201/ipol.2013.77""|S813|+2026-06-18T00:00:00Z/11"
44740,1190,create_item,Done,,,Q140794961,CREATE
44740,1191,set_label,Done,,,Q140794961,"LAST|Len|""Implementation of Local Fourier Burst Accumulation for Video Deblurring"""
44740,1192,set_description,Done,,,Q140794961,"LAST|Den|""scientific article published in Image Processing On Line"""
44740,1193,set_statement,Done,,,Q140794961,"LAST|P31|Q18918145|S248|Q5188229|S356|""10.5201/IPOL.2017.197""|S854|""https://api.crossref.org/works/10.5201/ipol.2017.197""|S813|+2026-06-18T00:00:00Z/11"
44740,1194,set_statement,Done,,,Q140794961,"LAST|P356|""10.5201/IPOL.2017.197""|S248|Q5188229|S356|""10.5201/IPOL.2017.197""|S854|""https://api.crossref.org/works/10.5201/ipol.2017.197""|S813|+2026-06-18T00:00:00Z/11"
44740,1195,set_statement,Done,,,Q140794961,"LAST|P1476|en:""Implementation of Local Fourier Burst Accumulation for Video Deblurring""|S248|Q5188229|S356|""10.5201/IPOL.2017.197""|S854|""https://api.crossref.org/works/10.5201/ipol.2017.197""|S813|+2026-06-18T00:00:00Z/11"
44740,1196,set_statement,Done,,,Q140794961,"LAST|P1433|Q50815456|S248|Q5188229|S356|""10.5201/IPOL.2017.197""|S854|""https://api.crossref.org/works/10.5201/ipol.2017.197""|S813|+2026-06-18T00:00:00Z/11"
44740,1197,set_statement,Done,,,Q140794961,"LAST|P577|+2017-03-19T00:00:00Z/11|S248|Q5188229|S356|""10.5201/IPOL.2017.197""|S854|""https://api.crossref.org/works/10.5201/ipol.2017.197""|S813|+2026-06-18T00:00:00Z/11"
44740,1198,set_statement,Done,,,Q140794961,"LAST|P407|Q1860|S248|Q5188229|S356|""10.5201/IPOL.2017.197""|S854|""https://api.crossref.org/works/10.5201/ipol.2017.197""|S813|+2026-06-18T00:00:00Z/11"
44740,1199,set_statement,Done,,,Q140794961,"LAST|P921|Q140794693|S248|Q50815456|S854|""https://doi.org/10.5201/ipol.2017.197""|S813|+2026-06-18T00:00:00Z/11"
44740,1200,set_statement,Error,api_user_error,Error 422 ('patch-result-invalid-value'): Invalid value in patch result,Q140794693,"Q140794693|P1343|LAST|S248|Q50815456|S854|""https://doi.org/10.5201/ipol.2017.197""|S813|+2026-06-18T00:00:00Z/11"
44740,1201,create_item,Done,,,Q140794962,CREATE
44740,1202,set_label,Done,,,Q140794962,"LAST|Len|""Meaningful Scales Detection: an Unsupervised Noise Detection Algorithm for Digital Contours"""
44740,1203,set_description,Done,,,Q140794962,"LAST|Den|""scientific article published in Image Processing On Line"""
44740,1204,set_statement,Done,,,Q140794962,"LAST|P31|Q18918145|S248|Q5188229|S356|""10.5201/IPOL.2014.75""|S854|""https://api.crossref.org/works/10.5201/ipol.2014.75""|S813|+2026-06-18T00:00:00Z/11"
44740,1205,set_statement,Done,,,Q140794962,"LAST|P356|""10.5201/IPOL.2014.75""|S248|Q5188229|S356|""10.5201/IPOL.2014.75""|S854|""https://api.crossref.org/works/10.5201/ipol.2014.75""|S813|+2026-06-18T00:00:00Z/11"
44740,1206,set_statement,Done,,,Q140794962,"LAST|P1476|en:""Meaningful Scales Detection: an Unsupervised Noise Detection Algorithm for Digital Contours""|S248|Q5188229|S356|""10.5201/IPOL.2014.75""|S854|""https://api.crossref.org/works/10.5201/ipol.2014.75""|S813|+2026-06-18T00:00:00Z/11"
44740,1207,set_statement,Done,,,Q140794962,"LAST|P1433|Q50815456|S248|Q5188229|S356|""10.5201/IPOL.2014.75""|S854|""https://api.crossref.org/works/10.5201/ipol.2014.75""|S813|+2026-06-18T00:00:00Z/11"
44740,1208,set_statement,Done,,,Q140794962,"LAST|P577|+2014-05-07T00:00:00Z/11|S248|Q5188229|S356|""10.5201/IPOL.2014.75""|S854|""https://api.crossref.org/works/10.5201/ipol.2014.75""|S813|+2026-06-18T00:00:00Z/11"
44740,1209,set_statement,Done,,,Q140794962,"LAST|P407|Q1860|S248|Q5188229|S356|""10.5201/IPOL.2014.75""|S854|""https://api.crossref.org/works/10.5201/ipol.2014.75""|S813|+2026-06-18T00:00:00Z/11"
44740,1210,set_statement,Done,,,Q140794962,"LAST|P921|Q140794694|S248|Q50815456|S854|""https://doi.org/10.5201/ipol.2014.75""|S813|+2026-06-18T00:00:00Z/11"
44740,1211,set_statement,Error,api_user_error,Error 422 ('patch-result-invalid-value'): Invalid value in patch result,Q140794694,"Q140794694|P1343|LAST|S248|Q50815456|S854|""https://doi.org/10.5201/ipol.2014.75""|S813|+2026-06-18T00:00:00Z/11"
44740,1212,create_item,Done,,,Q140794963,CREATE
44740,1213,set_label,Done,,,Q140794963,"LAST|Len|""Robust Optical Flow Estimation"""
44740,1214,set_description,Done,,,Q140794963,"LAST|Den|""scientific article published in Image Processing On Line"""
44740,1215,set_statement,Done,,,Q140794963,"LAST|P31|Q18918145|S248|Q5188229|S356|""10.5201/IPOL.2013.21""|S854|""https://api.crossref.org/works/10.5201/ipol.2013.21""|S813|+2026-06-18T00:00:00Z/11"
44740,1216,set_statement,Done,,,Q140794963,"LAST|P356|""10.5201/IPOL.2013.21""|S248|Q5188229|S356|""10.5201/IPOL.2013.21""|S854|""https://api.crossref.org/works/10.5201/ipol.2013.21""|S813|+2026-06-18T00:00:00Z/11"
44740,1217,set_statement,Done,,,Q140794963,"LAST|P1476|en:""Robust Optical Flow Estimation""|S248|Q5188229|S356|""10.5201/IPOL.2013.21""|S854|""https://api.crossref.org/works/10.5201/ipol.2013.21""|S813|+2026-06-18T00:00:00Z/11"
44740,1218,set_statement,Done,,,Q140794963,"LAST|P1433|Q50815456|S248|Q5188229|S356|""10.5201/IPOL.2013.21""|S854|""https://api.crossref.org/works/10.5201/ipol.2013.21""|S813|+2026-06-18T00:00:00Z/11"
44740,1219,set_statement,Done,,,Q140794963,"LAST|P577|+2013-10-28T00:00:00Z/11|S248|Q5188229|S356|""10.5201/IPOL.2013.21""|S854|""https://api.crossref.org/works/10.5201/ipol.2013.21""|S813|+2026-06-18T00:00:00Z/11"
44740,1220,set_statement,Done,,,Q140794963,"LAST|P407|Q1860|S248|Q5188229|S356|""10.5201/IPOL.2013.21""|S854|""https://api.crossref.org/works/10.5201/ipol.2013.21""|S813|+2026-06-18T00:00:00Z/11"
44740,1221,set_statement,Done,,,Q140794963,"LAST|P921|Q140794695|S248|Q50815456|S854|""https://doi.org/10.5201/ipol.2013.21""|S813|+2026-06-18T00:00:00Z/11"
44740,1222,set_statement,Error,api_user_error,Error 422 ('patch-result-invalid-value'): Invalid value in patch result,Q140794695,"Q140794695|P1343|LAST|S248|Q50815456|S854|""https://doi.org/10.5201/ipol.2013.21""|S813|+2026-06-18T00:00:00Z/11"
44740,1223,create_item,Done,,,Q140794964,CREATE
44740,1224,set_label,Done,,,Q140794964,"LAST|Len|""Trigonometric Polynomial Interpolation of Images"""
44740,1225,set_description,Done,,,Q140794964,"LAST|Den|""scientific article published in Image Processing On Line"""
44740,1226,set_statement,Done,,,Q140794964,"LAST|P31|Q18918145|S248|Q5188229|S356|""10.5201/IPOL.2019.273""|S854|""https://api.crossref.org/works/10.5201/ipol.2019.273""|S813|+2026-06-18T00:00:00Z/11"
44740,1227,set_statement,Done,,,Q140794964,"LAST|P356|""10.5201/IPOL.2019.273""|S248|Q5188229|S356|""10.5201/IPOL.2019.273""|S854|""https://api.crossref.org/works/10.5201/ipol.2019.273""|S813|+2026-06-18T00:00:00Z/11"
44740,1228,set_statement,Done,,,Q140794964,"LAST|P1476|en:""Trigonometric Polynomial Interpolation of Images""|S248|Q5188229|S356|""10.5201/IPOL.2019.273""|S854|""https://api.crossref.org/works/10.5201/ipol.2019.273""|S813|+2026-06-18T00:00:00Z/11"
44740,1229,set_statement,Done,,,Q140794964,"LAST|P1433|Q50815456|S248|Q5188229|S356|""10.5201/IPOL.2019.273""|S854|""https://api.crossref.org/works/10.5201/ipol.2019.273""|S813|+2026-06-18T00:00:00Z/11"
44740,1230,set_statement,Done,,,Q140794964,"LAST|P577|+2019-10-02T00:00:00Z/11|S248|Q5188229|S356|""10.5201/IPOL.2019.273""|S854|""https://api.crossref.org/works/10.5201/ipol.2019.273""|S813|+2026-06-18T00:00:00Z/11"
44740,1231,set_statement,Done,,,Q140794964,"LAST|P407|Q1860|S248|Q5188229|S356|""10.5201/IPOL.2019.273""|S854|""https://api.crossref.org/works/10.5201/ipol.2019.273""|S813|+2026-06-18T00:00:00Z/11"
44740,1232,set_statement,Done,,,Q140794964,"LAST|P921|Q140794696|S248|Q50815456|S854|""https://doi.org/10.5201/ipol.2019.273""|S813|+2026-06-18T00:00:00Z/11"
44740,1233,set_statement,Error,api_user_error,Error 422 ('patch-result-invalid-value'): Invalid value in patch result,Q140794696,"Q140794696|P1343|LAST|S248|Q50815456|S854|""https://doi.org/10.5201/ipol.2019.273""|S813|+2026-06-18T00:00:00Z/11"
44740,1234,create_item,Done,,,Q140794965,CREATE
44740,1235,set_label,Done,,,Q140794965,"LAST|Len|""Center/Surround Retinex: Analysis and Implementation"""
44740,1236,set_description,Done,,,Q140794965,"LAST|Den|""scientific article published in Image Processing On Line"""
44740,1237,set_statement,Done,,,Q140794965,"LAST|P31|Q18918145|S248|Q5188229|S356|""10.5201/IPOL.2021.391""|S854|""https://api.crossref.org/works/10.5201/ipol.2021.391""|S813|+2026-06-18T00:00:00Z/11"
44740,1238,set_statement,Done,,,Q140794965,"LAST|P356|""10.5201/IPOL.2021.391""|S248|Q5188229|S356|""10.5201/IPOL.2021.391""|S854|""https://api.crossref.org/works/10.5201/ipol.2021.391""|S813|+2026-06-18T00:00:00Z/11"
44740,1239,set_statement,Done,,,Q140794965,"LAST|P1476|en:""Center/Surround Retinex: Analysis and Implementation""|S248|Q5188229|S356|""10.5201/IPOL.2021.391""|S854|""https://api.crossref.org/works/10.5201/ipol.2021.391""|S813|+2026-06-18T00:00:00Z/11"
44740,1240,set_statement,Done,,,Q140794965,"LAST|P1433|Q50815456|S248|Q5188229|S356|""10.5201/IPOL.2021.391""|S854|""https://api.crossref.org/works/10.5201/ipol.2021.391""|S813|+2026-06-18T00:00:00Z/11"
44740,1241,set_statement,Done,,,Q140794965,"LAST|P577|+2021-12-19T00:00:00Z/11|S248|Q5188229|S356|""10.5201/IPOL.2021.391""|S854|""https://api.crossref.org/works/10.5201/ipol.2021.391""|S813|+2026-06-18T00:00:00Z/11"
44740,1242,set_statement,Done,,,Q140794965,"LAST|P407|Q1860|S248|Q5188229|S356|""10.5201/IPOL.2021.391""|S854|""https://api.crossref.org/works/10.5201/ipol.2021.391""|S813|+2026-06-18T00:00:00Z/11"
44740,1243,set_statement,Done,,,Q140794965,"LAST|P921|Q140794697|S248|Q50815456|S854|""https://doi.org/10.5201/ipol.2021.391""|S813|+2026-06-18T00:00:00Z/11"
44740,1244,set_statement,Error,api_user_error,Error 422 ('patch-result-invalid-value'): Invalid value in patch result,Q140794697,"Q140794697|P1343|LAST|S248|Q50815456|S854|""https://doi.org/10.5201/ipol.2021.391""|S813|+2026-06-18T00:00:00Z/11"
44740,1245,create_item,Done,,,Q140794966,CREATE
44740,1246,set_label,Done,,,Q140794966,"LAST|Len|""How to Reduce Anomaly Detection in Images to Anomaly Detection in Noise"""
44740,1247,set_description,Done,,,Q140794966,"LAST|Den|""scientific article published in Image Processing On Line"""
44740,1248,set_statement,Done,,,Q140794966,"LAST|P31|Q18918145|S248|Q5188229|S356|""10.5201/IPOL.2019.263""|S854|""https://api.crossref.org/works/10.5201/ipol.2019.263""|S813|+2026-06-18T00:00:00Z/11"
44740,1249,set_statement,Done,,,Q140794966,"LAST|P356|""10.5201/IPOL.2019.263""|S248|Q5188229|S356|""10.5201/IPOL.2019.263""|S854|""https://api.crossref.org/works/10.5201/ipol.2019.263""|S813|+2026-06-18T00:00:00Z/11"
44740,1250,set_statement,Done,,,Q140794966,"LAST|P1476|en:""How to Reduce Anomaly Detection in Images to Anomaly Detection in Noise""|S248|Q5188229|S356|""10.5201/IPOL.2019.263""|S854|""https://api.crossref.org/works/10.5201/ipol.2019.263""|S813|+2026-06-18T00:00:00Z/11"
44740,1251,set_statement,Done,,,Q140794966,"LAST|P1433|Q50815456|S248|Q5188229|S356|""10.5201/IPOL.2019.263""|S854|""https://api.crossref.org/works/10.5201/ipol.2019.263""|S813|+2026-06-18T00:00:00Z/11"
44740,1252,set_statement,Done,,,Q140794966,"LAST|P577|+2019-12-08T00:00:00Z/11|S248|Q5188229|S356|""10.5201/IPOL.2019.263""|S854|""https://api.crossref.org/works/10.5201/ipol.2019.263""|S813|+2026-06-18T00:00:00Z/11"
44740,1253,set_statement,Done,,,Q140794966,"LAST|P407|Q1860|S248|Q5188229|S356|""10.5201/IPOL.2019.263""|S854|""https://api.crossref.org/works/10.5201/ipol.2019.263""|S813|+2026-06-18T00:00:00Z/11"
44740,1254,set_statement,Done,,,Q140794966,"LAST|P921|Q140794699|S248|Q50815456|S854|""https://doi.org/10.5201/ipol.2019.263""|S813|+2026-06-18T00:00:00Z/11"
44740,1255,set_statement,Error,api_user_error,Error 422 ('patch-result-invalid-value'): Invalid value in patch result,Q140794699,"Q140794699|P1343|LAST|S248|Q50815456|S854|""https://doi.org/10.5201/ipol.2019.263""|S813|+2026-06-18T00:00:00Z/11"
44740,1256,create_item,Done,,,Q140794967,CREATE
44740,1257,set_label,Done,,,Q140794967,"LAST|Len|""Multi-Scale DCT Denoising"""
44740,1258,set_description,Done,,,Q140794967,"LAST|Den|""scientific article published in Image Processing On Line"""
44740,1259,set_statement,Done,,,Q140794967,"LAST|P31|Q18918145|S248|Q5188229|S356|""10.5201/IPOL.2017.201""|S854|""https://api.crossref.org/works/10.5201/ipol.2017.201""|S813|+2026-06-18T00:00:00Z/11"
44740,1260,set_statement,Done,,,Q140794967,"LAST|P356|""10.5201/IPOL.2017.201""|S248|Q5188229|S356|""10.5201/IPOL.2017.201""|S854|""https://api.crossref.org/works/10.5201/ipol.2017.201""|S813|+2026-06-18T00:00:00Z/11"
44740,1261,set_statement,Done,,,Q140794967,"LAST|P1476|en:""Multi-Scale DCT Denoising""|S248|Q5188229|S356|""10.5201/IPOL.2017.201""|S854|""https://api.crossref.org/works/10.5201/ipol.2017.201""|S813|+2026-06-18T00:00:00Z/11"
44740,1262,set_statement,Done,,,Q140794967,"LAST|P1433|Q50815456|S248|Q5188229|S356|""10.5201/IPOL.2017.201""|S854|""https://api.crossref.org/works/10.5201/ipol.2017.201""|S813|+2026-06-18T00:00:00Z/11"
44740,1263,set_statement,Done,,,Q140794967,"LAST|P577|+2017-10-29T00:00:00Z/11|S248|Q5188229|S356|""10.5201/IPOL.2017.201""|S854|""https://api.crossref.org/works/10.5201/ipol.2017.201""|S813|+2026-06-18T00:00:00Z/11"
44740,1264,set_statement,Done,,,Q140794967,"LAST|P407|Q1860|S248|Q5188229|S356|""10.5201/IPOL.2017.201""|S854|""https://api.crossref.org/works/10.5201/ipol.2017.201""|S813|+2026-06-18T00:00:00Z/11"
44740,1265,set_statement,Done,,,Q140794967,"LAST|P921|Q140794700|S248|Q50815456|S854|""https://doi.org/10.5201/ipol.2017.201""|S813|+2026-06-18T00:00:00Z/11"
44740,1266,set_statement,Error,api_user_error,Error 422 ('patch-result-invalid-value'): Invalid value in patch result,Q140794700,"Q140794700|P1343|LAST|S248|Q50815456|S854|""https://doi.org/10.5201/ipol.2017.201""|S813|+2026-06-18T00:00:00Z/11"
44740,1267,create_item,Done,,,Q140794969,CREATE
44740,1268,set_label,Done,,,Q140794969,"LAST|Len|""Directional Filters for Cartoon + Texture Image Decomposition"""
44740,1269,set_description,Done,,,Q140794969,"LAST|Den|""scientific article published in Image Processing On Line"""
44740,1270,set_statement,Done,,,Q140794969,"LAST|P31|Q18918145|S248|Q5188229|S356|""10.5201/IPOL.2016.165""|S854|""https://api.crossref.org/works/10.5201/ipol.2016.165""|S813|+2026-06-18T00:00:00Z/11"
44740,1271,set_statement,Done,,,Q140794969,"LAST|P356|""10.5201/IPOL.2016.165""|S248|Q5188229|S356|""10.5201/IPOL.2016.165""|S854|""https://api.crossref.org/works/10.5201/ipol.2016.165""|S813|+2026-06-18T00:00:00Z/11"
44740,1272,set_statement,Done,,,Q140794969,"LAST|P1476|en:""Directional Filters for Cartoon + Texture Image Decomposition""|S248|Q5188229|S356|""10.5201/IPOL.2016.165""|S854|""https://api.crossref.org/works/10.5201/ipol.2016.165""|S813|+2026-06-18T00:00:00Z/11"
44740,1273,set_statement,Done,,,Q140794969,"LAST|P1433|Q50815456|S248|Q5188229|S356|""10.5201/IPOL.2016.165""|S854|""https://api.crossref.org/works/10.5201/ipol.2016.165""|S813|+2026-06-18T00:00:00Z/11"
44740,1274,set_statement,Done,,,Q140794969,"LAST|P577|+2016-05-05T00:00:00Z/11|S248|Q5188229|S356|""10.5201/IPOL.2016.165""|S854|""https://api.crossref.org/works/10.5201/ipol.2016.165""|S813|+2026-06-18T00:00:00Z/11"
44740,1275,set_statement,Done,,,Q140794969,"LAST|P407|Q1860|S248|Q5188229|S356|""10.5201/IPOL.2016.165""|S854|""https://api.crossref.org/works/10.5201/ipol.2016.165""|S813|+2026-06-18T00:00:00Z/11"
44740,1276,set_statement,Done,,,Q140794969,"LAST|P921|Q140794701|S248|Q50815456|S854|""https://doi.org/10.5201/ipol.2016.165""|S813|+2026-06-18T00:00:00Z/11"
44740,1277,set_statement,Error,api_user_error,Error 422 ('patch-result-invalid-value'): Invalid value in patch result,Q140794701,"Q140794701|P1343|LAST|S248|Q50815456|S854|""https://doi.org/10.5201/ipol.2016.165""|S813|+2026-06-18T00:00:00Z/11"
44740,1278,create_item,Done,,,Q140794970,CREATE
44740,1279,set_label,Done,,,Q140794970,"LAST|Len|""Local Contrast Enhancement based on Adaptive Logarithmic Mappings"""
44740,1280,set_description,Done,,,Q140794970,"LAST|Den|""scientific article published in Image Processing On Line"""
44740,1281,set_statement,Done,,,Q140794970,"LAST|P31|Q18918145|S248|Q5188229|S356|""10.5201/IPOL.2020.300""|S854|""https://api.crossref.org/works/10.5201/ipol.2020.300""|S813|+2026-06-18T00:00:00Z/11"
44740,1282,set_statement,Done,,,Q140794970,"LAST|P356|""10.5201/IPOL.2020.300""|S248|Q5188229|S356|""10.5201/IPOL.2020.300""|S854|""https://api.crossref.org/works/10.5201/ipol.2020.300""|S813|+2026-06-18T00:00:00Z/11"
44740,1283,set_statement,Done,,,Q140794970,"LAST|P1476|en:""Local Contrast Enhancement based on Adaptive Logarithmic Mappings""|S248|Q5188229|S356|""10.5201/IPOL.2020.300""|S854|""https://api.crossref.org/works/10.5201/ipol.2020.300""|S813|+2026-06-18T00:00:00Z/11"
44740,1284,set_statement,Done,,,Q140794970,"LAST|P1433|Q50815456|S248|Q5188229|S356|""10.5201/IPOL.2020.300""|S854|""https://api.crossref.org/works/10.5201/ipol.2020.300""|S813|+2026-06-18T00:00:00Z/11"
44740,1285,set_statement,Done,,,Q140794970,"LAST|P577|+2020-06-02T00:00:00Z/11|S248|Q5188229|S356|""10.5201/IPOL.2020.300""|S854|""https://api.crossref.org/works/10.5201/ipol.2020.300""|S813|+2026-06-18T00:00:00Z/11"
44740,1286,set_statement,Done,,,Q140794970,"LAST|P407|Q1860|S248|Q5188229|S356|""10.5201/IPOL.2020.300""|S854|""https://api.crossref.org/works/10.5201/ipol.2020.300""|S813|+2026-06-18T00:00:00Z/11"
44740,1287,set_statement,Done,,,Q140794970,"LAST|P921|Q140794703|S248|Q50815456|S854|""https://doi.org/10.5201/ipol.2020.300""|S813|+2026-06-18T00:00:00Z/11"
44740,1288,set_statement,Error,api_user_error,Error 422 ('patch-result-invalid-value'): Invalid value in patch result,Q140794703,"Q140794703|P1343|LAST|S248|Q50815456|S854|""https://doi.org/10.5201/ipol.2020.300""|S813|+2026-06-18T00:00:00Z/11"
44740,1289,create_item,Done,,,Q140794971,CREATE
44740,1290,set_label,Done,,,Q140794971,"LAST|Len|""Segmentation with Active Contours"""
44740,1291,set_description,Done,,,Q140794971,"LAST|Den|""scientific article published in Image Processing On Line"""
44740,1292,set_statement,Done,,,Q140794971,"LAST|P31|Q18918145|S248|Q5188229|S356|""10.5201/IPOL.2021.298""|S854|""https://api.crossref.org/works/10.5201/ipol.2021.298""|S813|+2026-06-18T00:00:00Z/11"
44740,1293,set_statement,Done,,,Q140794971,"LAST|P356|""10.5201/IPOL.2021.298""|S248|Q5188229|S356|""10.5201/IPOL.2021.298""|S854|""https://api.crossref.org/works/10.5201/ipol.2021.298""|S813|+2026-06-18T00:00:00Z/11"
44740,1294,set_statement,Done,,,Q140794971,"LAST|P1476|en:""Segmentation with Active Contours""|S248|Q5188229|S356|""10.5201/IPOL.2021.298""|S854|""https://api.crossref.org/works/10.5201/ipol.2021.298""|S813|+2026-06-18T00:00:00Z/11"
44740,1295,set_statement,Done,,,Q140794971,"LAST|P1433|Q50815456|S248|Q5188229|S356|""10.5201/IPOL.2021.298""|S854|""https://api.crossref.org/works/10.5201/ipol.2021.298""|S813|+2026-06-18T00:00:00Z/11"
44740,1296,set_statement,Done,,,Q140794971,"LAST|P577|+2021-05-24T00:00:00Z/11|S248|Q5188229|S356|""10.5201/IPOL.2021.298""|S854|""https://api.crossref.org/works/10.5201/ipol.2021.298""|S813|+2026-06-18T00:00:00Z/11"
44740,1297,set_statement,Done,,,Q140794971,"LAST|P407|Q1860|S248|Q5188229|S356|""10.5201/IPOL.2021.298""|S854|""https://api.crossref.org/works/10.5201/ipol.2021.298""|S813|+2026-06-18T00:00:00Z/11"
44740,1298,set_statement,Done,,,Q140794971,"LAST|P921|Q140794704|S248|Q50815456|S854|""https://doi.org/10.5201/ipol.2021.298""|S813|+2026-06-18T00:00:00Z/11"
44740,1299,set_statement,Error,api_user_error,Error 422 ('patch-result-invalid-value'): Invalid value in patch result,Q140794704,"Q140794704|P1343|LAST|S248|Q50815456|S854|""https://doi.org/10.5201/ipol.2021.298""|S813|+2026-06-18T00:00:00Z/11"
44740,1300,create_item,Done,,,Q140794972,CREATE
44740,1301,set_label,Done,,,Q140794972,"LAST|Len|""Efros and Freeman Image Quilting Algorithm for Texture Synthesis"""
44740,1302,set_description,Done,,,Q140794972,"LAST|Den|""scientific article published in Image Processing On Line"""
44740,1303,set_statement,Done,,,Q140794972,"LAST|P31|Q18918145|S248|Q5188229|S356|""10.5201/IPOL.2017.171""|S854|""https://api.crossref.org/works/10.5201/ipol.2017.171""|S813|+2026-06-18T00:00:00Z/11"
44740,1304,set_statement,Done,,,Q140794972,"LAST|P356|""10.5201/IPOL.2017.171""|S248|Q5188229|S356|""10.5201/IPOL.2017.171""|S854|""https://api.crossref.org/works/10.5201/ipol.2017.171""|S813|+2026-06-18T00:00:00Z/11"
44740,1305,set_statement,Done,,,Q140794972,"LAST|P1476|en:""Efros and Freeman Image Quilting Algorithm for Texture Synthesis""|S248|Q5188229|S356|""10.5201/IPOL.2017.171""|S854|""https://api.crossref.org/works/10.5201/ipol.2017.171""|S813|+2026-06-18T00:00:00Z/11"
44740,1306,set_statement,Done,,,Q140794972,"LAST|P1433|Q50815456|S248|Q5188229|S356|""10.5201/IPOL.2017.171""|S854|""https://api.crossref.org/works/10.5201/ipol.2017.171""|S813|+2026-06-18T00:00:00Z/11"
44740,1307,set_statement,Done,,,Q140794972,"LAST|P577|+2017-01-11T00:00:00Z/11|S248|Q5188229|S356|""10.5201/IPOL.2017.171""|S854|""https://api.crossref.org/works/10.5201/ipol.2017.171""|S813|+2026-06-18T00:00:00Z/11"
44740,1308,set_statement,Done,,,Q140794972,"LAST|P407|Q1860|S248|Q5188229|S356|""10.5201/IPOL.2017.171""|S854|""https://api.crossref.org/works/10.5201/ipol.2017.171""|S813|+2026-06-18T00:00:00Z/11"
44740,1309,set_statement,Done,,,Q140794972,"LAST|P921|Q140794705|S248|Q50815456|S854|""https://doi.org/10.5201/ipol.2017.171""|S813|+2026-06-18T00:00:00Z/11"
44740,1310,set_statement,Error,api_user_error,Error 422 ('patch-result-invalid-value'): Invalid value in patch result,Q140794705,"Q140794705|P1343|LAST|S248|Q50815456|S854|""https://doi.org/10.5201/ipol.2017.171""|S813|+2026-06-18T00:00:00Z/11"
44740,1311,create_item,Done,,,Q140794973,CREATE
44740,1312,set_label,Done,,,Q140794973,"LAST|Len|""An Analysis and Improvement of the BLS-GSM Denoising Method"""
44740,1313,set_description,Done,,,Q140794973,"LAST|Den|""scientific article published in Image Processing On Line"""
44740,1314,set_statement,Done,,,Q140794973,"LAST|P31|Q18918145|S248|Q5188229|S356|""10.5201/IPOL.2014.86""|S854|""https://api.crossref.org/works/10.5201/ipol.2014.86""|S813|+2026-06-18T00:00:00Z/11"
44740,1315,set_statement,Done,,,Q140794973,"LAST|P356|""10.5201/IPOL.2014.86""|S248|Q5188229|S356|""10.5201/IPOL.2014.86""|S854|""https://api.crossref.org/works/10.5201/ipol.2014.86""|S813|+2026-06-18T00:00:00Z/11"
44740,1316,set_statement,Done,,,Q140794973,"LAST|P1476|en:""An Analysis and Improvement of the BLS-GSM Denoising Method""|S248|Q5188229|S356|""10.5201/IPOL.2014.86""|S854|""https://api.crossref.org/works/10.5201/ipol.2014.86""|S813|+2026-06-18T00:00:00Z/11"
44740,1317,set_statement,Done,,,Q140794973,"LAST|P1433|Q50815456|S248|Q5188229|S356|""10.5201/IPOL.2014.86""|S854|""https://api.crossref.org/works/10.5201/ipol.2014.86""|S813|+2026-06-18T00:00:00Z/11"
44740,1318,set_statement,Done,,,Q140794973,"LAST|P577|+2014-04-03T00:00:00Z/11|S248|Q5188229|S356|""10.5201/IPOL.2014.86""|S854|""https://api.crossref.org/works/10.5201/ipol.2014.86""|S813|+2026-06-18T00:00:00Z/11"
44740,1319,set_statement,Done,,,Q140794973,"LAST|P407|Q1860|S248|Q5188229|S356|""10.5201/IPOL.2014.86""|S854|""https://api.crossref.org/works/10.5201/ipol.2014.86""|S813|+2026-06-18T00:00:00Z/11"
44740,1320,set_statement,Done,,,Q140794973,"LAST|P921|Q140794706|S248|Q50815456|S854|""https://doi.org/10.5201/ipol.2014.86""|S813|+2026-06-18T00:00:00Z/11"
44740,1321,set_statement,Error,api_user_error,Error 422 ('patch-result-invalid-value'): Invalid value in patch result,Q140794706,"Q140794706|P1343|LAST|S248|Q50815456|S854|""https://doi.org/10.5201/ipol.2014.86""|S813|+2026-06-18T00:00:00Z/11"
44740,1322,create_item,Done,,,Q140794974,CREATE
44740,1323,set_label,Done,,,Q140794974,"LAST|Len|""An Unsupervised Point Alignment Detection Algorithm"""
44740,1324,set_description,Done,,,Q140794974,"LAST|Den|""scientific article published in Image Processing On Line"""
44740,1325,set_statement,Done,,,Q140794974,"LAST|P31|Q18918145|S248|Q5188229|S356|""10.5201/IPOL.2015.126""|S854|""https://api.crossref.org/works/10.5201/ipol.2015.126""|S813|+2026-06-18T00:00:00Z/11"
44740,1326,set_statement,Done,,,Q140794974,"LAST|P356|""10.5201/IPOL.2015.126""|S248|Q5188229|S356|""10.5201/IPOL.2015.126""|S854|""https://api.crossref.org/works/10.5201/ipol.2015.126""|S813|+2026-06-18T00:00:00Z/11"
44740,1327,set_statement,Done,,,Q140794974,"LAST|P1476|en:""An Unsupervised Point Alignment Detection Algorithm""|S248|Q5188229|S356|""10.5201/IPOL.2015.126""|S854|""https://api.crossref.org/works/10.5201/ipol.2015.126""|S813|+2026-06-18T00:00:00Z/11"
44740,1328,set_statement,Done,,,Q140794974,"LAST|P1433|Q50815456|S248|Q5188229|S356|""10.5201/IPOL.2015.126""|S854|""https://api.crossref.org/works/10.5201/ipol.2015.126""|S813|+2026-06-18T00:00:00Z/11"
44740,1329,set_statement,Done,,,Q140794974,"LAST|P577|+2015-12-15T00:00:00Z/11|S248|Q5188229|S356|""10.5201/IPOL.2015.126""|S854|""https://api.crossref.org/works/10.5201/ipol.2015.126""|S813|+2026-06-18T00:00:00Z/11"
44740,1330,set_statement,Done,,,Q140794974,"LAST|P407|Q1860|S248|Q5188229|S356|""10.5201/IPOL.2015.126""|S854|""https://api.crossref.org/works/10.5201/ipol.2015.126""|S813|+2026-06-18T00:00:00Z/11"
44740,1331,set_statement,Done,,,Q140794974,"LAST|P921|Q140794707|S248|Q50815456|S854|""https://doi.org/10.5201/ipol.2015.126""|S813|+2026-06-18T00:00:00Z/11"
44740,1332,set_statement,Error,api_user_error,Error 422 ('patch-result-invalid-value'): Invalid value in patch result,Q140794707,"Q140794707|P1343|LAST|S248|Q50815456|S854|""https://doi.org/10.5201/ipol.2015.126""|S813|+2026-06-18T00:00:00Z/11"
44740,1333,create_item,Done,,,Q140794975,CREATE
44740,1334,set_label,Done,,,Q140794975,"LAST|Len|""Image Color Cube Dimensional Filtering and Visualization"""
44740,1335,set_description,Done,,,Q140794975,"LAST|Den|""scientific article published in Image Processing On Line"""
44740,1336,set_statement,Done,,,Q140794975,"LAST|P31|Q18918145|S248|Q5188229|S356|""10.5201/IPOL.2011.BLM-CDF""|S854|""https://api.crossref.org/works/10.5201/ipol.2011.blm-cdf""|S813|+2026-06-18T00:00:00Z/11"
44740,1337,set_statement,Done,,,Q140794975,"LAST|P356|""10.5201/IPOL.2011.BLM-CDF""|S248|Q5188229|S356|""10.5201/IPOL.2011.BLM-CDF""|S854|""https://api.crossref.org/works/10.5201/ipol.2011.blm-cdf""|S813|+2026-06-18T00:00:00Z/11"
44740,1338,set_statement,Done,,,Q140794975,"LAST|P1476|en:""Image Color Cube Dimensional Filtering and Visualization""|S248|Q5188229|S356|""10.5201/IPOL.2011.BLM-CDF""|S854|""https://api.crossref.org/works/10.5201/ipol.2011.blm-cdf""|S813|+2026-06-18T00:00:00Z/11"
44740,1339,set_statement,Done,,,Q140794975,"LAST|P1433|Q50815456|S248|Q5188229|S356|""10.5201/IPOL.2011.BLM-CDF""|S854|""https://api.crossref.org/works/10.5201/ipol.2011.blm-cdf""|S813|+2026-06-18T00:00:00Z/11"
44740,1340,set_statement,Done,,,Q140794975,"LAST|P577|+2011-06-22T00:00:00Z/11|S248|Q5188229|S356|""10.5201/IPOL.2011.BLM-CDF""|S854|""https://api.crossref.org/works/10.5201/ipol.2011.blm-cdf""|S813|+2026-06-18T00:00:00Z/11"
44740,1341,set_statement,Done,,,Q140794975,"LAST|P407|Q1860|S248|Q5188229|S356|""10.5201/IPOL.2011.BLM-CDF""|S854|""https://api.crossref.org/works/10.5201/ipol.2011.blm-cdf""|S813|+2026-06-18T00:00:00Z/11"
44740,1342,set_statement,Done,,,Q140794975,"LAST|P921|Q140794708|S248|Q50815456|S854|""https://doi.org/10.5201/ipol.2011.blm-cdf""|S813|+2026-06-18T00:00:00Z/11"
44740,1343,set_statement,Error,api_user_error,Error 422 ('patch-result-invalid-value'): Invalid value in patch result,Q140794708,"Q140794708|P1343|LAST|S248|Q50815456|S854|""https://doi.org/10.5201/ipol.2011.blm-cdf""|S813|+2026-06-18T00:00:00Z/11"
44740,1344,create_item,Done,,,Q140794976,CREATE
44740,1345,set_label,Done,,,Q140794976,"LAST|Len|""On Anisotropic Optical Flow Inpainting Algorithms"""
44740,1346,set_description,Done,,,Q140794976,"LAST|Den|""scientific article published in Image Processing On Line"""
44740,1347,set_statement,Done,,,Q140794976,"LAST|P31|Q18918145|S248|Q5188229|S356|""10.5201/IPOL.2020.281""|S854|""https://api.crossref.org/works/10.5201/ipol.2020.281""|S813|+2026-06-18T00:00:00Z/11"
44740,1348,set_statement,Done,,,Q140794976,"LAST|P356|""10.5201/IPOL.2020.281""|S248|Q5188229|S356|""10.5201/IPOL.2020.281""|S854|""https://api.crossref.org/works/10.5201/ipol.2020.281""|S813|+2026-06-18T00:00:00Z/11"
44740,1349,set_statement,Done,,,Q140794976,"LAST|P1476|en:""On Anisotropic Optical Flow Inpainting Algorithms""|S248|Q5188229|S356|""10.5201/IPOL.2020.281""|S854|""https://api.crossref.org/works/10.5201/ipol.2020.281""|S813|+2026-06-18T00:00:00Z/11"
44740,1350,set_statement,Done,,,Q140794976,"LAST|P1433|Q50815456|S248|Q5188229|S356|""10.5201/IPOL.2020.281""|S854|""https://api.crossref.org/works/10.5201/ipol.2020.281""|S813|+2026-06-18T00:00:00Z/11"
44740,1351,set_statement,Done,,,Q140794976,"LAST|P577|+2020-06-28T00:00:00Z/11|S248|Q5188229|S356|""10.5201/IPOL.2020.281""|S854|""https://api.crossref.org/works/10.5201/ipol.2020.281""|S813|+2026-06-18T00:00:00Z/11"
44740,1352,set_statement,Done,,,Q140794976,"LAST|P407|Q1860|S248|Q5188229|S356|""10.5201/IPOL.2020.281""|S854|""https://api.crossref.org/works/10.5201/ipol.2020.281""|S813|+2026-06-18T00:00:00Z/11"
44740,1353,set_statement,Done,,,Q140794976,"LAST|P921|Q140794709|S248|Q50815456|S854|""https://doi.org/10.5201/ipol.2020.281""|S813|+2026-06-18T00:00:00Z/11"
44740,1354,set_statement,Error,api_user_error,Error 422 ('patch-result-invalid-value'): Invalid value in patch result,Q140794709,"Q140794709|P1343|LAST|S248|Q50815456|S854|""https://doi.org/10.5201/ipol.2020.281""|S813|+2026-06-18T00:00:00Z/11"
44740,1355,create_item,Done,,,Q140794977,CREATE
44740,1356,set_label,Done,,,Q140794977,"LAST|Len|""Implementation of VBM3D and Some Variants"""
44740,1357,set_description,Done,,,Q140794977,"LAST|Den|""scientific article published in Image Processing On Line"""
44740,1358,set_statement,Done,,,Q140794977,"LAST|P31|Q18918145|S248|Q5188229|S356|""10.5201/IPOL.2021.340""|S854|""https://api.crossref.org/works/10.5201/ipol.2021.340""|S813|+2026-06-18T00:00:00Z/11"
44740,1359,set_statement,Done,,,Q140794977,"LAST|P356|""10.5201/IPOL.2021.340""|S248|Q5188229|S356|""10.5201/IPOL.2021.340""|S854|""https://api.crossref.org/works/10.5201/ipol.2021.340""|S813|+2026-06-18T00:00:00Z/11"
44740,1360,set_statement,Done,,,Q140794977,"LAST|P1476|en:""Implementation of VBM3D and Some Variants""|S248|Q5188229|S356|""10.5201/IPOL.2021.340""|S854|""https://api.crossref.org/works/10.5201/ipol.2021.340""|S813|+2026-06-18T00:00:00Z/11"
44740,1361,set_statement,Done,,,Q140794977,"LAST|P1433|Q50815456|S248|Q5188229|S356|""10.5201/IPOL.2021.340""|S854|""https://api.crossref.org/works/10.5201/ipol.2021.340""|S813|+2026-06-18T00:00:00Z/11"
44740,1362,set_statement,Done,,,Q140794977,"LAST|P577|+2021-11-22T00:00:00Z/11|S248|Q5188229|S356|""10.5201/IPOL.2021.340""|S854|""https://api.crossref.org/works/10.5201/ipol.2021.340""|S813|+2026-06-18T00:00:00Z/11"
44740,1363,set_statement,Done,,,Q140794977,"LAST|P407|Q1860|S248|Q5188229|S356|""10.5201/IPOL.2021.340""|S854|""https://api.crossref.org/works/10.5201/ipol.2021.340""|S813|+2026-06-18T00:00:00Z/11"
44740,1364,set_statement,Done,,,Q140794977,"LAST|P921|Q140794711|S248|Q50815456|S854|""https://doi.org/10.5201/ipol.2021.340""|S813|+2026-06-18T00:00:00Z/11"
44740,1365,set_statement,Error,api_user_error,Error 422 ('patch-result-invalid-value'): Invalid value in patch result,Q140794711,"Q140794711|P1343|LAST|S248|Q50815456|S854|""https://doi.org/10.5201/ipol.2021.340""|S813|+2026-06-18T00:00:00Z/11"
44740,1366,create_item,Done,,,Q140794978,CREATE
44740,1367,set_label,Done,,,Q140794978,"LAST|Len|""Kolmogorov and Zabih’s Graph Cuts Stereo Matching Algorithm"""
44740,1368,set_description,Done,,,Q140794978,"LAST|Den|""scientific article published in Image Processing On Line"""
44740,1369,set_statement,Done,,,Q140794978,"LAST|P31|Q18918145|S248|Q5188229|S356|""10.5201/IPOL.2014.97""|S854|""https://api.crossref.org/works/10.5201/ipol.2014.97""|S813|+2026-06-18T00:00:00Z/11"
44740,1370,set_statement,Done,,,Q140794978,"LAST|P356|""10.5201/IPOL.2014.97""|S248|Q5188229|S356|""10.5201/IPOL.2014.97""|S854|""https://api.crossref.org/works/10.5201/ipol.2014.97""|S813|+2026-06-18T00:00:00Z/11"
44740,1371,set_statement,Done,,,Q140794978,"LAST|P1476|en:""Kolmogorov and Zabih’s Graph Cuts Stereo Matching Algorithm""|S248|Q5188229|S356|""10.5201/IPOL.2014.97""|S854|""https://api.crossref.org/works/10.5201/ipol.2014.97""|S813|+2026-06-18T00:00:00Z/11"
44740,1372,set_statement,Done,,,Q140794978,"LAST|P1433|Q50815456|S248|Q5188229|S356|""10.5201/IPOL.2014.97""|S854|""https://api.crossref.org/works/10.5201/ipol.2014.97""|S813|+2026-06-18T00:00:00Z/11"
44740,1373,set_statement,Done,,,Q140794978,"LAST|P577|+2014-10-15T00:00:00Z/11|S248|Q5188229|S356|""10.5201/IPOL.2014.97""|S854|""https://api.crossref.org/works/10.5201/ipol.2014.97""|S813|+2026-06-18T00:00:00Z/11"
44740,1374,set_statement,Done,,,Q140794978,"LAST|P407|Q1860|S248|Q5188229|S356|""10.5201/IPOL.2014.97""|S854|""https://api.crossref.org/works/10.5201/ipol.2014.97""|S813|+2026-06-18T00:00:00Z/11"
44740,1375,set_statement,Done,,,Q140794978,"LAST|P921|Q140794712|S248|Q50815456|S854|""https://doi.org/10.5201/ipol.2014.97""|S813|+2026-06-18T00:00:00Z/11"
44740,1376,set_statement,Error,api_user_error,Error 422 ('patch-result-invalid-value'): Invalid value in patch result,Q140794712,"Q140794712|P1343|LAST|S248|Q50815456|S854|""https://doi.org/10.5201/ipol.2014.97""|S813|+2026-06-18T00:00:00Z/11"
44740,1377,create_item,Done,,,Q140794979,CREATE
44740,1378,set_label,Done,,,Q140794979,"LAST|Len|""The Image Curvature Microscope: Accurate Curvature Computation at Subpixel Resolution"""
44740,1379,set_description,Done,,,Q140794979,"LAST|Den|""scientific article published in Image Processing On Line"""
44740,1380,set_statement,Done,,,Q140794979,"LAST|P31|Q18918145|S248|Q5188229|S356|""10.5201/IPOL.2017.212""|S854|""https://api.crossref.org/works/10.5201/ipol.2017.212""|S813|+2026-06-18T00:00:00Z/11"
44740,1381,set_statement,Done,,,Q140794979,"LAST|P356|""10.5201/IPOL.2017.212""|S248|Q5188229|S356|""10.5201/IPOL.2017.212""|S854|""https://api.crossref.org/works/10.5201/ipol.2017.212""|S813|+2026-06-18T00:00:00Z/11"
44740,1382,set_statement,Done,,,Q140794979,"LAST|P1476|en:""The Image Curvature Microscope: Accurate Curvature Computation at Subpixel Resolution""|S248|Q5188229|S356|""10.5201/IPOL.2017.212""|S854|""https://api.crossref.org/works/10.5201/ipol.2017.212""|S813|+2026-06-18T00:00:00Z/11"
44740,1383,set_statement,Done,,,Q140794979,"LAST|P1433|Q50815456|S248|Q5188229|S356|""10.5201/IPOL.2017.212""|S854|""https://api.crossref.org/works/10.5201/ipol.2017.212""|S813|+2026-06-18T00:00:00Z/11"
44740,1384,set_statement,Done,,,Q140794979,"LAST|P577|+2017-07-28T00:00:00Z/11|S248|Q5188229|S356|""10.5201/IPOL.2017.212""|S854|""https://api.crossref.org/works/10.5201/ipol.2017.212""|S813|+2026-06-18T00:00:00Z/11"
44740,1385,set_statement,Done,,,Q140794979,"LAST|P407|Q1860|S248|Q5188229|S356|""10.5201/IPOL.2017.212""|S854|""https://api.crossref.org/works/10.5201/ipol.2017.212""|S813|+2026-06-18T00:00:00Z/11"
44740,1386,set_statement,Done,,,Q140794979,"LAST|P921|Q140794714|S248|Q50815456|S854|""https://doi.org/10.5201/ipol.2017.212""|S813|+2026-06-18T00:00:00Z/11"
44740,1387,set_statement,Error,api_user_error,Error 422 ('patch-result-invalid-value'): Invalid value in patch result,Q140794714,"Q140794714|P1343|LAST|S248|Q50815456|S854|""https://doi.org/10.5201/ipol.2017.212""|S813|+2026-06-18T00:00:00Z/11"
44740,1388,create_item,Done,,,Q140794980,CREATE
44740,1389,set_label,Done,,,Q140794980,"LAST|Len|""Analysis and Extension of the PCA Method, Estimating a Noise Curve from a Single Image"""
44740,1390,set_description,Done,,,Q140794980,"LAST|Den|""scientific article published in Image Processing On Line"""
44740,1391,set_statement,Done,,,Q140794980,"LAST|P31|Q18918145|S248|Q5188229|S356|""10.5201/IPOL.2016.124""|S854|""https://api.crossref.org/works/10.5201/ipol.2016.124""|S813|+2026-06-18T00:00:00Z/11"
44740,1392,set_statement,Done,,,Q140794980,"LAST|P356|""10.5201/IPOL.2016.124""|S248|Q5188229|S356|""10.5201/IPOL.2016.124""|S854|""https://api.crossref.org/works/10.5201/ipol.2016.124""|S813|+2026-06-18T00:00:00Z/11"
44740,1393,set_statement,Done,,,Q140794980,"LAST|P1476|en:""Analysis and Extension of the PCA Method, Estimating a Noise Curve from a Single Image""|S248|Q5188229|S356|""10.5201/IPOL.2016.124""|S854|""https://api.crossref.org/works/10.5201/ipol.2016.124""|S813|+2026-06-18T00:00:00Z/11"
44740,1394,set_statement,Done,,,Q140794980,"LAST|P1433|Q50815456|S248|Q5188229|S356|""10.5201/IPOL.2016.124""|S854|""https://api.crossref.org/works/10.5201/ipol.2016.124""|S813|+2026-06-18T00:00:00Z/11"
44740,1395,set_statement,Done,,,Q140794980,"LAST|P577|+2016-12-29T00:00:00Z/11|S248|Q5188229|S356|""10.5201/IPOL.2016.124""|S854|""https://api.crossref.org/works/10.5201/ipol.2016.124""|S813|+2026-06-18T00:00:00Z/11"
44740,1396,set_statement,Done,,,Q140794980,"LAST|P407|Q1860|S248|Q5188229|S356|""10.5201/IPOL.2016.124""|S854|""https://api.crossref.org/works/10.5201/ipol.2016.124""|S813|+2026-06-18T00:00:00Z/11"
44740,1397,set_statement,Done,,,Q140794980,"LAST|P921|Q140794715|S248|Q50815456|S854|""https://doi.org/10.5201/ipol.2016.124""|S813|+2026-06-18T00:00:00Z/11"
44740,1398,set_statement,Error,api_user_error,Error 422 ('patch-result-invalid-value'): Invalid value in patch result,Q140794715,"Q140794715|P1343|LAST|S248|Q50815456|S854|""https://doi.org/10.5201/ipol.2016.124""|S813|+2026-06-18T00:00:00Z/11"
44740,1399,create_item,Done,,,Q140794981,CREATE
44740,1400,set_label,Done,,,Q140794981,"LAST|Len|""Unsupervised Smooth Contour Detection"""
44740,1401,set_description,Done,,,Q140794981,"LAST|Den|""scientific article published in Image Processing On Line"""
44740,1402,set_statement,Done,,,Q140794981,"LAST|P31|Q18918145|S248|Q5188229|S356|""10.5201/IPOL.2016.175""|S854|""https://api.crossref.org/works/10.5201/ipol.2016.175""|S813|+2026-06-18T00:00:00Z/11"
44740,1403,set_statement,Done,,,Q140794981,"LAST|P356|""10.5201/IPOL.2016.175""|S248|Q5188229|S356|""10.5201/IPOL.2016.175""|S854|""https://api.crossref.org/works/10.5201/ipol.2016.175""|S813|+2026-06-18T00:00:00Z/11"
44740,1404,set_statement,Done,,,Q140794981,"LAST|P1476|en:""Unsupervised Smooth Contour Detection""|S248|Q5188229|S356|""10.5201/IPOL.2016.175""|S854|""https://api.crossref.org/works/10.5201/ipol.2016.175""|S813|+2026-06-18T00:00:00Z/11"
44740,1405,set_statement,Done,,,Q140794981,"LAST|P1433|Q50815456|S248|Q5188229|S356|""10.5201/IPOL.2016.175""|S854|""https://api.crossref.org/works/10.5201/ipol.2016.175""|S813|+2026-06-18T00:00:00Z/11"
44740,1406,set_statement,Done,,,Q140794981,"LAST|P577|+2016-11-18T00:00:00Z/11|S248|Q5188229|S356|""10.5201/IPOL.2016.175""|S854|""https://api.crossref.org/works/10.5201/ipol.2016.175""|S813|+2026-06-18T00:00:00Z/11"
44740,1407,set_statement,Done,,,Q140794981,"LAST|P407|Q1860|S248|Q5188229|S356|""10.5201/IPOL.2016.175""|S854|""https://api.crossref.org/works/10.5201/ipol.2016.175""|S813|+2026-06-18T00:00:00Z/11"
44740,1408,set_statement,Done,,,Q140794981,"LAST|P921|Q140794716|S248|Q50815456|S854|""https://doi.org/10.5201/ipol.2016.175""|S813|+2026-06-18T00:00:00Z/11"
44740,1409,set_statement,Error,api_user_error,Error 422 ('patch-result-invalid-value'): Invalid value in patch result,Q140794716,"Q140794716|P1343|LAST|S248|Q50815456|S854|""https://doi.org/10.5201/ipol.2016.175""|S813|+2026-06-18T00:00:00Z/11"
44740,1410,create_item,Done,,,Q140794982,CREATE
44740,1411,set_label,Done,,,Q140794982,"LAST|Len|""Automatic Detection of Internal Copy-Move Forgeries in Images"""
44740,1412,set_description,Done,,,Q140794982,"LAST|Den|""scientific article published in Image Processing On Line"""
44740,1413,set_statement,Done,,,Q140794982,"LAST|P31|Q18918145|S248|Q5188229|S356|""10.5201/IPOL.2018.213""|S854|""https://api.crossref.org/works/10.5201/ipol.2018.213""|S813|+2026-06-18T00:00:00Z/11"
44740,1414,set_statement,Done,,,Q140794982,"LAST|P356|""10.5201/IPOL.2018.213""|S248|Q5188229|S356|""10.5201/IPOL.2018.213""|S854|""https://api.crossref.org/works/10.5201/ipol.2018.213""|S813|+2026-06-18T00:00:00Z/11"
44740,1415,set_statement,Done,,,Q140794982,"LAST|P1476|en:""Automatic Detection of Internal Copy-Move Forgeries in Images""|S248|Q5188229|S356|""10.5201/IPOL.2018.213""|S854|""https://api.crossref.org/works/10.5201/ipol.2018.213""|S813|+2026-06-18T00:00:00Z/11"
44740,1416,set_statement,Done,,,Q140794982,"LAST|P1433|Q50815456|S248|Q5188229|S356|""10.5201/IPOL.2018.213""|S854|""https://api.crossref.org/works/10.5201/ipol.2018.213""|S813|+2026-06-18T00:00:00Z/11"
44740,1417,set_statement,Done,,,Q140794982,"LAST|P577|+2018-07-25T00:00:00Z/11|S248|Q5188229|S356|""10.5201/IPOL.2018.213""|S854|""https://api.crossref.org/works/10.5201/ipol.2018.213""|S813|+2026-06-18T00:00:00Z/11"
44740,1418,set_statement,Done,,,Q140794982,"LAST|P407|Q1860|S248|Q5188229|S356|""10.5201/IPOL.2018.213""|S854|""https://api.crossref.org/works/10.5201/ipol.2018.213""|S813|+2026-06-18T00:00:00Z/11"
44740,1419,set_statement,Done,,,Q140794982,"LAST|P921|Q140794717|S248|Q50815456|S854|""https://doi.org/10.5201/ipol.2018.213""|S813|+2026-06-18T00:00:00Z/11"
44740,1420,set_statement,Error,api_user_error,Error 422 ('patch-result-invalid-value'): Invalid value in patch result,Q140794717,"Q140794717|P1343|LAST|S248|Q50815456|S854|""https://doi.org/10.5201/ipol.2018.213""|S813|+2026-06-18T00:00:00Z/11"
44740,1421,create_item,Done,,,Q140794983,CREATE
44740,1422,set_label,Done,,,Q140794983,"LAST|Len|""Total Variation Inpainting using Split Bregman"""
44740,1423,set_description,Done,,,Q140794983,"LAST|Den|""scientific article published in Image Processing On Line"""
44740,1424,set_statement,Done,,,Q140794983,"LAST|P31|Q18918145|S248|Q5188229|S356|""10.5201/IPOL.2012.G-TVI""|S854|""https://api.crossref.org/works/10.5201/ipol.2012.g-tvi""|S813|+2026-06-18T00:00:00Z/11"
44740,1425,set_statement,Done,,,Q140794983,"LAST|P356|""10.5201/IPOL.2012.G-TVI""|S248|Q5188229|S356|""10.5201/IPOL.2012.G-TVI""|S854|""https://api.crossref.org/works/10.5201/ipol.2012.g-tvi""|S813|+2026-06-18T00:00:00Z/11"
44740,1426,set_statement,Done,,,Q140794983,"LAST|P1476|en:""Total Variation Inpainting using Split Bregman""|S248|Q5188229|S356|""10.5201/IPOL.2012.G-TVI""|S854|""https://api.crossref.org/works/10.5201/ipol.2012.g-tvi""|S813|+2026-06-18T00:00:00Z/11"
44740,1427,set_statement,Done,,,Q140794983,"LAST|P1433|Q50815456|S248|Q5188229|S356|""10.5201/IPOL.2012.G-TVI""|S854|""https://api.crossref.org/works/10.5201/ipol.2012.g-tvi""|S813|+2026-06-18T00:00:00Z/11"
44740,1428,set_statement,Done,,,Q140794983,"LAST|P577|+2012-07-30T00:00:00Z/11|S248|Q5188229|S356|""10.5201/IPOL.2012.G-TVI""|S854|""https://api.crossref.org/works/10.5201/ipol.2012.g-tvi""|S813|+2026-06-18T00:00:00Z/11"
44740,1429,set_statement,Done,,,Q140794983,"LAST|P407|Q1860|S248|Q5188229|S356|""10.5201/IPOL.2012.G-TVI""|S854|""https://api.crossref.org/works/10.5201/ipol.2012.g-tvi""|S813|+2026-06-18T00:00:00Z/11"
44740,1430,set_statement,Done,,,Q140794983,"LAST|P921|Q140794718|S248|Q50815456|S854|""https://doi.org/10.5201/ipol.2012.g-tvi""|S813|+2026-06-18T00:00:00Z/11"
44740,1431,set_statement,Error,api_user_error,Error 422 ('patch-result-invalid-value'): Invalid value in patch result,Q140794718,"Q140794718|P1343|LAST|S248|Q50815456|S854|""https://doi.org/10.5201/ipol.2012.g-tvi""|S813|+2026-06-18T00:00:00Z/11"
44740,1432,create_item,Done,,,Q140794984,CREATE
44740,1433,set_label,Done,,,Q140794984,"LAST|Len|""Non-Local Means Filters for Full Polarimetric Synthetic Aperture Radar Images with Stochastic Distances"""
44740,1434,set_description,Done,,,Q140794984,"LAST|Den|""scientific article published in Image Processing On Line"""
44740,1435,set_statement,Done,,,Q140794984,"LAST|P31|Q18918145|S248|Q5188229|S356|""10.5201/IPOL.2022.346""|S854|""https://api.crossref.org/works/10.5201/ipol.2022.346""|S813|+2026-06-18T00:00:00Z/11"
44740,1436,set_statement,Done,,,Q140794984,"LAST|P356|""10.5201/IPOL.2022.346""|S248|Q5188229|S356|""10.5201/IPOL.2022.346""|S854|""https://api.crossref.org/works/10.5201/ipol.2022.346""|S813|+2026-06-18T00:00:00Z/11"
44740,1437,set_statement,Done,,,Q140794984,"LAST|P1476|en:""Non-Local Means Filters for Full Polarimetric Synthetic Aperture Radar Images with Stochastic Distances""|S248|Q5188229|S356|""10.5201/IPOL.2022.346""|S854|""https://api.crossref.org/works/10.5201/ipol.2022.346""|S813|+2026-06-18T00:00:00Z/11"
44740,1438,set_statement,Done,,,Q140794984,"LAST|P1433|Q50815456|S248|Q5188229|S356|""10.5201/IPOL.2022.346""|S854|""https://api.crossref.org/works/10.5201/ipol.2022.346""|S813|+2026-06-18T00:00:00Z/11"
44740,1439,set_statement,Done,,,Q140794984,"LAST|P577|+2022-04-25T00:00:00Z/11|S248|Q5188229|S356|""10.5201/IPOL.2022.346""|S854|""https://api.crossref.org/works/10.5201/ipol.2022.346""|S813|+2026-06-18T00:00:00Z/11"
44740,1440,set_statement,Done,,,Q140794984,"LAST|P407|Q1860|S248|Q5188229|S356|""10.5201/IPOL.2022.346""|S854|""https://api.crossref.org/works/10.5201/ipol.2022.346""|S813|+2026-06-18T00:00:00Z/11"
44740,1441,set_statement,Done,,,Q140794984,"LAST|P921|Q140794719|S248|Q50815456|S854|""https://doi.org/10.5201/ipol.2022.346""|S813|+2026-06-18T00:00:00Z/11"
44740,1442,set_statement,Error,api_user_error,Error 422 ('patch-result-invalid-value'): Invalid value in patch result,Q140794719,"Q140794719|P1343|LAST|S248|Q50815456|S854|""https://doi.org/10.5201/ipol.2022.346""|S813|+2026-06-18T00:00:00Z/11"
44740,1443,create_item,Done,,,Q140794985,CREATE
44740,1444,set_label,Done,,,Q140794985,"LAST|Len|""Color and Contrast Enhancement by Controlled Piecewise Affine Histogram Equalization"""
44740,1445,set_description,Done,,,Q140794985,"LAST|Den|""scientific article published in Image Processing On Line"""
44740,1446,set_statement,Done,,,Q140794985,"LAST|P31|Q18918145|S248|Q5188229|S356|""10.5201/IPOL.2012.LPS-PAE""|S854|""https://api.crossref.org/works/10.5201/ipol.2012.lps-pae""|S813|+2026-06-18T00:00:00Z/11"
44740,1447,set_statement,Done,,,Q140794985,"LAST|P356|""10.5201/IPOL.2012.LPS-PAE""|S248|Q5188229|S356|""10.5201/IPOL.2012.LPS-PAE""|S854|""https://api.crossref.org/works/10.5201/ipol.2012.lps-pae""|S813|+2026-06-18T00:00:00Z/11"
44740,1448,set_statement,Done,,,Q140794985,"LAST|P1476|en:""Color and Contrast Enhancement by Controlled Piecewise Affine Histogram Equalization""|S248|Q5188229|S356|""10.5201/IPOL.2012.LPS-PAE""|S854|""https://api.crossref.org/works/10.5201/ipol.2012.lps-pae""|S813|+2026-06-18T00:00:00Z/11"
44740,1449,set_statement,Done,,,Q140794985,"LAST|P1433|Q50815456|S248|Q5188229|S356|""10.5201/IPOL.2012.LPS-PAE""|S854|""https://api.crossref.org/works/10.5201/ipol.2012.lps-pae""|S813|+2026-06-18T00:00:00Z/11"
44740,1450,set_statement,Done,,,Q140794985,"LAST|P577|+2012-10-17T00:00:00Z/11|S248|Q5188229|S356|""10.5201/IPOL.2012.LPS-PAE""|S854|""https://api.crossref.org/works/10.5201/ipol.2012.lps-pae""|S813|+2026-06-18T00:00:00Z/11"
44740,1451,set_statement,Done,,,Q140794985,"LAST|P407|Q1860|S248|Q5188229|S356|""10.5201/IPOL.2012.LPS-PAE""|S854|""https://api.crossref.org/works/10.5201/ipol.2012.lps-pae""|S813|+2026-06-18T00:00:00Z/11"
44740,1452,set_statement,Done,,,Q140794985,"LAST|P921|Q140794720|S248|Q50815456|S854|""https://doi.org/10.5201/ipol.2012.lps-pae""|S813|+2026-06-18T00:00:00Z/11"
44740,1453,set_statement,Error,api_user_error,Error 422 ('patch-result-invalid-value'): Invalid value in patch result,Q140794720,"Q140794720|P1343|LAST|S248|Q50815456|S854|""https://doi.org/10.5201/ipol.2012.lps-pae""|S813|+2026-06-18T00:00:00Z/11"
44740,1454,create_item,Done,,,Q140794986,CREATE
44740,1455,set_label,Done,,,Q140794986,"LAST|Len|""Stereo Disparity through Cost Aggregation with Guided Filter"""
44740,1456,set_description,Done,,,Q140794986,"LAST|Den|""scientific article published in Image Processing On Line"""
44740,1457,set_statement,Done,,,Q140794986,"LAST|P31|Q18918145|S248|Q5188229|S356|""10.5201/IPOL.2014.78""|S854|""https://api.crossref.org/works/10.5201/ipol.2014.78""|S813|+2026-06-18T00:00:00Z/11"
44740,1458,set_statement,Done,,,Q140794986,"LAST|P356|""10.5201/IPOL.2014.78""|S248|Q5188229|S356|""10.5201/IPOL.2014.78""|S854|""https://api.crossref.org/works/10.5201/ipol.2014.78""|S813|+2026-06-18T00:00:00Z/11"
44740,1459,set_statement,Done,,,Q140794986,"LAST|P1476|en:""Stereo Disparity through Cost Aggregation with Guided Filter""|S248|Q5188229|S356|""10.5201/IPOL.2014.78""|S854|""https://api.crossref.org/works/10.5201/ipol.2014.78""|S813|+2026-06-18T00:00:00Z/11"
44740,1460,set_statement,Done,,,Q140794986,"LAST|P1433|Q50815456|S248|Q5188229|S356|""10.5201/IPOL.2014.78""|S854|""https://api.crossref.org/works/10.5201/ipol.2014.78""|S813|+2026-06-18T00:00:00Z/11"
44740,1461,set_statement,Done,,,Q140794986,"LAST|P577|+2014-10-23T00:00:00Z/11|S248|Q5188229|S356|""10.5201/IPOL.2014.78""|S854|""https://api.crossref.org/works/10.5201/ipol.2014.78""|S813|+2026-06-18T00:00:00Z/11"
44740,1462,set_statement,Done,,,Q140794986,"LAST|P407|Q1860|S248|Q5188229|S356|""10.5201/IPOL.2014.78""|S854|""https://api.crossref.org/works/10.5201/ipol.2014.78""|S813|+2026-06-18T00:00:00Z/11"
44740,1463,set_statement,Done,,,Q140794986,"LAST|P921|Q140794721|S248|Q50815456|S854|""https://doi.org/10.5201/ipol.2014.78""|S813|+2026-06-18T00:00:00Z/11"
44740,1464,set_statement,Error,api_user_error,Error 422 ('patch-result-invalid-value'): Invalid value in patch result,Q140794721,"Q140794721|P1343|LAST|S248|Q50815456|S854|""https://doi.org/10.5201/ipol.2014.78""|S813|+2026-06-18T00:00:00Z/11"
44740,1465,create_item,Done,,,Q140794987,CREATE
44740,1466,set_label,Done,,,Q140794987,"LAST|Len|""A Review of Classic Edge Detectors"""
44740,1467,set_description,Done,,,Q140794987,"LAST|Den|""scientific article published in Image Processing On Line"""
44740,1468,set_statement,Done,,,Q140794987,"LAST|P31|Q18918145|S248|Q5188229|S356|""10.5201/IPOL.2015.35""|S854|""https://api.crossref.org/works/10.5201/ipol.2015.35""|S813|+2026-06-18T00:00:00Z/11"
44740,1469,set_statement,Done,,,Q140794987,"LAST|P356|""10.5201/IPOL.2015.35""|S248|Q5188229|S356|""10.5201/IPOL.2015.35""|S854|""https://api.crossref.org/works/10.5201/ipol.2015.35""|S813|+2026-06-18T00:00:00Z/11"
44740,1470,set_statement,Done,,,Q140794987,"LAST|P1476|en:""A Review of Classic Edge Detectors""|S248|Q5188229|S356|""10.5201/IPOL.2015.35""|S854|""https://api.crossref.org/works/10.5201/ipol.2015.35""|S813|+2026-06-18T00:00:00Z/11"
44740,1471,set_statement,Done,,,Q140794987,"LAST|P1433|Q50815456|S248|Q5188229|S356|""10.5201/IPOL.2015.35""|S854|""https://api.crossref.org/works/10.5201/ipol.2015.35""|S813|+2026-06-18T00:00:00Z/11"
44740,1472,set_statement,Done,,,Q140794987,"LAST|P577|+2015-06-07T00:00:00Z/11|S248|Q5188229|S356|""10.5201/IPOL.2015.35""|S854|""https://api.crossref.org/works/10.5201/ipol.2015.35""|S813|+2026-06-18T00:00:00Z/11"
44740,1473,set_statement,Done,,,Q140794987,"LAST|P407|Q1860|S248|Q5188229|S356|""10.5201/IPOL.2015.35""|S854|""https://api.crossref.org/works/10.5201/ipol.2015.35""|S813|+2026-06-18T00:00:00Z/11"
44740,1474,set_statement,Done,,,Q140794987,"LAST|P921|Q140794722|S248|Q50815456|S854|""https://doi.org/10.5201/ipol.2015.35""|S813|+2026-06-18T00:00:00Z/11"
44740,1475,set_statement,Error,api_user_error,Error 422 ('patch-result-invalid-value'): Invalid value in patch result,Q140794722,"Q140794722|P1343|LAST|S248|Q50815456|S854|""https://doi.org/10.5201/ipol.2015.35""|S813|+2026-06-18T00:00:00Z/11"
44740,1476,create_item,Done,,,Q140794988,CREATE
44740,1477,set_label,Done,,,Q140794988,"LAST|Len|""An Analysis of the Viola-Jones Face Detection Algorithm"""
44740,1478,set_description,Done,,,Q140794988,"LAST|Den|""scientific article published in Image Processing On Line"""
44740,1479,set_statement,Done,,,Q140794988,"LAST|P31|Q18918145|S248|Q5188229|S356|""10.5201/IPOL.2014.104""|S854|""https://api.crossref.org/works/10.5201/ipol.2014.104""|S813|+2026-06-18T00:00:00Z/11"
44740,1480,set_statement,Done,,,Q140794988,"LAST|P356|""10.5201/IPOL.2014.104""|S248|Q5188229|S356|""10.5201/IPOL.2014.104""|S854|""https://api.crossref.org/works/10.5201/ipol.2014.104""|S813|+2026-06-18T00:00:00Z/11"
44740,1481,set_statement,Done,,,Q140794988,"LAST|P1476|en:""An Analysis of the Viola-Jones Face Detection Algorithm""|S248|Q5188229|S356|""10.5201/IPOL.2014.104""|S854|""https://api.crossref.org/works/10.5201/ipol.2014.104""|S813|+2026-06-18T00:00:00Z/11"
44740,1482,set_statement,Done,,,Q140794988,"LAST|P1433|Q50815456|S248|Q5188229|S356|""10.5201/IPOL.2014.104""|S854|""https://api.crossref.org/works/10.5201/ipol.2014.104""|S813|+2026-06-18T00:00:00Z/11"
44740,1483,set_statement,Done,,,Q140794988,"LAST|P577|+2014-06-26T00:00:00Z/11|S248|Q5188229|S356|""10.5201/IPOL.2014.104""|S854|""https://api.crossref.org/works/10.5201/ipol.2014.104""|S813|+2026-06-18T00:00:00Z/11"
44740,1484,set_statement,Done,,,Q140794988,"LAST|P407|Q1860|S248|Q5188229|S356|""10.5201/IPOL.2014.104""|S854|""https://api.crossref.org/works/10.5201/ipol.2014.104""|S813|+2026-06-18T00:00:00Z/11"
44740,1485,set_statement,Done,,,Q140794988,"LAST|P921|Q140794724|S248|Q50815456|S854|""https://doi.org/10.5201/ipol.2014.104""|S813|+2026-06-18T00:00:00Z/11"
44740,1486,set_statement,Error,api_user_error,Error 422 ('patch-result-invalid-value'): Invalid value in patch result,Q140794724,"Q140794724|P1343|LAST|S248|Q50815456|S854|""https://doi.org/10.5201/ipol.2014.104""|S813|+2026-06-18T00:00:00Z/11"
44740,1487,create_item,Done,,,Q140794989,CREATE
44740,1488,set_label,Done,,,Q140794989,"LAST|Len|""Image Interpolation with Geometric Contour Stencils"""
44740,1489,set_description,Done,,,Q140794989,"LAST|Den|""scientific article published in Image Processing On Line (10.5201/ipol.2012.g_igcs)"""
44740,1490,set_statement,Done,,,Q140794989,"LAST|P31|Q18918145|S248|Q5188229|S356|""10.5201/IPOL.2012.G_IGCS""|S854|""https://api.crossref.org/works/10.5201/ipol.2012.g_igcs""|S813|+2026-06-18T00:00:00Z/11"
44740,1491,set_statement,Done,,,Q140794989,"LAST|P356|""10.5201/IPOL.2012.G_IGCS""|S248|Q5188229|S356|""10.5201/IPOL.2012.G_IGCS""|S854|""https://api.crossref.org/works/10.5201/ipol.2012.g_igcs""|S813|+2026-06-18T00:00:00Z/11"
44740,1492,set_statement,Done,,,Q140794989,"LAST|P1476|en:""Image Interpolation with Geometric Contour Stencils""|S248|Q5188229|S356|""10.5201/IPOL.2012.G_IGCS""|S854|""https://api.crossref.org/works/10.5201/ipol.2012.g_igcs""|S813|+2026-06-18T00:00:00Z/11"
44740,1493,set_statement,Done,,,Q140794989,"LAST|P1433|Q50815456|S248|Q5188229|S356|""10.5201/IPOL.2012.G_IGCS""|S854|""https://api.crossref.org/works/10.5201/ipol.2012.g_igcs""|S813|+2026-06-18T00:00:00Z/11"
44740,1494,set_statement,Done,,,Q140794989,"LAST|P577|+2011-09-01T00:00:00Z/11|S248|Q5188229|S356|""10.5201/IPOL.2012.G_IGCS""|S854|""https://api.crossref.org/works/10.5201/ipol.2012.g_igcs""|S813|+2026-06-18T00:00:00Z/11"
44740,1495,set_statement,Done,,,Q140794989,"LAST|P407|Q1860|S248|Q5188229|S356|""10.5201/IPOL.2012.G_IGCS""|S854|""https://api.crossref.org/works/10.5201/ipol.2012.g_igcs""|S813|+2026-06-18T00:00:00Z/11"
44740,1496,set_statement,Done,,,Q140794989,"LAST|P921|Q140794684|S248|Q50815456|S854|""https://doi.org/10.5201/ipol.2012.g_igcs""|S813|+2026-06-18T00:00:00Z/11"
44740,1497,set_statement,Error,api_user_error,Error 422 ('patch-result-invalid-value'): Invalid value in patch result,Q140794684,"Q140794684|P1343|LAST|S248|Q50815456|S854|""https://doi.org/10.5201/ipol.2012.g_igcs""|S813|+2026-06-18T00:00:00Z/11"
44740,1498,create_item,Done,,,Q140794990,CREATE
44740,1499,set_label,Done,,,Q140794990,"LAST|Len|""Poisson Image Editing"""
44740,1500,set_description,Done,,,Q140794990,"LAST|Den|""scientific article published in Image Processing On Line"""
44740,1501,set_statement,Done,,,Q140794990,"LAST|P31|Q18918145|S248|Q5188229|S356|""10.5201/IPOL.2016.163""|S854|""https://api.crossref.org/works/10.5201/ipol.2016.163""|S813|+2026-06-18T00:00:00Z/11"
44740,1502,set_statement,Done,,,Q140794990,"LAST|P356|""10.5201/IPOL.2016.163""|S248|Q5188229|S356|""10.5201/IPOL.2016.163""|S854|""https://api.crossref.org/works/10.5201/ipol.2016.163""|S813|+2026-06-18T00:00:00Z/11"
44740,1503,set_statement,Done,,,Q140794990,"LAST|P1476|en:""Poisson Image Editing""|S248|Q5188229|S356|""10.5201/IPOL.2016.163""|S854|""https://api.crossref.org/works/10.5201/ipol.2016.163""|S813|+2026-06-18T00:00:00Z/11"
44740,1504,set_statement,Done,,,Q140794990,"LAST|P1433|Q50815456|S248|Q5188229|S356|""10.5201/IPOL.2016.163""|S854|""https://api.crossref.org/works/10.5201/ipol.2016.163""|S813|+2026-06-18T00:00:00Z/11"
44740,1505,set_statement,Done,,,Q140794990,"LAST|P577|+2016-11-18T00:00:00Z/11|S248|Q5188229|S356|""10.5201/IPOL.2016.163""|S854|""https://api.crossref.org/works/10.5201/ipol.2016.163""|S813|+2026-06-18T00:00:00Z/11"
44740,1506,set_statement,Done,,,Q140794990,"LAST|P407|Q1860|S248|Q5188229|S356|""10.5201/IPOL.2016.163""|S854|""https://api.crossref.org/works/10.5201/ipol.2016.163""|S813|+2026-06-18T00:00:00Z/11"
44740,1507,set_statement,Done,,,Q140794990,"LAST|P921|Q140794725|S248|Q50815456|S854|""https://doi.org/10.5201/ipol.2016.163""|S813|+2026-06-18T00:00:00Z/11"
44740,1508,set_statement,Error,api_user_error,Error 422 ('patch-result-invalid-value'): Invalid value in patch result,Q140794725,"Q140794725|P1343|LAST|S248|Q50815456|S854|""https://doi.org/10.5201/ipol.2016.163""|S813|+2026-06-18T00:00:00Z/11"
44740,1509,create_item,Done,,,Q140794991,CREATE
44740,1510,set_label,Done,,,Q140794991,"LAST|Len|""Variational Framework for Non-Local Inpainting"""
44740,1511,set_description,Done,,,Q140794991,"LAST|Den|""scientific article published in Image Processing On Line"""
44740,1512,set_statement,Done,,,Q140794991,"LAST|P31|Q18918145|S248|Q5188229|S356|""10.5201/IPOL.2015.136""|S854|""https://api.crossref.org/works/10.5201/ipol.2015.136""|S813|+2026-06-18T00:00:00Z/11"
44740,1513,set_statement,Done,,,Q140794991,"LAST|P356|""10.5201/IPOL.2015.136""|S248|Q5188229|S356|""10.5201/IPOL.2015.136""|S854|""https://api.crossref.org/works/10.5201/ipol.2015.136""|S813|+2026-06-18T00:00:00Z/11"
44740,1514,set_statement,Done,,,Q140794991,"LAST|P1476|en:""Variational Framework for Non-Local Inpainting""|S248|Q5188229|S356|""10.5201/IPOL.2015.136""|S854|""https://api.crossref.org/works/10.5201/ipol.2015.136""|S813|+2026-06-18T00:00:00Z/11"
44740,1515,set_statement,Done,,,Q140794991,"LAST|P1433|Q50815456|S248|Q5188229|S356|""10.5201/IPOL.2015.136""|S854|""https://api.crossref.org/works/10.5201/ipol.2015.136""|S813|+2026-06-18T00:00:00Z/11"
44740,1516,set_statement,Done,,,Q140794991,"LAST|P577|+2015-12-26T00:00:00Z/11|S248|Q5188229|S356|""10.5201/IPOL.2015.136""|S854|""https://api.crossref.org/works/10.5201/ipol.2015.136""|S813|+2026-06-18T00:00:00Z/11"
44740,1517,set_statement,Done,,,Q140794991,"LAST|P407|Q1860|S248|Q5188229|S356|""10.5201/IPOL.2015.136""|S854|""https://api.crossref.org/works/10.5201/ipol.2015.136""|S813|+2026-06-18T00:00:00Z/11"
44740,1518,set_statement,Done,,,Q140794991,"LAST|P921|Q140794726|S248|Q50815456|S854|""https://doi.org/10.5201/ipol.2015.136""|S813|+2026-06-18T00:00:00Z/11"
44740,1519,set_statement,Error,api_user_error,Error 422 ('patch-result-invalid-value'): Invalid value in patch result,Q140794726,"Q140794726|P1343|LAST|S248|Q50815456|S854|""https://doi.org/10.5201/ipol.2015.136""|S813|+2026-06-18T00:00:00Z/11"
44740,1520,create_item,Done,,,Q140794992,CREATE
44740,1521,set_label,Done,,,Q140794992,"LAST|Len|""An Unsupervised Algorithm for Detecting Good"""
44740,1522,set_description,Done,,,Q140794992,"LAST|Den|""scientific article published in Image Processing On Line"""
44740,1523,set_statement,Done,,,Q140794992,"LAST|P31|Q18918145|S248|Q5188229|S356|""10.5201/IPOL.2017.176""|S854|""https://api.crossref.org/works/10.5201/ipol.2017.176""|S813|+2026-06-18T00:00:00Z/11"
44740,1524,set_statement,Done,,,Q140794992,"LAST|P356|""10.5201/IPOL.2017.176""|S248|Q5188229|S356|""10.5201/IPOL.2017.176""|S854|""https://api.crossref.org/works/10.5201/ipol.2017.176""|S813|+2026-06-18T00:00:00Z/11"
44740,1525,set_statement,Done,,,Q140794992,"LAST|P1476|en:""An Unsupervised Algorithm for Detecting Good""|S248|Q5188229|S356|""10.5201/IPOL.2017.176""|S854|""https://api.crossref.org/works/10.5201/ipol.2017.176""|S813|+2026-06-18T00:00:00Z/11"
44740,1526,set_statement,Done,,,Q140794992,"LAST|P1433|Q50815456|S248|Q5188229|S356|""10.5201/IPOL.2017.176""|S854|""https://api.crossref.org/works/10.5201/ipol.2017.176""|S813|+2026-06-18T00:00:00Z/11"
44740,1527,set_statement,Done,,,Q140794992,"LAST|P577|+2017-04-24T00:00:00Z/11|S248|Q5188229|S356|""10.5201/IPOL.2017.176""|S854|""https://api.crossref.org/works/10.5201/ipol.2017.176""|S813|+2026-06-18T00:00:00Z/11"
44740,1528,set_statement,Done,,,Q140794992,"LAST|P407|Q1860|S248|Q5188229|S356|""10.5201/IPOL.2017.176""|S854|""https://api.crossref.org/works/10.5201/ipol.2017.176""|S813|+2026-06-18T00:00:00Z/11"
44740,1529,set_statement,Done,,,Q140794992,"LAST|P921|Q140794727|S248|Q50815456|S854|""https://doi.org/10.5201/ipol.2017.176""|S813|+2026-06-18T00:00:00Z/11"
44740,1530,set_statement,Error,api_user_error,Error 422 ('patch-result-invalid-value'): Invalid value in patch result,Q140794727,"Q140794727|P1343|LAST|S248|Q50815456|S854|""https://doi.org/10.5201/ipol.2017.176""|S813|+2026-06-18T00:00:00Z/11"
44740,1531,create_item,Done,,,Q140794993,CREATE
44740,1532,set_label,Done,,,Q140794993,"LAST|Len|""Local JPEG Grid Detector via Blocking Artifacts, a Forgery Detection Tool"""
44740,1533,set_description,Done,,,Q140794993,"LAST|Den|""scientific article published in Image Processing On Line"""
44740,1534,set_statement,Done,,,Q140794993,"LAST|P31|Q18918145|S248|Q5188229|S356|""10.5201/IPOL.2020.283""|S854|""https://api.crossref.org/works/10.5201/ipol.2020.283""|S813|+2026-06-18T00:00:00Z/11"
44740,1535,set_statement,Done,,,Q140794993,"LAST|P356|""10.5201/IPOL.2020.283""|S248|Q5188229|S356|""10.5201/IPOL.2020.283""|S854|""https://api.crossref.org/works/10.5201/ipol.2020.283""|S813|+2026-06-18T00:00:00Z/11"
44740,1536,set_statement,Done,,,Q140794993,"LAST|P1476|en:""Local JPEG Grid Detector via Blocking Artifacts, a Forgery Detection Tool""|S248|Q5188229|S356|""10.5201/IPOL.2020.283""|S854|""https://api.crossref.org/works/10.5201/ipol.2020.283""|S813|+2026-06-18T00:00:00Z/11"
44740,1537,set_statement,Done,,,Q140794993,"LAST|P1433|Q50815456|S248|Q5188229|S356|""10.5201/IPOL.2020.283""|S854|""https://api.crossref.org/works/10.5201/ipol.2020.283""|S813|+2026-06-18T00:00:00Z/11"
44740,1538,set_statement,Done,,,Q140794993,"LAST|P577|+2020-05-21T00:00:00Z/11|S248|Q5188229|S356|""10.5201/IPOL.2020.283""|S854|""https://api.crossref.org/works/10.5201/ipol.2020.283""|S813|+2026-06-18T00:00:00Z/11"
44740,1539,set_statement,Done,,,Q140794993,"LAST|P407|Q1860|S248|Q5188229|S356|""10.5201/IPOL.2020.283""|S854|""https://api.crossref.org/works/10.5201/ipol.2020.283""|S813|+2026-06-18T00:00:00Z/11"
44740,1540,set_statement,Done,,,Q140794993,"LAST|P921|Q140794728|S248|Q50815456|S854|""https://doi.org/10.5201/ipol.2020.283""|S813|+2026-06-18T00:00:00Z/11"
44740,1541,set_statement,Error,api_user_error,Error 422 ('patch-result-invalid-value'): Invalid value in patch result,Q140794728,"Q140794728|P1343|LAST|S248|Q50815456|S854|""https://doi.org/10.5201/ipol.2020.283""|S813|+2026-06-18T00:00:00Z/11"
44740,1542,create_item,Done,,,Q140794994,CREATE
44740,1543,set_label,Done,,,Q140794994,"LAST|Len|""A C++ Implementation of Otsu’s Image Segmentation Method"""
44740,1544,set_description,Done,,,Q140794994,"LAST|Den|""scientific article published in Image Processing On Line"""
44740,1545,set_statement,Done,,,Q140794994,"LAST|P31|Q18918145|S248|Q5188229|S356|""10.5201/IPOL.2016.158""|S854|""https://api.crossref.org/works/10.5201/ipol.2016.158""|S813|+2026-06-18T00:00:00Z/11"
44740,1546,set_statement,Done,,,Q140794994,"LAST|P356|""10.5201/IPOL.2016.158""|S248|Q5188229|S356|""10.5201/IPOL.2016.158""|S854|""https://api.crossref.org/works/10.5201/ipol.2016.158""|S813|+2026-06-18T00:00:00Z/11"
44740,1547,set_statement,Done,,,Q140794994,"LAST|P1476|en:""A C++ Implementation of Otsu’s Image Segmentation Method""|S248|Q5188229|S356|""10.5201/IPOL.2016.158""|S854|""https://api.crossref.org/works/10.5201/ipol.2016.158""|S813|+2026-06-18T00:00:00Z/11"
44740,1548,set_statement,Done,,,Q140794994,"LAST|P1433|Q50815456|S248|Q5188229|S356|""10.5201/IPOL.2016.158""|S854|""https://api.crossref.org/works/10.5201/ipol.2016.158""|S813|+2026-06-18T00:00:00Z/11"
44740,1549,set_statement,Done,,,Q140794994,"LAST|P577|+2016-07-10T00:00:00Z/11|S248|Q5188229|S356|""10.5201/IPOL.2016.158""|S854|""https://api.crossref.org/works/10.5201/ipol.2016.158""|S813|+2026-06-18T00:00:00Z/11"
44740,1550,set_statement,Done,,,Q140794994,"LAST|P407|Q1860|S248|Q5188229|S356|""10.5201/IPOL.2016.158""|S854|""https://api.crossref.org/works/10.5201/ipol.2016.158""|S813|+2026-06-18T00:00:00Z/11"
44740,1551,set_statement,Done,,,Q140794994,"LAST|P921|Q140794729|S248|Q50815456|S854|""https://doi.org/10.5201/ipol.2016.158""|S813|+2026-06-18T00:00:00Z/11"
44740,1552,set_statement,Error,api_user_error,Error 422 ('patch-result-invalid-value'): Invalid value in patch result,Q140794729,"Q140794729|P1343|LAST|S248|Q50815456|S854|""https://doi.org/10.5201/ipol.2016.158""|S813|+2026-06-18T00:00:00Z/11"
44740,1553,create_item,Done,,,Q140794995,CREATE
44740,1554,set_label,Done,,,Q140794995,"LAST|Len|""Exploring Patch Similarity in an Image"""
44740,1555,set_description,Done,,,Q140794995,"LAST|Den|""scientific article published in Image Processing On Line"""
44740,1556,set_statement,Done,,,Q140794995,"LAST|P31|Q18918145|S248|Q5188229|S356|""10.5201/IPOL.2021.325""|S854|""https://api.crossref.org/works/10.5201/ipol.2021.325""|S813|+2026-06-18T00:00:00Z/11"
44740,1557,set_statement,Done,,,Q140794995,"LAST|P356|""10.5201/IPOL.2021.325""|S248|Q5188229|S356|""10.5201/IPOL.2021.325""|S854|""https://api.crossref.org/works/10.5201/ipol.2021.325""|S813|+2026-06-18T00:00:00Z/11"
44740,1558,set_statement,Done,,,Q140794995,"LAST|P1476|en:""Exploring Patch Similarity in an Image""|S248|Q5188229|S356|""10.5201/IPOL.2021.325""|S854|""https://api.crossref.org/works/10.5201/ipol.2021.325""|S813|+2026-06-18T00:00:00Z/11"
44740,1559,set_statement,Done,,,Q140794995,"LAST|P1433|Q50815456|S248|Q5188229|S356|""10.5201/IPOL.2021.325""|S854|""https://api.crossref.org/works/10.5201/ipol.2021.325""|S813|+2026-06-18T00:00:00Z/11"
44740,1560,set_statement,Done,,,Q140794995,"LAST|P577|+2021-09-21T00:00:00Z/11|S248|Q5188229|S356|""10.5201/IPOL.2021.325""|S854|""https://api.crossref.org/works/10.5201/ipol.2021.325""|S813|+2026-06-18T00:00:00Z/11"
44740,1561,set_statement,Done,,,Q140794995,"LAST|P407|Q1860|S248|Q5188229|S356|""10.5201/IPOL.2021.325""|S854|""https://api.crossref.org/works/10.5201/ipol.2021.325""|S813|+2026-06-18T00:00:00Z/11"
44740,1562,set_statement,Done,,,Q140794995,"LAST|P921|Q140794730|S248|Q50815456|S854|""https://doi.org/10.5201/ipol.2021.325""|S813|+2026-06-18T00:00:00Z/11"
44740,1563,set_statement,Error,api_user_error,Error 422 ('patch-result-invalid-value'): Invalid value in patch result,Q140794730,"Q140794730|P1343|LAST|S248|Q50815456|S854|""https://doi.org/10.5201/ipol.2021.325""|S813|+2026-06-18T00:00:00Z/11"
44740,1564,create_item,Done,,,Q140794996,CREATE
44740,1565,set_label,Done,,,Q140794996,"LAST|Len|""An Algorithm for Gaussian Texture Inpainting"""
44740,1566,set_description,Done,,,Q140794996,"LAST|Den|""scientific article published in Image Processing On Line"""
44740,1567,set_statement,Done,,,Q140794996,"LAST|P31|Q18918145|S248|Q5188229|S356|""10.5201/IPOL.2017.198""|S854|""https://api.crossref.org/works/10.5201/ipol.2017.198""|S813|+2026-06-18T00:00:00Z/11"
44740,1568,set_statement,Done,,,Q140794996,"LAST|P356|""10.5201/IPOL.2017.198""|S248|Q5188229|S356|""10.5201/IPOL.2017.198""|S854|""https://api.crossref.org/works/10.5201/ipol.2017.198""|S813|+2026-06-18T00:00:00Z/11"
44740,1569,set_statement,Done,,,Q140794996,"LAST|P1476|en:""An Algorithm for Gaussian Texture Inpainting""|S248|Q5188229|S356|""10.5201/IPOL.2017.198""|S854|""https://api.crossref.org/works/10.5201/ipol.2017.198""|S813|+2026-06-18T00:00:00Z/11"
44740,1570,set_statement,Done,,,Q140794996,"LAST|P1433|Q50815456|S248|Q5188229|S356|""10.5201/IPOL.2017.198""|S854|""https://api.crossref.org/works/10.5201/ipol.2017.198""|S813|+2026-06-18T00:00:00Z/11"
44740,1571,set_statement,Done,,,Q140794996,"LAST|P577|+2017-10-09T00:00:00Z/11|S248|Q5188229|S356|""10.5201/IPOL.2017.198""|S854|""https://api.crossref.org/works/10.5201/ipol.2017.198""|S813|+2026-06-18T00:00:00Z/11"
44740,1572,set_statement,Done,,,Q140794996,"LAST|P407|Q1860|S248|Q5188229|S356|""10.5201/IPOL.2017.198""|S854|""https://api.crossref.org/works/10.5201/ipol.2017.198""|S813|+2026-06-18T00:00:00Z/11"
44740,1573,set_statement,Done,,,Q140794996,"LAST|P921|Q140794731|S248|Q50815456|S854|""https://doi.org/10.5201/ipol.2017.198""|S813|+2026-06-18T00:00:00Z/11"
44740,1574,set_statement,Error,api_user_error,Error 422 ('patch-result-invalid-value'): Invalid value in patch result,Q140794731,"Q140794731|P1343|LAST|S248|Q50815456|S854|""https://doi.org/10.5201/ipol.2017.198""|S813|+2026-06-18T00:00:00Z/11"
44740,1575,create_item,Done,,,Q140794997,CREATE
44740,1576,set_label,Done,,,Q140794997,"LAST|Len|""Ant Colony Optimization for Estimating Pith Position on Images of Tree Log Ends"""
44740,1577,set_description,Done,,,Q140794997,"LAST|Den|""scientific article published in Image Processing On Line"""
44740,1578,set_statement,Done,,,Q140794997,"LAST|P31|Q18918145|S248|Q5188229|S356|""10.5201/IPOL.2022.338""|S854|""https://api.crossref.org/works/10.5201/ipol.2022.338""|S813|+2026-06-18T00:00:00Z/11"
44740,1579,set_statement,Done,,,Q140794997,"LAST|P356|""10.5201/IPOL.2022.338""|S248|Q5188229|S356|""10.5201/IPOL.2022.338""|S854|""https://api.crossref.org/works/10.5201/ipol.2022.338""|S813|+2026-06-18T00:00:00Z/11"
44740,1580,set_statement,Done,,,Q140794997,"LAST|P1476|en:""Ant Colony Optimization for Estimating Pith Position on Images of Tree Log Ends""|S248|Q5188229|S356|""10.5201/IPOL.2022.338""|S854|""https://api.crossref.org/works/10.5201/ipol.2022.338""|S813|+2026-06-18T00:00:00Z/11"
44740,1581,set_statement,Done,,,Q140794997,"LAST|P1433|Q50815456|S248|Q5188229|S356|""10.5201/IPOL.2022.338""|S854|""https://api.crossref.org/works/10.5201/ipol.2022.338""|S813|+2026-06-18T00:00:00Z/11"
44740,1582,set_statement,Done,,,Q140794997,"LAST|P577|+2022-12-11T00:00:00Z/11|S248|Q5188229|S356|""10.5201/IPOL.2022.338""|S854|""https://api.crossref.org/works/10.5201/ipol.2022.338""|S813|+2026-06-18T00:00:00Z/11"
44740,1583,set_statement,Done,,,Q140794997,"LAST|P407|Q1860|S248|Q5188229|S356|""10.5201/IPOL.2022.338""|S854|""https://api.crossref.org/works/10.5201/ipol.2022.338""|S813|+2026-06-18T00:00:00Z/11"
44740,1584,set_statement,Done,,,Q140794997,"LAST|P921|Q140794734|S248|Q50815456|S854|""https://doi.org/10.5201/ipol.2022.338""|S813|+2026-06-18T00:00:00Z/11"
44740,1585,set_statement,Error,api_user_error,Error 422 ('patch-result-invalid-value'): Invalid value in patch result,Q140794734,"Q140794734|P1343|LAST|S248|Q50815456|S854|""https://doi.org/10.5201/ipol.2022.338""|S813|+2026-06-18T00:00:00Z/11"
44740,1586,create_item,Done,,,Q140794998,CREATE
44740,1587,set_label,Done,,,Q140794998,"LAST|Len|""Hyperspectral Image Classification Using Graph Clustering Methods"""
44740,1588,set_description,Done,,,Q140794998,"LAST|Den|""scientific article published in Image Processing On Line"""
44740,1589,set_statement,Done,,,Q140794998,"LAST|P31|Q18918145|S248|Q5188229|S356|""10.5201/IPOL.2017.204""|S854|""https://api.crossref.org/works/10.5201/ipol.2017.204""|S813|+2026-06-18T00:00:00Z/11"
44740,1590,set_statement,Done,,,Q140794998,"LAST|P356|""10.5201/IPOL.2017.204""|S248|Q5188229|S356|""10.5201/IPOL.2017.204""|S854|""https://api.crossref.org/works/10.5201/ipol.2017.204""|S813|+2026-06-18T00:00:00Z/11"
44740,1591,set_statement,Done,,,Q140794998,"LAST|P1476|en:""Hyperspectral Image Classification Using Graph Clustering Methods""|S248|Q5188229|S356|""10.5201/IPOL.2017.204""|S854|""https://api.crossref.org/works/10.5201/ipol.2017.204""|S813|+2026-06-18T00:00:00Z/11"
44740,1592,set_statement,Done,,,Q140794998,"LAST|P1433|Q50815456|S248|Q5188229|S356|""10.5201/IPOL.2017.204""|S854|""https://api.crossref.org/works/10.5201/ipol.2017.204""|S813|+2026-06-18T00:00:00Z/11"
44740,1593,set_statement,Done,,,Q140794998,"LAST|P577|+2017-08-19T00:00:00Z/11|S248|Q5188229|S356|""10.5201/IPOL.2017.204""|S854|""https://api.crossref.org/works/10.5201/ipol.2017.204""|S813|+2026-06-18T00:00:00Z/11"
44740,1594,set_statement,Done,,,Q140794998,"LAST|P407|Q1860|S248|Q5188229|S356|""10.5201/IPOL.2017.204""|S854|""https://api.crossref.org/works/10.5201/ipol.2017.204""|S813|+2026-06-18T00:00:00Z/11"
44740,1595,set_statement,Done,,,Q140794998,"LAST|P921|Q140794735|S248|Q50815456|S854|""https://doi.org/10.5201/ipol.2017.204""|S813|+2026-06-18T00:00:00Z/11"
44740,1596,set_statement,Error,api_user_error,Error 422 ('patch-result-invalid-value'): Invalid value in patch result,Q140794735,"Q140794735|P1343|LAST|S248|Q50815456|S854|""https://doi.org/10.5201/ipol.2017.204""|S813|+2026-06-18T00:00:00Z/11"
44740,1597,create_item,Done,,,Q140794999,CREATE
44740,1598,set_label,Done,,,Q140794999,"LAST|Len|""A Mathematical Analysis and Implementation of Residual Interpolation Demosaicking Algorithms"""
44740,1599,set_description,Done,,,Q140794999,"LAST|Den|""scientific article published in Image Processing On Line"""
44740,1600,set_statement,Done,,,Q140794999,"LAST|P31|Q18918145|S248|Q5188229|S356|""10.5201/IPOL.2021.358""|S854|""https://api.crossref.org/works/10.5201/ipol.2021.358""|S813|+2026-06-18T00:00:00Z/11"
44740,1601,set_statement,Done,,,Q140794999,"LAST|P356|""10.5201/IPOL.2021.358""|S248|Q5188229|S356|""10.5201/IPOL.2021.358""|S854|""https://api.crossref.org/works/10.5201/ipol.2021.358""|S813|+2026-06-18T00:00:00Z/11"
44740,1602,set_statement,Done,,,Q140794999,"LAST|P1476|en:""A Mathematical Analysis and Implementation of Residual Interpolation Demosaicking Algorithms""|S248|Q5188229|S356|""10.5201/IPOL.2021.358""|S854|""https://api.crossref.org/works/10.5201/ipol.2021.358""|S813|+2026-06-18T00:00:00Z/11"
44740,1603,set_statement,Done,,,Q140794999,"LAST|P1433|Q50815456|S248|Q5188229|S356|""10.5201/IPOL.2021.358""|S854|""https://api.crossref.org/works/10.5201/ipol.2021.358""|S813|+2026-06-18T00:00:00Z/11"
44740,1604,set_statement,Done,,,Q140794999,"LAST|P577|+2021-07-27T00:00:00Z/11|S248|Q5188229|S356|""10.5201/IPOL.2021.358""|S854|""https://api.crossref.org/works/10.5201/ipol.2021.358""|S813|+2026-06-18T00:00:00Z/11"
44740,1605,set_statement,Done,,,Q140794999,"LAST|P407|Q1860|S248|Q5188229|S356|""10.5201/IPOL.2021.358""|S854|""https://api.crossref.org/works/10.5201/ipol.2021.358""|S813|+2026-06-18T00:00:00Z/11"
44740,1606,set_statement,Done,,,Q140794999,"LAST|P921|Q140794736|S248|Q50815456|S854|""https://doi.org/10.5201/ipol.2021.358""|S813|+2026-06-18T00:00:00Z/11"
44740,1607,set_statement,Error,api_user_error,Error 422 ('patch-result-invalid-value'): Invalid value in patch result,Q140794736,"Q140794736|P1343|LAST|S248|Q50815456|S854|""https://doi.org/10.5201/ipol.2021.358""|S813|+2026-06-18T00:00:00Z/11"
44740,1608,create_item,Done,,,Q140795000,CREATE
44740,1609,set_label,Done,,,Q140795000,"LAST|Len|""Simplest Color Balance"""
44740,1610,set_description,Done,,,Q140795000,"LAST|Den|""scientific article published in Image Processing On Line"""
44740,1611,set_statement,Done,,,Q140795000,"LAST|P31|Q18918145|S248|Q5188229|S356|""10.5201/IPOL.2011.LLMPS-SCB""|S854|""https://api.crossref.org/works/10.5201/ipol.2011.llmps-scb""|S813|+2026-06-18T00:00:00Z/11"
44740,1612,set_statement,Done,,,Q140795000,"LAST|P356|""10.5201/IPOL.2011.LLMPS-SCB""|S248|Q5188229|S356|""10.5201/IPOL.2011.LLMPS-SCB""|S854|""https://api.crossref.org/works/10.5201/ipol.2011.llmps-scb""|S813|+2026-06-18T00:00:00Z/11"
44740,1613,set_statement,Done,,,Q140795000,"LAST|P1476|en:""Simplest Color Balance""|S248|Q5188229|S356|""10.5201/IPOL.2011.LLMPS-SCB""|S854|""https://api.crossref.org/works/10.5201/ipol.2011.llmps-scb""|S813|+2026-06-18T00:00:00Z/11"
44740,1614,set_statement,Done,,,Q140795000,"LAST|P1433|Q50815456|S248|Q5188229|S356|""10.5201/IPOL.2011.LLMPS-SCB""|S854|""https://api.crossref.org/works/10.5201/ipol.2011.llmps-scb""|S813|+2026-06-18T00:00:00Z/11"
44740,1615,set_statement,Done,,,Q140795000,"LAST|P577|+2011-10-24T00:00:00Z/11|S248|Q5188229|S356|""10.5201/IPOL.2011.LLMPS-SCB""|S854|""https://api.crossref.org/works/10.5201/ipol.2011.llmps-scb""|S813|+2026-06-18T00:00:00Z/11"
44740,1616,set_statement,Done,,,Q140795000,"LAST|P407|Q1860|S248|Q5188229|S356|""10.5201/IPOL.2011.LLMPS-SCB""|S854|""https://api.crossref.org/works/10.5201/ipol.2011.llmps-scb""|S813|+2026-06-18T00:00:00Z/11"
44740,1617,set_statement,Done,,,Q140795000,"LAST|P921|Q140794737|S248|Q50815456|S854|""https://doi.org/10.5201/ipol.2011.llmps-scb""|S813|+2026-06-18T00:00:00Z/11"
44740,1618,set_statement,Error,api_user_error,Error 422 ('patch-result-invalid-value'): Invalid value in patch result,Q140794737,"Q140794737|P1343|LAST|S248|Q50815456|S854|""https://doi.org/10.5201/ipol.2011.llmps-scb""|S813|+2026-06-18T00:00:00Z/11"
44740,1619,create_item,Done,,,Q140795001,CREATE
44740,1620,set_label,Done,,,Q140795001,"LAST|Len|""The Portilla-Simoncelli Texture Model: towards Understanding the Early Visual Cortex"""
44740,1621,set_description,Done,,,Q140795001,"LAST|Den|""scientific article published in Image Processing On Line"""
44740,1622,set_statement,Done,,,Q140795001,"LAST|P31|Q18918145|S248|Q5188229|S356|""10.5201/IPOL.2021.324""|S854|""https://api.crossref.org/works/10.5201/ipol.2021.324""|S813|+2026-06-18T00:00:00Z/11"
44740,1623,set_statement,Done,,,Q140795001,"LAST|P356|""10.5201/IPOL.2021.324""|S248|Q5188229|S356|""10.5201/IPOL.2021.324""|S854|""https://api.crossref.org/works/10.5201/ipol.2021.324""|S813|+2026-06-18T00:00:00Z/11"
44740,1624,set_statement,Done,,,Q140795001,"LAST|P1476|en:""The Portilla-Simoncelli Texture Model: towards Understanding the Early Visual Cortex""|S248|Q5188229|S356|""10.5201/IPOL.2021.324""|S854|""https://api.crossref.org/works/10.5201/ipol.2021.324""|S813|+2026-06-18T00:00:00Z/11"
44740,1625,set_statement,Done,,,Q140795001,"LAST|P1433|Q50815456|S248|Q5188229|S356|""10.5201/IPOL.2021.324""|S854|""https://api.crossref.org/works/10.5201/ipol.2021.324""|S813|+2026-06-18T00:00:00Z/11"
44740,1626,set_statement,Done,,,Q140795001,"LAST|P577|+2021-07-08T00:00:00Z/11|S248|Q5188229|S356|""10.5201/IPOL.2021.324""|S854|""https://api.crossref.org/works/10.5201/ipol.2021.324""|S813|+2026-06-18T00:00:00Z/11"
44740,1627,set_statement,Done,,,Q140795001,"LAST|P407|Q1860|S248|Q5188229|S356|""10.5201/IPOL.2021.324""|S854|""https://api.crossref.org/works/10.5201/ipol.2021.324""|S813|+2026-06-18T00:00:00Z/11"
44740,1628,set_statement,Done,,,Q140795001,"LAST|P921|Q140794738|S248|Q50815456|S854|""https://doi.org/10.5201/ipol.2021.324""|S813|+2026-06-18T00:00:00Z/11"
44740,1629,set_statement,Error,api_user_error,Error 422 ('patch-result-invalid-value'): Invalid value in patch result,Q140794738,"Q140794738|P1343|LAST|S248|Q50815456|S854|""https://doi.org/10.5201/ipol.2021.324""|S813|+2026-06-18T00:00:00Z/11"
44740,1630,create_item,Done,,,Q140795002,CREATE
44740,1631,set_label,Done,,,Q140795002,"LAST|Len|""Joint TV-L1 Optical Flow and Occlusion Estimation"""
44740,1632,set_description,Done,,,Q140795002,"LAST|Den|""scientific article published in Image Processing On Line"""
44740,1633,set_statement,Done,,,Q140795002,"LAST|P31|Q18918145|S248|Q5188229|S356|""10.5201/IPOL.2019.118""|S854|""https://api.crossref.org/works/10.5201/ipol.2019.118""|S813|+2026-06-18T00:00:00Z/11"
44740,1634,set_statement,Done,,,Q140795002,"LAST|P356|""10.5201/IPOL.2019.118""|S248|Q5188229|S356|""10.5201/IPOL.2019.118""|S854|""https://api.crossref.org/works/10.5201/ipol.2019.118""|S813|+2026-06-18T00:00:00Z/11"
44740,1635,set_statement,Done,,,Q140795002,"LAST|P1476|en:""Joint TV-L1 Optical Flow and Occlusion Estimation""|S248|Q5188229|S356|""10.5201/IPOL.2019.118""|S854|""https://api.crossref.org/works/10.5201/ipol.2019.118""|S813|+2026-06-18T00:00:00Z/11"
44740,1636,set_statement,Done,,,Q140795002,"LAST|P1433|Q50815456|S248|Q5188229|S356|""10.5201/IPOL.2019.118""|S854|""https://api.crossref.org/works/10.5201/ipol.2019.118""|S813|+2026-06-18T00:00:00Z/11"
44740,1637,set_statement,Done,,,Q140795002,"LAST|P577|+2019-12-23T00:00:00Z/11|S248|Q5188229|S356|""10.5201/IPOL.2019.118""|S854|""https://api.crossref.org/works/10.5201/ipol.2019.118""|S813|+2026-06-18T00:00:00Z/11"
44740,1638,set_statement,Done,,,Q140795002,"LAST|P407|Q1860|S248|Q5188229|S356|""10.5201/IPOL.2019.118""|S854|""https://api.crossref.org/works/10.5201/ipol.2019.118""|S813|+2026-06-18T00:00:00Z/11"
44740,1639,set_statement,Done,,,Q140795002,"LAST|P921|Q140794740|S248|Q50815456|S854|""https://doi.org/10.5201/ipol.2019.118""|S813|+2026-06-18T00:00:00Z/11"
44740,1640,set_statement,Error,api_user_error,Error 422 ('patch-result-invalid-value'): Invalid value in patch result,Q140794740,"Q140794740|P1343|LAST|S248|Q50815456|S854|""https://doi.org/10.5201/ipol.2019.118""|S813|+2026-06-18T00:00:00Z/11"
44740,1641,create_item,Done,,,Q140795003,CREATE
44740,1642,set_label,Done,,,Q140795003,"LAST|Len|""Analysis and Extension of the Percentile Method, Estimating a Noise Curve from a Single Image"""
44740,1643,set_description,Done,,,Q140795003,"LAST|Den|""scientific article published in Image Processing On Line"""
44740,1644,set_statement,Done,,,Q140795003,"LAST|P31|Q18918145|S248|Q5188229|S356|""10.5201/IPOL.2013.90""|S854|""https://api.crossref.org/works/10.5201/ipol.2013.90""|S813|+2026-06-18T00:00:00Z/11"
44740,1645,set_statement,Done,,,Q140795003,"LAST|P356|""10.5201/IPOL.2013.90""|S248|Q5188229|S356|""10.5201/IPOL.2013.90""|S854|""https://api.crossref.org/works/10.5201/ipol.2013.90""|S813|+2026-06-18T00:00:00Z/11"
44740,1646,set_statement,Done,,,Q140795003,"LAST|P1476|en:""Analysis and Extension of the Percentile Method, Estimating a Noise Curve from a Single Image""|S248|Q5188229|S356|""10.5201/IPOL.2013.90""|S854|""https://api.crossref.org/works/10.5201/ipol.2013.90""|S813|+2026-06-18T00:00:00Z/11"
44740,1647,set_statement,Done,,,Q140795003,"LAST|P1433|Q50815456|S248|Q5188229|S356|""10.5201/IPOL.2013.90""|S854|""https://api.crossref.org/works/10.5201/ipol.2013.90""|S813|+2026-06-18T00:00:00Z/11"
44740,1648,set_statement,Done,,,Q140795003,"LAST|P577|+2013-12-20T00:00:00Z/11|S248|Q5188229|S356|""10.5201/IPOL.2013.90""|S854|""https://api.crossref.org/works/10.5201/ipol.2013.90""|S813|+2026-06-18T00:00:00Z/11"
44740,1649,set_statement,Done,,,Q140795003,"LAST|P407|Q1860|S248|Q5188229|S356|""10.5201/IPOL.2013.90""|S854|""https://api.crossref.org/works/10.5201/ipol.2013.90""|S813|+2026-06-18T00:00:00Z/11"
44740,1650,set_statement,Done,,,Q140795003,"LAST|P921|Q140794741|S248|Q50815456|S854|""https://doi.org/10.5201/ipol.2013.90""|S813|+2026-06-18T00:00:00Z/11"
44740,1651,set_statement,Error,api_user_error,Error 422 ('patch-result-invalid-value'): Invalid value in patch result,Q140794741,"Q140794741|P1343|LAST|S248|Q50815456|S854|""https://doi.org/10.5201/ipol.2013.90""|S813|+2026-06-18T00:00:00Z/11"
44740,1652,create_item,Done,,,Q140795004,CREATE
44740,1653,set_label,Done,,,Q140795004,"LAST|Len|""Parameter-Free Fast Pixelwise Non-Local Means Denoising"""
44740,1654,set_description,Done,,,Q140795004,"LAST|Den|""scientific article published in Image Processing On Line"""
44740,1655,set_statement,Done,,,Q140795004,"LAST|P31|Q18918145|S248|Q5188229|S356|""10.5201/IPOL.2014.120""|S854|""https://api.crossref.org/works/10.5201/ipol.2014.120""|S813|+2026-06-18T00:00:00Z/11"
44740,1656,set_statement,Done,,,Q140795004,"LAST|P356|""10.5201/IPOL.2014.120""|S248|Q5188229|S356|""10.5201/IPOL.2014.120""|S854|""https://api.crossref.org/works/10.5201/ipol.2014.120""|S813|+2026-06-18T00:00:00Z/11"
44740,1657,set_statement,Done,,,Q140795004,"LAST|P1476|en:""Parameter-Free Fast Pixelwise Non-Local Means Denoising""|S248|Q5188229|S356|""10.5201/IPOL.2014.120""|S854|""https://api.crossref.org/works/10.5201/ipol.2014.120""|S813|+2026-06-18T00:00:00Z/11"
44740,1658,set_statement,Done,,,Q140795004,"LAST|P1433|Q50815456|S248|Q5188229|S356|""10.5201/IPOL.2014.120""|S854|""https://api.crossref.org/works/10.5201/ipol.2014.120""|S813|+2026-06-18T00:00:00Z/11"
44740,1659,set_statement,Done,,,Q140795004,"LAST|P577|+2014-11-19T00:00:00Z/11|S248|Q5188229|S356|""10.5201/IPOL.2014.120""|S854|""https://api.crossref.org/works/10.5201/ipol.2014.120""|S813|+2026-06-18T00:00:00Z/11"
44740,1660,set_statement,Done,,,Q140795004,"LAST|P407|Q1860|S248|Q5188229|S356|""10.5201/IPOL.2014.120""|S854|""https://api.crossref.org/works/10.5201/ipol.2014.120""|S813|+2026-06-18T00:00:00Z/11"
44740,1661,set_statement,Done,,,Q140795004,"LAST|P921|Q140794742|S248|Q50815456|S854|""https://doi.org/10.5201/ipol.2014.120""|S813|+2026-06-18T00:00:00Z/11"
44740,1662,set_statement,Error,api_user_error,Error 422 ('patch-result-invalid-value'): Invalid value in patch result,Q140794742,"Q140794742|P1343|LAST|S248|Q50815456|S854|""https://doi.org/10.5201/ipol.2014.120""|S813|+2026-06-18T00:00:00Z/11"
