batch_id,index,operation,status,error,message,entity_id,raw_input
44708,0,set_statement,Done,,,Q140783036,Q140783036|P1343|Q140788189
44708,1,set_statement,Done,,,Q140783037,Q140783037|P1343|Q113307870
44708,2,set_statement,Done,,,Q140783038,Q140783038|P1343|Q113307920
44708,3,set_statement,Done,,,Q140783039,Q140783039|P1343|Q113307841
44708,4,set_statement,Done,,,Q140783041,Q140783041|P1343|Q58053020
44708,5,set_statement,Done,,,Q140783042,Q140783042|P1343|Q113308146
44708,6,set_statement,Done,,,Q140783043,Q140783043|P1343|Q113308323
44708,7,set_statement,Done,,,Q140783044,Q140783044|P1343|Q113308075
44708,8,set_statement,Done,,,Q140783045,Q140783045|P1343|Q110512128
44708,9,set_statement,Done,,,Q140783046,Q140783046|P1343|Q140788190
44708,10,set_statement,Done,,,Q140783048,Q140783048|P1343|Q140788191
44708,11,set_statement,Done,,,Q140783049,Q140783049|P1343|Q113227638
44708,12,set_statement,Done,,,Q140783050,Q140783050|P1343|Q113227749
44708,13,set_statement,Done,,,Q140783051,Q140783051|P1343|Q140788192
44708,14,set_statement,Done,,,Q140783052,Q140783052|P1343|Q113307851
44708,15,set_statement,Done,,,Q140783053,Q140783053|P1343|Q107904130
44708,16,set_statement,Done,,,Q140783054,Q140783054|P1343|Q140788193
44708,17,set_statement,Done,,,Q140783055,Q140783055|P1343|Q140788194
44708,18,set_statement,Done,,,Q140783056,Q140783056|P1343|Q140788196
44708,19,set_statement,Done,,,Q140783058,Q140783058|P1343|Q113308267
44708,20,set_statement,Done,,,Q140783059,Q140783059|P1343|Q140788197
44708,21,set_statement,Done,,,Q140783060,Q140783060|P1343|Q113308233
44708,22,set_statement,Done,,,Q140783061,Q140783061|P1343|Q140788198
44708,23,set_statement,Done,,,Q140783062,Q140783062|P1343|Q140788199
44708,24,set_statement,Done,,,Q140783065,Q140783065|P1343|Q140788200
44708,25,set_statement,Done,,,Q140783066,Q140783066|P1343|Q113308123
44708,26,set_statement,Done,,,Q140783067,Q140783067|P1343|Q140788201
44708,27,set_statement,Done,,,Q140783068,Q140783068|P1343|Q113227990
44708,28,set_statement,Done,,,Q140783069,Q140783069|P1343|Q113307251
44708,29,set_statement,Done,,,Q140783070,Q140783070|P1343|Q140788202
44708,30,set_statement,Done,,,Q140783071,Q140783071|P1343|Q113307326
44708,31,set_statement,Done,,,Q140783072,Q140783072|P1343|Q140788203
44708,32,set_statement,Done,,,Q140783073,Q140783073|P1343|Q140788204
44708,33,set_statement,Done,,,Q140783074,Q140783074|P1343|Q113227838
44708,34,set_statement,Done,,,Q140783075,Q140783075|P1343|Q140788205
44708,35,set_statement,Done,,,Q140783076,Q140783076|P1343|Q140788206
44708,36,set_statement,Done,,,Q140783077,Q140783077|P1343|Q140788208
44708,37,set_statement,Done,,,Q140783079,Q140783079|P1343|Q113307875
44708,38,set_statement,Done,,,Q140783080,Q140783080|P1343|Q140788209
44708,39,set_statement,Done,,,Q120703068,Q120703068|P1343|Q119695132
44708,40,set_statement,Done,,,Q140783081,Q140783081|P1343|Q140788211
44708,41,set_statement,Done,,,Q127485805,Q127485805|P1343|Q140788212
44708,42,set_statement,Done,,,Q140783082,Q140783082|P1343|Q140788213
44708,43,set_statement,Done,,,Q140783083,Q140783083|P1343|Q140788214
44708,44,set_statement,Done,,,Q140783084,Q140783084|P1343|Q114955088
44708,45,set_statement,Done,,,Q140783085,Q140783085|P1343|Q140788215
44708,46,set_statement,Done,,,Q140783086,Q140783086|P1343|Q140788216
44708,47,set_statement,Done,,,Q140783087,Q140783087|P1343|Q140788217
44708,48,set_statement,Done,,,Q140783088,Q140783088|P1343|Q140788218
44708,49,set_statement,Done,,,Q140783089,Q140783089|P1343|Q140788219
44708,50,set_statement,Done,,,Q140783090,Q140783090|P1343|Q140788220
44708,51,set_statement,Done,,,Q140783091,Q140783091|P1343|Q133848944
44708,52,set_statement,Done,,,Q140783092,Q140783092|P1343|Q113307402
44708,53,set_statement,Done,,,Q140783093,Q140783093|P1343|Q140788221
44708,54,set_statement,Done,,,Q140783094,Q140783094|P1343|Q113307666
44708,55,set_statement,Done,,,Q140783095,Q140783095|P1343|Q113227683
44708,56,set_statement,Done,,,Q140783096,Q140783096|P1343|Q113307902
44708,57,set_statement,Done,,,Q140783097,Q140783097|P1343|Q140788222
44708,58,set_statement,Done,,,Q140783098,Q140783098|P1343|Q140788223
44708,59,set_statement,Done,,,Q140783099,Q140783099|P1343|Q140788224
44708,60,set_statement,Done,,,Q140783100,Q140783100|P1343|Q140788225
44708,61,set_statement,Done,,,Q140783101,Q140783101|P1343|Q113227659
44708,62,set_statement,Done,,,Q140783102,Q140783102|P1343|Q113307514
44708,63,set_statement,Done,,,Q140783103,Q140783103|P1343|Q113308153
44708,64,set_statement,Done,,,Q140783104,Q140783104|P1343|Q140788226
44708,65,set_statement,Done,,,Q140783105,Q140783105|P1343|Q140788228
44708,66,set_statement,Done,,,Q140783106,Q140783106|P1343|Q140788229
44708,67,set_statement,Done,,,Q140783107,Q140783107|P1343|Q113227962
44708,68,set_statement,Done,,,Q140783108,Q140783108|P1343|Q140788230
44708,69,set_statement,Done,,,Q140783109,Q140783109|P1343|Q140788231
44708,70,set_statement,Done,,,Q140783110,Q140783110|P1343|Q113227727
44708,71,set_statement,Done,,,Q140783111,Q140783111|P1343|Q113307173
44708,72,set_statement,Done,,,Q140783112,Q140783112|P1343|Q140788232
44708,73,set_statement,Done,,,Q140783113,Q140783113|P1343|Q113228001
44708,74,set_statement,Done,,,Q140783114,Q140783114|P1343|Q136464816
44708,75,set_statement,Done,,,Q140783115,Q140783115|P1343|Q113227716
44708,76,set_statement,Done,,,Q140783116,Q140783116|P1343|Q135222274
44708,77,set_statement,Done,,,Q140783117,Q140783117|P1343|Q114366267
44708,78,set_statement,Done,,,Q140783118,Q140783118|P1343|Q140788233
44708,79,set_statement,Done,,,Q140783119,Q140783119|P1343|Q113307683
44708,80,set_statement,Done,,,Q140783120,Q140783120|P1343|Q113307699
44708,81,set_statement,Done,,,Q140783121,Q140783121|P1343|Q140788234
44708,82,set_statement,Done,,,Q140783122,Q140783122|P1343|Q113308328
44708,83,set_statement,Done,,,Q140783123,Q140783123|P1343|Q140788235
44708,84,set_statement,Done,,,Q140783124,Q140783124|P1343|Q140788237
44708,85,set_statement,Done,,,Q140783125,Q140783125|P1343|Q140788238
44708,86,set_statement,Done,,,Q140783126,Q140783126|P1343|Q140788239
44708,87,set_statement,Done,,,Q140783127,Q140783127|P1343|Q140788240
44708,88,set_statement,Done,,,Q140783128,Q140783128|P1343|Q140788241
44708,89,set_statement,Done,,,Q140783129,Q140783129|P1343|Q134895438
44708,90,set_statement,Done,,,Q140783130,Q140783130|P1343|Q140788242
44708,91,set_statement,Done,,,Q140783131,Q140783131|P1343|Q140788243
44708,92,set_statement,Done,,,Q140783132,Q140783132|P1343|Q110511553
44708,93,set_statement,Done,,,Q140783133,Q140783133|P1343|Q140788244
44708,94,set_statement,Done,,,Q140783134,Q140783134|P1343|Q111935890
44708,95,set_statement,Done,,,Q140783135,Q140783135|P1343|Q113307262
44708,96,set_statement,Done,,,Q140783136,Q140783136|P1343|Q140788245
44708,97,set_statement,Done,,,Q17069495,Q17069495|P1343|Q140788246
44708,98,set_statement,Done,,,Q140783137,Q140783137|P1343|Q140788247
44708,99,set_statement,Done,,,Q140783138,Q140783138|P1343|Q140788248
44708,100,set_statement,Done,,,Q140783139,Q140783139|P1343|Q113307757
44708,101,set_statement,Done,,,Q140783140,Q140783140|P1343|Q140788249
44708,102,set_statement,Done,,,Q140783141,Q140783141|P1343|Q140788250
44708,103,set_statement,Done,,,Q140783142,Q140783142|P1343|Q113308310
44708,104,set_statement,Done,,,Q5016227,Q5016227|P1343|Q113307975
44708,105,set_statement,Done,,,Q140783143,Q140783143|P1343|Q140788251
44708,106,set_statement,Done,,,Q140783144,Q140783144|P1343|Q138509819
44708,107,set_statement,Done,,,Q140783145,Q140783145|P1343|Q140788252
44708,108,set_statement,Done,,,Q140783146,Q140783146|P1343|Q113227637
44708,109,set_statement,Done,,,Q140783147,Q140783147|P1343|Q140788253
44708,110,set_statement,Done,,,Q140783148,Q140783148|P1343|Q140788254
44708,111,set_statement,Done,,,Q140783149,Q140783149|P1343|Q140788255
44708,112,set_statement,Done,,,Q120962345,Q120962345|P1343|Q85113448
44708,113,set_statement,Done,,,Q140783150,Q140783150|P1343|Q140788256
44708,114,set_statement,Done,,,Q140783152,Q140783152|P1343|Q113307421
44708,115,set_statement,Done,,,Q140783153,Q140783153|P1343|Q113307969
44708,116,set_statement,Done,,,Q140783154,Q140783154|P1343|Q140788257
44708,117,set_statement,Done,,,Q140783155,Q140783155|P1343|Q113306821
44708,118,set_statement,Done,,,Q140783156,Q140783156|P1343|Q113307037
44708,119,set_statement,Done,,,Q140783157,Q140783157|P1343|Q111898754
44708,120,set_statement,Done,,,Q140783158,Q140783158|P1343|Q140788258
44708,121,set_statement,Done,,,Q140783159,Q140783159|P1343|Q140788259
44708,122,set_statement,Done,,,Q107384605,Q107384605|P1343|Q107272666
44708,123,set_statement,Done,,,Q140783160,Q140783160|P1343|Q140788260
44708,124,set_statement,Done,,,Q140783161,Q140783161|P1343|Q113307909
44708,125,set_statement,Done,,,Q140783162,Q140783162|P1343|Q113307276
44708,126,set_statement,Done,,,Q140783163,Q140783163|P1343|Q140788261
44708,127,set_statement,Done,,,Q140783164,Q140783164|P1343|Q140788262
44708,128,set_statement,Done,,,Q140783165,Q140783165|P1343|Q140788263
44708,129,set_statement,Done,,,Q140783166,Q140783166|P1343|Q140788264
44708,130,set_statement,Done,,,Q140783167,Q140783167|P1343|Q113306603
44708,131,set_statement,Done,,,Q140783168,Q140783168|P1343|Q140788265
44708,132,set_statement,Done,,,Q140783169,Q140783169|P1343|Q140788266
44708,133,set_statement,Done,,,Q140783171,Q140783171|P1343|Q140788267
44708,134,set_statement,Done,,,Q140783172,Q140783172|P1343|Q140788268
44708,135,set_statement,Done,,,Q140783173,Q140783173|P1343|Q140788269
44708,136,set_statement,Done,,,Q140783174,Q140783174|P1343|Q140788270
44708,137,set_statement,Done,,,Q140783175,Q140783175|P1343|Q113307332
44708,138,set_statement,Done,,,Q140783176,Q140783176|P1343|Q113227922
44708,139,set_statement,Done,,,Q140783177,Q140783177|P1343|Q140788271
44708,140,set_statement,Done,,,Q140783178,Q140783178|P1343|Q140788272
44708,141,set_statement,Done,,,Q140783179,Q140783179|P1343|Q113227767
44708,142,set_statement,Done,,,Q140783180,Q140783180|P1343|Q113306977
44708,143,set_statement,Done,,,Q140783181,Q140783181|P1343|Q110511604
44708,144,set_statement,Done,,,Q140783182,Q140783182|P1343|Q113307897
44708,145,set_statement,Done,,,Q140783183,Q140783183|P1343|Q62518183
44708,146,set_statement,Done,,,Q140783184,Q140783184|P1343|Q113307612
44708,147,set_statement,Done,,,Q140783185,Q140783185|P1343|Q111899487
44708,148,set_statement,Done,,,Q140783186,Q140783186|P1343|Q113227857
44708,149,set_statement,Done,,,Q140783187,Q140783187|P1343|Q113307599
44708,150,set_statement,Done,,,Q140783188,Q140783188|P1343|Q113307375
44708,151,set_statement,Done,,,Q140783190,Q140783190|P1343|Q113308299
44708,152,set_statement,Done,,,Q140783191,Q140783191|P1343|Q113227758
44708,153,set_statement,Done,,,Q140783192,Q140783192|P1343|Q140788273
44708,154,set_statement,Done,,,Q140783193,Q140783193|P1343|Q140788274
44708,155,set_statement,Done,,,Q140783194,Q140783194|P1343|Q113308308
44708,156,set_statement,Done,,,Q140783195,Q140783195|P1343|Q113227672
44708,157,set_statement,Done,,,Q140783196,Q140783196|P1343|Q140788276
44708,158,set_statement,Done,,,Q140783197,Q140783197|P1343|Q140788277
44708,159,set_statement,Done,,,Q140783198,Q140783198|P1343|Q137059429
44708,160,set_statement,Done,,,Q140783199,Q140783199|P1343|Q113307751
44708,161,set_statement,Done,,,Q140783201,Q140783201|P1343|Q113307176
44708,162,set_statement,Done,,,Q140783202,Q140783202|P1343|Q111149463
44708,163,set_statement,Done,,,Q140783203,Q140783203|P1343|Q113227739
44708,164,set_statement,Done,,,Q140783204,Q140783204|P1343|Q113227929
44708,165,set_statement,Done,,,Q140783205,Q140783205|P1343|Q113227729
44708,166,set_statement,Done,,,Q140783206,Q140783206|P1343|Q140788278
44708,167,set_statement,Done,,,Q140783207,Q140783207|P1343|Q140788279
44708,168,set_statement,Done,,,Q140783208,Q140783208|P1343|Q140788280
44708,169,set_statement,Done,,,Q140783210,Q140783210|P1343|Q140788281
44708,170,set_statement,Done,,,Q140783211,Q140783211|P1343|Q140788282
44708,171,set_statement,Done,,,Q140783212,Q140783212|P1343|Q129227031
44708,172,set_statement,Done,,,Q140783213,Q140783213|P1343|Q140788283
44708,173,set_statement,Done,,,Q140783214,Q140783214|P1343|Q97667634
44708,174,set_statement,Done,,,Q140783215,Q140783215|P1343|Q113307384
44708,175,set_statement,Done,,,Q140783216,Q140783216|P1343|Q113227684
44708,176,set_statement,Done,,,Q140783217,Q140783217|P1343|Q140788284
44708,177,set_statement,Done,,,Q140783218,Q140783218|P1343|Q113307311
44708,178,set_statement,Done,,,Q138142443,Q138142443|P1343|Q113308258
44708,179,set_statement,Done,,,Q140783219,Q140783219|P1343|Q113308231
44708,180,set_statement,Done,,,Q140783220,Q140783220|P1343|Q140788287
44708,181,set_statement,Done,,,Q140783221,Q140783221|P1343|Q113308326
44708,182,set_statement,Done,,,Q140783222,Q140783222|P1343|Q113227619
44708,183,set_statement,Done,,,Q140783223,Q140783223|P1343|Q113308105
44708,184,set_statement,Done,,,Q140783224,Q140783224|P1343|Q113307680
44708,185,set_statement,Done,,,Q140783225,Q140783225|P1343|Q136833184
44708,186,set_statement,Done,,,Q140783226,Q140783226|P1343|Q113227654
44708,187,set_statement,Done,,,Q140783227,Q140783227|P1343|Q113307668
44708,188,set_statement,Done,,,Q140783228,Q140783228|P1343|Q113227752
44708,189,set_statement,Done,,,Q140783229,Q140783229|P1343|Q140788288
44708,190,set_statement,Done,,,Q140783231,Q140783231|P1343|Q113227826
44708,191,set_statement,Done,,,Q140783232,Q140783232|P1343|Q62581728
44708,192,set_statement,Done,,,Q140783233,Q140783233|P1343|Q140788289
44708,193,set_statement,Done,,,Q140783234,Q140783234|P1343|Q140788290
44708,194,set_statement,Done,,,Q140783235,Q140783235|P1343|Q113227966
44708,195,set_statement,Done,,,Q140783236,Q140783236|P1343|Q140788291
44708,196,set_statement,Done,,,Q140783237,Q140783237|P1343|Q140788292
44708,197,set_statement,Done,,,Q140783238,Q140783238|P1343|Q140788293
44708,198,set_statement,Done,,,Q140783239,Q140783239|P1343|Q140788294
44708,199,set_statement,Done,,,Q140783240,Q140783240|P1343|Q111896809
44708,200,set_statement,Done,,,Q140783241,Q140783241|P1343|Q113227893
44708,201,set_statement,Done,,,Q140783242,Q140783242|P1343|Q140788295
44708,202,set_statement,Done,,,Q140783243,Q140783243|P1343|Q140788296
44708,203,set_statement,Done,,,Q140783244,Q140783244|P1343|Q140788297
44708,204,set_statement,Done,,,Q140783245,Q140783245|P1343|Q140788298
44708,205,set_statement,Done,,,Q140783246,Q140783246|P1343|Q140788299
44708,206,set_statement,Done,,,Q140783248,Q140783248|P1343|Q140788300
44708,207,set_statement,Done,,,Q140783249,Q140783249|P1343|Q112108930
44708,208,set_statement,Done,,,Q140783250,Q140783250|P1343|Q113307755
44708,209,set_statement,Done,,,Q140783251,Q140783251|P1343|Q140788302
44708,210,set_statement,Done,,,Q140783252,Q140783252|P1343|Q140788304
44708,211,set_statement,Done,,,Q140783254,Q140783254|P1343|Q140788305
44708,212,set_statement,Done,,,Q140783255,Q140783255|P1343|Q113307678
44708,213,set_statement,Done,,,Q140783256,Q140783256|P1343|Q125445733
44708,214,set_statement,Done,,,Q140783257,Q140783257|P1343|Q121009860
44708,215,set_statement,Done,,,Q140783258,Q140783258|P1343|Q140788308
44708,216,set_statement,Done,,,Q140783259,Q140783259|P1343|Q140788309
44708,217,set_statement,Done,,,Q115117478,Q115117478|P1343|Q107394509
44708,218,set_statement,Done,,,Q140783260,Q140783260|P1343|Q92384670
44708,219,set_statement,Done,,,Q140783261,Q140783261|P1343|Q113227690
44708,220,set_statement,Done,,,Q140783262,Q140783262|P1343|Q113308302
44708,221,set_statement,Done,,,Q140783263,Q140783263|P1343|Q113227918
44708,222,set_statement,Done,,,Q140783264,Q140783264|P1343|Q113308207
44708,223,set_statement,Done,,,Q109561813,Q109561813|P1343|Q113227950
44708,224,set_statement,Done,,,Q140783267,Q140783267|P1343|Q113308177
44708,225,set_statement,Done,,,Q140783268,Q140783268|P1343|Q113307645
44708,226,set_statement,Done,,,Q140783269,Q140783269|P1343|Q67230319
44708,227,set_statement,Done,,,Q140783270,Q140783270|P1343|Q140788310
44708,228,set_statement,Done,,,Q140783271,Q140783271|P1343|Q113227717
44708,229,set_statement,Done,,,Q140783272,Q140783272|P1343|Q113308314
44708,230,set_statement,Done,,,Q140783273,Q140783273|P1343|Q113307449
44708,231,set_statement,Done,,,Q140783274,Q140783274|P1343|Q113227714
44708,232,set_statement,Done,,,Q140783275,Q140783275|P1343|Q113308287
44708,233,set_statement,Done,,,Q140783276,Q140783276|P1343|Q113307279
44708,234,set_statement,Done,,,Q140783277,Q140783277|P1343|Q113307282
44708,235,set_statement,Done,,,Q140783278,Q140783278|P1343|Q113307931
44708,236,set_statement,Done,,,Q140783279,Q140783279|P1343|Q113307800
44708,237,set_statement,Done,,,Q140783280,Q140783280|P1343|Q113308084
44708,238,set_statement,Done,,,Q140783281,Q140783281|P1343|Q113308061
44708,239,set_statement,Done,,,Q140783282,Q140783282|P1343|Q113307205
44708,240,set_statement,Done,,,Q140783283,Q140783283|P1343|Q113307166
44708,241,set_statement,Done,,,Q140783284,Q140783284|P1343|Q113307098
44708,242,set_statement,Done,,,Q140783285,Q140783285|P1343|Q113227733
44708,243,set_statement,Done,,,Q140783286,Q140783286|P1343|Q57863992
44708,244,set_statement,Done,,,Q140783287,Q140783287|P1343|Q113306830
44708,245,set_statement,Done,,,Q140783288,Q140783288|P1343|Q113307526
44708,246,set_statement,Done,,,Q140783289,Q140783289|P1343|Q140788312
44708,247,set_statement,Done,,,Q140783290,Q140783290|P1343|Q135874696
44708,248,set_statement,Done,,,Q140783292,Q140783292|P1343|Q140788313
44708,249,set_statement,Done,,,Q140783293,Q140783293|P1343|Q140788315
44708,250,set_statement,Done,,,Q140783294,Q140783294|P1343|Q113307576
44708,251,set_statement,Done,,,Q140783295,Q140783295|P1343|Q140788316
44708,252,set_statement,Done,,,Q140783296,Q140783296|P1343|Q115074598
44708,253,set_statement,Done,,,Q140783297,Q140783297|P1343|Q140788317
44708,254,set_statement,Done,,,Q140783298,Q140783298|P1343|Q140788318
44708,255,set_statement,Done,,,Q140783299,Q140783299|P1343|Q140788319
44708,256,set_statement,Done,,,Q140783300,Q140783300|P1343|Q140788320
44708,257,set_statement,Done,,,Q140783301,Q140783301|P1343|Q113727666
44708,258,set_statement,Done,,,Q140783302,Q140783302|P1343|Q113307428
44708,259,set_statement,Done,,,Q140783303,Q140783303|P1343|Q140788321
44708,260,set_statement,Done,,,Q140783304,Q140783304|P1343|Q140788322
44708,261,set_statement,Done,,,Q140783305,Q140783305|P1343|Q136269879
44708,262,set_statement,Done,,,Q140783308,Q140783308|P1343|Q113307591
44708,263,set_statement,Done,,,Q140783309,Q140783309|P1343|Q140788323
44708,264,set_statement,Done,,,Q140783310,Q140783310|P1343|Q140788324
44708,265,set_statement,Done,,,Q140783311,Q140783311|P1343|Q140788325
44708,266,set_statement,Done,,,Q140783312,Q140783312|P1343|Q140788326
44708,267,set_statement,Done,,,Q140783313,Q140783313|P1343|Q140788327
44708,268,set_statement,Done,,,Q140783314,Q140783314|P1343|Q140788328
44708,269,set_statement,Done,,,Q140783315,Q140783315|P1343|Q140788329
44708,270,set_statement,Done,,,Q140783316,Q140783316|P1343|Q140788330
44708,271,set_statement,Done,,,Q140783317,Q140783317|P1343|Q140788331
44708,272,set_statement,Done,,,Q140783318,Q140783318|P1343|Q140788332
44708,273,set_statement,Done,,,Q140783319,Q140783319|P1343|Q140788333
44708,274,set_statement,Done,,,Q140783320,Q140783320|P1343|Q140788334
44708,275,set_statement,Done,,,Q140783321,Q140783321|P1343|Q140788335
44708,276,set_statement,Done,,,Q140783322,Q140783322|P1343|Q140788336
44708,277,set_statement,Done,,,Q140783323,Q140783323|P1343|Q140788338
44708,278,set_statement,Done,,,Q140783324,Q140783324|P1343|Q140788339
44708,279,set_statement,Done,,,Q140783325,Q140783325|P1343|Q140788340
44708,280,set_statement,Done,,,Q140783326,Q140783326|P1343|Q140788341
44708,281,set_statement,Done,,,Q140783327,Q140783327|P1343|Q140788342
44708,282,set_statement,Done,,,Q140783328,Q140783328|P1343|Q113307182
44708,283,set_statement,Done,,,Q140783329,Q140783329|P1343|Q110894979
44708,284,set_statement,Done,,,Q140783330,Q140783330|P1343|Q140788343
44708,285,set_statement,Done,,,Q140783331,Q140783331|P1343|Q140788344
44708,286,set_statement,Done,,,Q140783332,Q140783332|P1343|Q140788345
44708,287,set_statement,Done,,,Q140783333,Q140783333|P1343|Q140788346
44708,288,set_statement,Done,,,Q140783334,Q140783334|P1343|Q113307664
44708,289,set_statement,Done,,,Q140783335,Q140783335|P1343|Q140788347
44708,290,set_statement,Done,,,Q140783338,Q140783338|P1343|Q140788348
44708,291,set_statement,Done,,,Q140783339,Q140783339|P1343|Q140788349
44708,292,set_statement,Done,,,Q140783341,Q140783341|P1343|Q140788350
44708,293,set_statement,Done,,,Q140783342,Q140783342|P1343|Q113308340
44708,294,set_statement,Done,,,Q140783343,Q140783343|P1343|Q140788351
44708,295,set_statement,Done,,,Q140783344,Q140783344|P1343|Q140788352
44708,296,set_statement,Done,,,Q140783345,Q140783345|P1343|Q113307955
44708,297,set_statement,Done,,,Q140783346,Q140783346|P1343|Q140788354
44708,298,set_statement,Done,,,Q140783348,Q140783348|P1343|Q140788355
44708,299,set_statement,Done,,,Q140783349,Q140783349|P1343|Q113308216
44708,300,set_statement,Done,,,Q140783350,Q140783350|P1343|Q140788356
44708,301,set_statement,Done,,,Q140783351,Q140783351|P1343|Q140788357
44708,302,set_statement,Done,,,Q140783352,Q140783352|P1343|Q140788358
44708,303,set_statement,Done,,,Q140783353,Q140783353|P1343|Q140788359
44708,304,set_statement,Done,,,Q140783354,Q140783354|P1343|Q140788360
44708,305,set_statement,Done,,,Q140783355,Q140783355|P1343|Q113307379
44708,306,set_statement,Done,,,Q140783356,Q140783356|P1343|Q140788361
44708,307,set_statement,Done,,,Q140783358,Q140783358|P1343|Q113307519
44708,308,set_statement,Done,,,Q140783359,Q140783359|P1343|Q113307799
44708,309,set_statement,Done,,,Q140783360,Q140783360|P1343|Q140788362
44708,310,set_statement,Done,,,Q140783361,Q140783361|P1343|Q140788363
44708,311,set_statement,Done,,,Q140783362,Q140783362|P1343|Q140788364
44708,312,set_statement,Done,,,Q140783363,Q140783363|P1343|Q140788365
44708,313,set_statement,Done,,,Q140783364,Q140783364|P1343|Q107077565
44708,314,set_statement,Done,,,Q140783365,Q140783365|P1343|Q140788366
44708,315,set_statement,Done,,,Q140783366,Q140783366|P1343|Q140788367
44708,316,set_statement,Done,,,Q140783367,Q140783367|P1343|Q113307217
44708,317,set_statement,Done,,,Q140783368,Q140783368|P1343|Q113227967
44708,318,set_statement,Done,,,Q140783369,Q140783369|P1343|Q140788368
44708,319,set_statement,Done,,,Q140783370,Q140783370|P1343|Q113227948
44708,320,set_statement,Done,,,Q140783371,Q140783371|P1343|Q113307489
44708,321,set_statement,Done,,,Q140783372,Q140783372|P1343|Q113307861
44708,322,set_statement,Done,,,Q140783373,Q140783373|P1343|Q113227920
44708,323,set_statement,Done,,,Q140783374,Q140783374|P1343|Q113307447
44708,324,set_statement,Done,,,Q140783375,Q140783375|P1343|Q140788369
44708,325,set_statement,Done,,,Q140783377,Q140783377|P1343|Q113307703
44708,326,set_statement,Done,,,Q140783378,Q140783378|P1343|Q107337636
44708,327,set_statement,Done,,,Q140783379,Q140783379|P1343|Q140788370
44708,328,set_statement,Done,,,Q140783380,Q140783380|P1343|Q113307614
44708,329,set_statement,Done,,,Q140783381,Q140783381|P1343|Q112847922
44708,330,set_statement,Done,,,Q140783382,Q140783382|P1343|Q140788371
44708,331,set_statement,Done,,,Q140783383,Q140783383|P1343|Q113227953
44708,332,set_statement,Done,,,Q140783384,Q140783384|P1343|Q140788372
44708,333,set_statement,Done,,,Q140783385,Q140783385|P1343|Q113307871
44708,334,set_statement,Done,,,Q140783387,Q140783387|P1343|Q111899963
44708,335,set_statement,Done,,,Q140783388,Q140783388|P1343|Q59957449
44708,336,set_statement,Done,,,Q140783389,Q140783389|P1343|Q113308252
44708,337,set_statement,Done,,,Q140783390,Q140783390|P1343|Q113307270
44708,338,set_statement,Done,,,Q140783391,Q140783391|P1343|Q140788373
44708,339,set_statement,Done,,,Q140783392,Q140783392|P1343|Q140788374
44708,340,set_statement,Done,,,Q140783393,Q140783393|P1343|Q113227972
44708,341,set_statement,Done,,,Q140783394,Q140783394|P1343|Q140788375
44708,342,set_statement,Done,,,Q140783395,Q140783395|P1343|Q140788376
44708,343,set_statement,Done,,,Q140783397,Q140783397|P1343|Q113307523
44708,344,set_statement,Done,,,Q140783398,Q140783398|P1343|Q140788377
44708,345,set_statement,Done,,,Q140783399,Q140783399|P1343|Q140788378
44708,346,set_statement,Done,,,Q140783400,Q140783400|P1343|Q140788379
44708,347,set_statement,Done,,,Q140783401,Q140783401|P1343|Q113308010
44708,348,set_statement,Done,,,Q140783402,Q140783402|P1343|Q140788380
44708,349,set_statement,Done,,,Q140783403,Q140783403|P1343|Q140788381
44708,350,set_statement,Done,,,Q140783404,Q140783404|P1343|Q140788382
44708,351,set_statement,Done,,,Q140783405,Q140783405|P1343|Q111897168
44708,352,set_statement,Done,,,Q140783407,Q140783407|P1343|Q113307190
44708,353,set_statement,Done,,,Q140783408,Q140783408|P1343|Q113308040
44708,354,set_statement,Done,,,Q140783409,Q140783409|P1343|Q113308067
44708,355,set_statement,Done,,,Q140783410,Q140783410|P1343|Q113308000
44708,356,set_statement,Done,,,Q140783411,Q140783411|P1343|Q113307034
44708,357,set_statement,Done,,,Q140783412,Q140783412|P1343|Q113307911
44708,358,set_statement,Done,,,Q140783413,Q140783413|P1343|Q113307899
44708,359,set_statement,Done,,,Q140783414,Q140783414|P1343|Q113307436
44708,360,set_statement,Done,,,Q140783415,Q140783415|P1343|Q113227913
44708,361,set_statement,Done,,,Q140783416,Q140783416|P1343|Q113307896
44708,362,set_statement,Done,,,Q140783417,Q140783417|P1343|Q113227841
44708,363,set_statement,Done,,,Q140783418,Q140783418|P1343|Q140788383
44708,364,set_statement,Done,,,Q140783419,Q140783419|P1343|Q140788384
44708,365,set_statement,Done,,,Q140783420,Q140783420|P1343|Q140788385
44708,366,set_statement,Done,,,Q140783421,Q140783421|P1343|Q140788386
44708,367,set_statement,Done,,,Q140783422,Q140783422|P1343|Q140788387
44708,368,set_statement,Done,,,Q140783423,Q140783423|P1343|Q140788388
44708,369,set_statement,Done,,,Q140783424,Q140783424|P1343|Q129409302
44708,370,set_statement,Done,,,Q140783425,Q140783425|P1343|Q140788389
44708,371,set_statement,Done,,,Q140783426,Q140783426|P1343|Q140788390
44708,372,set_statement,Done,,,Q140783427,Q140783427|P1343|Q140788391
44708,373,set_statement,Done,,,Q140783428,Q140783428|P1343|Q129136330
44708,374,set_statement,Done,,,Q140783429,Q140783429|P1343|Q140788392
44708,375,set_statement,Done,,,Q140783430,Q140783430|P1343|Q140788393
44708,376,set_statement,Done,,,Q140783431,Q140783431|P1343|Q140788394
44708,377,set_statement,Done,,,Q140783432,Q140783432|P1343|Q113307381
44708,378,set_statement,Done,,,Q140783433,Q140783433|P1343|Q110873803
44708,379,set_statement,Done,,,Q140783434,Q140783434|P1343|Q136804054
44708,380,set_statement,Done,,,Q140783435,Q140783435|P1343|Q113308174
44708,381,set_statement,Done,,,Q140783436,Q140783436|P1343|Q140788395
44708,382,set_statement,Done,,,Q140783437,Q140783437|P1343|Q113308239
44708,383,set_statement,Done,,,Q140783438,Q140783438|P1343|Q140788396
44708,384,set_statement,Done,,,Q140783439,Q140783439|P1343|Q140788397
44708,385,set_statement,Done,,,Q140783440,Q140783440|P1343|Q113307033
44708,386,set_statement,Done,,,Q140783441,Q140783441|P1343|Q140788398
44708,387,set_statement,Done,,,Q140783442,Q140783442|P1343|Q113307212
44708,388,set_statement,Done,,,Q140783443,Q140783443|P1343|Q140788399
44708,389,set_statement,Done,,,Q140783444,Q140783444|P1343|Q132838530
44708,390,set_statement,Done,,,Q140783445,Q140783445|P1343|Q113307307
44708,391,set_statement,Done,,,Q140783446,Q140783446|P1343|Q140788400
44708,392,set_statement,Done,,,Q140783447,Q140783447|P1343|Q113228007
44708,393,set_statement,Done,,,Q140783448,Q140783448|P1343|Q140788401
44708,394,set_statement,Done,,,Q140783449,Q140783449|P1343|Q140788402
44708,395,set_statement,Done,,,Q140783450,Q140783450|P1343|Q113307622
44708,396,set_statement,Done,,,Q140783451,Q140783451|P1343|Q140788403
44708,397,set_statement,Done,,,Q140783452,Q140783452|P1343|Q111898814
44708,398,set_statement,Done,,,Q140783453,Q140783453|P1343|Q140788404
44708,399,set_statement,Done,,,Q140783454,Q140783454|P1343|Q140788405
44708,400,set_statement,Done,,,Q140783455,Q140783455|P1343|Q140788406
44708,401,set_statement,Done,,,Q140783456,Q140783456|P1343|Q140788407
44708,402,set_statement,Done,,,Q140783457,Q140783457|P1343|Q140788408
44708,403,set_statement,Done,,,Q140783458,Q140783458|P1343|Q140788409
44708,404,set_statement,Done,,,Q140783460,Q140783460|P1343|Q113308325
44708,405,set_statement,Done,,,Q140783461,Q140783461|P1343|Q140788410
44708,406,set_statement,Done,,,Q120237542,Q120237542|P1343|Q113307863
44708,407,set_statement,Done,,,Q140783462,Q140783462|P1343|Q113307268
44708,408,set_statement,Done,,,Q140783463,Q140783463|P1343|Q140788411
44708,409,set_statement,Done,,,Q140783464,Q140783464|P1343|Q140788412
44708,410,set_statement,Done,,,Q140783465,Q140783465|P1343|Q113307895
44708,411,set_statement,Done,,,Q140783466,Q140783466|P1343|Q111897404
44708,412,set_statement,Done,,,Q140783467,Q140783467|P1343|Q140788413
44708,413,set_statement,Done,,,Q140783468,Q140783468|P1343|Q140788414
44708,414,set_statement,Done,,,Q140783469,Q140783469|P1343|Q140788415
44708,415,set_statement,Done,,,Q140783470,Q140783470|P1343|Q130053317
44708,416,set_statement,Done,,,Q120945138,Q120945138|P1343|Q113307633
44708,417,set_statement,Done,,,Q140783471,Q140783471|P1343|Q113307175
44708,418,set_statement,Done,,,Q140783472,Q140783472|P1343|Q140788416
44708,419,set_statement,Done,,,Q140783473,Q140783473|P1343|Q140788417
44708,420,set_statement,Done,,,Q140783474,Q140783474|P1343|Q140788418
44708,421,set_statement,Done,,,Q140783475,Q140783475|P1343|Q113307794
44708,422,set_statement,Done,,,Q140783476,Q140783476|P1343|Q113307946
44708,423,set_statement,Done,,,Q140783477,Q140783477|P1343|Q111900421
44708,424,set_statement,Done,,,Q140783478,Q140783478|P1343|Q113227814
44708,425,set_statement,Done,,,Q140783479,Q140783479|P1343|Q113307167
44708,426,set_statement,Done,,,Q140783480,Q140783480|P1343|Q136563552
44708,427,set_statement,Done,,,Q140783481,Q140783481|P1343|Q113307714
44708,428,set_statement,Done,,,Q140783482,Q140783482|P1343|Q113227660
44708,429,set_statement,Done,,,Q140783483,Q140783483|P1343|Q113227931
44708,430,set_statement,Done,,,Q140783484,Q140783484|P1343|Q140788419
44708,431,set_statement,Done,,,Q140783485,Q140783485|P1343|Q140788420
44708,432,set_statement,Done,,,Q140783486,Q140783486|P1343|Q113307779
44708,433,set_statement,Done,,,Q140783487,Q140783487|P1343|Q113227737
44708,434,set_statement,Done,,,Q140783488,Q140783488|P1343|Q58064824
44708,435,set_statement,Done,,,Q140783490,Q140783490|P1343|Q111899884
44708,436,set_statement,Done,,,Q140783491,Q140783491|P1343|Q57614058
44708,437,set_statement,Done,,,Q140783492,Q140783492|P1343|Q113227713
44708,438,set_statement,Done,,,Q140783493,Q140783493|P1343|Q113227970
44708,439,set_statement,Done,,,Q140783494,Q140783494|P1343|Q61833849
44708,440,set_statement,Done,,,Q140783495,Q140783495|P1343|Q113227938
44708,441,set_statement,Done,,,Q140783496,Q140783496|P1343|Q113307233
44708,442,set_statement,Done,,,Q140783497,Q140783497|P1343|Q105495825
44708,443,set_statement,Done,,,Q140783498,Q140783498|P1343|Q140788421
44708,444,set_statement,Done,,,Q140783499,Q140783499|P1343|Q111901095
44708,445,set_statement,Done,,,Q140783500,Q140783500|P1343|Q111898172
44708,446,set_statement,Done,,,Q140783501,Q140783501|P1343|Q140788422
44708,447,set_statement,Done,,,Q140783502,Q140783502|P1343|Q140788423
44708,448,set_statement,Done,,,Q140783503,Q140783503|P1343|Q113227636
44708,449,set_statement,Done,,,Q107381483,Q107381483|P1343|Q113227573
44708,450,set_statement,Done,,,Q140783504,Q140783504|P1343|Q140788424
44708,451,set_statement,Done,,,Q140783505,Q140783505|P1343|Q115859276
44708,452,set_statement,Done,,,Q140783506,Q140783506|P1343|Q140788425
44708,453,set_statement,Done,,,Q140783507,Q140783507|P1343|Q140788426
44708,454,set_statement,Done,,,Q140783508,Q140783508|P1343|Q113307559
44708,455,set_statement,Done,,,Q140783509,Q140783509|P1343|Q113227835
44708,456,set_statement,Done,,,Q140783510,Q140783510|P1343|Q140788427
44708,457,set_statement,Done,,,Q140783511,Q140783511|P1343|Q140788428
44708,458,set_statement,Done,,,Q140783512,Q140783512|P1343|Q113308283
44708,459,set_statement,Done,,,Q140783513,Q140783513|P1343|Q140788429
44708,460,set_statement,Done,,,Q140783514,Q140783514|P1343|Q140788430
44708,461,set_statement,Done,,,Q140783515,Q140783515|P1343|Q140788431
44708,462,set_statement,Done,,,Q140783516,Q140783516|P1343|Q140788432
44708,463,set_statement,Done,,,Q140783517,Q140783517|P1343|Q140788433
44708,464,set_statement,Done,,,Q140783518,Q140783518|P1343|Q140788434
44708,465,set_statement,Done,,,Q140783519,Q140783519|P1343|Q140788435
44708,466,set_statement,Done,,,Q140783520,Q140783520|P1343|Q140788436
44708,467,set_statement,Done,,,Q140783521,Q140783521|P1343|Q113307647
44708,468,set_statement,Done,,,Q140783522,Q140783522|P1343|Q113307736
44708,469,set_statement,Done,,,Q140783523,Q140783523|P1343|Q140788437
44708,470,set_statement,Done,,,Q140783524,Q140783524|P1343|Q113308338
44708,471,set_statement,Done,,,Q140783525,Q140783525|P1343|Q140788438
44708,472,set_statement,Done,,,Q140783526,Q140783526|P1343|Q140788439
44708,473,set_statement,Done,,,Q140783527,Q140783527|P1343|Q140788440
44708,474,set_statement,Done,,,Q140783528,Q140783528|P1343|Q140788441
44708,475,set_statement,Done,,,Q140783529,Q140783529|P1343|Q119694760
44708,476,set_statement,Done,,,Q140783530,Q140783530|P1343|Q113227694
44708,477,set_statement,Done,,,Q140783531,Q140783531|P1343|Q111925875
44708,478,set_statement,Done,,,Q140783532,Q140783532|P1343|Q130121463
44708,479,set_statement,Done,,,Q140783533,Q140783533|P1343|Q113307595
44708,480,set_statement,Done,,,Q140783534,Q140783534|P1343|Q113306611
44708,481,set_statement,Done,,,Q140783536,Q140783536|P1343|Q113308185
44708,482,set_statement,Done,,,Q140783537,Q140783537|P1343|Q140788442
44708,483,set_statement,Done,,,Q140783538,Q140783538|P1343|Q140788443
44708,484,set_statement,Done,,,Q140783539,Q140783539|P1343|Q113227664
44708,485,set_statement,Done,,,Q140783540,Q140783540|P1343|Q140788444
44708,486,set_statement,Done,,,Q140783541,Q140783541|P1343|Q140788445
44708,487,set_statement,Done,,,Q140783542,Q140783542|P1343|Q113307780
44708,488,set_statement,Done,,,Q140783543,Q140783543|P1343|Q140788446
44708,489,set_statement,Done,,,Q140783544,Q140783544|P1343|Q113227689
44708,490,set_statement,Done,,,Q140783545,Q140783545|P1343|Q57725027
44708,491,set_statement,Done,,,Q140783546,Q140783546|P1343|Q113308093
44708,492,set_statement,Done,,,Q140783547,Q140783547|P1343|Q113307914
44708,493,set_statement,Done,,,Q140783548,Q140783548|P1343|Q140788447
44708,494,set_statement,Done,,,Q140783549,Q140783549|P1343|Q140788448
44708,495,set_statement,Done,,,Q140783550,Q140783550|P1343|Q140788449
44708,496,set_statement,Done,,,Q140783551,Q140783551|P1343|Q140788450
44708,497,set_statement,Done,,,Q140783552,Q140783552|P1343|Q140788451
44708,498,set_statement,Done,,,Q140783553,Q140783553|P1343|Q113308003
44708,499,set_statement,Done,,,Q140783554,Q140783554|P1343|Q113307804
44708,500,set_statement,Done,,,Q140783555,Q140783555|P1343|Q113308171
44708,501,set_statement,Done,,,Q140783556,Q140783556|P1343|Q113227595
44708,502,set_statement,Done,,,Q140783557,Q140783557|P1343|Q140788452
44708,503,set_statement,Done,,,Q140783558,Q140783558|P1343|Q129042626
44708,504,set_statement,Done,,,Q140783559,Q140783559|P1343|Q140788453
44708,505,set_statement,Done,,,Q140783560,Q140783560|P1343|Q140788455
44708,506,set_statement,Done,,,Q140783561,Q140783561|P1343|Q113227965
44708,507,set_statement,Done,,,Q140783562,Q140783562|P1343|Q111898090
44708,508,set_statement,Done,,,Q140783563,Q140783563|P1343|Q140788456
44708,509,set_statement,Done,,,Q140783564,Q140783564|P1343|Q140788457
44708,510,set_statement,Done,,,Q140783565,Q140783565|P1343|Q113307710
44708,511,set_statement,Done,,,Q140783566,Q140783566|P1343|Q113307617
44708,512,set_statement,Done,,,Q140783567,Q140783567|P1343|Q113308080
44708,513,set_statement,Done,,,Q140783568,Q140783568|P1343|Q113227856
44708,514,set_statement,Done,,,Q140783569,Q140783569|P1343|Q113307923
44708,515,set_statement,Done,,,Q140783571,Q140783571|P1343|Q113307917
44708,516,set_statement,Done,,,Q140783572,Q140783572|P1343|Q111901311
44708,517,set_statement,Done,,,Q140783573,Q140783573|P1343|Q113307858
44708,518,set_statement,Done,,,Q140783574,Q140783574|P1343|Q113227781
44708,519,set_statement,Done,,,Q140783575,Q140783575|P1343|Q113307397
44708,520,set_statement,Done,,,Q140783576,Q140783576|P1343|Q113307319
44708,521,set_statement,Done,,,Q140783577,Q140783577|P1343|Q104708444
44708,522,set_statement,Done,,,Q140783578,Q140783578|P1343|Q140788458
44708,523,set_statement,Done,,,Q140783579,Q140783579|P1343|Q140788459
44708,524,set_statement,Done,,,Q140783580,Q140783580|P1343|Q140788460
44708,525,set_statement,Done,,,Q140783581,Q140783581|P1343|Q140788461
44708,526,set_statement,Done,,,Q140783582,Q140783582|P1343|Q113307651
44708,527,set_statement,Done,,,Q107384135,Q107384135|P1343|Q113228008
44708,528,set_statement,Done,,,Q140783583,Q140783583|P1343|Q57531427
44708,529,set_statement,Done,,,Q140783584,Q140783584|P1343|Q113308256
44708,530,set_statement,Done,,,Q140783585,Q140783585|P1343|Q57676858
44708,531,set_statement,Done,,,Q140783586,Q140783586|P1343|Q113308070
44708,532,set_statement,Done,,,Q140783587,Q140783587|P1343|Q113308072
44708,533,set_statement,Done,,,Q140783588,Q140783588|P1343|Q113307960
44708,534,set_statement,Done,,,Q140783589,Q140783589|P1343|Q113227923
44708,535,set_statement,Done,,,Q140783590,Q140783590|P1343|Q113308134
44708,536,set_statement,Done,,,Q140783592,Q140783592|P1343|Q107904175
44708,537,set_statement,Done,,,Q140783593,Q140783593|P1343|Q113307819
44708,538,set_statement,Done,,,Q140783594,Q140783594|P1343|Q140788462
44708,539,set_statement,Done,,,Q140783595,Q140783595|P1343|Q140788463
44708,540,set_statement,Done,,,Q140783596,Q140783596|P1343|Q113227813
44708,541,set_statement,Done,,,Q140783597,Q140783597|P1343|Q140788464
44708,542,set_statement,Done,,,Q140783598,Q140783598|P1343|Q140788465
44708,543,set_statement,Done,,,Q140783599,Q140783599|P1343|Q140788466
44708,544,set_statement,Done,,,Q140783600,Q140783600|P1343|Q140788467
44708,545,set_statement,Done,,,Q140783601,Q140783601|P1343|Q140788468
44708,546,set_statement,Done,,,Q140783602,Q140783602|P1343|Q140788469
44708,547,set_statement,Done,,,Q140783603,Q140783603|P1343|Q140788470
44708,548,set_statement,Done,,,Q140783604,Q140783604|P1343|Q57920803
44708,549,set_statement,Done,,,Q140783605,Q140783605|P1343|Q140788471
44708,550,set_statement,Done,,,Q140783606,Q140783606|P1343|Q111930971
44708,551,set_statement,Done,,,Q140783607,Q140783607|P1343|Q140788472
44708,552,set_statement,Done,,,Q17069495,Q17069495|P1343|Q113308120
44708,553,set_statement,Done,,,Q140783608,Q140783608|P1343|Q140788473
44708,554,set_statement,Done,,,Q140783609,Q140783609|P1343|Q140788474
44708,555,set_statement,Done,,,Q140783610,Q140783610|P1343|Q140788475
44708,556,set_statement,Done,,,Q140783611,Q140783611|P1343|Q140788494
44708,557,set_statement,Done,,,Q140783612,Q140783612|P1343|Q119700775
44708,558,set_statement,Done,,,Q140783613,Q140783613|P1343|Q140788495
44708,559,set_statement,Done,,,Q140783614,Q140783614|P1343|Q140788497
44708,560,set_statement,Done,,,Q140783615,Q140783615|P1343|Q113307784
44708,561,set_statement,Done,,,Q140783616,Q140783616|P1343|Q140788499
44708,562,set_statement,Done,,,Q140783617,Q140783617|P1343|Q140788501
44708,563,set_statement,Done,,,Q140783618,Q140783618|P1343|Q140788503
44708,564,set_statement,Done,,,Q140783619,Q140783619|P1343|Q140788506
44708,565,set_statement,Done,,,Q140783620,Q140783620|P1343|Q140788508
44708,566,set_statement,Done,,,Q140783621,Q140783621|P1343|Q113227759
44708,567,set_statement,Done,,,Q140783622,Q140783622|P1343|Q113307659
44708,568,set_statement,Done,,,Q140783623,Q140783623|P1343|Q113308251
44708,569,set_statement,Done,,,Q140783624,Q140783624|P1343|Q140788509
44708,570,set_statement,Done,,,Q140783625,Q140783625|P1343|Q140788512
44708,571,set_statement,Done,,,Q140783626,Q140783626|P1343|Q140788514
44708,572,set_statement,Done,,,Q140783627,Q140783627|P1343|Q113227919
44708,573,set_statement,Done,,,Q140783628,Q140783628|P1343|Q140788516
44708,574,set_statement,Done,,,Q140783629,Q140783629|P1343|Q113307944
44708,575,set_statement,Done,,,Q140783630,Q140783630|P1343|Q113307940
44708,576,set_statement,Done,,,Q140783631,Q140783631|P1343|Q140788518
44708,577,set_statement,Done,,,Q140783632,Q140783632|P1343|Q113227615
44708,578,set_statement,Done,,,Q140783633,Q140783633|P1343|Q113227914
44708,579,set_statement,Done,,,Q140783634,Q140783634|P1343|Q111898138
44708,580,set_statement,Done,,,Q140783635,Q140783635|P1343|Q113307926
44708,581,set_statement,Done,,,Q140783636,Q140783636|P1343|Q111897467
44708,582,set_statement,Done,,,Q140783637,Q140783637|P1343|Q140788520
44708,583,set_statement,Done,,,Q140783638,Q140783638|P1343|Q140788522
44708,584,set_statement,Done,,,Q140783639,Q140783639|P1343|Q140788524
44708,585,set_statement,Done,,,Q140783640,Q140783640|P1343|Q60457998
44708,586,set_statement,Done,,,Q140783641,Q140783641|P1343|Q140788526
44708,587,set_statement,Done,,,Q140783642,Q140783642|P1343|Q113307323
44708,588,set_statement,Done,,,Q140783643,Q140783643|P1343|Q113307316
44708,589,set_statement,Done,,,Q140783644,Q140783644|P1343|Q140788528
44708,590,set_statement,Done,,,Q140783645,Q140783645|P1343|Q140788530
44708,591,set_statement,Done,,,Q140783646,Q140783646|P1343|Q140788532
44708,592,set_statement,Done,,,Q140783647,Q140783647|P1343|Q113227693
44708,593,set_statement,Done,,,Q140783648,Q140783648|P1343|Q140788534
44708,594,set_statement,Done,,,Q140783649,Q140783649|P1343|Q140788537
44708,595,set_statement,Done,,,Q140783650,Q140783650|P1343|Q113260270
44708,596,set_statement,Done,,,Q140783651,Q140783651|P1343|Q140788539
44708,597,set_statement,Done,,,Q140783652,Q140783652|P1343|Q140788541
44708,598,set_statement,Done,,,Q140783653,Q140783653|P1343|Q140788543
44708,599,set_statement,Done,,,Q140783654,Q140783654|P1343|Q140788544
44708,600,set_statement,Done,,,Q140783655,Q140783655|P1343|Q113227715
44708,601,set_statement,Done,,,Q140783656,Q140783656|P1343|Q140788546
44708,602,set_statement,Done,,,Q140783657,Q140783657|P1343|Q139311209
44708,603,set_statement,Done,,,Q140783658,Q140783658|P1343|Q140788548
44708,604,set_statement,Done,,,Q140783659,Q140783659|P1343|Q111927638
44708,605,set_statement,Done,,,Q140783660,Q140783660|P1343|Q113227892
44708,606,set_statement,Done,,,Q140783661,Q140783661|P1343|Q140788551
44708,607,set_statement,Done,,,Q140783662,Q140783662|P1343|Q113307179
44708,608,set_statement,Done,,,Q140783663,Q140783663|P1343|Q135990800
44708,609,set_statement,Done,,,Q140783664,Q140783664|P1343|Q138509650
44708,610,set_statement,Done,,,Q140783665,Q140783665|P1343|Q110512129
44708,611,set_statement,Done,,,Q140783666,Q140783666|P1343|Q113227779
44708,612,set_statement,Done,,,Q140783667,Q140783667|P1343|Q113308085
44708,613,set_statement,Done,,,Q140783668,Q140783668|P1343|Q57633705
44708,614,set_statement,Done,,,Q140783669,Q140783669|P1343|Q113308182
44708,615,set_statement,Done,,,Q140783670,Q140783670|P1343|Q140788553
44708,616,set_statement,Done,,,Q140783671,Q140783671|P1343|Q111919339
44708,617,set_statement,Done,,,Q116480091,Q116480091|P1343|Q140788554
44708,618,set_statement,Done,,,Q140783672,Q140783672|P1343|Q113307713
44708,619,set_statement,Done,,,Q140783673,Q140783673|P1343|Q140788557
44708,620,set_statement,Done,,,Q140783674,Q140783674|P1343|Q113306771
44708,621,set_statement,Done,,,Q140783675,Q140783675|P1343|Q140788560
44708,622,set_statement,Done,,,Q140783676,Q140783676|P1343|Q113307570
44708,623,set_statement,Done,,,Q140783677,Q140783677|P1343|Q140788561
44708,624,set_statement,Done,,,Q140783678,Q140783678|P1343|Q113307708
44708,625,set_statement,Done,,,Q140783679,Q140783679|P1343|Q140788562
44708,626,set_statement,Done,,,Q140783680,Q140783680|P1343|Q108437185
44708,627,set_statement,Done,,,Q140783681,Q140783681|P1343|Q113227712
44708,628,set_statement,Done,,,Q140783682,Q140783682|P1343|Q113307193
44708,629,set_statement,Done,,,Q140783683,Q140783683|P1343|Q113307042
44708,630,set_statement,Done,,,Q140783685,Q140783685|P1343|Q113308076
44708,631,set_statement,Done,,,Q140783686,Q140783686|P1343|Q113227592
44708,632,set_statement,Done,,,Q140783687,Q140783687|P1343|Q113227909
44708,633,set_statement,Done,,,Q140783688,Q140783688|P1343|Q113227789
44708,634,set_statement,Done,,,Q140783689,Q140783689|P1343|Q113308274
44708,635,set_statement,Done,,,Q140783690,Q140783690|P1343|Q57778805
44708,636,set_statement,Done,,,Q140783692,Q140783692|P1343|Q113307365
44708,637,set_statement,Done,,,Q140783693,Q140783693|P1343|Q140788563
44708,638,set_statement,Done,,,Q140783694,Q140783694|P1343|Q140788564
44708,639,set_statement,Done,,,Q140783695,Q140783695|P1343|Q111900232
44708,640,set_statement,Done,,,Q140783696,Q140783696|P1343|Q140788565
44708,641,set_statement,Done,,,Q140783697,Q140783697|P1343|Q140788566
44708,642,set_statement,Done,,,Q140783698,Q140783698|P1343|Q140788567
44708,643,set_statement,Done,,,Q140783699,Q140783699|P1343|Q113307548
44708,644,set_statement,Done,,,Q140783700,Q140783700|P1343|Q140788569
44708,645,set_statement,Done,,,Q140783701,Q140783701|P1343|Q113307116
44708,646,set_statement,Done,,,Q140783702,Q140783702|P1343|Q140788570
44708,647,set_statement,Done,,,Q140783703,Q140783703|P1343|Q137206458
44708,648,set_statement,Done,,,Q140783704,Q140783704|P1343|Q113308291
44708,649,set_statement,Done,,,Q140783705,Q140783705|P1343|Q140788571
44708,650,set_statement,Done,,,Q140783706,Q140783706|P1343|Q140788572
44708,651,set_statement,Done,,,Q140783707,Q140783707|P1343|Q110512124
44708,652,set_statement,Done,,,Q140783708,Q140783708|P1343|Q140788573
44708,653,set_statement,Done,,,Q120596752,Q120596752|P1343|Q140788574
44708,654,set_statement,Done,,,Q140783709,Q140783709|P1343|Q140788575
44708,655,set_statement,Done,,,Q140783711,Q140783711|P1343|Q140788576
44708,656,set_statement,Done,,,Q140783712,Q140783712|P1343|Q113307704
44708,657,set_statement,Done,,,Q140783713,Q140783713|P1343|Q113308227
44708,658,set_statement,Done,,,Q140783714,Q140783714|P1343|Q140788577
44708,659,set_statement,Done,,,Q140783715,Q140783715|P1343|Q140788578
44708,660,set_statement,Done,,,Q140783716,Q140783716|P1343|Q140788579
44708,661,set_statement,Done,,,Q140783717,Q140783717|P1343|Q140788580
44708,662,set_statement,Done,,,Q140783718,Q140783718|P1343|Q140788581
44708,663,set_statement,Done,,,Q140783719,Q140783719|P1343|Q140788582
44708,664,set_statement,Done,,,Q140783720,Q140783720|P1343|Q140788583
44708,665,set_statement,Done,,,Q140783721,Q140783721|P1343|Q140616978
44708,666,set_statement,Done,,,Q140783722,Q140783722|P1343|Q140788584
44708,667,set_statement,Done,,,Q140783723,Q140783723|P1343|Q140788585
44708,668,set_statement,Done,,,Q140783724,Q140783724|P1343|Q140788586
44708,669,set_statement,Done,,,Q140783725,Q140783725|P1343|Q140788587
44708,670,set_statement,Done,,,Q140783726,Q140783726|P1343|Q140788588
44708,671,set_statement,Done,,,Q140783727,Q140783727|P1343|Q140788589
44708,672,set_statement,Done,,,Q140783728,Q140783728|P1343|Q140788590
44708,673,set_statement,Done,,,Q140783729,Q140783729|P1343|Q140788591
44708,674,set_statement,Done,,,Q140783730,Q140783730|P1343|Q113308261
44708,675,set_statement,Done,,,Q140783731,Q140783731|P1343|Q113307121
44708,676,set_statement,Done,,,Q140783732,Q140783732|P1343|Q140788592
44708,677,set_statement,Done,,,Q140783733,Q140783733|P1343|Q140788593
44708,678,set_statement,Done,,,Q140783734,Q140783734|P1343|Q140788594
44708,679,set_statement,Done,,,Q140783735,Q140783735|P1343|Q57088985
44708,680,set_statement,Done,,,Q140783736,Q140783736|P1343|Q113307444
44708,681,set_statement,Done,,,Q140783737,Q140783737|P1343|Q140788595
44708,682,set_statement,Done,,,Q140783738,Q140783738|P1343|Q140788596
44708,683,set_statement,Done,,,Q140783739,Q140783739|P1343|Q140788597
44708,684,set_statement,Done,,,Q140783740,Q140783740|P1343|Q113307943
44708,685,set_statement,Done,,,Q140783741,Q140783741|P1343|Q140788598
44708,686,set_statement,Done,,,Q140783742,Q140783742|P1343|Q140788599
44708,687,set_statement,Done,,,Q140783743,Q140783743|P1343|Q113307849
44708,688,set_statement,Done,,,Q140783744,Q140783744|P1343|Q113307231
44708,689,set_statement,Done,,,Q140783745,Q140783745|P1343|Q140788600
44708,690,set_statement,Done,,,Q140783746,Q140783746|P1343|Q140788601
44708,691,set_statement,Done,,,Q140783747,Q140783747|P1343|Q140788602
44708,692,set_statement,Done,,,Q140783748,Q140783748|P1343|Q140788603
44708,693,set_statement,Done,,,Q140783750,Q140783750|P1343|Q140788604
44708,694,set_statement,Done,,,Q140783751,Q140783751|P1343|Q140788605
44708,695,set_statement,Done,,,Q140783752,Q140783752|P1343|Q140788606
44708,696,set_statement,Done,,,Q140783753,Q140783753|P1343|Q140788607
44708,697,set_statement,Done,,,Q140783754,Q140783754|P1343|Q97667626
44708,698,set_statement,Done,,,Q140783755,Q140783755|P1343|Q140788608
44708,699,set_statement,Done,,,Q140783763,Q140783763|P1343|Q140788609
44708,700,set_statement,Done,,,Q140783764,Q140783764|P1343|Q113227897
44708,701,set_statement,Done,,,Q140783765,Q140783765|P1343|Q113308138
44708,702,set_statement,Done,,,Q140783766,Q140783766|P1343|Q140788610
44708,703,set_statement,Done,,,Q140783767,Q140783767|P1343|Q140788611
44708,704,set_statement,Done,,,Q140783768,Q140783768|P1343|Q140788612
44708,705,set_statement,Done,,,Q140783769,Q140783769|P1343|Q111899529
44708,706,set_statement,Done,,,Q140783770,Q140783770|P1343|Q140788613
44708,707,set_statement,Done,,,Q140783771,Q140783771|P1343|Q140788614
44708,708,set_statement,Done,,,Q140783772,Q140783772|P1343|Q140788615
44708,709,set_statement,Done,,,Q140783773,Q140783773|P1343|Q140788616
44708,710,set_statement,Done,,,Q140783775,Q140783775|P1343|Q140788617
44708,711,set_statement,Done,,,Q140783776,Q140783776|P1343|Q98293233
44708,712,set_statement,Done,,,Q140783777,Q140783777|P1343|Q140788618
44708,713,set_statement,Done,,,Q140783778,Q140783778|P1343|Q140788619
44708,714,set_statement,Done,,,Q140783779,Q140783779|P1343|Q140788620
44708,715,set_statement,Done,,,Q140783780,Q140783780|P1343|Q113307650
44708,716,set_statement,Done,,,Q140783781,Q140783781|P1343|Q113307472
44708,717,set_statement,Done,,,Q140783782,Q140783782|P1343|Q140788621
44708,718,set_statement,Done,,,Q140783783,Q140783783|P1343|Q140788622
44708,719,set_statement,Done,,,Q140783784,Q140783784|P1343|Q111899305
44708,720,set_statement,Done,,,Q140783786,Q140783786|P1343|Q140788623
44708,721,set_statement,Done,,,Q140783787,Q140783787|P1343|Q113307656
44708,722,set_statement,Done,,,Q140783788,Q140783788|P1343|Q113227708
44708,723,set_statement,Done,,,Q140783789,Q140783789|P1343|Q113308304
44708,724,set_statement,Done,,,Q140783790,Q140783790|P1343|Q113227610
44708,725,set_statement,Done,,,Q140783791,Q140783791|P1343|Q113227946
44708,726,set_statement,Done,,,Q140783792,Q140783792|P1343|Q113307368
44708,727,set_statement,Done,,,Q140783793,Q140783793|P1343|Q113307337
44708,728,set_statement,Done,,,Q140783794,Q140783794|P1343|Q113227705
44708,729,set_statement,Done,,,Q140783795,Q140783795|P1343|Q113307354
44708,730,set_statement,Done,,,Q140783796,Q140783796|P1343|Q113308086
44708,731,set_statement,Done,,,Q140783797,Q140783797|P1343|Q113307073
44708,732,set_statement,Done,,,Q140783798,Q140783798|P1343|Q113307024
44708,733,set_statement,Done,,,Q140783799,Q140783799|P1343|Q89985379
44708,734,set_statement,Done,,,Q140783800,Q140783800|P1343|Q113307718
44708,735,set_statement,Done,,,Q140783801,Q140783801|P1343|Q140788624
44708,736,set_statement,Done,,,Q140783802,Q140783802|P1343|Q140788626
44708,737,set_statement,Done,,,Q140783803,Q140783803|P1343|Q140788627
44708,738,set_statement,Done,,,Q140783804,Q140783804|P1343|Q140788628
44708,739,set_statement,Done,,,Q140783805,Q140783805|P1343|Q140788629
44708,740,set_statement,Done,,,Q140783806,Q140783806|P1343|Q140788630
44708,741,set_statement,Done,,,Q140783807,Q140783807|P1343|Q59695983
44708,742,set_statement,Done,,,Q140783808,Q140783808|P1343|Q140788631
44708,743,set_statement,Done,,,Q140783809,Q140783809|P1343|Q113227647
44708,744,set_statement,Done,,,Q140783810,Q140783810|P1343|Q113308041
44708,745,set_statement,Done,,,Q140783812,Q140783812|P1343|Q140788632
44708,746,set_statement,Done,,,Q3841464,Q3841464|P1343|Q140788633
44708,747,set_statement,Done,,,Q140783813,Q140783813|P1343|Q113227686
44708,748,set_statement,Done,,,Q140783814,Q140783814|P1343|Q140788634
44708,749,set_statement,Done,,,Q140783815,Q140783815|P1343|Q108784878
44708,750,set_statement,Done,,,Q140783816,Q140783816|P1343|Q140788635
44708,751,set_statement,Done,,,Q140783817,Q140783817|P1343|Q140788636
44708,752,set_statement,Done,,,Q140783818,Q140783818|P1343|Q140788637
44708,753,set_statement,Done,,,Q140783819,Q140783819|P1343|Q140788638
44708,754,set_statement,Done,,,Q140783820,Q140783820|P1343|Q140788639
44708,755,set_statement,Done,,,Q140783821,Q140783821|P1343|Q140788640
44708,756,set_statement,Done,,,Q140783822,Q140783822|P1343|Q140788641
44708,757,set_statement,Done,,,Q140783823,Q140783823|P1343|Q140788642
44708,758,set_statement,Done,,,Q140783824,Q140783824|P1343|Q140788643
44708,759,set_statement,Done,,,Q140783825,Q140783825|P1343|Q113307413
44708,760,set_statement,Done,,,Q140783826,Q140783826|P1343|Q140788644
44708,761,set_statement,Done,,,Q140783827,Q140783827|P1343|Q140788645
44708,762,set_statement,Done,,,Q140783828,Q140783828|P1343|Q113227704
44708,763,set_statement,Done,,,Q140783829,Q140783829|P1343|Q113308316
44708,764,set_statement,Done,,,Q140783830,Q140783830|P1343|Q140788646
44708,765,set_statement,Done,,,Q140783831,Q140783831|P1343|Q113308141
44708,766,set_statement,Done,,,Q140783832,Q140783832|P1343|Q113307376
44708,767,set_statement,Done,,,Q140783833,Q140783833|P1343|Q113306782
44708,768,set_statement,Done,,,Q140783834,Q140783834|P1343|Q140788647
44708,769,set_statement,Done,,,Q140783851,Q140783851|P1343|Q140788648
44708,770,set_statement,Done,,,Q140783852,Q140783852|P1343|Q113227797
44708,771,set_statement,Done,,,Q140783853,Q140783853|P1343|Q140788649
44708,772,set_statement,Done,,,Q140783854,Q140783854|P1343|Q137166561
44708,773,set_statement,Done,,,Q140783855,Q140783855|P1343|Q113227837
44708,774,set_statement,Done,,,Q140783856,Q140783856|P1343|Q140788650
44708,775,set_statement,Done,,,Q140783857,Q140783857|P1343|Q140788651
44708,776,set_statement,Done,,,Q140783858,Q140783858|P1343|Q113308208
44708,777,set_statement,Done,,,Q140783859,Q140783859|P1343|Q140788652
44708,778,set_statement,Done,,,Q140783860,Q140783860|P1343|Q140788653
44708,779,set_statement,Done,,,Q140783861,Q140783861|P1343|Q140788654
44708,780,set_statement,Done,,,Q140783862,Q140783862|P1343|Q113307706
44708,781,set_statement,Done,,,Q140783863,Q140783863|P1343|Q140788655
44708,782,set_statement,Done,,,Q140783864,Q140783864|P1343|Q140788656
44708,783,set_statement,Done,,,Q140783865,Q140783865|P1343|Q140788657
44708,784,set_statement,Done,,,Q140783866,Q140783866|P1343|Q113307286
44708,785,set_statement,Done,,,Q140783867,Q140783867|P1343|Q111900731
44708,786,set_statement,Done,,,Q140783868,Q140783868|P1343|Q113306871
44708,787,set_statement,Done,,,Q140783869,Q140783869|P1343|Q140788658
44708,788,set_statement,Done,,,Q140783870,Q140783870|P1343|Q113227772
44708,789,set_statement,Done,,,Q140783871,Q140783871|P1343|Q140788659
44708,790,set_statement,Done,,,Q140783872,Q140783872|P1343|Q140788660
44708,791,set_statement,Done,,,Q140783873,Q140783873|P1343|Q140788661
44708,792,set_statement,Done,,,Q140783874,Q140783874|P1343|Q140788662
44708,793,set_statement,Done,,,Q140783875,Q140783875|P1343|Q113227691
44708,794,set_statement,Done,,,Q140783876,Q140783876|P1343|Q140788663
44708,795,set_statement,Done,,,Q140783877,Q140783877|P1343|Q140788664
44708,796,set_statement,Done,,,Q140783878,Q140783878|P1343|Q140788665
44708,797,set_statement,Done,,,Q140783879,Q140783879|P1343|Q140788666
44708,798,set_statement,Done,,,Q140783880,Q140783880|P1343|Q113308285
44708,799,set_statement,Done,,,Q140783881,Q140783881|P1343|Q140788667
44708,800,set_statement,Done,,,Q140783882,Q140783882|P1343|Q140788668
44708,801,set_statement,Done,,,Q140783883,Q140783883|P1343|Q140788669
44708,802,set_statement,Done,,,Q140783884,Q140783884|P1343|Q135439124
44708,803,set_statement,Done,,,Q140783885,Q140783885|P1343|Q113227685
44708,804,set_statement,Done,,,Q140783886,Q140783886|P1343|Q129226015
44708,805,set_statement,Done,,,Q140783887,Q140783887|P1343|Q140788670
44708,806,set_statement,Done,,,Q140783888,Q140783888|P1343|Q140788671
44708,807,set_statement,Done,,,Q140783889,Q140783889|P1343|Q140788672
44708,808,set_statement,Done,,,Q140783890,Q140783890|P1343|Q140788673
44708,809,set_statement,Done,,,Q140783891,Q140783891|P1343|Q113227969
44708,810,set_statement,Done,,,Q140783892,Q140783892|P1343|Q140788674
44708,811,set_statement,Done,,,Q140783893,Q140783893|P1343|Q113227842
44708,812,set_statement,Done,,,Q140783894,Q140783894|P1343|Q113307927
44708,813,set_statement,Done,,,Q140783895,Q140783895|P1343|Q109620880
44708,814,set_statement,Done,,,Q140783896,Q140783896|P1343|Q113227891
44708,815,set_statement,Done,,,Q140783897,Q140783897|P1343|Q113307782
44708,816,set_statement,Done,,,Q140783898,Q140783898|P1343|Q113307492
44708,817,set_statement,Done,,,Q140783899,Q140783899|P1343|Q113227992
44708,818,set_statement,Done,,,Q140783900,Q140783900|P1343|Q113308275
44708,819,set_statement,Done,,,Q140783901,Q140783901|P1343|Q111897281
44708,820,set_statement,Done,,,Q140783902,Q140783902|P1343|Q113227968
44708,821,set_statement,Done,,,Q140783903,Q140783903|P1343|Q113308048
44708,822,set_statement,Done,,,Q140783904,Q140783904|P1343|Q113307735
44708,823,set_statement,Done,,,Q140783905,Q140783905|P1343|Q113307720
44708,824,set_statement,Done,,,Q140783906,Q140783906|P1343|Q113302385
44708,825,set_statement,Done,,,Q140783907,Q140783907|P1343|Q118141832
44708,826,set_statement,Done,,,Q140783908,Q140783908|P1343|Q140788675
44708,827,set_statement,Done,,,Q140783909,Q140783909|P1343|Q140788676
44708,828,set_statement,Done,,,Q140783910,Q140783910|P1343|Q125126567
44708,829,set_statement,Done,,,Q140783911,Q140783911|P1343|Q140788677
44708,830,set_statement,Done,,,Q140783912,Q140783912|P1343|Q140788678
44708,831,set_statement,Done,,,Q140783913,Q140783913|P1343|Q140788679
44708,832,set_statement,Done,,,Q140783914,Q140783914|P1343|Q140788680
44708,833,set_statement,Done,,,Q140783915,Q140783915|P1343|Q140788681
44708,834,set_statement,Done,,,Q140783916,Q140783916|P1343|Q140788682
44708,835,set_statement,Done,,,Q140783917,Q140783917|P1343|Q140788683
44708,836,set_statement,Done,,,Q140783918,Q140783918|P1343|Q140788684
44708,837,set_statement,Done,,,Q140783919,Q140783919|P1343|Q121141708
44708,838,set_statement,Done,,,Q140783920,Q140783920|P1343|Q140788685
44708,839,set_statement,Done,,,Q140783921,Q140783921|P1343|Q140788686
44708,840,set_statement,Done,,,Q131362362,Q131362362|P1343|Q113307196
44708,841,set_statement,Done,,,Q140783922,Q140783922|P1343|Q140788687
44708,842,set_statement,Done,,,Q140783923,Q140783923|P1343|Q140788688
44708,843,set_statement,Done,,,Q140783925,Q140783925|P1343|Q140788689
44708,844,set_statement,Done,,,Q140783926,Q140783926|P1343|Q140788690
44708,845,set_statement,Done,,,Q140783927,Q140783927|P1343|Q140788691
44708,846,set_statement,Done,,,Q140783928,Q140783928|P1343|Q140788692
44708,847,set_statement,Done,,,Q140783929,Q140783929|P1343|Q140788693
44708,848,set_statement,Done,,,Q140783930,Q140783930|P1343|Q140788694
44708,849,set_statement,Done,,,Q140783931,Q140783931|P1343|Q110512109
44708,850,set_statement,Done,,,Q140783932,Q140783932|P1343|Q140788695
44708,851,set_statement,Done,,,Q140783933,Q140783933|P1343|Q140788696
44708,852,set_statement,Done,,,Q140783934,Q140783934|P1343|Q58064895
44708,853,set_statement,Done,,,Q140783935,Q140783935|P1343|Q140788697
44708,854,set_statement,Done,,,Q140783936,Q140783936|P1343|Q113308184
44708,855,set_statement,Done,,,Q140783937,Q140783937|P1343|Q113308311
44708,856,set_statement,Done,,,Q140783938,Q140783938|P1343|Q140788698
44708,857,set_statement,Done,,,Q140783939,Q140783939|P1343|Q140788699
44708,858,set_statement,Done,,,Q140783940,Q140783940|P1343|Q113308330
44708,859,set_statement,Done,,,Q140783941,Q140783941|P1343|Q140788700
44708,860,set_statement,Done,,,Q140783942,Q140783942|P1343|Q111514876
44708,861,set_statement,Done,,,Q140783943,Q140783943|P1343|Q140788701
44708,862,set_statement,Done,,,Q140783944,Q140783944|P1343|Q140788702
44708,863,set_statement,Done,,,Q140783945,Q140783945|P1343|Q140788703
44708,864,set_statement,Done,,,Q140783946,Q140783946|P1343|Q140788704
44708,865,set_statement,Done,,,Q140783947,Q140783947|P1343|Q140788705
44708,866,set_statement,Done,,,Q140783948,Q140783948|P1343|Q140788706
44708,867,set_statement,Done,,,Q140783949,Q140783949|P1343|Q92737037
44708,868,set_statement,Done,,,Q140783950,Q140783950|P1343|Q140788707
44708,869,set_statement,Done,,,Q140783951,Q140783951|P1343|Q113227702
44708,870,set_statement,Done,,,Q140783952,Q140783952|P1343|Q140788708
44708,871,set_statement,Done,,,Q140783953,Q140783953|P1343|Q113308305
44708,872,set_statement,Done,,,Q140783954,Q140783954|P1343|Q113227723
44708,873,set_statement,Done,,,Q140783955,Q140783955|P1343|Q110512113
44708,874,set_statement,Done,,,Q140783956,Q140783956|P1343|Q140788709
44708,875,set_statement,Done,,,Q140783957,Q140783957|P1343|Q110864569
44708,876,set_statement,Done,,,Q140783958,Q140783958|P1343|Q139670708
44708,877,set_statement,Done,,,Q140783959,Q140783959|P1343|Q140788721
44708,878,set_statement,Done,,,Q140783960,Q140783960|P1343|Q140788722
44708,879,set_statement,Done,,,Q140783888,Q140783888|P1343|Q131387985
44708,880,set_statement,Done,,,Q140783961,Q140783961|P1343|Q140788724
44708,881,set_statement,Done,,,Q140783962,Q140783962|P1343|Q112771418
44708,882,set_statement,Done,,,Q140783963,Q140783963|P1343|Q113307300
44708,883,set_statement,Done,,,Q140783964,Q140783964|P1343|Q140788725
44708,884,set_statement,Done,,,Q140783965,Q140783965|P1343|Q113227633
44708,885,set_statement,Done,,,Q140783966,Q140783966|P1343|Q113227801
44708,886,set_statement,Done,,,Q140783967,Q140783967|P1343|Q140788727
44708,887,set_statement,Done,,,Q140783968,Q140783968|P1343|Q140788728
44708,888,set_statement,Done,,,Q140783969,Q140783969|P1343|Q110511602
44708,889,set_statement,Done,,,Q140783970,Q140783970|P1343|Q140788729
44708,890,set_statement,Done,,,Q140783971,Q140783971|P1343|Q140788730
44708,891,set_statement,Done,,,Q140783972,Q140783972|P1343|Q111898572
44708,892,set_statement,Done,,,Q140783973,Q140783973|P1343|Q140788731
44708,893,set_statement,Done,,,Q140783974,Q140783974|P1343|Q140788732
44708,894,set_statement,Done,,,Q140783975,Q140783975|P1343|Q113306460
44708,895,set_statement,Done,,,Q140783976,Q140783976|P1343|Q113308033
44708,896,set_statement,Done,,,Q140783977,Q140783977|P1343|Q140788733
44708,897,set_statement,Done,,,Q140783978,Q140783978|P1343|Q140788734
44708,898,set_statement,Done,,,Q140783979,Q140783979|P1343|Q140788735
44708,899,set_statement,Done,,,Q140783980,Q140783980|P1343|Q113227885
44708,900,set_statement,Done,,,Q140783981,Q140783981|P1343|Q140788736
44708,901,set_statement,Done,,,Q140783982,Q140783982|P1343|Q113306416
44708,902,set_statement,Done,,,Q140783983,Q140783983|P1343|Q113308103
44708,903,set_statement,Done,,,Q140783984,Q140783984|P1343|Q113307738
44708,904,set_statement,Done,,,Q140783985,Q140783985|P1343|Q113307486
44708,905,set_statement,Done,,,Q140783986,Q140783986|P1343|Q113307987
44708,906,set_statement,Done,,,Q140783987,Q140783987|P1343|Q140788737
44708,907,set_statement,Done,,,Q140783988,Q140783988|P1343|Q140788748
44708,908,set_statement,Done,,,Q140783989,Q140783989|P1343|Q140788750
44708,909,set_statement,Done,,,Q140783990,Q140783990|P1343|Q113227960
44708,910,set_statement,Done,,,Q140783991,Q140783991|P1343|Q113227996
44708,911,set_statement,Done,,,Q140783992,Q140783992|P1343|Q113227983
44708,912,set_statement,Done,,,Q140783993,Q140783993|P1343|Q111897823
44708,913,set_statement,Done,,,Q140783994,Q140783994|P1343|Q113307357
44708,914,set_statement,Done,,,Q140783995,Q140783995|P1343|Q113307321
44708,915,set_statement,Done,,,Q140783996,Q140783996|P1343|Q113227606
44708,916,set_statement,Done,,,Q140783997,Q140783997|P1343|Q96155957
44708,917,set_statement,Done,,,Q140783998,Q140783998|P1343|Q113307900
44708,918,set_statement,Done,,,Q140783999,Q140783999|P1343|Q113307719
44708,919,set_statement,Done,,,Q140784000,Q140784000|P1343|Q113307478
44708,920,set_statement,Done,,,Q140784001,Q140784001|P1343|Q113307515
44708,921,set_statement,Done,,,Q140784002,Q140784002|P1343|Q113227643
44708,922,set_statement,Done,,,Q140784003,Q140784003|P1343|Q140788752
44708,923,set_statement,Done,,,Q140784004,Q140784004|P1343|Q140788754
44708,924,set_statement,Done,,,Q140784005,Q140784005|P1343|Q113307997
44708,925,set_statement,Done,,,Q140784006,Q140784006|P1343|Q140788756
44708,926,set_statement,Done,,,Q140784007,Q140784007|P1343|Q140788758
44708,927,set_statement,Done,,,Q140784008,Q140784008|P1343|Q113308242
44708,928,set_statement,Done,,,Q140784009,Q140784009|P1343|Q140788760
44708,929,set_statement,Done,,,Q140784010,Q140784010|P1343|Q140788762
44708,930,set_statement,Done,,,Q140784011,Q140784011|P1343|Q140788764
44708,931,set_statement,Done,,,Q140784012,Q140784012|P1343|Q140788766
44708,932,set_statement,Done,,,Q140784013,Q140784013|P1343|Q140788768
44708,933,set_statement,Done,,,Q140784014,Q140784014|P1343|Q140788770
44708,934,set_statement,Done,,,Q140784015,Q140784015|P1343|Q140788772
44708,935,set_statement,Done,,,Q140784016,Q140784016|P1343|Q140788774
44708,936,set_statement,Done,,,Q140784017,Q140784017|P1343|Q113308226
44708,937,set_statement,Done,,,Q140784018,Q140784018|P1343|Q115731805
44708,938,set_statement,Done,,,Q140784019,Q140784019|P1343|Q140788776
44708,939,set_statement,Done,,,Q140784020,Q140784020|P1343|Q111932966
44708,940,set_statement,Done,,,Q140784021,Q140784021|P1343|Q140788778
44708,941,set_statement,Done,,,Q140784022,Q140784022|P1343|Q113308186
44708,942,set_statement,Done,,,Q140784023,Q140784023|P1343|Q113307692
44708,943,set_statement,Done,,,Q140784024,Q140784024|P1343|Q140788780
44708,944,set_statement,Done,,,Q140784025,Q140784025|P1343|Q140788783
44708,945,set_statement,Done,,,Q140784026,Q140784026|P1343|Q140788785
44708,946,set_statement,Done,,,Q140784027,Q140784027|P1343|Q140788787
44708,947,set_statement,Done,,,Q140784028,Q140784028|P1343|Q140788789
44708,948,set_statement,Done,,,Q140784029,Q140784029|P1343|Q140788792
44708,949,set_statement,Done,,,Q140784030,Q140784030|P1343|Q140788794
44708,950,set_statement,Done,,,Q140784031,Q140784031|P1343|Q140788796
44708,951,set_statement,Done,,,Q140784032,Q140784032|P1343|Q140788798
44708,952,set_statement,Done,,,Q140784034,Q140784034|P1343|Q140788800
44708,953,set_statement,Done,,,Q140784035,Q140784035|P1343|Q140788802
44708,954,set_statement,Done,,,Q140784036,Q140784036|P1343|Q140788804
44708,955,set_statement,Done,,,Q140784037,Q140784037|P1343|Q140788806
44708,956,set_statement,Done,,,Q140784038,Q140784038|P1343|Q140788808
44708,957,set_statement,Done,,,Q140784039,Q140784039|P1343|Q140788810
44708,958,set_statement,Done,,,Q140784040,Q140784040|P1343|Q140788812
44708,959,set_statement,Done,,,Q140784041,Q140784041|P1343|Q140788815
44708,960,set_statement,Done,,,Q140784042,Q140784042|P1343|Q140788818
44708,961,set_statement,Done,,,Q140784043,Q140784043|P1343|Q140788820
44708,962,set_statement,Done,,,Q140784044,Q140784044|P1343|Q140788823
44708,963,set_statement,Done,,,Q140784045,Q140784045|P1343|Q113307032
44708,964,set_statement,Done,,,Q140784046,Q140784046|P1343|Q140788825
44708,965,set_statement,Done,,,Q140784047,Q140784047|P1343|Q140788827
44708,966,set_statement,Done,,,Q140784048,Q140784048|P1343|Q140788829
44708,967,set_statement,Done,,,Q140784049,Q140784049|P1343|Q140788830
44708,968,set_statement,Done,,,Q140784050,Q140784050|P1343|Q140788831
44708,969,set_statement,Done,,,Q140784051,Q140784051|P1343|Q63411091
44708,970,set_statement,Done,,,Q140784052,Q140784052|P1343|Q113227859
44708,971,set_statement,Done,,,Q140784053,Q140784053|P1343|Q140788832
44708,972,set_statement,Done,,,Q140784054,Q140784054|P1343|Q140465040
44708,973,set_statement,Done,,,Q140784055,Q140784055|P1343|Q140788833
44708,974,set_statement,Done,,,Q140784056,Q140784056|P1343|Q113307431
44708,975,set_statement,Done,,,Q140784057,Q140784057|P1343|Q140788834
44708,976,set_statement,Done,,,Q140784058,Q140784058|P1343|Q113227951
44708,977,set_statement,Done,,,Q140784059,Q140784059|P1343|Q140788835
44708,978,set_statement,Done,,,Q140784060,Q140784060|P1343|Q140788836
44708,979,set_statement,Done,,,Q140784061,Q140784061|P1343|Q113227627
44708,980,set_statement,Done,,,Q140784062,Q140784062|P1343|Q140788837
44708,981,set_statement,Done,,,Q140784063,Q140784063|P1343|Q113227979
44708,982,set_statement,Done,,,Q140784064,Q140784064|P1343|Q140788838
44708,983,set_statement,Done,,,Q140784065,Q140784065|P1343|Q140788839
44708,984,set_statement,Done,,,Q140784067,Q140784067|P1343|Q113306973
44708,985,set_statement,Done,,,Q140784068,Q140784068|P1343|Q140788840
44708,986,set_statement,Done,,,Q140784069,Q140784069|P1343|Q140788841
44708,987,set_statement,Done,,,Q140784070,Q140784070|P1343|Q140788842
44708,988,set_statement,Done,,,Q140784071,Q140784071|P1343|Q113308142
44708,989,set_statement,Done,,,Q140784072,Q140784072|P1343|Q113307533
44708,990,set_statement,Done,,,Q140784073,Q140784073|P1343|Q140788843
44708,991,set_statement,Done,,,Q140784074,Q140784074|P1343|Q113307046
44708,992,set_statement,Done,,,Q140784075,Q140784075|P1343|Q110512117
44708,993,set_statement,Done,,,Q140784076,Q140784076|P1343|Q113227849
44708,994,set_statement,Done,,,Q28974929,Q28974929|P1343|Q113307529
44708,995,set_statement,Done,,,Q140784077,Q140784077|P1343|Q140788844
44708,996,set_statement,Done,,,Q140784078,Q140784078|P1343|Q140788845
44708,997,set_statement,Done,,,Q140784079,Q140784079|P1343|Q113227551
44708,998,set_statement,Done,,,Q140784080,Q140784080|P1343|Q113308290
44708,999,set_statement,Done,,,Q140784081,Q140784081|P1343|Q140788846
44708,1000,set_statement,Done,,,Q140784082,Q140784082|P1343|Q119697059
44708,1001,set_statement,Done,,,Q140784083,Q140784083|P1343|Q140788847
44708,1002,set_statement,Done,,,Q140784084,Q140784084|P1343|Q113307292
44708,1003,set_statement,Done,,,Q140784085,Q140784085|P1343|Q113227673
44708,1004,set_statement,Done,,,Q140784086,Q140784086|P1343|Q140788848
44708,1005,set_statement,Done,,,Q120965915,Q120965915|P1343|Q99876079
44708,1006,set_statement,Done,,,Q107381483,Q107381483|P1343|Q122752004
44708,1007,set_statement,Done,,,Q140784087,Q140784087|P1343|Q58198404
44708,1008,set_statement,Done,,,Q140784088,Q140784088|P1343|Q140788849
44708,1009,set_statement,Done,,,Q140784089,Q140784089|P1343|Q57915006
44708,1010,set_statement,Done,,,Q140784090,Q140784090|P1343|Q140788850
44708,1011,set_statement,Done,,,Q107385554,Q107385554|P1343|Q113307832
44708,1012,set_statement,Done,,,Q140784091,Q140784091|P1343|Q140788851
44708,1013,set_statement,Done,,,Q107387246,Q107387246|P1343|Q113227602
44708,1014,set_statement,Done,,,Q140784092,Q140784092|P1343|Q111897952
44708,1015,set_statement,Done,,,Q140784093,Q140784093|P1343|Q140788853
44708,1016,set_statement,Done,,,Q140784094,Q140784094|P1343|Q111934922
44708,1017,set_statement,Done,,,Q140784095,Q140784095|P1343|Q113307077
44708,1018,set_statement,Done,,,Q140784096,Q140784096|P1343|Q110512125
44708,1019,set_statement,Done,,,Q140784097,Q140784097|P1343|Q140788854
44708,1020,set_statement,Done,,,Q140784098,Q140784098|P1343|Q113227718
44708,1021,set_statement,Done,,,Q140784099,Q140784099|P1343|Q140788855
44708,1022,set_statement,Done,,,Q140784100,Q140784100|P1343|Q140788856
44708,1023,set_statement,Done,,,Q140784101,Q140784101|P1343|Q140788857
44708,1024,set_statement,Done,,,Q140784102,Q140784102|P1343|Q140788858
44708,1025,set_statement,Done,,,Q140784103,Q140784103|P1343|Q140788859
44708,1026,set_statement,Done,,,Q140784104,Q140784104|P1343|Q140788860
44708,1027,set_statement,Done,,,Q140784105,Q140784105|P1343|Q113306542
44708,1028,set_statement,Done,,,Q140784106,Q140784106|P1343|Q140788861
44708,1029,set_statement,Done,,,Q140784109,Q140784109|P1343|Q140788862
44708,1030,set_statement,Done,,,Q140784110,Q140784110|P1343|Q140788863
44708,1031,set_statement,Done,,,Q140784111,Q140784111|P1343|Q140788865
44708,1032,set_statement,Done,,,Q140784112,Q140784112|P1343|Q140788866
44708,1033,set_statement,Done,,,Q140784113,Q140784113|P1343|Q113308331
44708,1034,set_statement,Done,,,Q140784114,Q140784114|P1343|Q129750465
44708,1035,set_statement,Done,,,Q140784115,Q140784115|P1343|Q140788867
44708,1036,set_statement,Done,,,Q140784116,Q140784116|P1343|Q140788869
44708,1037,set_statement,Done,,,Q140784117,Q140784117|P1343|Q113308333
44708,1038,set_statement,Done,,,Q140784118,Q140784118|P1343|Q113307426
44708,1039,set_statement,Done,,,Q140784119,Q140784119|P1343|Q113308234
44708,1040,set_statement,Done,,,Q140784120,Q140784120|P1343|Q113307275
44708,1041,set_statement,Done,,,Q140784121,Q140784121|P1343|Q111936326
44708,1042,set_statement,Done,,,Q140784122,Q140784122|P1343|Q113227666
44708,1043,set_statement,Done,,,Q140784123,Q140784123|P1343|Q111901002
44708,1044,set_statement,Done,,,Q140784124,Q140784124|P1343|Q113307826
44708,1045,set_statement,Done,,,Q140784125,Q140784125|P1343|Q107904164
44708,1046,set_statement,Done,,,Q140784126,Q140784126|P1343|Q113307772
44708,1047,set_statement,Done,,,Q140784127,Q140784127|P1343|Q140788870
44708,1048,set_statement,Done,,,Q140784128,Q140784128|P1343|Q113227806
44708,1049,set_statement,Done,,,Q140784129,Q140784129|P1343|Q140788871
44708,1050,set_statement,Done,,,Q140784130,Q140784130|P1343|Q113227674
44708,1051,set_statement,Done,,,Q140784131,Q140784131|P1343|Q111899106
44708,1052,set_statement,Done,,,Q140784132,Q140784132|P1343|Q113307555
44708,1053,set_statement,Done,,,Q140784133,Q140784133|P1343|Q113307941
44708,1054,set_statement,Done,,,Q140784134,Q140784134|P1343|Q140788872
44708,1055,set_statement,Done,,,Q140784135,Q140784135|P1343|Q140788873
44708,1056,set_statement,Done,,,Q140784136,Q140784136|P1343|Q61538316
44708,1057,set_statement,Done,,,Q140784137,Q140784137|P1343|Q140788874
44708,1058,set_statement,Done,,,Q140784138,Q140784138|P1343|Q140788875
44708,1059,set_statement,Done,,,Q140784139,Q140784139|P1343|Q113227625
44708,1060,set_statement,Done,,,Q140784140,Q140784140|P1343|Q140788876
44708,1061,set_statement,Done,,,Q140784141,Q140784141|P1343|Q113227754
44708,1062,set_statement,Done,,,Q140784142,Q140784142|P1343|Q140788877
44708,1063,set_statement,Done,,,Q140784143,Q140784143|P1343|Q140788878
44708,1064,set_statement,Done,,,Q140784144,Q140784144|P1343|Q140788879
44708,1065,set_statement,Done,,,Q140784145,Q140784145|P1343|Q113307485
44708,1066,set_statement,Done,,,Q140784146,Q140784146|P1343|Q140788880
44708,1067,set_statement,Done,,,Q140784147,Q140784147|P1343|Q140788881
44708,1068,set_statement,Done,,,Q140784148,Q140784148|P1343|Q140788882
44708,1069,set_statement,Done,,,Q140784149,Q140784149|P1343|Q113307226
44708,1070,set_statement,Done,,,Q140784150,Q140784150|P1343|Q59941556
44708,1071,set_statement,Done,,,Q140784151,Q140784151|P1343|Q113227954
44708,1072,set_statement,Done,,,Q140784152,Q140784152|P1343|Q140788883
44708,1073,set_statement,Done,,,Q140784153,Q140784153|P1343|Q62618377
44708,1074,set_statement,Done,,,Q127485286,Q127485286|P1343|Q140788884
44708,1075,set_statement,Done,,,Q140784154,Q140784154|P1343|Q90644525
44708,1076,set_statement,Done,,,Q140784155,Q140784155|P1343|Q111900377
44708,1077,set_statement,Done,,,Q140784156,Q140784156|P1343|Q106245566
44708,1078,set_statement,Done,,,Q140784157,Q140784157|P1343|Q113308049
44708,1079,set_statement,Done,,,Q140784158,Q140784158|P1343|Q137166576
44708,1080,set_statement,Done,,,Q140784159,Q140784159|P1343|Q140788886
44708,1081,set_statement,Done,,,Q140784160,Q140784160|P1343|Q113227871
44708,1082,set_statement,Done,,,Q140784161,Q140784161|P1343|Q112108939
44708,1083,set_statement,Done,,,Q140784162,Q140784162|P1343|Q57531423
44708,1084,set_statement,Done,,,Q140784163,Q140784163|P1343|Q113307733
44708,1085,set_statement,Done,,,Q140784164,Q140784164|P1343|Q113307291
44708,1086,set_statement,Done,,,Q140784165,Q140784165|P1343|Q113227811
44708,1087,set_statement,Done,,,Q140784166,Q140784166|P1343|Q113308175
44708,1088,set_statement,Done,,,Q140784167,Q140784167|P1343|Q113308289
44708,1089,set_statement,Done,,,Q140784168,Q140784168|P1343|Q140788887
44708,1090,set_statement,Done,,,Q140784169,Q140784169|P1343|Q113308057
44708,1091,set_statement,Done,,,Q140784170,Q140784170|P1343|Q140788888
44708,1092,set_statement,Done,,,Q140784171,Q140784171|P1343|Q140788889
44708,1093,set_statement,Done,,,Q140784172,Q140784172|P1343|Q140788890
44708,1094,set_statement,Done,,,Q140784173,Q140784173|P1343|Q130525173
44708,1095,set_statement,Done,,,Q140784174,Q140784174|P1343|Q140788891
44708,1096,set_statement,Done,,,Q140784175,Q140784175|P1343|Q140788892
44708,1097,set_statement,Done,,,Q140784176,Q140784176|P1343|Q140788893
44708,1098,set_statement,Done,,,Q140784177,Q140784177|P1343|Q140788894
44708,1099,set_statement,Done,,,Q140784178,Q140784178|P1343|Q57982492
44708,1100,set_statement,Done,,,Q140784179,Q140784179|P1343|Q97119316
44708,1101,set_statement,Done,,,Q140784180,Q140784180|P1343|Q113227622
44708,1102,set_statement,Done,,,Q140784181,Q140784181|P1343|Q140788895
44708,1103,set_statement,Done,,,Q140784182,Q140784182|P1343|Q113308050
44708,1104,set_statement,Done,,,Q140784183,Q140784183|P1343|Q140788896
44708,1105,set_statement,Done,,,Q140784184,Q140784184|P1343|Q140788897
44708,1106,set_statement,Done,,,Q140784185,Q140784185|P1343|Q140788898
44708,1107,set_statement,Done,,,Q140784187,Q140784187|P1343|Q140788899
44708,1108,set_statement,Done,,,Q140784188,Q140784188|P1343|Q140788900
44708,1109,set_statement,Done,,,Q140784189,Q140784189|P1343|Q140788901
44708,1110,set_statement,Done,,,Q140784190,Q140784190|P1343|Q113308114
44708,1111,set_statement,Done,,,Q140784192,Q140784192|P1343|Q140788902
44708,1112,set_statement,Done,,,Q140783986,Q140783986|P1343|Q140788903
44708,1113,set_statement,Done,,,Q140784193,Q140784193|P1343|Q113307722
44708,1114,set_statement,Done,,,Q140784194,Q140784194|P1343|Q140788904
44708,1115,set_statement,Done,,,Q140784195,Q140784195|P1343|Q140788905
44708,1116,set_statement,Done,,,Q140784196,Q140784196|P1343|Q140788906
44708,1117,set_statement,Done,,,Q140784197,Q140784197|P1343|Q140788907
44708,1118,set_statement,Done,,,Q140784198,Q140784198|P1343|Q137043066
44708,1119,set_statement,Done,,,Q140784199,Q140784199|P1343|Q140788908
44708,1120,set_statement,Done,,,Q140784200,Q140784200|P1343|Q90266622
44708,1121,set_statement,Done,,,Q140784201,Q140784201|P1343|Q140788909
44708,1122,set_statement,Done,,,Q140784202,Q140784202|P1343|Q113307773
44708,1123,set_statement,Done,,,Q140784203,Q140784203|P1343|Q113227796
44708,1124,set_statement,Done,,,Q140784204,Q140784204|P1343|Q140788910
44708,1125,set_statement,Done,,,Q140784205,Q140784205|P1343|Q140788911
44708,1126,set_statement,Done,,,Q140784206,Q140784206|P1343|Q140788912
44708,1127,set_statement,Done,,,Q140784207,Q140784207|P1343|Q59313737
44708,1128,set_statement,Done,,,Q140784209,Q140784209|P1343|Q111899386
44708,1129,set_statement,Done,,,Q140784210,Q140784210|P1343|Q113307414
44708,1130,set_statement,Done,,,Q140784211,Q140784211|P1343|Q113307135
44708,1131,set_statement,Done,,,Q140784212,Q140784212|P1343|Q113307950
44708,1132,set_statement,Done,,,Q140784213,Q140784213|P1343|Q113307174
44708,1133,set_statement,Done,,,Q140784214,Q140784214|P1343|Q140788913
44708,1134,set_statement,Done,,,Q140784215,Q140784215|P1343|Q140788914
44708,1135,set_statement,Done,,,Q140784216,Q140784216|P1343|Q140788915
44708,1136,set_statement,Done,,,Q140784217,Q140784217|P1343|Q140788916
44708,1137,set_statement,Done,,,Q140784218,Q140784218|P1343|Q140788917
44708,1138,set_statement,Done,,,Q140784220,Q140784220|P1343|Q140788918
44708,1139,set_statement,Done,,,Q140784221,Q140784221|P1343|Q113227617
44708,1140,set_statement,Done,,,Q140784222,Q140784222|P1343|Q140788919
44708,1141,set_statement,Done,,,Q140784223,Q140784223|P1343|Q140788920
44708,1142,set_statement,Done,,,Q140784224,Q140784224|P1343|Q140788921
44708,1143,set_statement,Done,,,Q140784225,Q140784225|P1343|Q140788923
44708,1144,set_statement,Done,,,Q140784226,Q140784226|P1343|Q140788924
44708,1145,set_statement,Done,,,Q140784227,Q140784227|P1343|Q113307980
44708,1146,set_statement,Done,,,Q140784228,Q140784228|P1343|Q140788925
44708,1147,set_statement,Done,,,Q140784229,Q140784229|P1343|Q140788926
44708,1148,set_statement,Done,,,Q140784230,Q140784230|P1343|Q140788927
44708,1149,set_statement,Done,,,Q140784231,Q140784231|P1343|Q140788928
44708,1150,set_statement,Done,,,Q140784232,Q140784232|P1343|Q113307498
44708,1151,set_statement,Done,,,Q140784233,Q140784233|P1343|Q140788929
44708,1152,set_statement,Done,,,Q140784234,Q140784234|P1343|Q140788930
44708,1153,set_statement,Done,,,Q140784235,Q140784235|P1343|Q140788931
44708,1154,set_statement,Done,,,Q140784236,Q140784236|P1343|Q111901125
44708,1155,set_statement,Done,,,Q140784237,Q140784237|P1343|Q140788932
44708,1156,set_statement,Done,,,Q140784238,Q140784238|P1343|Q140788933
44708,1157,set_statement,Done,,,Q140784239,Q140784239|P1343|Q140788934
44708,1158,set_statement,Done,,,Q140784240,Q140784240|P1343|Q140788935
44708,1159,set_statement,Done,,,Q140784243,Q140784243|P1343|Q113307777
44708,1160,set_statement,Done,,,Q140784244,Q140784244|P1343|Q140788936
44708,1161,set_statement,Done,,,Q140784245,Q140784245|P1343|Q113307582
44708,1162,set_statement,Done,,,Q140784246,Q140784246|P1343|Q140788937
44708,1163,set_statement,Done,,,Q140784247,Q140784247|P1343|Q113308309
44708,1164,set_statement,Done,,,Q140784248,Q140784248|P1343|Q140788938
44708,1165,set_statement,Done,,,Q140784249,Q140784249|P1343|Q113307952
44708,1166,set_statement,Done,,,Q140784251,Q140784251|P1343|Q113227782
44708,1167,set_statement,Done,,,Q140784252,Q140784252|P1343|Q140788939
44708,1168,set_statement,Done,,,Q140784253,Q140784253|P1343|Q140788940
44708,1169,set_statement,Done,,,Q140784254,Q140784254|P1343|Q140788941
44708,1170,set_statement,Done,,,Q140784255,Q140784255|P1343|Q140788942
44708,1171,set_statement,Done,,,Q140784256,Q140784256|P1343|Q113307534
44708,1172,set_statement,Done,,,Q140784257,Q140784257|P1343|Q113307814
44708,1173,set_statement,Done,,,Q140784258,Q140784258|P1343|Q140788943
44708,1174,set_statement,Done,,,Q140784259,Q140784259|P1343|Q140788944
44708,1175,set_statement,Done,,,Q140784260,Q140784260|P1343|Q140788945
44708,1176,set_statement,Done,,,Q140784261,Q140784261|P1343|Q140788946
44708,1177,set_statement,Done,,,Q140784262,Q140784262|P1343|Q140788947
44708,1178,set_statement,Done,,,Q140784263,Q140784263|P1343|Q119694287
44708,1179,set_statement,Done,,,Q140784264,Q140784264|P1343|Q113307223
44708,1180,set_statement,Done,,,Q140784265,Q140784265|P1343|Q58886291
44708,1181,set_statement,Done,,,Q140784266,Q140784266|P1343|Q140788948
44708,1182,set_statement,Done,,,Q140784267,Q140784267|P1343|Q113307771
44708,1183,set_statement,Done,,,Q140784268,Q140784268|P1343|Q140788949
44708,1184,set_statement,Done,,,Q140784269,Q140784269|P1343|Q140788950
44708,1185,set_statement,Done,,,Q140784272,Q140784272|P1343|Q113307829
44708,1186,set_statement,Done,,,Q140784274,Q140784274|P1343|Q140788951
44708,1187,set_statement,Done,,,Q140784275,Q140784275|P1343|Q112668075
44708,1188,set_statement,Done,,,Q140784276,Q140784276|P1343|Q113306149
44708,1189,set_statement,Done,,,Q140784277,Q140784277|P1343|Q113307259
44708,1190,set_statement,Done,,,Q140784278,Q140784278|P1343|Q113307883
44708,1191,set_statement,Done,,,Q140784279,Q140784279|P1343|Q140788952
44708,1192,set_statement,Done,,,Q140784280,Q140784280|P1343|Q140788953
44708,1193,set_statement,Done,,,Q140784281,Q140784281|P1343|Q140788954
44708,1194,set_statement,Done,,,Q140784282,Q140784282|P1343|Q113227804
44708,1195,set_statement,Done,,,Q140784284,Q140784284|P1343|Q140788955
44708,1196,set_statement,Done,,,Q140784285,Q140784285|P1343|Q140788956
44708,1197,set_statement,Done,,,Q140784286,Q140784286|P1343|Q113227933
44708,1198,set_statement,Done,,,Q140784287,Q140784287|P1343|Q140788957
44708,1199,set_statement,Done,,,Q140784288,Q140784288|P1343|Q140788958
44708,1200,set_statement,Done,,,Q140784289,Q140784289|P1343|Q113307979
44708,1201,set_statement,Done,,,Q140784290,Q140784290|P1343|Q113308140
44708,1202,set_statement,Done,,,Q140784292,Q140784292|P1343|Q113307864
44708,1203,set_statement,Done,,,Q140784293,Q140784293|P1343|Q113227808
44708,1204,set_statement,Done,,,Q140784295,Q140784295|P1343|Q113307572
44708,1205,set_statement,Done,,,Q140784296,Q140784296|P1343|Q140788959
44708,1206,set_statement,Done,,,Q140784297,Q140784297|P1343|Q140788960
44708,1207,set_statement,Done,,,Q107382173,Q107382173|P1343|Q113227999
44708,1208,set_statement,Done,,,Q140784298,Q140784298|P1343|Q113307547
44708,1209,set_statement,Done,,,Q140784300,Q140784300|P1343|Q140788962
44708,1210,set_statement,Done,,,Q140784301,Q140784301|P1343|Q113227903
44708,1211,set_statement,Done,,,Q140784302,Q140784302|P1343|Q113307850
44708,1212,set_statement,Done,,,Q140784303,Q140784303|P1343|Q140788963
44708,1213,set_statement,Done,,,Q107387047,Q107387047|P1343|Q113227987
44708,1214,set_statement,Done,,,Q140784304,Q140784304|P1343|Q113307054
44708,1215,set_statement,Done,,,Q140784305,Q140784305|P1343|Q140788964
44708,1216,set_statement,Done,,,Q140784306,Q140784306|P1343|Q140788965
44708,1217,set_statement,Done,,,Q140784307,Q140784307|P1343|Q140788966
44708,1218,set_statement,Done,,,Q140784308,Q140784308|P1343|Q140788967
44708,1219,set_statement,Done,,,Q134468401,Q134468401|P1343|Q113308156
44708,1220,set_statement,Done,,,Q140784309,Q140784309|P1343|Q113227744
44708,1221,set_statement,Done,,,Q140784310,Q140784310|P1343|Q140788968
44708,1222,set_statement,Done,,,Q140784311,Q140784311|P1343|Q113307998
44708,1223,set_statement,Done,,,Q140784314,Q140784314|P1343|Q113308115
44708,1224,set_statement,Done,,,Q140784315,Q140784315|P1343|Q113307891
44708,1225,set_statement,Done,,,Q140784316,Q140784316|P1343|Q112131841
44708,1226,set_statement,Done,,,Q140784317,Q140784317|P1343|Q113307629
44708,1227,set_statement,Done,,,Q140784319,Q140784319|P1343|Q106245557
44708,1228,set_statement,Done,,,Q140784320,Q140784320|P1343|Q113307542
44708,1229,set_statement,Done,,,Q140784321,Q140784321|P1343|Q113227740
44708,1230,set_statement,Done,,,Q140784322,Q140784322|P1343|Q61538284
44708,1231,set_statement,Done,,,Q140784324,Q140784324|P1343|Q113308127
44708,1232,set_statement,Done,,,Q140784325,Q140784325|P1343|Q107904177
44708,1233,set_statement,Done,,,Q140784326,Q140784326|P1343|Q113307874
44708,1234,set_statement,Done,,,Q140784327,Q140784327|P1343|Q113307766
44708,1235,set_statement,Done,,,Q140784328,Q140784328|P1343|Q140788969
44708,1236,set_statement,Done,,,Q140784329,Q140784329|P1343|Q140788970
44708,1237,set_statement,Done,,,Q140784330,Q140784330|P1343|Q140788971
44708,1238,set_statement,Done,,,Q140784331,Q140784331|P1343|Q140788972
44708,1239,set_statement,Done,,,Q140784332,Q140784332|P1343|Q113307817
44708,1240,set_statement,Done,,,Q140784333,Q140784333|P1343|Q140788973
44708,1241,set_statement,Done,,,Q140784334,Q140784334|P1343|Q113227624
44708,1242,set_statement,Done,,,Q140784335,Q140784335|P1343|Q140788974
44708,1243,set_statement,Done,,,Q140784336,Q140784336|P1343|Q140788975
44708,1244,set_statement,Done,,,Q140784337,Q140784337|P1343|Q140788976
44708,1245,set_statement,Done,,,Q140784338,Q140784338|P1343|Q59890440
44708,1246,set_statement,Done,,,Q140784339,Q140784339|P1343|Q119696499
44708,1247,set_statement,Done,,,Q140784340,Q140784340|P1343|Q140788977
44708,1248,set_statement,Done,,,Q140784341,Q140784341|P1343|Q140788978
44708,1249,set_statement,Done,,,Q140784342,Q140784342|P1343|Q113307890
44708,1250,set_statement,Done,,,Q140784343,Q140784343|P1343|Q140788979
44708,1251,set_statement,Done,,,Q140784344,Q140784344|P1343|Q113307416
44708,1252,set_statement,Done,,,Q140784345,Q140784345|P1343|Q140788980
44708,1253,set_statement,Done,,,Q140784346,Q140784346|P1343|Q140788981
44708,1254,set_statement,Done,,,Q140784347,Q140784347|P1343|Q110512112
44708,1255,set_statement,Done,,,Q140784348,Q140784348|P1343|Q140788982
44708,1256,set_statement,Done,,,Q140784349,Q140784349|P1343|Q140788983
44708,1257,set_statement,Done,,,Q140784350,Q140784350|P1343|Q140788985
44708,1258,set_statement,Done,,,Q140784351,Q140784351|P1343|Q140788986
44708,1259,set_statement,Done,,,Q140784352,Q140784352|P1343|Q136768394
44708,1260,set_statement,Done,,,Q140784353,Q140784353|P1343|Q140788987
44708,1261,set_statement,Done,,,Q140784354,Q140784354|P1343|Q140788988
44708,1262,set_statement,Done,,,Q140784355,Q140784355|P1343|Q113308178
44708,1263,set_statement,Done,,,Q140784356,Q140784356|P1343|Q140788989
44708,1264,set_statement,Done,,,Q140784357,Q140784357|P1343|Q140788990
44708,1265,set_statement,Done,,,Q140784358,Q140784358|P1343|Q140788991
44708,1266,set_statement,Done,,,Q140784359,Q140784359|P1343|Q140788992
44708,1267,set_statement,Done,,,Q140784360,Q140784360|P1343|Q140788993
44708,1268,set_statement,Done,,,Q140784361,Q140784361|P1343|Q113307378
44708,1269,set_statement,Done,,,Q140784362,Q140784362|P1343|Q140788994
44708,1270,set_statement,Done,,,Q140784363,Q140784363|P1343|Q140788995
44708,1271,set_statement,Done,,,Q140784364,Q140784364|P1343|Q113308312
44708,1272,set_statement,Done,,,Q140784365,Q140784365|P1343|Q140788996
44708,1273,set_statement,Done,,,Q140784366,Q140784366|P1343|Q113227941
44708,1274,set_statement,Done,,,Q140784367,Q140784367|P1343|Q140788997
44708,1275,set_statement,Done,,,Q140784368,Q140784368|P1343|Q128568296
44708,1276,set_statement,Done,,,Q140784369,Q140784369|P1343|Q140788998
44708,1277,set_statement,Done,,,Q140784371,Q140784371|P1343|Q140788999
44708,1278,set_statement,Done,,,Q140784372,Q140784372|P1343|Q140789000
44708,1279,set_statement,Done,,,Q140784373,Q140784373|P1343|Q113308315
44708,1280,set_statement,Done,,,Q140784374,Q140784374|P1343|Q140789001
44708,1281,set_statement,Done,,,Q140784375,Q140784375|P1343|Q113227882
44708,1282,set_statement,Done,,,Q140784376,Q140784376|P1343|Q113307293
44708,1283,set_statement,Done,,,Q140784377,Q140784377|P1343|Q140789002
44708,1284,set_statement,Done,,,Q140784378,Q140784378|P1343|Q140789003
44708,1285,set_statement,Done,,,Q140784379,Q140784379|P1343|Q113307430
44708,1286,set_statement,Done,,,Q140784380,Q140784380|P1343|Q113227839
44708,1287,set_statement,Done,,,Q140784381,Q140784381|P1343|Q113227955
44708,1288,set_statement,Done,,,Q140784382,Q140784382|P1343|Q113307805
44708,1289,set_statement,Done,,,Q140784383,Q140784383|P1343|Q113307420
44708,1290,set_statement,Done,,,Q140784384,Q140784384|P1343|Q140789004
44708,1291,set_statement,Done,,,Q140784385,Q140784385|P1343|Q140789005
44708,1292,set_statement,Done,,,Q140784386,Q140784386|P1343|Q140789006
44708,1293,set_statement,Done,,,Q140784387,Q140784387|P1343|Q140789007
44708,1294,set_statement,Done,,,Q140784388,Q140784388|P1343|Q113307222
44708,1295,set_statement,Done,,,Q140784389,Q140784389|P1343|Q140789008
44708,1296,set_statement,Done,,,Q140784390,Q140784390|P1343|Q140789009
44708,1297,set_statement,Done,,,Q140784391,Q140784391|P1343|Q140789010
44708,1298,set_statement,Done,,,Q140784392,Q140784392|P1343|Q113227632
44708,1299,set_statement,Done,,,Q140784393,Q140784393|P1343|Q140789011
44708,1300,set_statement,Done,,,Q140784394,Q140784394|P1343|Q140789012
44708,1301,set_statement,Done,,,Q140784395,Q140784395|P1343|Q140789013
44708,1302,set_statement,Done,,,Q140784396,Q140784396|P1343|Q140789014
44708,1303,set_statement,Done,,,Q140784398,Q140784398|P1343|Q113227880
44708,1304,set_statement,Done,,,Q140784399,Q140784399|P1343|Q104771554
44708,1305,set_statement,Done,,,Q140784400,Q140784400|P1343|Q136988198
44708,1306,set_statement,Done,,,Q140784401,Q140784401|P1343|Q140789016
44708,1307,set_statement,Done,,,Q140784402,Q140784402|P1343|Q113227769
44708,1308,set_statement,Done,,,Q140784403,Q140784403|P1343|Q113227591
44708,1309,set_statement,Done,,,Q120703067,Q120703067|P1343|Q113307685
44708,1310,set_statement,Done,,,Q140784404,Q140784404|P1343|Q113227671
44708,1311,set_statement,Done,,,Q140784405,Q140784405|P1343|Q140789017
44708,1312,set_statement,Done,,,Q140784406,Q140784406|P1343|Q140789020
44708,1313,set_statement,Done,,,Q140784407,Q140784407|P1343|Q138509538
44708,1314,set_statement,Done,,,Q140784408,Q140784408|P1343|Q56042006
44708,1315,set_statement,Done,,,Q140784409,Q140784409|P1343|Q140789022
44708,1316,set_statement,Done,,,Q140784410,Q140784410|P1343|Q113227582
44708,1317,set_statement,Done,,,Q140784411,Q140784411|P1343|Q140789025
44708,1318,set_statement,Done,,,Q140784412,Q140784412|P1343|Q138509751
44708,1319,set_statement,Done,,,Q140784413,Q140784413|P1343|Q113307990
44708,1320,set_statement,Done,,,Q140784414,Q140784414|P1343|Q140789027
44708,1321,set_statement,Done,,,Q140784415,Q140784415|P1343|Q113307696
44708,1322,set_statement,Done,,,Q140784416,Q140784416|P1343|Q113307746
44708,1323,set_statement,Done,,,Q140784417,Q140784417|P1343|Q113307670
44708,1324,set_statement,Done,,,Q140784418,Q140784418|P1343|Q113307674
44708,1325,set_statement,Done,,,Q140784419,Q140784419|P1343|Q59837800
44708,1326,set_statement,Done,,,Q140784420,Q140784420|P1343|Q113308264
44708,1327,set_statement,Done,,,Q140784421,Q140784421|P1343|Q113227688
44708,1328,set_statement,Done,,,Q140784422,Q140784422|P1343|Q113308206
44708,1329,set_statement,Done,,,Q140784423,Q140784423|P1343|Q113227937
44708,1330,set_statement,Done,,,Q140784425,Q140784425|P1343|Q113307867
44708,1331,set_statement,Done,,,Q140784426,Q140784426|P1343|Q113307792
44708,1332,set_statement,Done,,,Q140784427,Q140784427|P1343|Q113307352
44708,1333,set_statement,Done,,,Q140784428,Q140784428|P1343|Q140789029
44708,1334,set_statement,Done,,,Q140784429,Q140784429|P1343|Q140789031
44708,1335,set_statement,Done,,,Q140784431,Q140784431|P1343|Q140789033
44708,1336,set_statement,Done,,,Q140784432,Q140784432|P1343|Q119695477
44708,1337,set_statement,Done,,,Q140784433,Q140784433|P1343|Q140789035
44708,1338,set_statement,Done,,,Q140784434,Q140784434|P1343|Q113307809
44708,1339,set_statement,Done,,,Q140784435,Q140784435|P1343|Q57716050
44708,1340,set_statement,Done,,,Q140784436,Q140784436|P1343|Q113227949
44708,1341,set_statement,Done,,,Q140784437,Q140784437|P1343|Q128318122
44708,1342,set_statement,Done,,,Q140784438,Q140784438|P1343|Q136872503
44708,1343,set_statement,Done,,,Q140784439,Q140784439|P1343|Q140789037
44708,1344,set_statement,Done,,,Q140784440,Q140784440|P1343|Q140789040
44708,1345,set_statement,Done,,,Q140784441,Q140784441|P1343|Q140789042
44708,1346,set_statement,Done,,,Q140784442,Q140784442|P1343|Q113308173
44708,1347,set_statement,Done,,,Q140784443,Q140784443|P1343|Q140789044
44708,1348,set_statement,Done,,,Q140784444,Q140784444|P1343|Q140789047
44708,1349,set_statement,Done,,,Q140784445,Q140784445|P1343|Q140789049
44708,1350,set_statement,Done,,,Q140784446,Q140784446|P1343|Q113307768
44708,1351,set_statement,Done,,,Q140784448,Q140784448|P1343|Q140789052
44708,1352,set_statement,Done,,,Q140784449,Q140784449|P1343|Q113308181
44708,1353,set_statement,Done,,,Q140784450,Q140784450|P1343|Q140789054
44708,1354,set_statement,Done,,,Q140784451,Q140784451|P1343|Q140789056
44708,1355,set_statement,Done,,,Q140784452,Q140784452|P1343|Q113308238
44708,1356,set_statement,Done,,,Q140784453,Q140784453|P1343|Q140789058
44708,1357,set_statement,Done,,,Q140784454,Q140784454|P1343|Q113307371
44708,1358,set_statement,Done,,,Q140784455,Q140784455|P1343|Q140789060
44708,1359,set_statement,Done,,,Q929932,Q929932|P1343|Q140789063
44708,1360,set_statement,Done,,,Q140784456,Q140784456|P1343|Q140789065
44708,1361,set_statement,Done,,,Q140784457,Q140784457|P1343|Q91964580
44708,1362,set_statement,Done,,,Q140784473,Q140784473|P1343|Q140789067
44708,1363,set_statement,Done,,,Q140784474,Q140784474|P1343|Q113308166
44708,1364,set_statement,Done,,,Q140784476,Q140784476|P1343|Q140789068
44708,1365,set_statement,Done,,,Q120964676,Q120964676|P1343|Q113307600
44708,1366,set_statement,Done,,,Q140784477,Q140784477|P1343|Q113308268
44708,1367,set_statement,Done,,,Q140784478,Q140784478|P1343|Q111897925
44708,1368,set_statement,Done,,,Q140784479,Q140784479|P1343|Q110502068
44708,1369,set_statement,Done,,,Q140784480,Q140784480|P1343|Q140789070
44708,1370,set_statement,Done,,,Q140784481,Q140784481|P1343|Q140789073
44708,1371,set_statement,Done,,,Q140784482,Q140784482|P1343|Q113308204
44708,1372,set_statement,Done,,,Q140784483,Q140784483|P1343|Q140789074
44708,1373,set_statement,Done,,,Q140784484,Q140784484|P1343|Q113307181
44708,1374,set_statement,Done,,,Q140784485,Q140784485|P1343|Q140789076
44708,1375,set_statement,Done,,,Q140784486,Q140784486|P1343|Q113307702
44708,1376,set_statement,Done,,,Q140784487,Q140784487|P1343|Q113306982
44708,1377,set_statement,Done,,,Q140784488,Q140784488|P1343|Q129827729
44708,1378,set_statement,Done,,,Q140784489,Q140784489|P1343|Q113307298
44708,1379,set_statement,Done,,,Q140784490,Q140784490|P1343|Q59452284
44708,1380,set_statement,Done,,,Q140784491,Q140784491|P1343|Q113308259
44708,1381,set_statement,Done,,,Q140784492,Q140784492|P1343|Q113307350
44708,1382,set_statement,Done,,,Q140784494,Q140784494|P1343|Q140789078
44708,1383,set_statement,Done,,,Q140784495,Q140784495|P1343|Q113307707
44708,1384,set_statement,Done,,,Q140784496,Q140784496|P1343|Q113308051
44708,1385,set_statement,Done,,,Q140784497,Q140784497|P1343|Q140789081
44708,1386,set_statement,Done,,,Q140784498,Q140784498|P1343|Q140789083
44708,1387,set_statement,Done,,,Q140784499,Q140784499|P1343|Q113307791
44708,1388,set_statement,Done,,,Q140784500,Q140784500|P1343|Q140789085
44708,1389,set_statement,Done,,,Q140784501,Q140784501|P1343|Q113308058
44708,1390,set_statement,Done,,,Q140784502,Q140784502|P1343|Q140789087
44708,1391,set_statement,Done,,,Q140784504,Q140784504|P1343|Q140789089
44708,1392,set_statement,Done,,,Q140784505,Q140784505|P1343|Q140789091
44708,1393,set_statement,Done,,,Q140784506,Q140784506|P1343|Q140789093
44708,1394,set_statement,Done,,,Q107384240,Q107384240|P1343|Q113308187
44708,1395,set_statement,Done,,,Q140784507,Q140784507|P1343|Q140789095
44708,1396,set_statement,Done,,,Q140784508,Q140784508|P1343|Q113307301
44708,1397,set_statement,Done,,,Q140784509,Q140784509|P1343|Q113307248
44708,1398,set_statement,Done,,,Q140784510,Q140784510|P1343|Q140789107
44708,1399,set_statement,Done,,,Q140784511,Q140784511|P1343|Q140789108
44708,1400,set_statement,Done,,,Q140784512,Q140784512|P1343|Q140789109
44708,1401,set_statement,Done,,,Q140784513,Q140784513|P1343|Q69820076
44708,1402,set_statement,Done,,,Q140784514,Q140784514|P1343|Q140789110
44708,1403,set_statement,Done,,,Q140784515,Q140784515|P1343|Q140789111
44708,1404,set_statement,Done,,,Q140784516,Q140784516|P1343|Q110499955
44708,1405,set_statement,Done,,,Q140790735,Q140790735|P1343|Q113307611
44708,1406,set_statement,Done,,,Q140784544,Q140784544|P1343|Q112108937
44708,1407,set_statement,Done,,,Q140784545,Q140784545|P1343|Q113307561
44708,1408,set_statement,Done,,,Q140784546,Q140784546|P1343|Q140789112
44708,1409,set_statement,Done,,,Q140784547,Q140784547|P1343|Q113227901
44708,1410,set_statement,Done,,,Q140784548,Q140784548|P1343|Q121821245
44708,1411,set_statement,Done,,,Q140784549,Q140784549|P1343|Q113227735
44708,1412,set_statement,Done,,,Q140784550,Q140784550|P1343|Q113307197
44708,1413,set_statement,Done,,,Q140784551,Q140784551|P1343|Q140789113
44708,1414,set_statement,Done,,,Q140784552,Q140784552|P1343|Q111898683
44708,1415,set_statement,Done,,,Q107385874,Q107385874|P1343|Q113307993
44708,1416,set_statement,Done,,,Q140784553,Q140784553|P1343|Q140789114
44708,1417,set_statement,Done,,,Q140784554,Q140784554|P1343|Q140789115
44708,1418,set_statement,Done,,,Q140784555,Q140784555|P1343|Q113307763
44708,1419,set_statement,Done,,,Q136205518,Q136205518|P1343|Q113307511
44708,1420,set_statement,Done,,,Q140784556,Q140784556|P1343|Q113227824
44708,1421,set_statement,Done,,,Q140784557,Q140784557|P1343|Q140789116
44708,1422,set_statement,Done,,,Q140784558,Q140784558|P1343|Q107337646
44708,1423,set_statement,Done,,,Q140784559,Q140784559|P1343|Q113306925
44708,1424,set_statement,Done,,,Q140784560,Q140784560|P1343|Q113308147
44708,1425,set_statement,Done,,,Q140784562,Q140784562|P1343|Q140789117
44708,1426,set_statement,Done,,,Q140783491,Q140783491|P1343|Q57614060
44708,1427,set_statement,Done,,,Q140784563,Q140784563|P1343|Q113307513
44708,1428,set_statement,Done,,,Q140784564,Q140784564|P1343|Q113308236
44708,1429,set_statement,Done,,,Q140784565,Q140784565|P1343|Q61906700
44708,1430,set_statement,Done,,,Q140784566,Q140784566|P1343|Q60137513
44708,1431,set_statement,Done,,,Q140784567,Q140784567|P1343|Q111897333
44708,1432,set_statement,Done,,,Q140784568,Q140784568|P1343|Q113307295
44708,1433,set_statement,Done,,,Q140784569,Q140784569|P1343|Q111900918
44708,1434,set_statement,Done,,,Q140784570,Q140784570|P1343|Q113307922
44708,1435,set_statement,Done,,,Q140784571,Q140784571|P1343|Q113307745
44708,1436,set_statement,Done,,,Q140784572,Q140784572|P1343|Q140789118
44708,1437,set_statement,Done,,,Q140784573,Q140784573|P1343|Q113307484
44708,1438,set_statement,Done,,,Q140784574,Q140784574|P1343|Q140789119
44708,1439,set_statement,Done,,,Q140784575,Q140784575|P1343|Q137220645
44708,1440,set_statement,Done,,,Q140784576,Q140784576|P1343|Q140789120
44708,1441,set_statement,Done,,,Q140784577,Q140784577|P1343|Q140789121
44708,1442,set_statement,Done,,,Q140784578,Q140784578|P1343|Q140789122
44708,1443,set_statement,Done,,,Q140784579,Q140784579|P1343|Q140789123
44708,1444,set_statement,Done,,,Q140784580,Q140784580|P1343|Q140789124
44708,1445,set_statement,Done,,,Q140784581,Q140784581|P1343|Q140789125
44708,1446,set_statement,Done,,,Q140784582,Q140784582|P1343|Q140789126
44708,1447,set_statement,Done,,,Q140784583,Q140784583|P1343|Q113307287
44708,1448,set_statement,Done,,,Q140784584,Q140784584|P1343|Q113307152
44708,1449,set_statement,Done,,,Q140784585,Q140784585|P1343|Q140789127
44708,1450,set_statement,Done,,,Q140784586,Q140784586|P1343|Q113308292
44708,1451,set_statement,Done,,,Q140784587,Q140784587|P1343|Q113308294
44708,1452,set_statement,Done,,,Q140784588,Q140784588|P1343|Q113307380
44708,1453,set_statement,Done,,,Q140784589,Q140784589|P1343|Q113227787
44708,1454,set_statement,Done,,,Q140784590,Q140784590|P1343|Q113307596
44708,1455,set_statement,Done,,,Q140784591,Q140784591|P1343|Q113307643
44708,1456,set_statement,Done,,,Q140784592,Q140784592|P1343|Q140789128
44708,1457,set_statement,Done,,,Q140784594,Q140784594|P1343|Q113307818
44708,1458,set_statement,Done,,,Q140784595,Q140784595|P1343|Q113227887
44708,1459,set_statement,Done,,,Q140784596,Q140784596|P1343|Q57725017
44708,1460,set_statement,Done,,,Q140784597,Q140784597|P1343|Q140789129
44708,1461,set_statement,Done,,,Q140784598,Q140784598|P1343|Q140789130
44708,1462,set_statement,Done,,,Q140784599,Q140784599|P1343|Q111897500
44708,1463,set_statement,Done,,,Q140784601,Q140784601|P1343|Q113227873
44708,1464,set_statement,Done,,,Q140784602,Q140784602|P1343|Q140789131
44708,1465,set_statement,Done,,,Q140784603,Q140784603|P1343|Q140789132
44708,1466,set_statement,Done,,,Q140784604,Q140784604|P1343|Q140789133
44708,1467,set_statement,Done,,,Q140784605,Q140784605|P1343|Q140789134
44708,1468,set_statement,Done,,,Q140784606,Q140784606|P1343|Q140789135
44708,1469,set_statement,Done,,,Q140784607,Q140784607|P1343|Q113308149
44708,1470,set_statement,Done,,,Q140784608,Q140784608|P1343|Q63951488
44708,1471,set_statement,Done,,,Q140784609,Q140784609|P1343|Q113307395
44708,1472,set_statement,Done,,,Q140784610,Q140784610|P1343|Q113307240
44708,1473,set_statement,Done,,,Q140784611,Q140784611|P1343|Q139306122
44708,1474,set_statement,Done,,,Q140784612,Q140784612|P1343|Q140789136
44708,1475,set_statement,Done,,,Q140784614,Q140784614|P1343|Q140789137
44708,1476,set_statement,Done,,,Q140784615,Q140784615|P1343|Q134143189
44708,1477,set_statement,Done,,,Q140784616,Q140784616|P1343|Q140789138
44708,1478,set_statement,Done,,,Q140784617,Q140784617|P1343|Q60522984
44708,1479,set_statement,Done,,,Q140784618,Q140784618|P1343|Q113307359
44708,1480,set_statement,Done,,,Q140784619,Q140784619|P1343|Q140789139
44708,1481,set_statement,Done,,,Q140784620,Q140784620|P1343|Q140789140
44708,1482,set_statement,Done,,,Q140784621,Q140784621|P1343|Q140789141
44708,1483,set_statement,Done,,,Q140784622,Q140784622|P1343|Q140789142
44708,1484,set_statement,Done,,,Q140784623,Q140784623|P1343|Q140789143
44708,1485,set_statement,Done,,,Q140784624,Q140784624|P1343|Q140789144
44708,1486,set_statement,Done,,,Q140784629,Q140784629|P1343|Q140789145
44708,1487,set_statement,Done,,,Q140784630,Q140784630|P1343|Q113227736
44708,1488,set_statement,Done,,,Q140784631,Q140784631|P1343|Q111898793
44708,1489,set_statement,Done,,,Q140784632,Q140784632|P1343|Q113307663
44708,1490,set_statement,Done,,,Q140784633,Q140784633|P1343|Q140789146
44708,1491,set_statement,Done,,,Q140784634,Q140784634|P1343|Q113308034
44708,1492,set_statement,Done,,,Q140784635,Q140784635|P1343|Q140789147
44708,1493,set_statement,Done,,,Q140784636,Q140784636|P1343|Q140789148
44708,1494,set_statement,Done,,,Q140784637,Q140784637|P1343|Q140789149
44708,1495,set_statement,Done,,,Q140784638,Q140784638|P1343|Q140789150
44708,1496,set_statement,Done,,,Q140784640,Q140784640|P1343|Q113307019
44708,1497,set_statement,Done,,,Q140784641,Q140784641|P1343|Q113307503
44708,1498,set_statement,Done,,,Q140784642,Q140784642|P1343|Q113227810
44708,1499,set_statement,Done,,,Q140784643,Q140784643|P1343|Q140789151
44708,1500,set_statement,Done,,,Q140784644,Q140784644|P1343|Q135110526
44708,1501,set_statement,Done,,,Q140784645,Q140784645|P1343|Q140789152
44708,1502,set_statement,Done,,,Q140784646,Q140784646|P1343|Q113308133
44708,1503,set_statement,Done,,,Q140784647,Q140784647|P1343|Q140789153
44708,1504,set_statement,Done,,,Q140784648,Q140784648|P1343|Q140789154
44708,1505,set_statement,Done,,,Q140784649,Q140784649|P1343|Q124851602
44708,1506,set_statement,Done,,,Q140784650,Q140784650|P1343|Q113227679
44708,1507,set_statement,Done,,,Q140784651,Q140784651|P1343|Q113307382
44708,1508,set_statement,Done,,,Q140784652,Q140784652|P1343|Q113307491
44708,1509,set_statement,Done,,,Q140784653,Q140784653|P1343|Q113307324
44708,1510,set_statement,Done,,,Q140784654,Q140784654|P1343|Q113227890
44708,1511,set_statement,Done,,,Q140784655,Q140784655|P1343|Q140789155
44708,1512,set_statement,Done,,,Q140784656,Q140784656|P1343|Q111900054
44708,1513,set_statement,Done,,,Q140784657,Q140784657|P1343|Q140789156
44708,1514,set_statement,Done,,,Q140784659,Q140784659|P1343|Q111932852
44708,1515,set_statement,Done,,,Q140784660,Q140784660|P1343|Q113306858
44708,1516,set_statement,Done,,,Q140784661,Q140784661|P1343|Q140789157
44708,1517,set_statement,Done,,,Q140784662,Q140784662|P1343|Q138509788
44708,1518,set_statement,Done,,,Q140784663,Q140784663|P1343|Q140789158
44708,1519,set_statement,Done,,,Q140784664,Q140784664|P1343|Q140789159
44708,1520,set_statement,Done,,,Q140784665,Q140784665|P1343|Q64166673
44708,1521,set_statement,Done,,,Q140784666,Q140784666|P1343|Q113308301
44708,1522,set_statement,Done,,,Q140784667,Q140784667|P1343|Q113308266
44708,1523,set_statement,Done,,,Q140784668,Q140784668|P1343|Q62604471
44708,1524,set_statement,Done,,,Q140784670,Q140784670|P1343|Q113307318
44708,1525,set_statement,Done,,,Q140784671,Q140784671|P1343|Q112847918
44708,1526,set_statement,Done,,,Q140784672,Q140784672|P1343|Q111899581
44708,1527,set_statement,Done,,,Q140784673,Q140784673|P1343|Q57661591
44708,1528,set_statement,Done,,,Q140784674,Q140784674|P1343|Q140789160
44708,1529,set_statement,Done,,,Q140784675,Q140784675|P1343|Q140789161
44708,1530,set_statement,Done,,,Q140784676,Q140784676|P1343|Q113308044
44708,1531,set_statement,Done,,,Q140784677,Q140784677|P1343|Q113308043
44708,1532,set_statement,Done,,,Q140784678,Q140784678|P1343|Q113308066
44708,1533,set_statement,Done,,,Q140784679,Q140784679|P1343|Q63389197
44708,1534,set_statement,Done,,,Q140784680,Q140784680|P1343|Q113307627
44708,1535,set_statement,Done,,,Q140784681,Q140784681|P1343|Q110512127
44708,1536,set_statement,Done,,,Q140784682,Q140784682|P1343|Q140789162
44708,1537,set_statement,Done,,,Q140784683,Q140784683|P1343|Q140789163
44708,1538,set_statement,Done,,,Q140784684,Q140784684|P1343|Q140789164
44708,1539,set_statement,Done,,,Q140784685,Q140784685|P1343|Q140789165
44708,1540,set_statement,Done,,,Q140784686,Q140784686|P1343|Q140789166
44708,1541,set_statement,Done,,,Q140784687,Q140784687|P1343|Q140789167
44708,1542,set_statement,Done,,,Q140784688,Q140784688|P1343|Q140789168
44708,1543,set_statement,Done,,,Q140784689,Q140784689|P1343|Q140789169
44708,1544,set_statement,Done,,,Q140784691,Q140784691|P1343|Q140789170
44708,1545,set_statement,Done,,,Q140784692,Q140784692|P1343|Q140789171
44708,1546,set_statement,Done,,,Q107380998,Q107380998|P1343|Q113307673
44708,1547,set_statement,Done,,,Q140784693,Q140784693|P1343|Q140789172
44708,1548,set_statement,Done,,,Q140784694,Q140784694|P1343|Q140789173
44708,1549,set_statement,Done,,,Q140784695,Q140784695|P1343|Q113307255
44708,1550,set_statement,Done,,,Q140784696,Q140784696|P1343|Q140789174
44708,1551,set_statement,Done,,,Q140784697,Q140784697|P1343|Q113307682
44708,1552,set_statement,Done,,,Q140784698,Q140784698|P1343|Q113308232
44708,1553,set_statement,Done,,,Q140784699,Q140784699|P1343|Q113307742
44708,1554,set_statement,Done,,,Q140784700,Q140784700|P1343|Q140789175
44708,1555,set_statement,Done,,,Q140784701,Q140784701|P1343|Q113308255
44708,1556,set_statement,Done,,,Q140784702,Q140784702|P1343|Q113308047
44708,1557,set_statement,Done,,,Q140784703,Q140784703|P1343|Q57692489
44708,1558,set_statement,Done,,,Q140784704,Q140784704|P1343|Q113307583
44708,1559,set_statement,Done,,,Q140784705,Q140784705|P1343|Q113227668
44708,1560,set_statement,Done,,,Q140784706,Q140784706|P1343|Q63607825
44708,1561,set_statement,Done,,,Q140784708,Q140784708|P1343|Q111919857
44708,1562,set_statement,Done,,,Q140784709,Q140784709|P1343|Q140789176
44708,1563,set_statement,Done,,,Q140784710,Q140784710|P1343|Q113307889
44708,1564,set_statement,Done,,,Q140784711,Q140784711|P1343|Q112664060
44708,1565,set_statement,Done,,,Q140784712,Q140784712|P1343|Q140789177
44708,1566,set_statement,Done,,,Q140784713,Q140784713|P1343|Q113307619
44708,1567,set_statement,Done,,,Q140784714,Q140784714|P1343|Q140789178
44708,1568,set_statement,Done,,,Q140784715,Q140784715|P1343|Q135419968
44708,1569,set_statement,Done,,,Q140784716,Q140784716|P1343|Q113227784
44708,1570,set_statement,Done,,,Q140784717,Q140784717|P1343|Q113308296
44708,1571,set_statement,Done,,,Q140784718,Q140784718|P1343|Q140789179
44708,1572,set_statement,Done,,,Q140784719,Q140784719|P1343|Q113307754
44708,1573,set_statement,Done,,,Q140784720,Q140784720|P1343|Q140789180
44708,1574,set_statement,Done,,,Q140784721,Q140784721|P1343|Q140789181
44708,1575,set_statement,Done,,,Q140784722,Q140784722|P1343|Q140789182
44708,1576,set_statement,Done,,,Q140784723,Q140784723|P1343|Q113227915
44708,1577,set_statement,Done,,,Q140784724,Q140784724|P1343|Q113307266
44708,1578,set_statement,Done,,,Q140784726,Q140784726|P1343|Q140789183
44708,1579,set_statement,Done,,,Q140784728,Q140784728|P1343|Q140789184
44708,1580,set_statement,Done,,,Q140784729,Q140784729|P1343|Q113308214
44708,1581,set_statement,Done,,,Q140784730,Q140784730|P1343|Q140789185
44708,1582,set_statement,Done,,,Q140784731,Q140784731|P1343|Q110500246
44708,1583,set_statement,Done,,,Q140784732,Q140784732|P1343|Q113308167
44708,1584,set_statement,Done,,,Q140784733,Q140784733|P1343|Q113307059
44708,1585,set_statement,Done,,,Q140784734,Q140784734|P1343|Q140789186
44708,1586,set_statement,Done,,,Q140784735,Q140784735|P1343|Q111935729
44708,1587,set_statement,Done,,,Q140784736,Q140784736|P1343|Q113227644
44708,1588,set_statement,Done,,,Q140784737,Q140784737|P1343|Q140789187
44708,1589,set_statement,Done,,,Q140784738,Q140784738|P1343|Q140789188
44708,1590,set_statement,Done,,,Q113324535,Q113324535|P1343|Q109852473
44708,1591,set_statement,Done,,,Q140784739,Q140784739|P1343|Q113308212
44708,1592,set_statement,Done,,,Q140784740,Q140784740|P1343|Q113308202
44708,1593,set_statement,Done,,,Q140784741,Q140784741|P1343|Q113307481
44708,1594,set_statement,Done,,,Q140784742,Q140784742|P1343|Q139311219
44708,1595,set_statement,Done,,,Q140784743,Q140784743|P1343|Q140789189
44708,1596,set_statement,Done,,,Q140784745,Q140784745|P1343|Q111900399
44708,1597,set_statement,Done,,,Q140784746,Q140784746|P1343|Q113227876
44708,1598,set_statement,Done,,,Q140784747,Q140784747|P1343|Q140789191
44708,1599,set_statement,Done,,,Q140784748,Q140784748|P1343|Q113227805
44708,1600,set_statement,Done,,,Q140784749,Q140784749|P1343|Q112108932
44708,1601,set_statement,Done,,,Q140784750,Q140784750|P1343|Q113307657
44708,1602,set_statement,Done,,,Q140784751,Q140784751|P1343|Q113307636
44708,1603,set_statement,Done,,,Q140784752,Q140784752|P1343|Q113307507
44708,1604,set_statement,Done,,,Q140784403,Q140784403|P1343|Q113227792
44708,1605,set_statement,Done,,,Q140784753,Q140784753|P1343|Q140789192
44708,1606,set_statement,Done,,,Q140784754,Q140784754|P1343|Q140789193
44708,1607,set_statement,Done,,,Q140784755,Q140784755|P1343|Q140789194
44708,1608,set_statement,Done,,,Q140784756,Q140784756|P1343|Q140789195
44708,1609,set_statement,Done,,,Q140784757,Q140784757|P1343|Q140789196
44708,1610,set_statement,Done,,,Q140784758,Q140784758|P1343|Q140789197
44708,1611,set_statement,Done,,,Q140784759,Q140784759|P1343|Q113307272
44708,1612,set_statement,Done,,,Q140784760,Q140784760|P1343|Q140789198
44708,1613,set_statement,Done,,,Q140784761,Q140784761|P1343|Q140789199
44708,1614,set_statement,Done,,,Q140784762,Q140784762|P1343|Q140789200
44708,1615,set_statement,Done,,,Q140784763,Q140784763|P1343|Q113307813
44708,1616,set_statement,Done,,,Q140784764,Q140784764|P1343|Q140789201
44708,1617,set_statement,Done,,,Q140784765,Q140784765|P1343|Q140789202
44708,1618,set_statement,Done,,,Q140784766,Q140784766|P1343|Q140789203
44708,1619,set_statement,Done,,,Q140784767,Q140784767|P1343|Q140789204
44708,1620,set_statement,Done,,,Q140784768,Q140784768|P1343|Q140789205
44708,1621,set_statement,Done,,,Q140784769,Q140784769|P1343|Q140789206
44708,1622,set_statement,Done,,,Q140784770,Q140784770|P1343|Q140789207
44708,1623,set_statement,Done,,,Q140784771,Q140784771|P1343|Q140789208
44708,1624,set_statement,Done,,,Q140784772,Q140784772|P1343|Q140789209
44708,1625,set_statement,Done,,,Q140784773,Q140784773|P1343|Q140789210
44708,1626,set_statement,Done,,,Q140784774,Q140784774|P1343|Q112847682
44708,1627,set_statement,Done,,,Q140784775,Q140784775|P1343|Q113308278
44708,1628,set_statement,Done,,,Q140784776,Q140784776|P1343|Q110512123
44708,1629,set_statement,Done,,,Q140784777,Q140784777|P1343|Q63411093
44708,1630,set_statement,Done,,,Q140784778,Q140784778|P1343|Q111899743
44708,1631,set_statement,Done,,,Q140784779,Q140784779|P1343|Q113307638
44708,1632,set_statement,Done,,,Q140784780,Q140784780|P1343|Q113308176
44708,1633,set_statement,Done,,,Q140784781,Q140784781|P1343|Q113307202
44708,1634,set_statement,Done,,,Q140784782,Q140784782|P1343|Q113308064
44708,1635,set_statement,Done,,,Q140784783,Q140784783|P1343|Q113307860
44708,1636,set_statement,Done,,,Q140784784,Q140784784|P1343|Q140789211
44708,1637,set_statement,Done,,,Q140784785,Q140784785|P1343|Q113227732
44708,1638,set_statement,Done,,,Q140784786,Q140784786|P1343|Q140789212
44708,1639,set_statement,Done,,,Q140784787,Q140784787|P1343|Q113308124
44708,1640,set_statement,Done,,,Q140784788,Q140784788|P1343|Q113227663
44708,1641,set_statement,Done,,,Q140784789,Q140784789|P1343|Q140789213
44708,1642,set_statement,Done,,,Q140784790,Q140784790|P1343|Q140789214
44708,1643,set_statement,Done,,,Q140784791,Q140784791|P1343|Q140789215
44708,1644,set_statement,Done,,,Q140784792,Q140784792|P1343|Q140789216
44708,1645,set_statement,Done,,,Q140784793,Q140784793|P1343|Q140789217
44708,1646,set_statement,Done,,,Q140784794,Q140784794|P1343|Q140789218
44708,1647,set_statement,Done,,,Q140784795,Q140784795|P1343|Q140789219
44708,1648,set_statement,Done,,,Q140784796,Q140784796|P1343|Q113308110
44708,1649,set_statement,Done,,,Q140784797,Q140784797|P1343|Q113227943
44708,1650,set_statement,Done,,,Q140784798,Q140784798|P1343|Q113308183
44708,1651,set_statement,Done,,,Q140784799,Q140784799|P1343|Q140789220
44708,1652,set_statement,Done,,,Q140784802,Q140784802|P1343|Q113308015
44708,1653,set_statement,Done,,,Q140784803,Q140784803|P1343|Q140789221
44708,1654,set_statement,Done,,,Q140784804,Q140784804|P1343|Q140789222
44708,1655,set_statement,Done,,,Q140784805,Q140784805|P1343|Q113307693
44708,1656,set_statement,Done,,,Q140784806,Q140784806|P1343|Q140789223
44708,1657,set_statement,Done,,,Q140784807,Q140784807|P1343|Q113227743
44708,1658,set_statement,Done,,,Q140784808,Q140784808|P1343|Q140789224
44708,1659,set_statement,Done,,,Q140784809,Q140784809|P1343|Q129243481
44708,1660,set_statement,Done,,,Q140784810,Q140784810|P1343|Q140789225
44708,1661,set_statement,Done,,,Q140784812,Q140784812|P1343|Q57920793
44708,1662,set_statement,Done,,,Q140784813,Q140784813|P1343|Q140789227
44708,1663,set_statement,Done,,,Q140784814,Q140784814|P1343|Q113307748
44708,1664,set_statement,Done,,,Q140784815,Q140784815|P1343|Q140789228
44708,1665,set_statement,Done,,,Q140784816,Q140784816|P1343|Q140789229
44708,1666,set_statement,Done,,,Q140784817,Q140784817|P1343|Q140789230
44708,1667,set_statement,Done,,,Q140784818,Q140784818|P1343|Q140789231
44708,1668,set_statement,Done,,,Q140784819,Q140784819|P1343|Q140789232
44708,1669,set_statement,Done,,,Q140784820,Q140784820|P1343|Q113307625
44708,1670,set_statement,Done,,,Q140784822,Q140784822|P1343|Q61761977
44708,1671,set_statement,Done,,,Q140784823,Q140784823|P1343|Q140789233
44708,1672,set_statement,Done,,,Q140784824,Q140784824|P1343|Q113307873
44708,1673,set_statement,Done,,,Q140784825,Q140784825|P1343|Q113307885
44708,1674,set_statement,Done,,,Q140784826,Q140784826|P1343|Q106685962
44708,1675,set_statement,Done,,,Q140784827,Q140784827|P1343|Q113307083
44708,1676,set_statement,Done,,,Q140784828,Q140784828|P1343|Q140789234
44708,1677,set_statement,Done,,,Q140784829,Q140784829|P1343|Q57088982
44708,1678,set_statement,Done,,,Q140784830,Q140784830|P1343|Q140789235
44708,1679,set_statement,Done,,,Q140784835,Q140784835|P1343|Q140789236
44708,1680,set_statement,Done,,,Q140784836,Q140784836|P1343|Q140789237
44708,1681,set_statement,Done,,,Q140784837,Q140784837|P1343|Q137179902
44708,1682,set_statement,Done,,,Q140784838,Q140784838|P1343|Q113306954
44708,1683,set_statement,Done,,,Q140784839,Q140784839|P1343|Q140789238
44708,1684,set_statement,Done,,,Q140784840,Q140784840|P1343|Q113307373
44708,1685,set_statement,Done,,,Q140784841,Q140784841|P1343|Q113227846
44708,1686,set_statement,Done,,,Q140784842,Q140784842|P1343|Q140789239
44708,1687,set_statement,Done,,,Q140784843,Q140784843|P1343|Q140789240
44708,1688,set_statement,Done,,,Q140784844,Q140784844|P1343|Q140789241
44708,1689,set_statement,Done,,,Q140784845,Q140784845|P1343|Q113308337
44708,1690,set_statement,Done,,,Q140784846,Q140784846|P1343|Q113307675
44708,1691,set_statement,Done,,,Q140784847,Q140784847|P1343|Q113227709
44708,1692,set_statement,Done,,,Q140784848,Q140784848|P1343|Q140789242
44708,1693,set_statement,Done,,,Q140784849,Q140784849|P1343|Q113307878
44708,1694,set_statement,Done,,,Q140784850,Q140784850|P1343|Q113307776
44708,1695,set_statement,Done,,,Q140784851,Q140784851|P1343|Q113308128
44708,1696,set_statement,Done,,,Q140784852,Q140784852|P1343|Q140789243
44708,1697,set_statement,Done,,,Q140784853,Q140784853|P1343|Q140789244
44708,1698,set_statement,Done,,,Q140784854,Q140784854|P1343|Q113308237
44708,1699,set_statement,Done,,,Q140784855,Q140784855|P1343|Q113306904
44708,1700,set_statement,Done,,,Q140784856,Q140784856|P1343|Q140789245
44708,1701,set_statement,Done,,,Q140784857,Q140784857|P1343|Q121225395
44708,1702,set_statement,Done,,,Q140784858,Q140784858|P1343|Q127335413
44708,1703,set_statement,Done,,,Q140784859,Q140784859|P1343|Q140789247
44708,1704,set_statement,Done,,,Q140784860,Q140784860|P1343|Q113227845
44708,1705,set_statement,Done,,,Q140784861,Q140784861|P1343|Q140789249
44708,1706,set_statement,Done,,,Q140784862,Q140784862|P1343|Q108784877
44708,1707,set_statement,Done,,,Q140784863,Q140784863|P1343|Q113308112
44708,1708,set_statement,Done,,,Q140784864,Q140784864|P1343|Q57195517
44708,1709,set_statement,Done,,,Q140784865,Q140784865|P1343|Q111931220
44708,1710,set_statement,Done,,,Q140784866,Q140784866|P1343|Q113307372
44708,1711,set_statement,Done,,,Q140784867,Q140784867|P1343|Q140789250
44708,1712,set_statement,Done,,,Q140784868,Q140784868|P1343|Q140789251
44708,1713,set_statement,Done,,,Q140784869,Q140784869|P1343|Q113227760
44708,1714,set_statement,Done,,,Q140784870,Q140784870|P1343|Q140789253
44708,1715,set_statement,Done,,,Q140784871,Q140784871|P1343|Q113307531
44708,1716,set_statement,Done,,,Q140784872,Q140784872|P1343|Q113307857
44708,1717,set_statement,Done,,,Q140784873,Q140784873|P1343|Q140789254
44708,1718,set_statement,Done,,,Q140784874,Q140784874|P1343|Q140789255
44708,1719,set_statement,Done,,,Q140784875,Q140784875|P1343|Q140789256
44708,1720,set_statement,Done,,,Q140784876,Q140784876|P1343|Q140789257
44708,1721,set_statement,Done,,,Q140784877,Q140784877|P1343|Q140789258
44708,1722,set_statement,Done,,,Q140784878,Q140784878|P1343|Q140789259
44708,1723,set_statement,Done,,,Q140784879,Q140784879|P1343|Q140789260
44708,1724,set_statement,Done,,,Q140784881,Q140784881|P1343|Q140789261
44708,1725,set_statement,Done,,,Q140784884,Q140784884|P1343|Q140789262
44708,1726,set_statement,Done,,,Q140784885,Q140784885|P1343|Q140789263
44708,1727,set_statement,Done,,,Q140784886,Q140784886|P1343|Q140789264
44708,1728,set_statement,Done,,,Q140784887,Q140784887|P1343|Q113227986
44708,1729,set_statement,Done,,,Q140784888,Q140784888|P1343|Q113227777
44708,1730,set_statement,Done,,,Q140784889,Q140784889|P1343|Q140789265
44708,1731,set_statement,Done,,,Q140784890,Q140784890|P1343|Q113307700
44708,1732,set_statement,Done,,,Q140784891,Q140784891|P1343|Q135299913
44708,1733,set_statement,Done,,,Q140784892,Q140784892|P1343|Q113307412
44708,1734,set_statement,Done,,,Q140784893,Q140784893|P1343|Q113307400
44708,1735,set_statement,Done,,,Q140784895,Q140784895|P1343|Q113308004
44708,1736,set_statement,Done,,,Q140784897,Q140784897|P1343|Q60736659
44708,1737,set_statement,Done,,,Q140784898,Q140784898|P1343|Q113307978
44708,1738,set_statement,Done,,,Q140784899,Q140784899|P1343|Q140789267
44708,1739,set_statement,Done,,,Q140784900,Q140784900|P1343|Q140789268
44708,1740,set_statement,Done,,,Q140784901,Q140784901|P1343|Q140789269
44708,1741,set_statement,Done,,,Q140784902,Q140784902|P1343|Q140789270
44708,1742,set_statement,Done,,,Q140784903,Q140784903|P1343|Q140789271
44708,1743,set_statement,Done,,,Q140784904,Q140784904|P1343|Q140789272
44708,1744,set_statement,Done,,,Q140784905,Q140784905|P1343|Q113308195
44708,1745,set_statement,Done,,,Q140784906,Q140784906|P1343|Q140789273
44708,1746,set_statement,Done,,,Q140784907,Q140784907|P1343|Q140789274
44708,1747,set_statement,Done,,,Q120733156,Q120733156|P1343|Q140789275
44708,1748,set_statement,Done,,,Q140784908,Q140784908|P1343|Q57788029
44708,1749,set_statement,Done,,,Q140784909,Q140784909|P1343|Q140789276
44708,1750,set_statement,Done,,,Q140784910,Q140784910|P1343|Q140789277
44708,1751,set_statement,Done,,,Q140784911,Q140784911|P1343|Q140789278
44708,1752,set_statement,Done,,,Q140784912,Q140784912|P1343|Q140789279
44708,1753,set_statement,Done,,,Q140784913,Q140784913|P1343|Q113307609
44708,1754,set_statement,Done,,,Q140784914,Q140784914|P1343|Q140789280
44708,1755,set_statement,Done,,,Q140784915,Q140784915|P1343|Q140789281
44708,1756,set_statement,Done,,,Q140784916,Q140784916|P1343|Q113307349
44708,1757,set_statement,Done,,,Q140784917,Q140784917|P1343|Q140789282
44708,1758,set_statement,Done,,,Q140784918,Q140784918|P1343|Q140789283
44708,1759,set_statement,Done,,,Q140784919,Q140784919|P1343|Q140789284
44708,1760,set_statement,Done,,,Q140784920,Q140784920|P1343|Q140789285
44708,1761,set_statement,Done,,,Q140784921,Q140784921|P1343|Q113307409
44708,1762,set_statement,Done,,,Q140784922,Q140784922|P1343|Q140789286
44708,1763,set_statement,Done,,,Q140784923,Q140784923|P1343|Q140789287
44708,1764,set_statement,Done,,,Q140784924,Q140784924|P1343|Q140789288
44708,1765,set_statement,Done,,,Q140784925,Q140784925|P1343|Q113307408
44708,1766,set_statement,Done,,,Q140784926,Q140784926|P1343|Q113308188
44708,1767,set_statement,Done,,,Q140784927,Q140784927|P1343|Q140789289
44708,1768,set_statement,Done,,,Q140784928,Q140784928|P1343|Q140789290
44708,1769,set_statement,Done,,,Q140784929,Q140784929|P1343|Q112108944
44708,1770,set_statement,Done,,,Q140784930,Q140784930|P1343|Q140789291
44708,1771,set_statement,Done,,,Q140784931,Q140784931|P1343|Q113307369
44708,1772,set_statement,Done,,,Q140784932,Q140784932|P1343|Q113308295
44708,1773,set_statement,Done,,,Q140784933,Q140784933|P1343|Q113307644
44708,1774,set_statement,Done,,,Q140784935,Q140784935|P1343|Q140789316
44708,1775,set_statement,Done,,,Q120549842,Q120549842|P1343|Q113227575
44708,1776,set_statement,Done,,,Q140784936,Q140784936|P1343|Q140789318
44708,1777,set_statement,Done,,,Q140784937,Q140784937|P1343|Q113308180
44708,1778,set_statement,Done,,,Q140784938,Q140784938|P1343|Q140789320
44708,1779,set_statement,Done,,,Q140784939,Q140784939|P1343|Q140789323
44708,1780,set_statement,Done,,,Q140784940,Q140784940|P1343|Q140789325
44708,1781,set_statement,Done,,,Q140784941,Q140784941|P1343|Q113307608
44708,1782,set_statement,Done,,,Q140784955,Q140784955|P1343|Q113307525
44708,1783,set_statement,Done,,,Q140784956,Q140784956|P1343|Q113227791
44708,1784,set_statement,Done,,,Q140784957,Q140784957|P1343|Q111901107
44708,1785,set_statement,Done,,,Q140784958,Q140784958|P1343|Q111934446
44708,1786,set_statement,Done,,,Q140784959,Q140784959|P1343|Q113308092
44708,1787,set_statement,Done,,,Q140784960,Q140784960|P1343|Q140789327
44708,1788,set_statement,Done,,,Q140784961,Q140784961|P1343|Q111900470
44708,1789,set_statement,Done,,,Q140784962,Q140784962|P1343|Q56042375
44708,1790,set_statement,Done,,,Q140784963,Q140784963|P1343|Q138509475
44708,1791,set_statement,Done,,,Q140784964,Q140784964|P1343|Q113307552
44708,1792,set_statement,Done,,,Q140784966,Q140784966|P1343|Q113307022
44708,1793,set_statement,Done,,,Q107383886,Q107383886|P1343|Q107337642
44708,1794,set_statement,Done,,,Q140784967,Q140784967|P1343|Q140789329
44708,1795,set_statement,Done,,,Q140784968,Q140784968|P1343|Q140789331
44708,1796,set_statement,Done,,,Q140784969,Q140784969|P1343|Q140789334
44708,1797,set_statement,Done,,,Q140784970,Q140784970|P1343|Q140789336
44708,1798,set_statement,Done,,,Q140784971,Q140784971|P1343|Q140789338
44708,1799,set_statement,Done,,,Q140784972,Q140784972|P1343|Q140789340
44708,1800,set_statement,Done,,,Q140784973,Q140784973|P1343|Q140789342
44708,1801,set_statement,Done,,,Q140784974,Q140784974|P1343|Q140789345
44708,1802,set_statement,Done,,,Q140784975,Q140784975|P1343|Q140789347
44708,1803,set_statement,Done,,,Q140784976,Q140784976|P1343|Q119695781
44708,1804,set_statement,Done,,,Q140784977,Q140784977|P1343|Q140789357
44708,1805,set_statement,Done,,,Q140784978,Q140784978|P1343|Q140789358
44708,1806,set_statement,Done,,,Q140784979,Q140784979|P1343|Q140789359
44708,1807,set_statement,Done,,,Q140784980,Q140784980|P1343|Q113307686
44708,1808,set_statement,Done,,,Q107384476,Q107384476|P1343|Q113307604
44708,1809,set_statement,Done,,,Q140784981,Q140784981|P1343|Q140789360
44708,1810,set_statement,Done,,,Q140784982,Q140784982|P1343|Q113308052
44708,1811,set_statement,Done,,,Q140784983,Q140784983|P1343|Q113307823
44708,1812,set_statement,Done,,,Q140784984,Q140784984|P1343|Q113308265
44708,1813,set_statement,Done,,,Q140784985,Q140784985|P1343|Q113308254
44708,1814,set_statement,Done,,,Q140784986,Q140784986|P1343|Q113308198
44708,1815,set_statement,Done,,,Q140784987,Q140784987|P1343|Q113308218
44708,1816,set_statement,Done,,,Q140784988,Q140784988|P1343|Q113308342
44708,1817,set_statement,Done,,,Q140784989,Q140784989|P1343|Q113308327
44708,1818,set_statement,Done,,,Q140784990,Q140784990|P1343|Q113308297
44708,1819,set_statement,Done,,,Q140784991,Q140784991|P1343|Q113227598
44708,1820,set_statement,Done,,,Q140784992,Q140784992|P1343|Q113308097
44708,1821,set_statement,Done,,,Q140784993,Q140784993|P1343|Q113227853
44708,1822,set_statement,Done,,,Q140784994,Q140784994|P1343|Q140789361
44708,1823,set_statement,Done,,,Q140784995,Q140784995|P1343|Q140789362
44708,1824,set_statement,Done,,,Q140784996,Q140784996|P1343|Q140789363
44708,1825,set_statement,Done,,,Q140784997,Q140784997|P1343|Q140789364
44708,1826,set_statement,Done,,,Q140785010,Q140785010|P1343|Q140789365
44708,1827,set_statement,Done,,,Q140785011,Q140785011|P1343|Q140789366
44708,1828,set_statement,Done,,,Q140785012,Q140785012|P1343|Q140789367
44708,1829,set_statement,Done,,,Q140783810,Q140783810|P1343|Q113307676
44708,1830,set_statement,Done,,,Q140785013,Q140785013|P1343|Q140789368
44708,1831,set_statement,Done,,,Q140785014,Q140785014|P1343|Q140789369
44708,1832,set_statement,Done,,,Q140785015,Q140785015|P1343|Q140789370
44708,1833,set_statement,Done,,,Q140785016,Q140785016|P1343|Q140789371
44708,1834,set_statement,Done,,,Q140785017,Q140785017|P1343|Q113227974
44708,1835,set_statement,Done,,,Q140785018,Q140785018|P1343|Q113307284
44708,1836,set_statement,Done,,,Q140785019,Q140785019|P1343|Q113227653
44708,1837,set_statement,Done,,,Q140785021,Q140785021|P1343|Q140789372
44708,1838,set_statement,Done,,,Q140785022,Q140785022|P1343|Q113308250
44708,1839,set_statement,Done,,,Q140785023,Q140785023|P1343|Q140789373
44708,1840,set_statement,Done,,,Q140785024,Q140785024|P1343|Q113308059
44708,1841,set_statement,Done,,,Q140785025,Q140785025|P1343|Q113227809
44708,1842,set_statement,Done,,,Q140785026,Q140785026|P1343|Q140789374
44708,1843,set_statement,Done,,,Q140785027,Q140785027|P1343|Q140789375
44708,1844,set_statement,Done,,,Q140785029,Q140785029|P1343|Q140789376
44708,1845,set_statement,Done,,,Q120965904,Q120965904|P1343|Q60338377
44708,1846,set_statement,Done,,,Q140785030,Q140785030|P1343|Q113307281
44708,1847,set_statement,Done,,,Q140785031,Q140785031|P1343|Q113306949
44708,1848,set_statement,Done,,,Q140785032,Q140785032|P1343|Q140789377
44708,1849,set_statement,Done,,,Q140785033,Q140785033|P1343|Q140789378
44708,1850,set_statement,Done,,,Q140785034,Q140785034|P1343|Q140789379
44708,1851,set_statement,Done,,,Q140785035,Q140785035|P1343|Q140789380
44708,1852,set_statement,Done,,,Q140785036,Q140785036|P1343|Q140789381
44708,1853,set_statement,Done,,,Q140785037,Q140785037|P1343|Q140789382
44708,1854,set_statement,Done,,,Q140785038,Q140785038|P1343|Q113227932
44708,1855,set_statement,Done,,,Q140785039,Q140785039|P1343|Q140789383
44708,1856,set_statement,Done,,,Q140785040,Q140785040|P1343|Q140789384
44708,1857,set_statement,Done,,,Q140785041,Q140785041|P1343|Q140789385
44708,1858,set_statement,Done,,,Q140785042,Q140785042|P1343|Q113227635
44708,1859,set_statement,Done,,,Q140785043,Q140785043|P1343|Q140789386
44708,1860,set_statement,Done,,,Q140785044,Q140785044|P1343|Q140789387
44708,1861,set_statement,Done,,,Q140785046,Q140785046|P1343|Q118594260
44708,1862,set_statement,Done,,,Q140785047,Q140785047|P1343|Q123698886
44708,1863,set_statement,Done,,,Q140785048,Q140785048|P1343|Q140789388
44708,1864,set_statement,Done,,,Q140785049,Q140785049|P1343|Q140789389
44708,1865,set_statement,Done,,,Q140785050,Q140785050|P1343|Q113307660
44708,1866,set_statement,Done,,,Q140785051,Q140785051|P1343|Q140789390
44708,1867,set_statement,Done,,,Q140785052,Q140785052|P1343|Q140789391
44708,1868,set_statement,Done,,,Q140785053,Q140785053|P1343|Q113307758
44708,1869,set_statement,Done,,,Q140785054,Q140785054|P1343|Q140789392
44708,1870,set_statement,Done,,,Q120549844,Q120549844|P1343|Q93242955
44708,1871,set_statement,Done,,,Q140785055,Q140785055|P1343|Q113227681
44708,1872,set_statement,Done,,,Q140785056,Q140785056|P1343|Q113307227
44708,1873,set_statement,Done,,,Q140785057,Q140785057|P1343|Q140789393
44708,1874,set_statement,Done,,,Q107385313,Q107385313|P1343|Q119696124
44708,1875,set_statement,Done,,,Q140785058,Q140785058|P1343|Q113307230
44708,1876,set_statement,Done,,,Q140785059,Q140785059|P1343|Q140789394
44708,1877,set_statement,Done,,,Q140785060,Q140785060|P1343|Q113227803
44708,1878,set_statement,Done,,,Q140785061,Q140785061|P1343|Q140789395
44708,1879,set_statement,Done,,,Q140785062,Q140785062|P1343|Q140789396
44708,1880,set_statement,Done,,,Q140785063,Q140785063|P1343|Q113227753
44708,1881,set_statement,Done,,,Q140785064,Q140785064|P1343|Q113307336
44708,1882,set_statement,Done,,,Q140785065,Q140785065|P1343|Q140789397
44708,1883,set_statement,Done,,,Q140785066,Q140785066|P1343|Q140789398
44708,1884,set_statement,Done,,,Q107384344,Q107384344|P1343|Q113308151
44708,1885,set_statement,Done,,,Q140785067,Q140785067|P1343|Q113307271
44708,1886,set_statement,Done,,,Q140785080,Q140785080|P1343|Q140789399
44708,1887,set_statement,Done,,,Q140785081,Q140785081|P1343|Q113227872
44708,1888,set_statement,Done,,,Q140785082,Q140785082|P1343|Q113308119
44708,1889,set_statement,Done,,,Q140785083,Q140785083|P1343|Q140789400
44708,1890,set_statement,Done,,,Q140785084,Q140785084|P1343|Q113227724
44708,1891,set_statement,Done,,,Q140785085,Q140785085|P1343|Q113307467
44708,1892,set_statement,Done,,,Q140785086,Q140785086|P1343|Q113307377
44708,1893,set_statement,Done,,,Q140785087,Q140785087|P1343|Q113307249
44708,1894,set_statement,Done,,,Q140785088,Q140785088|P1343|Q57524023
44708,1895,set_statement,Done,,,Q140785089,Q140785089|P1343|Q110499953
44708,1896,set_statement,Done,,,Q140785090,Q140785090|P1343|Q113307168
44708,1897,set_statement,Done,,,Q140785091,Q140785091|P1343|Q113307191
44708,1898,set_statement,Done,,,Q140785092,Q140785092|P1343|Q113307228
44708,1899,set_statement,Done,,,Q140785093,Q140785093|P1343|Q113306743
44708,1900,set_statement,Done,,,Q140785094,Q140785094|P1343|Q113307798
44708,1901,set_statement,Done,,,Q140785095,Q140785095|P1343|Q113227863
44708,1902,set_statement,Done,,,Q140785096,Q140785096|P1343|Q140789401
44708,1903,set_statement,Done,,,Q140785097,Q140785097|P1343|Q113307427
44708,1904,set_statement,Done,,,Q140785098,Q140785098|P1343|Q140789402
44708,1905,set_statement,Done,,,Q140785100,Q140785100|P1343|Q92159325
44708,1906,set_statement,Done,,,Q140785101,Q140785101|P1343|Q140789403
44708,1907,set_statement,Done,,,Q140785102,Q140785102|P1343|Q113308113
44708,1908,set_statement,Done,,,Q140785103,Q140785103|P1343|Q140789404
44708,1909,set_statement,Done,,,Q140785104,Q140785104|P1343|Q140789405
44708,1910,set_statement,Done,,,Q140785105,Q140785105|P1343|Q140789406
44708,1911,set_statement,Done,,,Q140785106,Q140785106|P1343|Q140789407
44708,1912,set_statement,Done,,,Q140785107,Q140785107|P1343|Q140789408
44708,1913,set_statement,Done,,,Q140785108,Q140785108|P1343|Q140789409
44708,1914,set_statement,Done,,,Q140785110,Q140785110|P1343|Q140789410
44708,1915,set_statement,Done,,,Q140785111,Q140785111|P1343|Q140789411
44708,1916,set_statement,Done,,,Q140785112,Q140785112|P1343|Q140789412
44708,1917,set_statement,Done,,,Q140785113,Q140785113|P1343|Q140789413
44708,1918,set_statement,Done,,,Q4047262,Q4047262|P1343|Q119698790
44708,1919,set_statement,Done,,,Q140785114,Q140785114|P1343|Q140789414
44708,1920,set_statement,Done,,,Q140785115,Q140785115|P1343|Q140789415
44708,1921,set_statement,Done,,,Q140785116,Q140785116|P1343|Q140789416
44708,1922,set_statement,Done,,,Q140785117,Q140785117|P1343|Q140789417
44708,1923,set_statement,Done,,,Q140785118,Q140785118|P1343|Q113227676
44708,1924,set_statement,Done,,,Q140785120,Q140785120|P1343|Q57014990
44708,1925,set_statement,Done,,,Q140785121,Q140785121|P1343|Q140789418
44708,1926,set_statement,Done,,,Q140785122,Q140785122|P1343|Q113307602
44708,1927,set_statement,Done,,,Q140785123,Q140785123|P1343|Q113227795
44708,1928,set_statement,Done,,,Q140785124,Q140785124|P1343|Q140789419
44708,1929,set_statement,Done,,,Q140785125,Q140785125|P1343|Q113308286
44708,1930,set_statement,Done,,,Q140785126,Q140785126|P1343|Q113307224
44708,1931,set_statement,Done,,,Q140785127,Q140785127|P1343|Q140789420
44708,1932,set_statement,Done,,,Q140785128,Q140785128|P1343|Q140789421
44708,1933,set_statement,Done,,,Q140785130,Q140785130|P1343|Q113227687
44708,1934,set_statement,Done,,,Q140785132,Q140785132|P1343|Q140789422
44708,1935,set_statement,Done,,,Q140785133,Q140785133|P1343|Q140789423
44708,1936,set_statement,Done,,,Q140785134,Q140785134|P1343|Q140789424
44708,1937,set_statement,Done,,,Q140785135,Q140785135|P1343|Q140789425
44708,1938,set_statement,Done,,,Q140785136,Q140785136|P1343|Q140789426
44708,1939,set_statement,Done,,,Q140785137,Q140785137|P1343|Q140789427
44708,1940,set_statement,Done,,,Q140785138,Q140785138|P1343|Q113307454
44708,1941,set_statement,Done,,,Q140785139,Q140785139|P1343|Q140789428
44708,1942,set_statement,Done,,,Q140785141,Q140785141|P1343|Q140789429
44708,1943,set_statement,Done,,,Q140785142,Q140785142|P1343|Q140789430
44708,1944,set_statement,Done,,,Q140785143,Q140785143|P1343|Q140789431
44708,1945,set_statement,Done,,,Q140785144,Q140785144|P1343|Q140789432
44708,1946,set_statement,Done,,,Q140785145,Q140785145|P1343|Q140789433
44708,1947,set_statement,Done,,,Q140785146,Q140785146|P1343|Q140789434
44708,1948,set_statement,Done,,,Q140785147,Q140785147|P1343|Q113308179
44708,1949,set_statement,Done,,,Q140785148,Q140785148|P1343|Q113307235
44708,1950,set_statement,Done,,,Q140785149,Q140785149|P1343|Q113308054
44708,1951,set_statement,Done,,,Q21041255,Q21041255|P1343|Q140789435
44708,1952,set_statement,Done,,,Q140785153,Q140785153|P1343|Q140789436
44708,1953,set_statement,Done,,,Q140785154,Q140785154|P1343|Q129449499
44708,1954,set_statement,Done,,,Q140785155,Q140785155|P1343|Q140789437
44708,1955,set_statement,Done,,,Q140785157,Q140785157|P1343|Q113227746
44708,1956,set_statement,Done,,,Q140785158,Q140785158|P1343|Q113307210
44708,1957,set_statement,Done,,,Q140785159,Q140785159|P1343|Q113227770
44708,1958,set_statement,Done,,,Q140784610,Q140784610|P1343|Q140789438
44708,1959,set_statement,Done,,,Q140785160,Q140785160|P1343|Q113307994
44708,1960,set_statement,Done,,,Q140785161,Q140785161|P1343|Q112108945
44708,1961,set_statement,Done,,,Q140785162,Q140785162|P1343|Q140789439
44708,1962,set_statement,Done,,,Q140785164,Q140785164|P1343|Q113308224
44708,1963,set_statement,Done,,,Q140785165,Q140785165|P1343|Q134885633
44708,1964,set_statement,Done,,,Q140785166,Q140785166|P1343|Q140789440
44708,1965,set_statement,Done,,,Q140785167,Q140785167|P1343|Q113308201
44708,1966,set_statement,Done,,,Q140785168,Q140785168|P1343|Q140789441
44708,1967,set_statement,Done,,,Q140785169,Q140785169|P1343|Q113227675
44708,1968,set_statement,Done,,,Q140785170,Q140785170|P1343|Q140789442
44708,1969,set_statement,Done,,,Q140785171,Q140785171|P1343|Q113307220
44708,1970,set_statement,Done,,,Q140785172,Q140785172|P1343|Q113307029
44708,1971,set_statement,Done,,,Q140785174,Q140785174|P1343|Q113307689
44708,1972,set_statement,Done,,,Q140785175,Q140785175|P1343|Q113307566
44708,1973,set_statement,Done,,,Q140785176,Q140785176|P1343|Q56042374
44708,1974,set_statement,Done,,,Q140785177,Q140785177|P1343|Q111900242
44708,1975,set_statement,Done,,,Q140785178,Q140785178|P1343|Q56051994
44708,1976,set_statement,Done,,,Q140785179,Q140785179|P1343|Q110499956
44708,1977,set_statement,Done,,,Q140785180,Q140785180|P1343|Q113308053
44708,1978,set_statement,Done,,,Q140785181,Q140785181|P1343|Q110502065
44708,1979,set_statement,Done,,,Q140785182,Q140785182|P1343|Q113227868
44708,1980,set_statement,Done,,,Q140785183,Q140785183|P1343|Q113307726
44708,1981,set_statement,Done,,,Q140785184,Q140785184|P1343|Q58046435
44708,1982,set_statement,Done,,,Q140785185,Q140785185|P1343|Q113308339
44708,1983,set_statement,Done,,,Q140785186,Q140785186|P1343|Q113308269
44708,1984,set_statement,Done,,,Q140785187,Q140785187|P1343|Q113308190
44708,1985,set_statement,Done,,,Q140785188,Q140785188|P1343|Q113308277
44708,1986,set_statement,Done,,,Q140785189,Q140785189|P1343|Q110500247
44708,1987,set_statement,Done,,,Q140785190,Q140785190|P1343|Q113306748
44708,1988,set_statement,Done,,,Q140785191,Q140785191|P1343|Q140789443
44708,1989,set_statement,Done,,,Q140787505,Q140787505|P1343|Q140789444
44708,1990,set_statement,Done,,,Q140785216,Q140785216|P1343|Q140789445
44708,1991,set_statement,Done,,,Q140785217,Q140785217|P1343|Q140789446
44708,1992,set_statement,Done,,,Q140785218,Q140785218|P1343|Q140789447
44708,1993,set_statement,Done,,,Q140785219,Q140785219|P1343|Q140789448
44708,1994,set_statement,Done,,,Q140785220,Q140785220|P1343|Q140789449
44708,1995,set_statement,Done,,,Q140785221,Q140785221|P1343|Q140789450
44708,1996,set_statement,Done,,,Q140785222,Q140785222|P1343|Q140789451
44708,1997,set_statement,Done,,,Q140785223,Q140785223|P1343|Q140789452
44708,1998,set_statement,Done,,,Q140785224,Q140785224|P1343|Q140789453
44708,1999,set_statement,Done,,,Q140785226,Q140785226|P1343|Q113307473
44708,2000,set_statement,Done,,,Q140785227,Q140785227|P1343|Q113227794
44708,2001,set_statement,Done,,,Q140785228,Q140785228|P1343|Q140789454
44708,2002,set_statement,Done,,,Q140785229,Q140785229|P1343|Q111900255
44708,2003,set_statement,Done,,,Q140785230,Q140785230|P1343|Q113227934
44708,2004,set_statement,Done,,,Q140785231,Q140785231|P1343|Q140789455
44708,2005,set_statement,Done,,,Q140785232,Q140785232|P1343|Q140789456
44708,2006,set_statement,Done,,,Q140785233,Q140785233|P1343|Q140789457
44708,2007,set_statement,Done,,,Q140785234,Q140785234|P1343|Q140789458
44708,2008,set_statement,Done,,,Q140785235,Q140785235|P1343|Q112847685
44708,2009,set_statement,Done,,,Q140785236,Q140785236|P1343|Q140789459
44708,2010,set_statement,Done,,,Q140785237,Q140785237|P1343|Q140789460
44708,2011,set_statement,Done,,,Q140785238,Q140785238|P1343|Q113227756
44708,2012,set_statement,Done,,,Q140785239,Q140785239|P1343|Q113227822
44708,2013,set_statement,Done,,,Q140785240,Q140785240|P1343|Q140789461
44708,2014,set_statement,Done,,,Q140785241,Q140785241|P1343|Q113307404
44708,2015,set_statement,Done,,,Q140785242,Q140785242|P1343|Q140789462
44708,2016,set_statement,Done,,,Q140784610,Q140784610|P1343|Q110512115
44708,2017,set_statement,Done,,,Q140785243,Q140785243|P1343|Q113308023
44708,2018,set_statement,Done,,,Q140785244,Q140785244|P1343|Q140789463
44708,2019,set_statement,Done,,,Q140785245,Q140785245|P1343|Q113307335
44708,2020,set_statement,Done,,,Q140785246,Q140785246|P1343|Q140789464
44708,2021,set_statement,Done,,,Q140785247,Q140785247|P1343|Q111900214
44708,2022,set_statement,Done,,,Q140785248,Q140785248|P1343|Q140789465
44708,2023,set_statement,Done,,,Q140785249,Q140785249|P1343|Q140789466
44708,2024,set_statement,Done,,,Q140785250,Q140785250|P1343|Q140789467
44708,2025,set_statement,Done,,,Q140785251,Q140785251|P1343|Q59720609
44708,2026,set_statement,Done,,,Q140785252,Q140785252|P1343|Q140789468
44708,2027,set_statement,Done,,,Q140785253,Q140785253|P1343|Q140789469
44708,2028,set_statement,Done,,,Q140785254,Q140785254|P1343|Q140789470
44708,2029,set_statement,Done,,,Q140785255,Q140785255|P1343|Q140789471
44708,2030,set_statement,Done,,,Q140785256,Q140785256|P1343|Q60315624
44708,2031,set_statement,Done,,,Q140785257,Q140785257|P1343|Q107332190
44708,2032,set_statement,Done,,,Q140785258,Q140785258|P1343|Q136804059
44708,2033,set_statement,Done,,,Q140785259,Q140785259|P1343|Q140789472
44708,2034,set_statement,Done,,,Q140785260,Q140785260|P1343|Q111899814
44708,2035,set_statement,Done,,,Q140785261,Q140785261|P1343|Q140789473
44708,2036,set_statement,Done,,,Q140785262,Q140785262|P1343|Q140789474
44708,2037,set_statement,Done,,,Q140785263,Q140785263|P1343|Q111897293
44708,2038,set_statement,Done,,,Q140785264,Q140785264|P1343|Q140789475
44708,2039,set_statement,Done,,,Q140785265,Q140785265|P1343|Q140789476
44708,2040,set_statement,Done,,,Q140785266,Q140785266|P1343|Q113307665
44708,2041,set_statement,Done,,,Q140785267,Q140785267|P1343|Q140789477
44708,2042,set_statement,Done,,,Q140785268,Q140785268|P1343|Q113307289
44708,2043,set_statement,Done,,,Q140785269,Q140785269|P1343|Q113307389
44708,2044,set_statement,Done,,,Q140785270,Q140785270|P1343|Q140789478
44708,2045,set_statement,Done,,,Q140785271,Q140785271|P1343|Q140789479
44708,2046,set_statement,Done,,,Q140785272,Q140785272|P1343|Q140789480
44708,2047,set_statement,Done,,,Q140785273,Q140785273|P1343|Q140789481
44708,2048,set_statement,Done,,,Q140785274,Q140785274|P1343|Q140789482
44708,2049,set_statement,Done,,,Q140785275,Q140785275|P1343|Q140789483
44708,2050,set_statement,Done,,,Q140785276,Q140785276|P1343|Q140789484
44708,2051,set_statement,Done,,,Q140785278,Q140785278|P1343|Q113307304
44708,2052,set_statement,Done,,,Q140785279,Q140785279|P1343|Q113308131
44708,2053,set_statement,Done,,,Q140785280,Q140785280|P1343|Q113227618
44708,2054,set_statement,Done,,,Q140785282,Q140785282|P1343|Q113308168
44708,2055,set_statement,Done,,,Q140785283,Q140785283|P1343|Q140789485
44708,2056,set_statement,Done,,,Q140785284,Q140785284|P1343|Q140789486
44708,2057,set_statement,Done,,,Q140785285,Q140785285|P1343|Q113227834
44708,2058,set_statement,Done,,,Q140785286,Q140785286|P1343|Q140789487
44708,2059,set_statement,Done,,,Q140785287,Q140785287|P1343|Q59941557
44708,2060,set_statement,Done,,,Q140785288,Q140785288|P1343|Q140789488
44708,2061,set_statement,Done,,,Q140785289,Q140785289|P1343|Q140789489
44708,2062,set_statement,Done,,,Q140785290,Q140785290|P1343|Q140789490
44708,2063,set_statement,Done,,,Q140785291,Q140785291|P1343|Q140789491
44708,2064,set_statement,Done,,,Q140785292,Q140785292|P1343|Q130729830
44708,2065,set_statement,Done,,,Q140785293,Q140785293|P1343|Q140789492
44708,2066,set_statement,Done,,,Q140785294,Q140785294|P1343|Q131566272
44708,2067,set_statement,Done,,,Q120703066,Q120703066|P1343|Q113260252
44708,2068,set_statement,Done,,,Q140785296,Q140785296|P1343|Q113308020
44708,2069,set_statement,Done,,,Q140785297,Q140785297|P1343|Q140789493
44708,2070,set_statement,Done,,,Q140785298,Q140785298|P1343|Q59752134
44708,2071,set_statement,Done,,,Q140785299,Q140785299|P1343|Q140789494
44708,2072,set_statement,Done,,,Q58041970,Q58041970|P1343|Q111897982
44708,2073,set_statement,Done,,,Q140785300,Q140785300|P1343|Q138509738
44708,2074,set_statement,Done,,,Q140785301,Q140785301|P1343|Q113227902
44708,2075,set_statement,Done,,,Q140785302,Q140785302|P1343|Q113308111
44708,2076,set_statement,Done,,,Q140785303,Q140785303|P1343|Q140789495
44708,2077,set_statement,Done,,,Q140785304,Q140785304|P1343|Q140789496
44708,2078,set_statement,Done,,,Q140785305,Q140785305|P1343|Q140789497
44708,2079,set_statement,Done,,,Q140785306,Q140785306|P1343|Q140789498
44708,2080,set_statement,Done,,,Q140785307,Q140785307|P1343|Q140789499
44708,2081,set_statement,Done,,,Q140785308,Q140785308|P1343|Q140789500
44708,2082,set_statement,Done,,,Q140785309,Q140785309|P1343|Q140789501
44708,2083,set_statement,Done,,,Q140785310,Q140785310|P1343|Q140789502
44708,2084,set_statement,Done,,,Q140785311,Q140785311|P1343|Q140789503
44708,2085,set_statement,Done,,,Q140785312,Q140785312|P1343|Q140789504
44708,2086,set_statement,Done,,,Q140785313,Q140785313|P1343|Q113227692
44708,2087,set_statement,Done,,,Q140785314,Q140785314|P1343|Q113308060
44708,2088,set_statement,Done,,,Q140785315,Q140785315|P1343|Q113308039
44708,2089,set_statement,Done,,,Q140785316,Q140785316|P1343|Q113227896
44708,2090,set_statement,Done,,,Q140785317,Q140785317|P1343|Q113307985
44708,2091,set_statement,Done,,,Q140785318,Q140785318|P1343|Q113308282
44708,2092,set_statement,Done,,,Q140785320,Q140785320|P1343|Q113307370
44708,2093,set_statement,Done,,,Q140785321,Q140785321|P1343|Q113307267
44708,2094,set_statement,Done,,,Q140785322,Q140785322|P1343|Q111900954
44708,2095,set_statement,Done,,,Q140785323,Q140785323|P1343|Q113307353
44708,2096,set_statement,Done,,,Q140785324,Q140785324|P1343|Q113307654
44708,2097,set_statement,Done,,,Q140785325,Q140785325|P1343|Q140789505
44708,2098,set_statement,Done,,,Q140785326,Q140785326|P1343|Q113308245
44708,2099,set_statement,Done,,,Q140785327,Q140785327|P1343|Q140789506
44708,2100,set_statement,Done,,,Q140785328,Q140785328|P1343|Q124016949
44708,2101,set_statement,Done,,,Q140785330,Q140785330|P1343|Q140789507
44708,2102,set_statement,Done,,,Q140785331,Q140785331|P1343|Q140789508
44708,2103,set_statement,Done,,,Q140785332,Q140785332|P1343|Q140789509
44708,2104,set_statement,Done,,,Q140785333,Q140785333|P1343|Q140789510
44708,2105,set_statement,Done,,,Q140785334,Q140785334|P1343|Q140789511
44708,2106,set_statement,Done,,,Q140785335,Q140785335|P1343|Q140789512
44708,2107,set_statement,Done,,,Q140785336,Q140785336|P1343|Q58198407
44708,2108,set_statement,Done,,,Q140785337,Q140785337|P1343|Q140789513
44708,2109,set_statement,Done,,,Q140785338,Q140785338|P1343|Q140789514
44708,2110,set_statement,Done,,,Q140785339,Q140785339|P1343|Q140789515
44708,2111,set_statement,Done,,,Q140785340,Q140785340|P1343|Q59752138
44708,2112,set_statement,Done,,,Q140785341,Q140785341|P1343|Q113227940
44708,2113,set_statement,Done,,,Q140785342,Q140785342|P1343|Q140789516
44708,2114,set_statement,Done,,,Q140785343,Q140785343|P1343|Q140789517
44708,2115,set_statement,Done,,,Q140785344,Q140785344|P1343|Q140789518
44708,2116,set_statement,Done,,,Q140785345,Q140785345|P1343|Q140789519
44708,2117,set_statement,Done,,,Q140785346,Q140785346|P1343|Q140789520
44708,2118,set_statement,Done,,,Q140785347,Q140785347|P1343|Q140789521
44708,2119,set_statement,Done,,,Q140785348,Q140785348|P1343|Q140789522
44708,2120,set_statement,Done,,,Q140785349,Q140785349|P1343|Q140789523
44708,2121,set_statement,Done,,,Q140785350,Q140785350|P1343|Q140789524
44708,2122,set_statement,Done,,,Q136956774,Q136956774|P1343|Q113227993
44708,2123,set_statement,Done,,,Q140785351,Q140785351|P1343|Q140789525
44708,2124,set_statement,Done,,,Q140785352,Q140785352|P1343|Q140789526
44708,2125,set_statement,Done,,,Q140785353,Q140785353|P1343|Q140789527
44708,2126,set_statement,Done,,,Q140785354,Q140785354|P1343|Q140789528
44708,2127,set_statement,Done,,,Q140785355,Q140785355|P1343|Q113308036
44708,2128,set_statement,Done,,,Q140785356,Q140785356|P1343|Q113308260
44708,2129,set_statement,Done,,,Q140785357,Q140785357|P1343|Q140789529
44708,2130,set_statement,Done,,,Q140785358,Q140785358|P1343|Q140789530
44708,2131,set_statement,Done,,,Q140785359,Q140785359|P1343|Q140789531
44708,2132,set_statement,Done,,,Q140785360,Q140785360|P1343|Q140789532
44708,2133,set_statement,Done,,,Q140785361,Q140785361|P1343|Q140789533
44708,2134,set_statement,Done,,,Q140785362,Q140785362|P1343|Q140789534
44708,2135,set_statement,Done,,,Q140785363,Q140785363|P1343|Q140789535
44708,2136,set_statement,Done,,,Q140785364,Q140785364|P1343|Q113227862
44708,2137,set_statement,Done,,,Q140785365,Q140785365|P1343|Q140789536
44708,2138,set_statement,Done,,,Q140785367,Q140785367|P1343|Q140789537
44708,2139,set_statement,Done,,,Q140785368,Q140785368|P1343|Q59727830
44708,2140,set_statement,Done,,,Q140785369,Q140785369|P1343|Q113227720
44708,2141,set_statement,Done,,,Q140785370,Q140785370|P1343|Q113307924
44708,2142,set_statement,Done,,,Q140785371,Q140785371|P1343|Q111897991
44708,2143,set_statement,Done,,,Q140785372,Q140785372|P1343|Q140789538
44708,2144,set_statement,Done,,,Q140785373,Q140785373|P1343|Q113227843
44708,2145,set_statement,Done,,,Q140785374,Q140785374|P1343|Q140789539
44708,2146,set_statement,Done,,,Q140785375,Q140785375|P1343|Q113227855
44708,2147,set_statement,Done,,,Q140785376,Q140785376|P1343|Q140789540
44708,2148,set_statement,Done,,,Q140785377,Q140785377|P1343|Q140789541
44708,2149,set_statement,Done,,,Q140785378,Q140785378|P1343|Q140789542
44708,2150,set_statement,Done,,,Q140785379,Q140785379|P1343|Q140789543
44708,2151,set_statement,Done,,,Q140785380,Q140785380|P1343|Q113307725
44708,2152,set_statement,Done,,,Q140785381,Q140785381|P1343|Q140789544
44708,2153,set_statement,Done,,,Q140785382,Q140785382|P1343|Q140789546
44708,2154,set_statement,Done,,,Q140785383,Q140785383|P1343|Q140789548
44708,2155,set_statement,Done,,,Q140785384,Q140785384|P1343|Q113227726
44708,2156,set_statement,Done,,,Q140785385,Q140785385|P1343|Q111897760
44708,2157,set_statement,Done,,,Q140785386,Q140785386|P1343|Q140789550
44708,2158,set_statement,Done,,,Q140785387,Q140785387|P1343|Q61821007
44708,2159,set_statement,Done,,,Q140785388,Q140785388|P1343|Q59752098
44708,2160,set_statement,Done,,,Q140785389,Q140785389|P1343|Q140789552
44708,2161,set_statement,Done,,,Q140785390,Q140785390|P1343|Q140789555
44708,2162,set_statement,Done,,,Q140785391,Q140785391|P1343|Q113307461
44708,2163,set_statement,Done,,,Q140785392,Q140785392|P1343|Q113227975
44708,2164,set_statement,Done,,,Q140785393,Q140785393|P1343|Q113307308
44708,2165,set_statement,Done,,,Q140785395,Q140785395|P1343|Q140789557
44708,2166,set_statement,Done,,,Q140785396,Q140785396|P1343|Q113306948
44708,2167,set_statement,Done,,,Q140785397,Q140785397|P1343|Q113307383
44708,2168,set_statement,Done,,,Q140785398,Q140785398|P1343|Q140789559
44708,2169,set_statement,Done,,,Q140785399,Q140785399|P1343|Q140789562
44708,2170,set_statement,Done,,,Q28975521,Q28975521|P1343|Q113227904
44708,2171,set_statement,Done,,,Q140785400,Q140785400|P1343|Q111900826
44708,2172,set_statement,Done,,,Q140785401,Q140785401|P1343|Q140789564
44708,2173,set_statement,Done,,,Q140785402,Q140785402|P1343|Q133887973
44708,2174,set_statement,Done,,,Q140785403,Q140785403|P1343|Q140789566
44708,2175,set_statement,Done,,,Q140785404,Q140785404|P1343|Q140789568
44708,2176,set_statement,Done,,,Q140785405,Q140785405|P1343|Q113227947
44708,2177,set_statement,Done,,,Q107384655,Q107384655|P1343|Q113227900
44708,2178,set_statement,Done,,,Q140785406,Q140785406|P1343|Q113307815
44708,2179,set_statement,Done,,,Q140785407,Q140785407|P1343|Q140789570
44708,2180,set_statement,Done,,,Q140785408,Q140785408|P1343|Q140789572
44708,2181,set_statement,Done,,,Q140785409,Q140785409|P1343|Q113307391
44708,2182,set_statement,Done,,,Q140785410,Q140785410|P1343|Q113308322
44708,2183,set_statement,Done,,,Q140785411,Q140785411|P1343|Q113308241
44708,2184,set_statement,Done,,,Q140785412,Q140785412|P1343|Q113308205
44708,2185,set_statement,Done,,,Q140785414,Q140785414|P1343|Q113307340
44708,2186,set_statement,Done,,,Q140785415,Q140785415|P1343|Q113227711
44708,2187,set_statement,Done,,,Q140785416,Q140785416|P1343|Q113227620
44708,2188,set_statement,Done,,,Q140785417,Q140785417|P1343|Q113307888
44708,2189,set_statement,Done,,,Q140785418,Q140785418|P1343|Q113307876
44708,2190,set_statement,Done,,,Q140785419,Q140785419|P1343|Q113307846
44708,2191,set_statement,Done,,,Q140785420,Q140785420|P1343|Q113307838
44708,2192,set_statement,Done,,,Q140785421,Q140785421|P1343|Q97887358
44708,2193,set_statement,Done,,,Q140785422,Q140785422|P1343|Q140789574
44708,2194,set_statement,Done,,,Q140785423,Q140785423|P1343|Q113308011
44708,2195,set_statement,Done,,,Q140785424,Q140785424|P1343|Q113227840
44708,2196,set_statement,Done,,,Q140785425,Q140785425|P1343|Q113307649
44708,2197,set_statement,Done,,,Q140785426,Q140785426|P1343|Q113307468
44708,2198,set_statement,Done,,,Q140785427,Q140785427|P1343|Q140789576
44708,2199,set_statement,Done,,,Q140785428,Q140785428|P1343|Q140789578
44708,2200,set_statement,Done,,,Q140785429,Q140785429|P1343|Q113227778
44708,2201,set_statement,Done,,,Q140785430,Q140785430|P1343|Q140789581
44708,2202,set_statement,Done,,,Q140785431,Q140785431|P1343|Q140789583
44708,2203,set_statement,Done,,,Q140785433,Q140785433|P1343|Q110499954
44708,2204,set_statement,Done,,,Q140785434,Q140785434|P1343|Q140789585
44708,2205,set_statement,Done,,,Q140785435,Q140785435|P1343|Q113307356
44708,2206,set_statement,Done,,,Q140785436,Q140785436|P1343|Q113227925
44708,2207,set_statement,Done,,,Q140785437,Q140785437|P1343|Q140789587
44708,2208,set_statement,Done,,,Q140785438,Q140785438|P1343|Q140789589
44708,2209,set_statement,Done,,,Q140785439,Q140785439|P1343|Q113307299
44708,2210,set_statement,Done,,,Q140785440,Q140785440|P1343|Q140789591
44708,2211,set_statement,Done,,,Q140785441,Q140785441|P1343|Q140789594
44708,2212,set_statement,Done,,,Q140785442,Q140785442|P1343|Q113307820
44708,2213,set_statement,Done,,,Q140785443,Q140785443|P1343|Q124299684
44708,2214,set_statement,Done,,,Q140785444,Q140785444|P1343|Q113307884
44708,2215,set_statement,Done,,,Q140785445,Q140785445|P1343|Q140789596
44708,2216,set_statement,Done,,,Q140785446,Q140785446|P1343|Q140789598
44708,2217,set_statement,Done,,,Q140785447,Q140785447|P1343|Q140789600
44708,2218,set_statement,Done,,,Q140785448,Q140785448|P1343|Q113227701
44708,2219,set_statement,Done,,,Q140785449,Q140785449|P1343|Q140789602
44708,2220,set_statement,Done,,,Q140785450,Q140785450|P1343|Q140789604
44708,2221,set_statement,Done,,,Q140785451,Q140785451|P1343|Q140789606
44708,2222,set_statement,Done,,,Q140785452,Q140785452|P1343|Q140789608
44708,2223,set_statement,Done,,,Q140785453,Q140785453|P1343|Q140789610
44708,2224,set_statement,Done,,,Q140785454,Q140785454|P1343|Q140789612
44708,2225,set_statement,Done,,,Q140785455,Q140785455|P1343|Q140789614
44708,2226,set_statement,Done,,,Q140785456,Q140785456|P1343|Q140789616
44708,2227,set_statement,Done,,,Q140785457,Q140785457|P1343|Q113227988
44708,2228,set_statement,Done,,,Q140785458,Q140785458|P1343|Q113307808
44708,2229,set_statement,Done,,,Q140785459,Q140785459|P1343|Q140789618
44708,2230,set_statement,Done,,,Q140785461,Q140785461|P1343|Q140789621
44708,2231,set_statement,Done,,,Q140785462,Q140785462|P1343|Q140789623
44708,2232,set_statement,Done,,,Q140785463,Q140785463|P1343|Q140789625
44708,2233,set_statement,Done,,,Q140785464,Q140785464|P1343|Q113307260
44708,2234,set_statement,Done,,,Q140785465,Q140785465|P1343|Q140789627
44708,2235,set_statement,Done,,,Q140785466,Q140785466|P1343|Q140789629
44708,2236,set_statement,Done,,,Q140785467,Q140785467|P1343|Q140789632
44708,2237,set_statement,Done,,,Q140785468,Q140785468|P1343|Q124851568
44708,2238,set_statement,Done,,,Q140785469,Q140785469|P1343|Q113308094
44708,2239,set_statement,Done,,,Q140785470,Q140785470|P1343|Q113307986
44708,2240,set_statement,Done,,,Q140785471,Q140785471|P1343|Q140789633
44708,2241,set_statement,Done,,,Q140785472,Q140785472|P1343|Q140789635
44708,2242,set_statement,Done,,,Q140785473,Q140785473|P1343|Q140789638
44708,2243,set_statement,Done,,,Q140785474,Q140785474|P1343|Q140789639
44708,2244,set_statement,Done,,,Q140785475,Q140785475|P1343|Q140789640
44708,2245,set_statement,Done,,,Q140785476,Q140785476|P1343|Q113227917
44708,2246,set_statement,Done,,,Q140785477,Q140785477|P1343|Q140789641
44708,2247,set_statement,Done,,,Q140785478,Q140785478|P1343|Q113308096
44708,2248,set_statement,Done,,,Q140785479,Q140785479|P1343|Q113308318
44708,2249,set_statement,Done,,,Q140785480,Q140785480|P1343|Q140789642
44708,2250,set_statement,Done,,,Q140785481,Q140785481|P1343|Q140789643
44708,2251,set_statement,Done,,,Q140785482,Q140785482|P1343|Q113308169
44708,2252,set_statement,Done,,,Q140785483,Q140785483|P1343|Q140789644
44708,2253,set_statement,Done,,,Q140785484,Q140785484|P1343|Q140789645
44708,2254,set_statement,Done,,,Q140785485,Q140785485|P1343|Q140789646
44708,2255,set_statement,Done,,,Q112338660,Q112338660|P1343|Q110176312
44708,2256,set_statement,Done,,,Q140785486,Q140785486|P1343|Q110512111
44708,2257,set_statement,Done,,,Q140785487,Q140785487|P1343|Q113307973
44708,2258,set_statement,Done,,,Q140785488,Q140785488|P1343|Q113227976
44708,2259,set_statement,Done,,,Q140785489,Q140785489|P1343|Q140789647
44708,2260,set_statement,Done,,,Q140785490,Q140785490|P1343|Q140789648
44708,2261,set_statement,Done,,,Q140785491,Q140785491|P1343|Q140789649
44708,2262,set_statement,Done,,,Q140785492,Q140785492|P1343|Q140789650
44708,2263,set_statement,Done,,,Q140785493,Q140785493|P1343|Q140789651
44708,2264,set_statement,Done,,,Q140785494,Q140785494|P1343|Q113307423
44708,2265,set_statement,Done,,,Q140785495,Q140785495|P1343|Q140789652
44708,2266,set_statement,Done,,,Q140785496,Q140785496|P1343|Q140789653
44708,2267,set_statement,Done,,,Q140785497,Q140785497|P1343|Q140789654
44708,2268,set_statement,Done,,,Q140785498,Q140785498|P1343|Q140789655
44708,2269,set_statement,Done,,,Q140785499,Q140785499|P1343|Q113308159
44708,2270,set_statement,Done,,,Q140785500,Q140785500|P1343|Q113307480
44708,2271,set_statement,Done,,,Q140785501,Q140785501|P1343|Q113307254
44708,2272,set_statement,Done,,,Q140785502,Q140785502|P1343|Q140789656
44708,2273,set_statement,Done,,,Q140785503,Q140785503|P1343|Q140789657
44708,2274,set_statement,Done,,,Q140785505,Q140785505|P1343|Q140789658
44708,2275,set_statement,Done,,,Q140785506,Q140785506|P1343|Q140789659
44708,2276,set_statement,Done,,,Q140785507,Q140785507|P1343|Q112108948
44708,2277,set_statement,Done,,,Q140785508,Q140785508|P1343|Q113227631
44708,2278,set_statement,Done,,,Q140785509,Q140785509|P1343|Q140789660
44708,2279,set_statement,Done,,,Q140785510,Q140785510|P1343|Q140789661
44708,2280,set_statement,Done,,,Q140785511,Q140785511|P1343|Q140789662
44708,2281,set_statement,Done,,,Q140785512,Q140785512|P1343|Q140789663
44708,2282,set_statement,Done,,,Q140785513,Q140785513|P1343|Q113307358
44708,2283,set_statement,Done,,,Q140785514,Q140785514|P1343|Q63387092
44708,2284,set_statement,Done,,,Q140785515,Q140785515|P1343|Q140789664
44708,2285,set_statement,Done,,,Q140785516,Q140785516|P1343|Q140789665
44708,2286,set_statement,Done,,,Q140785517,Q140785517|P1343|Q140789666
44708,2287,set_statement,Done,,,Q140785518,Q140785518|P1343|Q140789667
44708,2288,set_statement,Done,,,Q140785519,Q140785519|P1343|Q113307615
44708,2289,set_statement,Done,,,Q140785520,Q140785520|P1343|Q140789668
44708,2290,set_statement,Done,,,Q140785521,Q140785521|P1343|Q113307195
44708,2291,set_statement,Done,,,Q140785522,Q140785522|P1343|Q113227774
44708,2292,set_statement,Done,,,Q85743235,Q85743235|P1343|Q113227921
44708,2293,set_statement,Done,,,Q140785523,Q140785523|P1343|Q140789669
44708,2294,set_statement,Done,,,Q140785524,Q140785524|P1343|Q111900581
44708,2295,set_statement,Done,,,Q107381193,Q107381193|P1343|Q113307687
44708,2296,set_statement,Done,,,Q140785525,Q140785525|P1343|Q138509579
44708,2297,set_statement,Done,,,Q140785526,Q140785526|P1343|Q113227614
44708,2298,set_statement,Done,,,Q60755534,Q60755534|P1343|Q104523030
44708,2299,set_statement,Done,,,Q140785527,Q140785527|P1343|Q111514879
44708,2300,set_statement,Done,,,Q140785528,Q140785528|P1343|Q113307593
44708,2301,set_statement,Done,,,Q140785529,Q140785529|P1343|Q113307339
44708,2302,set_statement,Done,,,Q140785530,Q140785530|P1343|Q113308155
44708,2303,set_statement,Done,,,Q140785531,Q140785531|P1343|Q61833851
44708,2304,set_statement,Done,,,Q56816547,Q56816547|P1343|Q111901213
44708,2305,set_statement,Done,,,Q140785532,Q140785532|P1343|Q113307938
44708,2306,set_statement,Done,,,Q140785533,Q140785533|P1343|Q113307786
44708,2307,set_statement,Done,,,Q140785534,Q140785534|P1343|Q111899681
44708,2308,set_statement,Done,,,Q140785535,Q140785535|P1343|Q56051973
44708,2309,set_statement,Done,,,Q140785536,Q140785536|P1343|Q140789670
44708,2310,set_statement,Done,,,Q140785537,Q140785537|P1343|Q140789671
44708,2311,set_statement,Done,,,Q140785538,Q140785538|P1343|Q140789672
44708,2312,set_statement,Done,,,Q140785539,Q140785539|P1343|Q114365979
44708,2313,set_statement,Done,,,Q140785540,Q140785540|P1343|Q140789673
44708,2314,set_statement,Done,,,Q140785541,Q140785541|P1343|Q140789674
44708,2315,set_statement,Done,,,Q140785542,Q140785542|P1343|Q140789675
44708,2316,set_statement,Done,,,Q140785543,Q140785543|P1343|Q140789676
44708,2317,set_statement,Done,,,Q140785544,Q140785544|P1343|Q140789677
44708,2318,set_statement,Done,,,Q140785545,Q140785545|P1343|Q140789678
44708,2319,set_statement,Done,,,Q140785546,Q140785546|P1343|Q140789679
44708,2320,set_statement,Done,,,Q140785547,Q140785547|P1343|Q140789680
44708,2321,set_statement,Done,,,Q140785548,Q140785548|P1343|Q140789681
44708,2322,set_statement,Done,,,Q140785549,Q140785549|P1343|Q57574990
44708,2323,set_statement,Done,,,Q140785550,Q140785550|P1343|Q140789682
44708,2324,set_statement,Done,,,Q140785551,Q140785551|P1343|Q113227928
44708,2325,set_statement,Done,,,Q140785552,Q140785552|P1343|Q113307855
44708,2326,set_statement,Done,,,Q140785554,Q140785554|P1343|Q140789683
44708,2327,set_statement,Done,,,Q140785555,Q140785555|P1343|Q140789684
44708,2328,set_statement,Done,,,Q140785556,Q140785556|P1343|Q140789685
44708,2329,set_statement,Done,,,Q140785557,Q140785557|P1343|Q140789686
44708,2330,set_statement,Done,,,Q140785558,Q140785558|P1343|Q136891679
44708,2331,set_statement,Done,,,Q140785559,Q140785559|P1343|Q113307527
44708,2332,set_statement,Done,,,Q140785560,Q140785560|P1343|Q140789687
44708,2333,set_statement,Done,,,Q140785561,Q140785561|P1343|Q57574993
44708,2334,set_statement,Done,,,Q140785562,Q140785562|P1343|Q140789688
44708,2335,set_statement,Done,,,Q140785563,Q140785563|P1343|Q58892027
44708,2336,set_statement,Done,,,Q140785564,Q140785564|P1343|Q119695298
44708,2337,set_statement,Done,,,Q140785565,Q140785565|P1343|Q59832865
44708,2338,set_statement,Done,,,Q140785566,Q140785566|P1343|Q113307679
44708,2339,set_statement,Done,,,Q140785567,Q140785567|P1343|Q113307721
44708,2340,set_statement,Done,,,Q140785568,Q140785568|P1343|Q140789689
44708,2341,set_statement,Done,,,Q140785569,Q140785569|P1343|Q140789690
44708,2342,set_statement,Done,,,Q140785570,Q140785570|P1343|Q140789691
44708,2343,set_statement,Done,,,Q140785572,Q140785572|P1343|Q113307898
44708,2344,set_statement,Done,,,Q140785573,Q140785573|P1343|Q119696659
44708,2345,set_statement,Done,,,Q140785574,Q140785574|P1343|Q104705118
44708,2346,set_statement,Done,,,Q140785575,Q140785575|P1343|Q140789692
44708,2347,set_statement,Done,,,Q140785576,Q140785576|P1343|Q140789693
44708,2348,set_statement,Done,,,Q140785577,Q140785577|P1343|Q140789694
44708,2349,set_statement,Done,,,Q140785578,Q140785578|P1343|Q140789695
44708,2350,set_statement,Done,,,Q140785579,Q140785579|P1343|Q140789696
44708,2351,set_statement,Done,,,Q140785580,Q140785580|P1343|Q119694965
44708,2352,set_statement,Done,,,Q140785581,Q140785581|P1343|Q140789697
44708,2353,set_statement,Done,,,Q140785582,Q140785582|P1343|Q138659391
44708,2354,set_statement,Done,,,Q140785583,Q140785583|P1343|Q113307306
44708,2355,set_statement,Done,,,Q140785584,Q140785584|P1343|Q113308136
44708,2356,set_statement,Done,,,Q140785585,Q140785585|P1343|Q140789698
44708,2357,set_statement,Done,,,Q140785586,Q140785586|P1343|Q140789700
44708,2358,set_statement,Done,,,Q140785587,Q140785587|P1343|Q140789701
44708,2359,set_statement,Done,,,Q140785589,Q140785589|P1343|Q113308088
44708,2360,set_statement,Done,,,Q140785590,Q140785590|P1343|Q140789703
44708,2361,set_statement,Done,,,Q140785591,Q140785591|P1343|Q140789704
44708,2362,set_statement,Done,,,Q140785592,Q140785592|P1343|Q140789705
44708,2363,set_statement,Done,,,Q140783951,Q140783951|P1343|Q140789706
44708,2364,set_statement,Done,,,Q132393568,Q132393568|P1343|Q140789707
44708,2365,set_statement,Done,,,Q140785593,Q140785593|P1343|Q140789708
44708,2366,set_statement,Done,,,Q140785594,Q140785594|P1343|Q140789709
44708,2367,set_statement,Done,,,Q140785595,Q140785595|P1343|Q113308313
44708,2368,set_statement,Done,,,Q140785596,Q140785596|P1343|Q113307207
44708,2369,set_statement,Done,,,Q140785597,Q140785597|P1343|Q101052681
44708,2370,set_statement,Done,,,Q140785598,Q140785598|P1343|Q111898805
44708,2371,set_statement,Done,,,Q140785599,Q140785599|P1343|Q140789710
44708,2372,set_statement,Done,,,Q140785600,Q140785600|P1343|Q140789711
44708,2373,set_statement,Done,,,Q140785601,Q140785601|P1343|Q140789712
44708,2374,set_statement,Done,,,Q140785602,Q140785602|P1343|Q140789713
44708,2375,set_statement,Done,,,Q140785604,Q140785604|P1343|Q129670741
44708,2376,set_statement,Done,,,Q140785605,Q140785605|P1343|Q140789714
44708,2377,set_statement,Done,,,Q120965943,Q120965943|P1343|Q140789715
44708,2378,set_statement,Done,,,Q140785606,Q140785606|P1343|Q113307847
44708,2379,set_statement,Done,,,Q140785607,Q140785607|P1343|Q140789716
44708,2380,set_statement,Done,,,Q140785608,Q140785608|P1343|Q112847919
44708,2381,set_statement,Done,,,Q140784401,Q140784401|P1343|Q140789717
44708,2382,set_statement,Done,,,Q140785609,Q140785609|P1343|Q140789718
44708,2383,set_statement,Done,,,Q140785612,Q140785612|P1343|Q140789719
44708,2384,set_statement,Done,,,Q140785613,Q140785613|P1343|Q140789720
44708,2385,set_statement,Done,,,Q140785614,Q140785614|P1343|Q140789721
44708,2386,set_statement,Done,,,Q140785615,Q140785615|P1343|Q63365568
44708,2387,set_statement,Done,,,Q140785616,Q140785616|P1343|Q111897787
44708,2388,set_statement,Done,,,Q140785618,Q140785618|P1343|Q140789722
44708,2389,set_statement,Done,,,Q140785619,Q140785619|P1343|Q140789723
44708,2390,set_statement,Done,,,Q140785620,Q140785620|P1343|Q140789724
44708,2391,set_statement,Done,,,Q140785621,Q140785621|P1343|Q140789725
44708,2392,set_statement,Done,,,Q140785623,Q140785623|P1343|Q140789726
44708,2393,set_statement,Done,,,Q98716837,Q98716837|P1343|Q113307601
44708,2394,set_statement,Done,,,Q73512921,Q73512921|P1343|Q140789727
44708,2395,set_statement,Done,,,Q140785624,Q140785624|P1343|Q113308107
44708,2396,set_statement,Done,,,Q140785625,Q140785625|P1343|Q60522981
44708,2397,set_statement,Done,,,Q140785626,Q140785626|P1343|Q113307705
44708,2398,set_statement,Done,,,Q140785627,Q140785627|P1343|Q113307641
44708,2399,set_statement,Done,,,Q140785628,Q140785628|P1343|Q113227786
44708,2400,set_statement,Done,,,Q140785629,Q140785629|P1343|Q59112789
44708,2401,set_statement,Done,,,Q140785630,Q140785630|P1343|Q113227906
44708,2402,set_statement,Done,,,Q140785631,Q140785631|P1343|Q113307790
44708,2403,set_statement,Done,,,Q140785632,Q140785632|P1343|Q113307419
44708,2404,set_statement,Done,,,Q140785633,Q140785633|P1343|Q57695640
44708,2405,set_statement,Done,,,Q140785634,Q140785634|P1343|Q113307355
44708,2406,set_statement,Done,,,Q140785635,Q140785635|P1343|Q113308037
44708,2407,set_statement,Done,,,Q140785636,Q140785636|P1343|Q113307031
44708,2408,set_statement,Done,,,Q140785637,Q140785637|P1343|Q112847917
44708,2409,set_statement,Done,,,Q140785638,Q140785638|P1343|Q140789728
44708,2410,set_statement,Done,,,Q140785639,Q140785639|P1343|Q140789729
44708,2411,set_statement,Done,,,Q140785640,Q140785640|P1343|Q119697702
44708,2412,set_statement,Done,,,Q140785641,Q140785641|P1343|Q140789730
44708,2413,set_statement,Done,,,Q140785642,Q140785642|P1343|Q140789731
44708,2414,set_statement,Done,,,Q140785643,Q140785643|P1343|Q140789732
44708,2415,set_statement,Done,,,Q140785644,Q140785644|P1343|Q140789733
44708,2416,set_statement,Done,,,Q140785645,Q140785645|P1343|Q140789734
44708,2417,set_statement,Done,,,Q140785646,Q140785646|P1343|Q140789735
44708,2418,set_statement,Done,,,Q140785647,Q140785647|P1343|Q140789737
44708,2419,set_statement,Done,,,Q140785648,Q140785648|P1343|Q140789738
44708,2420,set_statement,Done,,,Q140785650,Q140785650|P1343|Q140789739
44708,2421,set_statement,Done,,,Q140785651,Q140785651|P1343|Q140789740
44708,2422,set_statement,Done,,,Q140785652,Q140785652|P1343|Q140789741
44708,2423,set_statement,Done,,,Q140785653,Q140785653|P1343|Q140789743
44708,2424,set_statement,Done,,,Q140785654,Q140785654|P1343|Q140789744
44708,2425,set_statement,Done,,,Q140785655,Q140785655|P1343|Q140789745
44708,2426,set_statement,Done,,,Q140785656,Q140785656|P1343|Q140789746
44708,2427,set_statement,Done,,,Q140785657,Q140785657|P1343|Q140789747
44708,2428,set_statement,Done,,,Q140785658,Q140785658|P1343|Q114955268
44708,2429,set_statement,Done,,,Q140785659,Q140785659|P1343|Q140789748
44708,2430,set_statement,Done,,,Q140785660,Q140785660|P1343|Q140789749
44708,2431,set_statement,Done,,,Q140785661,Q140785661|P1343|Q113308209
44708,2432,set_statement,Done,,,Q140785662,Q140785662|P1343|Q113227750
44708,2433,set_statement,Done,,,Q140785663,Q140785663|P1343|Q140789750
44708,2434,set_statement,Done,,,Q140785664,Q140785664|P1343|Q140789751
44708,2435,set_statement,Done,,,Q140785665,Q140785665|P1343|Q92426403
44708,2436,set_statement,Done,,,Q140785666,Q140785666|P1343|Q140789752
44708,2437,set_statement,Done,,,Q140785667,Q140785667|P1343|Q140789753
44708,2438,set_statement,Done,,,Q140785668,Q140785668|P1343|Q113307893
44708,2439,set_statement,Done,,,Q140785669,Q140785669|P1343|Q60140069
44708,2440,set_statement,Done,,,Q140785670,Q140785670|P1343|Q111899606
44708,2441,set_statement,Done,,,Q140785671,Q140785671|P1343|Q58060239
44708,2442,set_statement,Done,,,Q140785672,Q140785672|P1343|Q140789754
44708,2443,set_statement,Done,,,Q140785673,Q140785673|P1343|Q119694414
44708,2444,set_statement,Done,,,Q140783810,Q140783810|P1343|Q113307631
44708,2445,set_statement,Done,,,Q140785674,Q140785674|P1343|Q140789757
44708,2446,set_statement,Done,,,Q140785675,Q140785675|P1343|Q113227670
44708,2447,set_statement,Done,,,Q140785676,Q140785676|P1343|Q59720605
44708,2448,set_statement,Done,,,Q140785677,Q140785677|P1343|Q140789758
44708,2449,set_statement,Done,,,Q140785678,Q140785678|P1343|Q140789759
44708,2450,set_statement,Done,,,Q140785680,Q140785680|P1343|Q140789760
44708,2451,set_statement,Done,,,Q140785681,Q140785681|P1343|Q113227823
44708,2452,set_statement,Done,,,Q140785682,Q140785682|P1343|Q140789761
44708,2453,set_statement,Done,,,Q140785683,Q140785683|P1343|Q113306970
44708,2454,set_statement,Done,,,Q140785684,Q140785684|P1343|Q140789762
44708,2455,set_statement,Done,,,Q140785685,Q140785685|P1343|Q113307200
44708,2456,set_statement,Done,,,Q140785686,Q140785686|P1343|Q140789763
44708,2457,set_statement,Done,,,Q140785687,Q140785687|P1343|Q113308248
44708,2458,set_statement,Done,,,Q140785688,Q140785688|P1343|Q113307269
44708,2459,set_statement,Done,,,Q140785689,Q140785689|P1343|Q140789764
44708,2460,set_statement,Done,,,Q140785690,Q140785690|P1343|Q113308336
44708,2461,set_statement,Done,,,Q140785691,Q140785691|P1343|Q113227648
44708,2462,set_statement,Done,,,Q140785692,Q140785692|P1343|Q119698832
44708,2463,set_statement,Done,,,Q140785693,Q140785693|P1343|Q140789765
44708,2464,set_statement,Done,,,Q140785694,Q140785694|P1343|Q140789766
44708,2465,set_statement,Done,,,Q140785695,Q140785695|P1343|Q140789767
44708,2466,set_statement,Done,,,Q140785696,Q140785696|P1343|Q140789768
44708,2467,set_statement,Done,,,Q140785698,Q140785698|P1343|Q113306986
44708,2468,set_statement,Done,,,Q140785699,Q140785699|P1343|Q140789769
44708,2469,set_statement,Done,,,Q140785700,Q140785700|P1343|Q119714832
44708,2470,set_statement,Done,,,Q140785701,Q140785701|P1343|Q119694830
44708,2471,set_statement,Done,,,Q140785702,Q140785702|P1343|Q140789770
44708,2472,set_statement,Done,,,Q140785703,Q140785703|P1343|Q113307984
44708,2473,set_statement,Done,,,Q140785704,Q140785704|P1343|Q113307844
44708,2474,set_statement,Done,,,Q140785705,Q140785705|P1343|Q113307734
44708,2475,set_statement,Done,,,Q140785706,Q140785706|P1343|Q140789771
44708,2476,set_statement,Done,,,Q140785707,Q140785707|P1343|Q113227699
44708,2477,set_statement,Done,,,Q39058412,Q39058412|P1343|Q140789772
44708,2478,set_statement,Done,,,Q140785708,Q140785708|P1343|Q140789773
44708,2479,set_statement,Done,,,Q140785709,Q140785709|P1343|Q140789774
44708,2480,set_statement,Done,,,Q140785710,Q140785710|P1343|Q113227877
44708,2481,set_statement,Done,,,Q140785711,Q140785711|P1343|Q140789775
44708,2482,set_statement,Done,,,Q140785712,Q140785712|P1343|Q140789776
44708,2483,set_statement,Done,,,Q140785713,Q140785713|P1343|Q113308082
44708,2484,set_statement,Done,,,Q140785714,Q140785714|P1343|Q113307330
44708,2485,set_statement,Done,,,Q140785715,Q140785715|P1343|Q113307546
44708,2486,set_statement,Done,,,Q140785716,Q140785716|P1343|Q140789777
44708,2487,set_statement,Done,,,Q140785717,Q140785717|P1343|Q140789778
44708,2488,set_statement,Done,,,Q140785718,Q140785718|P1343|Q140789779
44708,2489,set_statement,Done,,,Q140785719,Q140785719|P1343|Q113307618
44708,2490,set_statement,Done,,,Q140784654,Q140784654|P1343|Q140789780
44708,2491,set_statement,Done,,,Q140785720,Q140785720|P1343|Q140789781
44708,2492,set_statement,Done,,,Q140785721,Q140785721|P1343|Q140789782
44708,2493,set_statement,Done,,,Q140785722,Q140785722|P1343|Q140789783
44708,2494,set_statement,Done,,,Q140785723,Q140785723|P1343|Q140789784
44708,2495,set_statement,Done,,,Q140785725,Q140785725|P1343|Q140789785
44708,2496,set_statement,Done,,,Q140785726,Q140785726|P1343|Q129269469
44708,2497,set_statement,Done,,,Q140785727,Q140785727|P1343|Q113307610
44708,2498,set_statement,Done,,,Q140785728,Q140785728|P1343|Q113307862
44708,2499,set_statement,Done,,,Q140785729,Q140785729|P1343|Q113307789
44708,2500,set_statement,Done,,,Q140785730,Q140785730|P1343|Q58854192
44708,2501,set_statement,Done,,,Q140785731,Q140785731|P1343|Q113308125
44708,2502,set_statement,Done,,,Q140785732,Q140785732|P1343|Q112847691
44708,2503,set_statement,Done,,,Q140785733,Q140785733|P1343|Q113227604
44708,2504,set_statement,Done,,,Q140785734,Q140785734|P1343|Q140789786
44708,2505,set_statement,Done,,,Q140790736,Q140790736|P1343|Q113307361
44708,2506,set_statement,Done,,,Q140785766,Q140785766|P1343|Q113227630
44708,2507,set_statement,Done,,,Q140785767,Q140785767|P1343|Q140789787
44708,2508,set_statement,Done,,,Q140785768,Q140785768|P1343|Q140789788
44708,2509,set_statement,Done,,,Q140785769,Q140785769|P1343|Q113227816
44708,2510,set_statement,Done,,,Q140785770,Q140785770|P1343|Q140789789
44708,2511,set_statement,Done,,,Q140785771,Q140785771|P1343|Q113307822
44708,2512,set_statement,Done,,,Q140785772,Q140785772|P1343|Q140789790
44708,2513,set_statement,Done,,,Q140785773,Q140785773|P1343|Q113307662
44708,2514,set_statement,Done,,,Q140785774,Q140785774|P1343|Q113227847
44708,2515,set_statement,Done,,,Q140785775,Q140785775|P1343|Q140789791
44708,2516,set_statement,Done,,,Q140785777,Q140785777|P1343|Q113308099
44708,2517,set_statement,Done,,,Q140785778,Q140785778|P1343|Q140789792
44708,2518,set_statement,Done,,,Q140785779,Q140785779|P1343|Q113308192
44708,2519,set_statement,Done,,,Q140785780,Q140785780|P1343|Q140789793
44708,2520,set_statement,Done,,,Q140785781,Q140785781|P1343|Q140789794
44708,2521,set_statement,Done,,,Q140785782,Q140785782|P1343|Q113307346
44708,2522,set_statement,Done,,,Q140785783,Q140785783|P1343|Q140789795
44708,2523,set_statement,Done,,,Q140785784,Q140785784|P1343|Q140789796
44708,2524,set_statement,Done,,,Q140785785,Q140785785|P1343|Q113227844
44708,2525,set_statement,Done,,,Q140785786,Q140785786|P1343|Q140789797
44708,2526,set_statement,Done,,,Q140785787,Q140785787|P1343|Q113227977
44708,2527,set_statement,Done,,,Q140785788,Q140785788|P1343|Q140789798
44708,2528,set_statement,Done,,,Q140785789,Q140785789|P1343|Q113227875
44708,2529,set_statement,Done,,,Q140785790,Q140785790|P1343|Q113307964
44708,2530,set_statement,Done,,,Q140785791,Q140785791|P1343|Q113227793
44708,2531,set_statement,Done,,,Q140785792,Q140785792|P1343|Q110512119
44708,2532,set_statement,Done,,,Q140785793,Q140785793|P1343|Q113227867
44708,2533,set_statement,Done,,,Q140785794,Q140785794|P1343|Q140789799
44708,2534,set_statement,Done,,,Q140785795,Q140785795|P1343|Q140789800
44708,2535,set_statement,Done,,,Q140785796,Q140785796|P1343|Q113307886
44708,2536,set_statement,Done,,,Q140785797,Q140785797|P1343|Q113227669
44708,2537,set_statement,Done,,,Q140785798,Q140785798|P1343|Q140789801
44708,2538,set_statement,Done,,,Q140785799,Q140785799|P1343|Q140789802
44708,2539,set_statement,Done,,,Q140785800,Q140785800|P1343|Q140789803
44708,2540,set_statement,Done,,,Q140785801,Q140785801|P1343|Q140789804
44708,2541,set_statement,Done,,,Q140785802,Q140785802|P1343|Q140789805
44708,2542,set_statement,Done,,,Q140785803,Q140785803|P1343|Q140789806
44708,2543,set_statement,Done,,,Q140785804,Q140785804|P1343|Q140789807
44708,2544,set_statement,Done,,,Q140785805,Q140785805|P1343|Q140789808
44708,2545,set_statement,Done,,,Q140785806,Q140785806|P1343|Q140789809
44708,2546,set_statement,Done,,,Q140785807,Q140785807|P1343|Q113308078
44708,2547,set_statement,Done,,,Q140785808,Q140785808|P1343|Q113307605
44708,2548,set_statement,Done,,,Q140785809,Q140785809|P1343|Q113307310
44708,2549,set_statement,Done,,,Q140785810,Q140785810|P1343|Q140789810
44708,2550,set_statement,Done,,,Q140785811,Q140785811|P1343|Q140789811
44708,2551,set_statement,Done,,,Q85743235,Q85743235|P1343|Q140789812
44708,2552,set_statement,Done,,,Q140785812,Q140785812|P1343|Q140789813
44708,2553,set_statement,Done,,,Q140785813,Q140785813|P1343|Q140789814
44708,2554,set_statement,Done,,,Q140785814,Q140785814|P1343|Q113307669
44708,2555,set_statement,Done,,,Q140785815,Q140785815|P1343|Q113307787
44708,2556,set_statement,Done,,,Q140785816,Q140785816|P1343|Q140789815
44708,2557,set_statement,Done,,,Q140785817,Q140785817|P1343|Q111900620
44708,2558,set_statement,Done,,,Q140785818,Q140785818|P1343|Q140789816
44708,2559,set_statement,Done,,,Q140785819,Q140785819|P1343|Q113307038
44708,2560,set_statement,Done,,,Q140785820,Q140785820|P1343|Q140789817
44708,2561,set_statement,Done,,,Q140785821,Q140785821|P1343|Q140789818
44708,2562,set_statement,Done,,,Q140785822,Q140785822|P1343|Q140789819
44708,2563,set_statement,Done,,,Q140785823,Q140785823|P1343|Q140789820
44708,2564,set_statement,Done,,,Q102187923,Q102187923|P1343|Q107337639
44708,2565,set_statement,Done,,,Q140785824,Q140785824|P1343|Q140789821
44708,2566,set_statement,Done,,,Q140785825,Q140785825|P1343|Q140789822
44708,2567,set_statement,Done,,,Q140785826,Q140785826|P1343|Q140789823
44708,2568,set_statement,Done,,,Q140785827,Q140785827|P1343|Q113306842
44708,2569,set_statement,Done,,,Q140785828,Q140785828|P1343|Q113308089
44708,2570,set_statement,Done,,,Q140785829,Q140785829|P1343|Q140789824
44708,2571,set_statement,Done,,,Q140785830,Q140785830|P1343|Q113306288
44708,2572,set_statement,Done,,,Q140785832,Q140785832|P1343|Q140789825
44708,2573,set_statement,Done,,,Q140785834,Q140785834|P1343|Q113227785
44708,2574,set_statement,Done,,,Q140785835,Q140785835|P1343|Q140789826
44708,2575,set_statement,Done,,,Q140785836,Q140785836|P1343|Q113227780
44708,2576,set_statement,Done,,,Q140785837,Q140785837|P1343|Q113227766
44708,2577,set_statement,Done,,,Q140785838,Q140785838|P1343|Q113227935
44708,2578,set_statement,Done,,,Q140785839,Q140785839|P1343|Q113227958
44708,2579,set_statement,Done,,,Q140785840,Q140785840|P1343|Q140789827
44708,2580,set_statement,Done,,,Q140785841,Q140785841|P1343|Q113308263
44708,2581,set_statement,Done,,,Q140785843,Q140785843|P1343|Q113308129
44708,2582,set_statement,Done,,,Q140785844,Q140785844|P1343|Q140789828
44708,2583,set_statement,Done,,,Q140785845,Q140785845|P1343|Q140789829
44708,2584,set_statement,Done,,,Q140785846,Q140785846|P1343|Q140789830
44708,2585,set_statement,Done,,,Q140785847,Q140785847|P1343|Q140789832
44708,2586,set_statement,Done,,,Q140785848,Q140785848|P1343|Q113307438
44708,2587,set_statement,Done,,,Q140785849,Q140785849|P1343|Q140789834
44708,2588,set_statement,Done,,,Q140785850,Q140785850|P1343|Q113307869
44708,2589,set_statement,Done,,,Q140785851,Q140785851|P1343|Q140789836
44708,2590,set_statement,Done,,,Q140785852,Q140785852|P1343|Q140789838
44708,2591,set_statement,Done,,,Q140785853,Q140785853|P1343|Q140789842
44708,2592,set_statement,Done,,,Q140785854,Q140785854|P1343|Q140789845
44708,2593,set_statement,Done,,,Q140785855,Q140785855|P1343|Q140789847
44708,2594,set_statement,Done,,,Q140785856,Q140785856|P1343|Q140789849
44708,2595,set_statement,Done,,,Q140785857,Q140785857|P1343|Q140789851
44708,2596,set_statement,Done,,,Q140785858,Q140785858|P1343|Q140789855
44708,2597,set_statement,Done,,,Q140785859,Q140785859|P1343|Q140789858
44708,2598,set_statement,Done,,,Q140785860,Q140785860|P1343|Q113307806
44708,2599,set_statement,Done,,,Q140785861,Q140785861|P1343|Q111900528
44708,2600,set_statement,Done,,,Q140785862,Q140785862|P1343|Q140789859
44708,2601,set_statement,Done,,,Q140785863,Q140785863|P1343|Q140789861
44708,2602,set_statement,Done,,,Q140785864,Q140785864|P1343|Q113227980
44708,2603,set_statement,Done,,,Q140785865,Q140785865|P1343|Q140789863
44708,2604,set_statement,Done,,,Q140785866,Q140785866|P1343|Q140789866
44708,2605,set_statement,Done,,,Q140785867,Q140785867|P1343|Q110512122
44708,2606,set_statement,Done,,,Q140785868,Q140785868|P1343|Q110502067
44708,2607,set_statement,Done,,,Q140785869,Q140785869|P1343|Q140789871
44708,2608,set_statement,Done,,,Q140785870,Q140785870|P1343|Q140789899
44708,2609,set_statement,Done,,,Q140785871,Q140785871|P1343|Q140789900
44708,2610,set_statement,Done,,,Q140785872,Q140785872|P1343|Q113308335
44708,2611,set_statement,Done,,,Q140785873,Q140785873|P1343|Q140789901
44708,2612,set_statement,Done,,,Q140785874,Q140785874|P1343|Q113307854
44708,2613,set_statement,Done,,,Q140785875,Q140785875|P1343|Q113227731
44708,2614,set_statement,Done,,,Q140785876,Q140785876|P1343|Q140789902
44708,2615,set_statement,Done,,,Q140785882,Q140785882|P1343|Q113307550
44708,2616,set_statement,Done,,,Q140785883,Q140785883|P1343|Q113307341
44708,2617,set_statement,Done,,,Q140785884,Q140785884|P1343|Q113306999
44708,2618,set_statement,Done,,,Q140785885,Q140785885|P1343|Q110512108
44708,2619,set_statement,Done,,,Q140785886,Q140785886|P1343|Q140789903
44708,2620,set_statement,Done,,,Q140785887,Q140785887|P1343|Q136281152
44708,2621,set_statement,Done,,,Q140785888,Q140785888|P1343|Q140789904
44708,2622,set_statement,Done,,,Q140785889,Q140785889|P1343|Q140789905
44708,2623,set_statement,Done,,,Q140785890,Q140785890|P1343|Q140789906
44708,2624,set_statement,Done,,,Q140785891,Q140785891|P1343|Q140789907
44708,2625,set_statement,Done,,,Q140785892,Q140785892|P1343|Q93055954
44708,2626,set_statement,Done,,,Q140785893,Q140785893|P1343|Q140789908
44708,2627,set_statement,Done,,,Q140785894,Q140785894|P1343|Q140789909
44708,2628,set_statement,Done,,,Q140785895,Q140785895|P1343|Q140789910
44708,2629,set_statement,Done,,,Q140785896,Q140785896|P1343|Q140789911
44708,2630,set_statement,Done,,,Q140784153,Q140784153|P1343|Q140789912
44708,2631,set_statement,Done,,,Q140785897,Q140785897|P1343|Q140789913
44708,2632,set_statement,Done,,,Q140785898,Q140785898|P1343|Q140789914
44708,2633,set_statement,Done,,,Q140785899,Q140785899|P1343|Q140789915
44708,2634,set_statement,Done,,,Q140785900,Q140785900|P1343|Q140789916
44708,2635,set_statement,Done,,,Q140785901,Q140785901|P1343|Q113307597
44708,2636,set_statement,Done,,,Q140785902,Q140785902|P1343|Q140789917
44708,2637,set_statement,Done,,,Q140785903,Q140785903|P1343|Q140789918
44708,2638,set_statement,Done,,,Q140785904,Q140785904|P1343|Q113307101
44708,2639,set_statement,Done,,,Q140785905,Q140785905|P1343|Q113227798
44708,2640,set_statement,Done,,,Q140785906,Q140785906|P1343|Q113227866
44708,2641,set_statement,Done,,,Q140785907,Q140785907|P1343|Q140789919
44708,2642,set_statement,Done,,,Q140785908,Q140785908|P1343|Q140789920
44708,2643,set_statement,Done,,,Q140785909,Q140785909|P1343|Q140789921
44708,2644,set_statement,Done,,,Q140785910,Q140785910|P1343|Q140789922
44708,2645,set_statement,Done,,,Q140785911,Q140785911|P1343|Q140789923
44708,2646,set_statement,Done,,,Q140785912,Q140785912|P1343|Q113306532
44708,2647,set_statement,Done,,,Q140785913,Q140785913|P1343|Q113227608
44708,2648,set_statement,Done,,,Q140785914,Q140785914|P1343|Q113307399
44708,2649,set_statement,Done,,,Q140785915,Q140785915|P1343|Q140789924
44708,2650,set_statement,Done,,,Q140785916,Q140785916|P1343|Q110511603
44708,2651,set_statement,Done,,,Q140785917,Q140785917|P1343|Q113307517
44708,2652,set_statement,Done,,,Q140785918,Q140785918|P1343|Q113307770
44708,2653,set_statement,Done,,,Q140785920,Q140785920|P1343|Q140789925
44708,2654,set_statement,Done,,,Q140785921,Q140785921|P1343|Q113307785
44708,2655,set_statement,Done,,,Q140785922,Q140785922|P1343|Q140789926
44708,2656,set_statement,Done,,,Q140785923,Q140785923|P1343|Q113307573
44708,2657,set_statement,Done,,,Q140785924,Q140785924|P1343|Q140789927
44708,2658,set_statement,Done,,,Q140785925,Q140785925|P1343|Q140789928
44708,2659,set_statement,Done,,,Q140785926,Q140785926|P1343|Q112771434
44708,2660,set_statement,Done,,,Q140785927,Q140785927|P1343|Q111933824
44708,2661,set_statement,Done,,,Q140785928,Q140785928|P1343|Q113307424
44708,2662,set_statement,Done,,,Q140785929,Q140785929|P1343|Q113307623
44708,2663,set_statement,Done,,,Q140785930,Q140785930|P1343|Q140789929
44708,2664,set_statement,Done,,,Q140785931,Q140785931|P1343|Q113308321
44708,2665,set_statement,Done,,,Q140785932,Q140785932|P1343|Q113227697
44708,2666,set_statement,Done,,,Q140785933,Q140785933|P1343|Q113307775
44708,2667,set_statement,Done,,,Q140785934,Q140785934|P1343|Q113308210
44708,2668,set_statement,Done,,,Q140785935,Q140785935|P1343|Q113227927
44708,2669,set_statement,Done,,,Q140785936,Q140785936|P1343|Q113227944
44708,2670,set_statement,Done,,,Q140785937,Q140785937|P1343|Q140789930
44708,2671,set_statement,Done,,,Q140785939,Q140785939|P1343|Q140789931
44708,2672,set_statement,Done,,,Q140785940,Q140785940|P1343|Q140789932
44708,2673,set_statement,Done,,,Q140785941,Q140785941|P1343|Q140789933
44708,2674,set_statement,Done,,,Q140785942,Q140785942|P1343|Q136911582
44708,2675,set_statement,Done,,,Q140785943,Q140785943|P1343|Q113307540
44708,2676,set_statement,Done,,,Q140785944,Q140785944|P1343|Q140789934
44708,2677,set_statement,Done,,,Q140785945,Q140785945|P1343|Q113227662
44708,2678,set_statement,Done,,,Q140785946,Q140785946|P1343|Q140789935
44708,2679,set_statement,Done,,,Q140785947,Q140785947|P1343|Q113308098
44708,2680,set_statement,Done,,,Q140785949,Q140785949|P1343|Q140789936
44708,2681,set_statement,Done,,,Q140785950,Q140785950|P1343|Q110512120
44708,2682,set_statement,Done,,,Q140785951,Q140785951|P1343|Q140789937
44708,2683,set_statement,Done,,,Q140785952,Q140785952|P1343|Q140789938
44708,2684,set_statement,Done,,,Q140785953,Q140785953|P1343|Q108918810
44708,2685,set_statement,Done,,,Q140785955,Q140785955|P1343|Q136308907
44708,2686,set_statement,Done,,,Q140785956,Q140785956|P1343|Q113227757
44708,2687,set_statement,Done,,,Q140785957,Q140785957|P1343|Q140789939
44708,2688,set_statement,Done,,,Q140785958,Q140785958|P1343|Q140789940
44708,2689,set_statement,Done,,,Q140785959,Q140785959|P1343|Q140789941
44708,2690,set_statement,Done,,,Q140785960,Q140785960|P1343|Q140789942
44708,2691,set_statement,Done,,,Q140785961,Q140785961|P1343|Q113307788
44708,2692,set_statement,Done,,,Q140785962,Q140785962|P1343|Q140789943
44708,2693,set_statement,Done,,,Q140785963,Q140785963|P1343|Q140789944
44708,2694,set_statement,Done,,,Q140785964,Q140785964|P1343|Q140789945
44708,2695,set_statement,Done,,,Q140785965,Q140785965|P1343|Q140789946
44708,2696,set_statement,Done,,,Q140785966,Q140785966|P1343|Q140789947
44708,2697,set_statement,Done,,,Q140785967,Q140785967|P1343|Q140789948
44708,2698,set_statement,Done,,,Q140785968,Q140785968|P1343|Q140789949
44708,2699,set_statement,Done,,,Q140785969,Q140785969|P1343|Q113308189
44708,2700,set_statement,Done,,,Q140785970,Q140785970|P1343|Q113227677
44708,2701,set_statement,Done,,,Q140785971,Q140785971|P1343|Q113227678
44708,2702,set_statement,Done,,,Q140785972,Q140785972|P1343|Q140789950
44708,2703,set_statement,Done,,,Q140785973,Q140785973|P1343|Q140789951
44708,2704,set_statement,Done,,,Q140785974,Q140785974|P1343|Q140789952
44708,2705,set_statement,Done,,,Q140785975,Q140785975|P1343|Q130189275
44708,2706,set_statement,Done,,,Q140785976,Q140785976|P1343|Q140789953
44708,2707,set_statement,Done,,,Q140785977,Q140785977|P1343|Q113307374
44708,2708,set_statement,Done,,,Q140785978,Q140785978|P1343|Q113307443
44708,2709,set_statement,Done,,,Q140785979,Q140785979|P1343|Q140789954
44708,2710,set_statement,Done,,,Q140785980,Q140785980|P1343|Q140789955
44708,2711,set_statement,Done,,,Q140785981,Q140785981|P1343|Q140789956
44708,2712,set_statement,Done,,,Q140785982,Q140785982|P1343|Q111900628
44708,2713,set_statement,Done,,,Q140785983,Q140785983|P1343|Q140789957
44708,2714,set_statement,Done,,,Q140785984,Q140785984|P1343|Q113308045
44708,2715,set_statement,Done,,,Q140785985,Q140785985|P1343|Q113307027
44708,2716,set_statement,Done,,,Q140785986,Q140785986|P1343|Q113227899
44708,2717,set_statement,Done,,,Q140785987,Q140785987|P1343|Q113307816
44708,2718,set_statement,Done,,,Q140785988,Q140785988|P1343|Q113307730
44708,2719,set_statement,Done,,,Q140785989,Q140785989|P1343|Q113307333
44708,2720,set_statement,Done,,,Q140785990,Q140785990|P1343|Q113307715
44708,2721,set_statement,Done,,,Q140785991,Q140785991|P1343|Q140789958
44708,2722,set_statement,Done,,,Q140785992,Q140785992|P1343|Q140789959
44708,2723,set_statement,Done,,,Q140785993,Q140785993|P1343|Q113227725
44708,2724,set_statement,Done,,,Q140785994,Q140785994|P1343|Q140789960
44708,2725,set_statement,Done,,,Q140785995,Q140785995|P1343|Q140789961
44708,2726,set_statement,Done,,,Q140785996,Q140785996|P1343|Q140789962
44708,2727,set_statement,Done,,,Q140785997,Q140785997|P1343|Q125290278
44708,2728,set_statement,Done,,,Q140785998,Q140785998|P1343|Q113307607
44708,2729,set_statement,Done,,,Q140785999,Q140785999|P1343|Q140789963
44708,2730,set_statement,Done,,,Q140786000,Q140786000|P1343|Q113308199
44708,2731,set_statement,Done,,,Q140786001,Q140786001|P1343|Q113227821
44708,2732,set_statement,Done,,,Q140786002,Q140786002|P1343|Q140789964
44708,2733,set_statement,Done,,,Q140786003,Q140786003|P1343|Q111900364
44708,2734,set_statement,Done,,,Q140786004,Q140786004|P1343|Q140789965
44708,2735,set_statement,Done,,,Q140786005,Q140786005|P1343|Q140789966
44708,2736,set_statement,Done,,,Q140786006,Q140786006|P1343|Q113307313
44708,2737,set_statement,Done,,,Q140786007,Q140786007|P1343|Q111898007
44708,2738,set_statement,Done,,,Q140786008,Q140786008|P1343|Q113308196
44708,2739,set_statement,Done,,,Q120838154,Q120838154|P1343|Q111972181
44708,2740,set_statement,Done,,,Q140786009,Q140786009|P1343|Q113228000
44708,2741,set_statement,Done,,,Q140786010,Q140786010|P1343|Q140789967
44708,2742,set_statement,Done,,,Q140786011,Q140786011|P1343|Q140789968
44708,2743,set_statement,Done,,,Q140786012,Q140786012|P1343|Q113308008
44708,2744,set_statement,Done,,,Q140786015,Q140786015|P1343|Q140789969
44708,2745,set_statement,Done,,,Q140786016,Q140786016|P1343|Q140789970
44708,2746,set_statement,Done,,,Q140786017,Q140786017|P1343|Q136785921
44708,2747,set_statement,Done,,,Q140786018,Q140786018|P1343|Q140789971
44708,2748,set_statement,Done,,,Q140786019,Q140786019|P1343|Q140789972
44708,2749,set_statement,Done,,,Q140786020,Q140786020|P1343|Q140789973
44708,2750,set_statement,Done,,,Q140786021,Q140786021|P1343|Q140789974
44708,2751,set_statement,Done,,,Q140786022,Q140786022|P1343|Q57805594
44708,2752,set_statement,Done,,,Q140786023,Q140786023|P1343|Q140789975
44708,2753,set_statement,Done,,,Q140786024,Q140786024|P1343|Q113307334
44708,2754,set_statement,Done,,,Q140786025,Q140786025|P1343|Q140789976
44708,2755,set_statement,Done,,,Q140786026,Q140786026|P1343|Q140789977
44708,2756,set_statement,Done,,,Q140786027,Q140786027|P1343|Q62667342
44708,2757,set_statement,Done,,,Q140786028,Q140786028|P1343|Q140738665
44708,2758,set_statement,Done,,,Q140786029,Q140786029|P1343|Q140789978
44708,2759,set_statement,Done,,,Q140786030,Q140786030|P1343|Q113307035
44708,2760,set_statement,Done,,,Q140786031,Q140786031|P1343|Q113227858
44708,2761,set_statement,Done,,,Q140786032,Q140786032|P1343|Q111898351
44708,2762,set_statement,Done,,,Q140786034,Q140786034|P1343|Q140789979
44708,2763,set_statement,Done,,,Q140786035,Q140786035|P1343|Q140789980
44708,2764,set_statement,Done,,,Q140786036,Q140786036|P1343|Q113227848
44708,2765,set_statement,Done,,,Q140786037,Q140786037|P1343|Q140789981
44708,2766,set_statement,Done,,,Q140786038,Q140786038|P1343|Q113227775
44708,2767,set_statement,Done,,,Q140786039,Q140786039|P1343|Q113227764
44708,2768,set_statement,Done,,,Q140786040,Q140786040|P1343|Q140789982
44708,2769,set_statement,Done,,,Q140786041,Q140786041|P1343|Q140789983
44708,2770,set_statement,Done,,,Q140786042,Q140786042|P1343|Q140789984
44708,2771,set_statement,Done,,,Q140786043,Q140786043|P1343|Q113227721
44708,2772,set_statement,Done,,,Q140786044,Q140786044|P1343|Q140789985
44708,2773,set_statement,Done,,,Q140786045,Q140786045|P1343|Q61538299
44708,2774,set_statement,Done,,,Q140786046,Q140786046|P1343|Q140789986
44708,2775,set_statement,Done,,,Q140786047,Q140786047|P1343|Q113308056
44708,2776,set_statement,Done,,,Q140786048,Q140786048|P1343|Q140789987
44708,2777,set_statement,Done,,,Q140786049,Q140786049|P1343|Q140789988
44708,2778,set_statement,Done,,,Q140786050,Q140786050|P1343|Q113227734
44708,2779,set_statement,Done,,,Q140786051,Q140786051|P1343|Q99876096
44708,2780,set_statement,Done,,,Q107381464,Q107381464|P1343|Q113227908
44708,2781,set_statement,Done,,,Q140786052,Q140786052|P1343|Q140789989
44708,2782,set_statement,Done,,,Q140786053,Q140786053|P1343|Q140789990
44708,2783,set_statement,Done,,,Q140786054,Q140786054|P1343|Q113308024
44708,2784,set_statement,Done,,,Q120960113,Q120960113|P1343|Q57823002
44708,2785,set_statement,Done,,,Q140786055,Q140786055|P1343|Q60338371
44708,2786,set_statement,Done,,,Q107381449,Q107381449|P1343|Q113227963
44708,2787,set_statement,Done,,,Q140786056,Q140786056|P1343|Q113308109
44708,2788,set_statement,Done,,,Q140786057,Q140786057|P1343|Q140789991
44708,2789,set_statement,Done,,,Q140786058,Q140786058|P1343|Q140789992
44708,2790,set_statement,Done,,,Q140786059,Q140786059|P1343|Q140789993
44708,2791,set_statement,Done,,,Q140786060,Q140786060|P1343|Q140789994
44708,2792,set_statement,Done,,,Q140786061,Q140786061|P1343|Q140789995
44708,2793,set_statement,Done,,,Q140786062,Q140786062|P1343|Q140789996
44708,2794,set_statement,Done,,,Q140786063,Q140786063|P1343|Q140789997
44708,2795,set_statement,Done,,,Q140786064,Q140786064|P1343|Q140789998
44708,2796,set_statement,Done,,,Q140786065,Q140786065|P1343|Q140789999
44708,2797,set_statement,Done,,,Q140786066,Q140786066|P1343|Q113307796
44708,2798,set_statement,Done,,,Q140786067,Q140786067|P1343|Q61479449
44708,2799,set_statement,Done,,,Q140786068,Q140786068|P1343|Q113307995
44708,2800,set_statement,Done,,,Q140786069,Q140786069|P1343|Q113227942
44708,2801,set_statement,Done,,,Q140786070,Q140786070|P1343|Q113307901
44708,2802,set_statement,Done,,,Q140786071,Q140786071|P1343|Q113307892
44708,2803,set_statement,Done,,,Q140786072,Q140786072|P1343|Q111150510
44708,2804,set_statement,Done,,,Q140786073,Q140786073|P1343|Q58892035
44708,2805,set_statement,Done,,,Q140786074,Q140786074|P1343|Q59145752
44708,2806,set_statement,Done,,,Q140786075,Q140786075|P1343|Q113307516
44708,2807,set_statement,Done,,,Q140786076,Q140786076|P1343|Q113307637
44708,2808,set_statement,Done,,,Q140786077,Q140786077|P1343|Q113227997
44708,2809,set_statement,Done,,,Q140786078,Q140786078|P1343|Q113308332
44708,2810,set_statement,Done,,,Q140786079,Q140786079|P1343|Q113307536
44708,2811,set_statement,Done,,,Q140786080,Q140786080|P1343|Q140790000
44708,2812,set_statement,Done,,,Q140786081,Q140786081|P1343|Q140790001
44708,2813,set_statement,Done,,,Q70471987,Q70471987|P1343|Q56886706
44708,2814,set_statement,Done,,,Q140786082,Q140786082|P1343|Q140790002
44708,2815,set_statement,Done,,,Q140786083,Q140786083|P1343|Q113308272
44708,2816,set_statement,Done,,,Q140786084,Q140786084|P1343|Q140790003
44708,2817,set_statement,Done,,,Q140786085,Q140786085|P1343|Q140790004
44708,2818,set_statement,Done,,,Q140786086,Q140786086|P1343|Q140790005
44708,2819,set_statement,Done,,,Q140786087,Q140786087|P1343|Q113227783
44708,2820,set_statement,Done,,,Q140786088,Q140786088|P1343|Q140790006
44708,2821,set_statement,Done,,,Q140786089,Q140786089|P1343|Q113307317
44708,2822,set_statement,Done,,,Q140786090,Q140786090|P1343|Q140790007
44708,2823,set_statement,Done,,,Q140786091,Q140786091|P1343|Q140790008
44708,2824,set_statement,Done,,,Q140786092,Q140786092|P1343|Q140790009
44708,2825,set_statement,Done,,,Q140786093,Q140786093|P1343|Q111900219
44708,2826,set_statement,Done,,,Q140786094,Q140786094|P1343|Q140790011
44708,2827,set_statement,Done,,,Q140786095,Q140786095|P1343|Q112847921
44708,2828,set_statement,Done,,,Q140786096,Q140786096|P1343|Q113307198
44708,2829,set_statement,Done,,,Q140786097,Q140786097|P1343|Q140790012
44708,2830,set_statement,Done,,,Q140786098,Q140786098|P1343|Q111899499
44708,2831,set_statement,Done,,,Q140786099,Q140786099|P1343|Q140790013
44708,2832,set_statement,Done,,,Q140786100,Q140786100|P1343|Q140790014
44708,2833,set_statement,Done,,,Q140786101,Q140786101|P1343|Q113307865
44708,2834,set_statement,Done,,,Q140786102,Q140786102|P1343|Q140790015
44708,2835,set_statement,Done,,,Q140786103,Q140786103|P1343|Q113306806
44708,2836,set_statement,Done,,,Q140786104,Q140786104|P1343|Q140790016
44708,2837,set_statement,Done,,,Q140786105,Q140786105|P1343|Q113308193
44708,2838,set_statement,Done,,,Q140786106,Q140786106|P1343|Q140790017
44708,2839,set_statement,Done,,,Q140786107,Q140786107|P1343|Q140790018
44708,2840,set_statement,Done,,,Q140786108,Q140786108|P1343|Q59275094
44708,2841,set_statement,Done,,,Q140786109,Q140786109|P1343|Q113307646
44708,2842,set_statement,Done,,,Q140786110,Q140786110|P1343|Q113308320
44708,2843,set_statement,Done,,,Q140786111,Q140786111|P1343|Q140790019
44708,2844,set_statement,Done,,,Q140786112,Q140786112|P1343|Q140790020
44708,2845,set_statement,Done,,,Q140786113,Q140786113|P1343|Q140790021
44708,2846,set_statement,Done,,,Q140786114,Q140786114|P1343|Q113307164
44708,2847,set_statement,Done,,,Q140786123,Q140786123|P1343|Q140790022
44708,2848,set_statement,Done,,,Q140786124,Q140786124|P1343|Q140790023
44708,2849,set_statement,Done,,,Q140786125,Q140786125|P1343|Q140790024
44708,2850,set_statement,Done,,,Q140786126,Q140786126|P1343|Q140790025
44708,2851,set_statement,Done,,,Q140786127,Q140786127|P1343|Q113308222
44708,2852,set_statement,Done,,,Q140786128,Q140786128|P1343|Q115348343
44708,2853,set_statement,Done,,,Q140786129,Q140786129|P1343|Q113307463
44708,2854,set_statement,Done,,,Q140786130,Q140786130|P1343|Q140790026
44708,2855,set_statement,Done,,,Q140786131,Q140786131|P1343|Q57809255
44708,2856,set_statement,Done,,,Q140786132,Q140786132|P1343|Q113308073
44708,2857,set_statement,Done,,,Q140786133,Q140786133|P1343|Q140790027
44708,2858,set_statement,Done,,,Q140786134,Q140786134|P1343|Q140790028
44708,2859,set_statement,Done,,,Q140786135,Q140786135|P1343|Q140790029
44708,2860,set_statement,Done,,,Q140786136,Q140786136|P1343|Q140790030
44708,2861,set_statement,Done,,,Q140786137,Q140786137|P1343|Q140790031
44708,2862,set_statement,Done,,,Q140786138,Q140786138|P1343|Q140790033
44708,2863,set_statement,Done,,,Q140786139,Q140786139|P1343|Q113307731
44708,2864,set_statement,Done,,,Q140786140,Q140786140|P1343|Q113307821
44708,2865,set_statement,Done,,,Q140786141,Q140786141|P1343|Q132370902
44708,2866,set_statement,Done,,,Q140786142,Q140786142|P1343|Q113227639
44708,2867,set_statement,Done,,,Q140786143,Q140786143|P1343|Q113307445
44708,2868,set_statement,Done,,,Q140786144,Q140786144|P1343|Q113307781
44708,2869,set_statement,Done,,,Q140786145,Q140786145|P1343|Q140790034
44708,2870,set_statement,Done,,,Q140786146,Q140786146|P1343|Q140790035
44708,2871,set_statement,Done,,,Q140786147,Q140786147|P1343|Q112847924
44708,2872,set_statement,Done,,,Q140786148,Q140786148|P1343|Q140790036
44708,2873,set_statement,Done,,,Q140786149,Q140786149|P1343|Q113307171
44708,2874,set_statement,Done,,,Q140786150,Q140786150|P1343|Q113307958
44708,2875,set_statement,Done,,,Q140786151,Q140786151|P1343|Q140790037
44708,2876,set_statement,Done,,,Q140786152,Q140786152|P1343|Q111896730
44708,2877,set_statement,Done,,,Q140786153,Q140786153|P1343|Q140790038
44708,2878,set_statement,Done,,,Q140786154,Q140786154|P1343|Q113307331
44708,2879,set_statement,Done,,,Q140786155,Q140786155|P1343|Q140790039
44708,2880,set_statement,Done,,,Q85758859,Q85758859|P1343|Q113227994
44708,2881,set_statement,Done,,,Q140786156,Q140786156|P1343|Q140790040
44708,2882,set_statement,Done,,,Q140786157,Q140786157|P1343|Q113307218
44708,2883,set_statement,Done,,,Q140786158,Q140786158|P1343|Q113307367
44708,2884,set_statement,Done,,,Q140786159,Q140786159|P1343|Q140790041
44708,2885,set_statement,Done,,,Q140786160,Q140786160|P1343|Q140790042
44708,2886,set_statement,Done,,,Q140786161,Q140786161|P1343|Q140790043
44708,2887,set_statement,Done,,,Q140786162,Q140786162|P1343|Q128587814
44708,2888,set_statement,Done,,,Q140786163,Q140786163|P1343|Q113227812
44708,2889,set_statement,Done,,,Q140786164,Q140786164|P1343|Q113307929
44708,2890,set_statement,Done,,,Q140786165,Q140786165|P1343|Q130178791
44708,2891,set_statement,Done,,,Q140786166,Q140786166|P1343|Q113307329
44708,2892,set_statement,Done,,,Q140786167,Q140786167|P1343|Q138509629
44708,2893,set_statement,Done,,,Q140786168,Q140786168|P1343|Q140790044
44708,2894,set_statement,Done,,,Q140786169,Q140786169|P1343|Q140790045
44708,2895,set_statement,Done,,,Q140786170,Q140786170|P1343|Q140790046
44708,2896,set_statement,Done,,,Q140786171,Q140786171|P1343|Q140790047
44708,2897,set_statement,Done,,,Q140786172,Q140786172|P1343|Q113227751
44708,2898,set_statement,Done,,,Q140786173,Q140786173|P1343|Q140790048
44708,2899,set_statement,Done,,,Q140786174,Q140786174|P1343|Q113227788
44708,2900,set_statement,Done,,,Q140786175,Q140786175|P1343|Q113307406
44708,2901,set_statement,Done,,,Q140786176,Q140786176|P1343|Q113308247
44708,2902,set_statement,Done,,,Q140786177,Q140786177|P1343|Q113308211
44708,2903,set_statement,Done,,,Q140786179,Q140786179|P1343|Q113227661
44708,2904,set_statement,Done,,,Q140786180,Q140786180|P1343|Q111899111
44708,2905,set_statement,Done,,,Q140786181,Q140786181|P1343|Q113307961
44708,2906,set_statement,Done,,,Q140786182,Q140786182|P1343|Q113307853
44708,2907,set_statement,Done,,,Q140786183,Q140786183|P1343|Q113307653
44708,2908,set_statement,Done,,,Q140786184,Q140786184|P1343|Q113227815
44708,2909,set_statement,Done,,,Q140786185,Q140786185|P1343|Q140790049
44708,2910,set_statement,Done,,,Q140786186,Q140786186|P1343|Q140790050
44708,2911,set_statement,Done,,,Q140786187,Q140786187|P1343|Q140790051
44708,2912,set_statement,Done,,,Q140786189,Q140786189|P1343|Q140790052
44708,2913,set_statement,Done,,,Q140786190,Q140786190|P1343|Q140790053
44708,2914,set_statement,Done,,,Q140786191,Q140786191|P1343|Q140790054
44708,2915,set_statement,Done,,,Q140786192,Q140786192|P1343|Q56051974
44708,2916,set_statement,Done,,,Q140786193,Q140786193|P1343|Q140790055
44708,2917,set_statement,Done,,,Q140786194,Q140786194|P1343|Q140790056
44708,2918,set_statement,Done,,,Q140786195,Q140786195|P1343|Q140790057
44708,2919,set_statement,Done,,,Q140786196,Q140786196|P1343|Q140790058
44708,2920,set_statement,Done,,,Q140786197,Q140786197|P1343|Q140790059
44708,2921,set_statement,Done,,,Q140786198,Q140786198|P1343|Q140790060
44708,2922,set_statement,Done,,,Q140786199,Q140786199|P1343|Q140790061
44708,2923,set_statement,Done,,,Q140786200,Q140786200|P1343|Q140790062
44708,2924,set_statement,Done,,,Q140786201,Q140786201|P1343|Q113307387
44708,2925,set_statement,Done,,,Q140786202,Q140786202|P1343|Q140790063
44708,2926,set_statement,Done,,,Q140786203,Q140786203|P1343|Q140790064
44708,2927,set_statement,Done,,,Q140786204,Q140786204|P1343|Q113307392
44708,2928,set_statement,Done,,,Q140786205,Q140786205|P1343|Q140790065
44708,2929,set_statement,Done,,,Q140786206,Q140786206|P1343|Q140790066
44708,2930,set_statement,Done,,,Q140786207,Q140786207|P1343|Q113307125
44708,2931,set_statement,Done,,,Q140786208,Q140786208|P1343|Q140790067
44708,2932,set_statement,Done,,,Q140786209,Q140786209|P1343|Q64297032
44708,2933,set_statement,Done,,,Q140786210,Q140786210|P1343|Q111932828
44708,2934,set_statement,Done,,,Q140786211,Q140786211|P1343|Q113307411
44708,2935,set_statement,Done,,,Q140786212,Q140786212|P1343|Q113227641
44708,2936,set_statement,Done,,,Q140786213,Q140786213|P1343|Q112108940
44708,2937,set_statement,Done,,,Q140786214,Q140786214|P1343|Q140790068
44708,2938,set_statement,Done,,,Q140786215,Q140786215|P1343|Q113307774
44708,2939,set_statement,Done,,,Q140786216,Q140786216|P1343|Q113307362
44708,2940,set_statement,Done,,,Q140786217,Q140786217|P1343|Q140790069
44708,2941,set_statement,Done,,,Q140786218,Q140786218|P1343|Q113227742
44708,2942,set_statement,Done,,,Q140786219,Q140786219|P1343|Q140790070
44708,2943,set_statement,Done,,,Q140786220,Q140786220|P1343|Q140790071
44708,2944,set_statement,Done,,,Q140786221,Q140786221|P1343|Q111900172
44708,2945,set_statement,Done,,,Q140786222,Q140786222|P1343|Q113227982
44708,2946,set_statement,Done,,,Q140786223,Q140786223|P1343|Q113227905
44708,2947,set_statement,Done,,,Q140786224,Q140786224|P1343|Q140790072
44708,2948,set_statement,Done,,,Q140786226,Q140786226|P1343|Q140790073
44708,2949,set_statement,Done,,,Q140786227,Q140786227|P1343|Q140790074
44708,2950,set_statement,Done,,,Q140786228,Q140786228|P1343|Q113307297
44708,2951,set_statement,Done,,,Q140786229,Q140786229|P1343|Q113307872
44708,2952,set_statement,Done,,,Q140786230,Q140786230|P1343|Q112847690
44708,2953,set_statement,Done,,,Q140786231,Q140786231|P1343|Q113307288
44708,2954,set_statement,Done,,,Q140786232,Q140786232|P1343|Q140790075
44708,2955,set_statement,Done,,,Q140786233,Q140786233|P1343|Q140790076
44708,2956,set_statement,Done,,,Q140786234,Q140786234|P1343|Q113308100
44708,2957,set_statement,Done,,,Q140786235,Q140786235|P1343|Q113307459
44708,2958,set_statement,Done,,,Q140786236,Q140786236|P1343|Q113227646
44708,2959,set_statement,Done,,,Q140786237,Q140786237|P1343|Q123193320
44708,2960,set_statement,Done,,,Q140786238,Q140786238|P1343|Q140790077
44708,2961,set_statement,Done,,,Q140786239,Q140786239|P1343|Q140790078
44708,2962,set_statement,Done,,,Q140786240,Q140786240|P1343|Q113227611
44708,2963,set_statement,Done,,,Q140786241,Q140786241|P1343|Q113307199
44708,2964,set_statement,Done,,,Q140786242,Q140786242|P1343|Q140790079
44708,2965,set_statement,Done,,,Q59625833,Q59625833|P1343|Q113227828
44708,2966,set_statement,Done,,,Q140786243,Q140786243|P1343|Q140790088
44708,2967,set_statement,Done,,,Q140786244,Q140786244|P1343|Q140790091
44708,2968,set_statement,Done,,,Q140786245,Q140786245|P1343|Q140790092
44708,2969,set_statement,Done,,,Q140786246,Q140786246|P1343|Q140790094
44708,2970,set_statement,Done,,,Q140786247,Q140786247|P1343|Q113227879
44708,2971,set_statement,Done,,,Q140786248,Q140786248|P1343|Q140790096
44708,2972,set_statement,Done,,,Q140786249,Q140786249|P1343|Q140790098
44708,2973,set_statement,Done,,,Q140786250,Q140786250|P1343|Q113307803
44708,2974,set_statement,Done,,,Q140786251,Q140786251|P1343|Q140790101
44708,2975,set_statement,Done,,,Q140786252,Q140786252|P1343|Q56051993
44708,2976,set_statement,Done,,,Q140790737,Q140790737|P1343|Q113307446
44708,2977,set_statement,Done,,,Q140786295,Q140786295|P1343|Q113307385
44708,2978,set_statement,Done,,,Q140786296,Q140786296|P1343|Q140790103
44708,2979,set_statement,Done,,,Q140786297,Q140786297|P1343|Q113227710
44708,2980,set_statement,Done,,,Q140786298,Q140786298|P1343|Q57088988
44708,2981,set_statement,Done,,,Q140786299,Q140786299|P1343|Q113307564
44708,2982,set_statement,Done,,,Q140786300,Q140786300|P1343|Q113307201
44708,2983,set_statement,Done,,,Q140786301,Q140786301|P1343|Q113307812
44708,2984,set_statement,Done,,,Q140786302,Q140786302|P1343|Q58468584
44708,2985,set_statement,Done,,,Q140786303,Q140786303|P1343|Q113307429
44708,2986,set_statement,Done,,,Q140786304,Q140786304|P1343|Q60557594
44708,2987,set_statement,Done,,,Q140786305,Q140786305|P1343|Q111899809
44708,2988,set_statement,Done,,,Q140786306,Q140786306|P1343|Q113307261
44708,2989,set_statement,Done,,,Q140786307,Q140786307|P1343|Q113307057
44708,2990,set_statement,Done,,,Q140786308,Q140786308|P1343|Q140790105
44708,2991,set_statement,Done,,,Q140786309,Q140786309|P1343|Q140790107
44708,2992,set_statement,Done,,,Q140786310,Q140786310|P1343|Q140790109
44708,2993,set_statement,Done,,,Q140786311,Q140786311|P1343|Q140790112
44708,2994,set_statement,Done,,,Q140786312,Q140786312|P1343|Q140790114
44708,2995,set_statement,Done,,,Q140786313,Q140786313|P1343|Q140790116
44708,2996,set_statement,Done,,,Q140786314,Q140786314|P1343|Q114365975
44708,2997,set_statement,Done,,,Q135002983,Q135002983|P1343|Q140790118
44708,2998,set_statement,Done,,,Q140786315,Q140786315|P1343|Q135392214
44708,2999,set_statement,Done,,,Q140786316,Q140786316|P1343|Q140790120
44708,3000,set_statement,Done,,,Q140786317,Q140786317|P1343|Q137243404
44708,3001,set_statement,Done,,,Q140786318,Q140786318|P1343|Q140790122
44708,3002,set_statement,Done,,,Q140786319,Q140786319|P1343|Q140790125
44708,3003,set_statement,Done,,,Q140786320,Q140786320|P1343|Q140790127
44708,3004,set_statement,Done,,,Q140786321,Q140786321|P1343|Q137103549
44708,3005,set_statement,Done,,,Q140786322,Q140786322|P1343|Q140790129
44708,3006,set_statement,Done,,,Q140786323,Q140786323|P1343|Q140790132
44708,3007,set_statement,Done,,,Q140786324,Q140786324|P1343|Q140790134
44708,3008,set_statement,Done,,,Q140786325,Q140786325|P1343|Q140790136
44708,3009,set_statement,Done,,,Q140786326,Q140786326|P1343|Q140790138
44708,3010,set_statement,Done,,,Q140786327,Q140786327|P1343|Q137179906
44708,3011,set_statement,Done,,,Q140786328,Q140786328|P1343|Q140790140
44708,3012,set_statement,Done,,,Q140786329,Q140786329|P1343|Q140790142
44708,3013,set_statement,Done,,,Q140786330,Q140786330|P1343|Q54364388
44708,3014,set_statement,Done,,,Q140786331,Q140786331|P1343|Q113227870
44708,3015,set_statement,Done,,,Q140786332,Q140786332|P1343|Q140790144
44708,3016,set_statement,Done,,,Q140786333,Q140786333|P1343|Q140790146
44708,3017,set_statement,Done,,,Q140786334,Q140786334|P1343|Q113307616
44708,3018,set_statement,Done,,,Q140786335,Q140786335|P1343|Q140790148
44708,3019,set_statement,Done,,,Q140786336,Q140786336|P1343|Q140790151
44708,3020,set_statement,Done,,,Q140786337,Q140786337|P1343|Q140790154
44708,3021,set_statement,Done,,,Q140786338,Q140786338|P1343|Q113307309
44708,3022,set_statement,Done,,,Q140786339,Q140786339|P1343|Q140790155
44708,3023,set_statement,Done,,,Q140786340,Q140786340|P1343|Q140790157
44708,3024,set_statement,Done,,,Q140786341,Q140786341|P1343|Q113307487
44708,3025,set_statement,Done,,,Q140786342,Q140786342|P1343|Q140790159
44708,3026,set_statement,Done,,,Q140786343,Q140786343|P1343|Q140790162
44708,3027,set_statement,Done,,,Q140786344,Q140786344|P1343|Q114954999
44708,3028,set_statement,Done,,,Q140786345,Q140786345|P1343|Q113227959
44708,3029,set_statement,Done,,,Q140786346,Q140786346|P1343|Q140790164
44708,3030,set_statement,Done,,,Q140786347,Q140786347|P1343|Q140790166
44708,3031,set_statement,Done,,,Q140786348,Q140786348|P1343|Q111899194
44708,3032,set_statement,Done,,,Q140786349,Q140786349|P1343|Q113227655
44708,3033,set_statement,Done,,,Q140786351,Q140786351|P1343|Q113307338
44708,3034,set_statement,Done,,,Q140786352,Q140786352|P1343|Q140790168
44708,3035,set_statement,Done,,,Q140786353,Q140786353|P1343|Q140790170
44708,3036,set_statement,Done,,,Q140786354,Q140786354|P1343|Q140790172
44708,3037,set_statement,Done,,,Q140786355,Q140786355|P1343|Q140790173
44708,3038,set_statement,Done,,,Q140786356,Q140786356|P1343|Q140790174
44708,3039,set_statement,Done,,,Q140786357,Q140786357|P1343|Q111898651
44708,3040,set_statement,Done,,,Q140786358,Q140786358|P1343|Q113308271
44708,3041,set_statement,Done,,,Q140786359,Q140786359|P1343|Q140790175
44708,3042,set_statement,Done,,,Q140786360,Q140786360|P1343|Q113307590
44708,3043,set_statement,Done,,,Q140786361,Q140786361|P1343|Q140790176
44708,3044,set_statement,Done,,,Q140786362,Q140786362|P1343|Q137206646
44708,3045,set_statement,Done,,,Q140786363,Q140786363|P1343|Q140790177
44708,3046,set_statement,Done,,,Q140786364,Q140786364|P1343|Q140790178
44708,3047,set_statement,Done,,,Q140786365,Q140786365|P1343|Q113308101
44708,3048,set_statement,Done,,,Q140786366,Q140786366|P1343|Q140790179
44708,3049,set_statement,Done,,,Q140786367,Q140786367|P1343|Q140790180
44708,3050,set_statement,Done,,,Q140786368,Q140786368|P1343|Q140790181
44708,3051,set_statement,Done,,,Q140786369,Q140786369|P1343|Q57577172
44708,3052,set_statement,Done,,,Q140786370,Q140786370|P1343|Q140790182
44708,3053,set_statement,Done,,,Q140786371,Q140786371|P1343|Q113727654
44708,3054,set_statement,Done,,,Q140786372,Q140786372|P1343|Q113307149
44708,3055,set_statement,Done,,,Q140786373,Q140786373|P1343|Q113227874
44708,3056,set_statement,Done,,,Q140786374,Q140786374|P1343|Q140790183
44708,3057,set_statement,Done,,,Q140786375,Q140786375|P1343|Q113308300
44708,3058,set_statement,Done,,,Q140786376,Q140786376|P1343|Q140790184
44708,3059,set_statement,Done,,,Q140786377,Q140786377|P1343|Q140790185
44708,3060,set_statement,Done,,,Q140786378,Q140786378|P1343|Q113307192
44708,3061,set_statement,Done,,,Q140786379,Q140786379|P1343|Q140790186
44708,3062,set_statement,Done,,,Q140786380,Q140786380|P1343|Q140790187
44708,3063,set_statement,Done,,,Q140786381,Q140786381|P1343|Q140790188
44708,3064,set_statement,Done,,,Q140786382,Q140786382|P1343|Q113307598
44708,3065,set_statement,Done,,,Q140786383,Q140786383|P1343|Q140790189
44708,3066,set_statement,Done,,,Q140786384,Q140786384|P1343|Q113227623
44708,3067,set_statement,Done,,,Q140786385,Q140786385|P1343|Q113307749
44708,3068,set_statement,Done,,,Q140786386,Q140786386|P1343|Q140790190
44708,3069,set_statement,Done,,,Q140786388,Q140786388|P1343|Q140790191
44708,3070,set_statement,Done,,,Q140786389,Q140786389|P1343|Q113307343
44708,3071,set_statement,Done,,,Q140786390,Q140786390|P1343|Q140790192
44708,3072,set_statement,Done,,,Q140786391,Q140786391|P1343|Q140790193
44708,3073,set_statement,Done,,,Q140786392,Q140786392|P1343|Q99585113
44708,3074,set_statement,Done,,,Q140786393,Q140786393|P1343|Q140790194
44708,3075,set_statement,Done,,,Q140786394,Q140786394|P1343|Q140790195
44708,3076,set_statement,Done,,,Q140786395,Q140786395|P1343|Q113308035
44708,3077,set_statement,Done,,,Q140786396,Q140786396|P1343|Q140790196
44708,3078,set_statement,Done,,,Q140786397,Q140786397|P1343|Q140790197
44708,3079,set_statement,Done,,,Q140786398,Q140786398|P1343|Q140790198
44708,3080,set_statement,Done,,,Q140786399,Q140786399|P1343|Q140790199
44708,3081,set_statement,Done,,,Q140786401,Q140786401|P1343|Q113307630
44708,3082,set_statement,Done,,,Q140786402,Q140786402|P1343|Q110512121
44708,3083,set_statement,Done,,,Q95716584,Q95716584|P1343|Q107337645
44708,3084,set_statement,Done,,,Q140786403,Q140786403|P1343|Q113307661
44708,3085,set_statement,Done,,,Q140786404,Q140786404|P1343|Q113308244
44708,3086,set_statement,Done,,,Q140786405,Q140786405|P1343|Q113308240
44708,3087,set_statement,Done,,,Q140786406,Q140786406|P1343|Q113308163
44708,3088,set_statement,Done,,,Q140786407,Q140786407|P1343|Q113227656
44708,3089,set_statement,Done,,,Q140786408,Q140786408|P1343|Q113227939
44708,3090,set_statement,Done,,,Q140786409,Q140786409|P1343|Q113307887
44708,3091,set_statement,Done,,,Q140786410,Q140786410|P1343|Q113308012
44708,3092,set_statement,Done,,,Q140786411,Q140786411|P1343|Q113307868
44708,3093,set_statement,Done,,,Q140786412,Q140786412|P1343|Q113307797
44708,3094,set_statement,Done,,,Q140786413,Q140786413|P1343|Q113307831
44708,3095,set_statement,Done,,,Q140786414,Q140786414|P1343|Q113307690
44708,3096,set_statement,Done,,,Q140786415,Q140786415|P1343|Q113307688
44708,3097,set_statement,Done,,,Q140786416,Q140786416|P1343|Q140790200
44708,3098,set_statement,Done,,,Q140786417,Q140786417|P1343|Q140790201
44708,3099,set_statement,Done,,,Q140786418,Q140786418|P1343|Q140790202
44708,3100,set_statement,Done,,,Q140786419,Q140786419|P1343|Q113227800
44708,3101,set_statement,Done,,,Q140786420,Q140786420|P1343|Q113307830
44708,3102,set_statement,Done,,,Q140786421,Q140786421|P1343|Q140790203
44708,3103,set_statement,Done,,,Q140786422,Q140786422|P1343|Q140790204
44708,3104,set_statement,Done,,,Q140786423,Q140786423|P1343|Q140790205
44708,3105,set_statement,Done,,,Q140786424,Q140786424|P1343|Q140790206
44708,3106,set_statement,Done,,,Q140786426,Q140786426|P1343|Q140790207
44708,3107,set_statement,Done,,,Q140786428,Q140786428|P1343|Q140790208
44708,3108,set_statement,Done,,,Q140786430,Q140786430|P1343|Q57725021
44708,3109,set_statement,Done,,,Q140786432,Q140786432|P1343|Q140790209
44708,3110,set_statement,Done,,,Q140786433,Q140786433|P1343|Q140790210
44708,3111,set_statement,Done,,,Q140786435,Q140786435|P1343|Q140790211
44708,3112,set_statement,Done,,,Q140786436,Q140786436|P1343|Q140790212
44708,3113,set_statement,Done,,,Q140786438,Q140786438|P1343|Q140790213
44708,3114,set_statement,Done,,,Q140786439,Q140786439|P1343|Q140790214
44708,3115,set_statement,Done,,,Q140786442,Q140786442|P1343|Q113307458
44708,3116,set_statement,Done,,,Q140786443,Q140786443|P1343|Q140790215
44708,3117,set_statement,Done,,,Q140786444,Q140786444|P1343|Q140790216
44708,3118,set_statement,Done,,,Q140786446,Q140786446|P1343|Q140790217
44708,3119,set_statement,Done,,,Q140786447,Q140786447|P1343|Q113227741
44708,3120,set_statement,Done,,,Q140786448,Q140786448|P1343|Q140790218
44708,3121,set_statement,Done,,,Q140786449,Q140786449|P1343|Q113307695
44708,3122,set_statement,Done,,,Q140786450,Q140786450|P1343|Q111514878
44708,3123,set_statement,Done,,,Q140786451,Q140786451|P1343|Q113227649
44708,3124,set_statement,Done,,,Q120550433,Q120550433|P1343|Q113227745
44708,3125,set_statement,Done,,,Q140786452,Q140786452|P1343|Q140510873
44708,3126,set_statement,Done,,,Q140786453,Q140786453|P1343|Q113307314
44708,3127,set_statement,Done,,,Q140786454,Q140786454|P1343|Q140790219
44708,3128,set_statement,Done,,,Q140786455,Q140786455|P1343|Q140790220
44708,3129,set_statement,Done,,,Q140786456,Q140786456|P1343|Q113227773
44708,3130,set_statement,Done,,,Q140786457,Q140786457|P1343|Q140790221
44708,3131,set_statement,Done,,,Q140786458,Q140786458|P1343|Q113227730
44708,3132,set_statement,Done,,,Q140786459,Q140786459|P1343|Q140790222
44708,3133,set_statement,Done,,,Q140786460,Q140786460|P1343|Q140790224
44708,3134,set_statement,Done,,,Q140786461,Q140786461|P1343|Q140790225
44708,3135,set_statement,Done,,,Q140786462,Q140786462|P1343|Q140790226
44708,3136,set_statement,Done,,,Q140786463,Q140786463|P1343|Q140790227
44708,3137,set_statement,Done,,,Q140786464,Q140786464|P1343|Q140790228
44708,3138,set_statement,Done,,,Q140786465,Q140786465|P1343|Q140790229
44708,3139,set_statement,Done,,,Q140786466,Q140786466|P1343|Q111900210
44708,3140,set_statement,Done,,,Q140786467,Q140786467|P1343|Q113307957
44708,3141,set_statement,Done,,,Q140786468,Q140786468|P1343|Q140790230
44708,3142,set_statement,Done,,,Q140786469,Q140786469|P1343|Q113307403
44708,3143,set_statement,Done,,,Q140786470,Q140786470|P1343|Q140790231
44708,3144,set_statement,Done,,,Q140786471,Q140786471|P1343|Q140790232
44708,3145,set_statement,Done,,,Q140786472,Q140786472|P1343|Q111899519
44708,3146,set_statement,Done,,,Q140786473,Q140786473|P1343|Q140790233
44708,3147,set_statement,Done,,,Q140786474,Q140786474|P1343|Q61847868
44708,3148,set_statement,Done,,,Q140786475,Q140786475|P1343|Q92426411
44708,3149,set_statement,Done,,,Q107387230,Q107387230|P1343|Q113227825
44708,3150,set_statement,Done,,,Q140786476,Q140786476|P1343|Q60544720
44708,3151,set_statement,Done,,,Q140786477,Q140786477|P1343|Q113227763
44708,3152,set_statement,Done,,,Q140786478,Q140786478|P1343|Q140790234
44708,3153,set_statement,Done,,,Q140786479,Q140786479|P1343|Q113306881
44708,3154,set_statement,Done,,,Q140786480,Q140786480|P1343|Q140790235
44708,3155,set_statement,Done,,,Q140786481,Q140786481|P1343|Q140790236
44708,3156,set_statement,Done,,,Q140786482,Q140786482|P1343|Q140790237
44708,3157,set_statement,Done,,,Q140786483,Q140786483|P1343|Q140790238
44708,3158,set_statement,Done,,,Q140786484,Q140786484|P1343|Q140790239
44708,3159,set_statement,Done,,,Q140786485,Q140786485|P1343|Q140790240
44708,3160,set_statement,Done,,,Q140786486,Q140786486|P1343|Q140790241
44708,3161,set_statement,Done,,,Q140786487,Q140786487|P1343|Q140790242
44708,3162,set_statement,Done,,,Q140786488,Q140786488|P1343|Q113307322
44708,3163,set_statement,Done,,,Q140786489,Q140786489|P1343|Q58212074
44708,3164,set_statement,Done,,,Q140786490,Q140786490|P1343|Q113307934
44708,3165,set_statement,Done,,,Q140786491,Q140786491|P1343|Q113308038
44708,3166,set_statement,Done,,,Q140786492,Q140786492|P1343|Q113307425
44708,3167,set_statement,Done,,,Q140786493,Q140786493|P1343|Q113308246
44708,3168,set_statement,Done,,,Q140786494,Q140786494|P1343|Q113308217
44708,3169,set_statement,Done,,,Q140786495,Q140786495|P1343|Q113307363
44708,3170,set_statement,Done,,,Q140786496,Q140786496|P1343|Q61833852
44708,3171,set_statement,Done,,,Q140786497,Q140786497|P1343|Q113307348
44708,3172,set_statement,Done,,,Q140786498,Q140786498|P1343|Q113307252
44708,3173,set_statement,Done,,,Q140786499,Q140786499|P1343|Q113308143
44708,3174,set_statement,Done,,,Q140786500,Q140786500|P1343|Q113307232
44708,3175,set_statement,Done,,,Q140786501,Q140786501|P1343|Q113308068
44708,3176,set_statement,Done,,,Q140786502,Q140786502|P1343|Q113307247
44708,3177,set_statement,Done,,,Q140786503,Q140786503|P1343|Q111898894
44708,3178,set_statement,Done,,,Q140786504,Q140786504|P1343|Q111897953
44708,3179,set_statement,Done,,,Q140786505,Q140786505|P1343|Q113307241
44708,3180,set_statement,Done,,,Q140786506,Q140786506|P1343|Q140790243
44708,3181,set_statement,Done,,,Q140786507,Q140786507|P1343|Q140790244
44708,3182,set_statement,Done,,,Q140786508,Q140786508|P1343|Q140790245
44708,3183,set_statement,Done,,,Q140786509,Q140786509|P1343|Q140790246
44708,3184,set_statement,Done,,,Q140786510,Q140786510|P1343|Q140790247
44708,3185,set_statement,Done,,,Q140786511,Q140786511|P1343|Q113307845
44708,3186,set_statement,Done,,,Q140786512,Q140786512|P1343|Q140790248
44708,3187,set_statement,Done,,,Q140786513,Q140786513|P1343|Q113307810
44708,3188,set_statement,Done,,,Q140786514,Q140786514|P1343|Q140790249
44708,3189,set_statement,Done,,,Q140786515,Q140786515|P1343|Q117519170
44708,3190,set_statement,Done,,,Q140786516,Q140786516|P1343|Q140790250
44708,3191,set_statement,Done,,,Q140786517,Q140786517|P1343|Q140790251
44708,3192,set_statement,Done,,,Q140786518,Q140786518|P1343|Q140790252
44708,3193,set_statement,Done,,,Q140786519,Q140786519|P1343|Q111900390
44708,3194,set_statement,Done,,,Q140786520,Q140786520|P1343|Q140790253
44708,3195,set_statement,Done,,,Q140786521,Q140786521|P1343|Q113227747
44708,3196,set_statement,Done,,,Q140786522,Q140786522|P1343|Q140790254
44708,3197,set_statement,Done,,,Q140786523,Q140786523|P1343|Q140790255
44708,3198,set_statement,Done,,,Q140786524,Q140786524|P1343|Q113227973
44708,3199,set_statement,Done,,,Q140786525,Q140786525|P1343|Q140790256
44708,3200,set_statement,Done,,,Q140786526,Q140786526|P1343|Q113307716
44708,3201,set_statement,Done,,,Q140786527,Q140786527|P1343|Q140790257
44708,3202,set_statement,Done,,,Q140786528,Q140786528|P1343|Q140790258
44708,3203,set_statement,Done,,,Q140786529,Q140786529|P1343|Q140790259
44708,3204,set_statement,Done,,,Q140786530,Q140786530|P1343|Q140790260
44708,3205,set_statement,Done,,,Q140786531,Q140786531|P1343|Q140790261
44708,3206,set_statement,Done,,,Q140786532,Q140786532|P1343|Q140790262
44708,3207,set_statement,Done,,,Q140786533,Q140786533|P1343|Q140790263
44708,3208,set_statement,Done,,,Q140786534,Q140786534|P1343|Q140790264
44708,3209,set_statement,Done,,,Q140786535,Q140786535|P1343|Q140790265
44708,3210,set_statement,Done,,,Q140786536,Q140786536|P1343|Q140790266
44708,3211,set_statement,Done,,,Q140786537,Q140786537|P1343|Q140790267
44708,3212,set_statement,Done,,,Q140786538,Q140786538|P1343|Q140790268
44708,3213,set_statement,Done,,,Q140786539,Q140786539|P1343|Q140790269
44708,3214,set_statement,Done,,,Q140786540,Q140786540|P1343|Q140790270
44708,3215,set_statement,Done,,,Q140786541,Q140786541|P1343|Q140790271
44708,3216,set_statement,Done,,,Q140786542,Q140786542|P1343|Q140790272
44708,3217,set_statement,Done,,,Q140786543,Q140786543|P1343|Q140790273
44708,3218,set_statement,Done,,,Q140786544,Q140786544|P1343|Q140790274
44708,3219,set_statement,Done,,,Q140786545,Q140786545|P1343|Q140790275
44708,3220,set_statement,Done,,,Q140786546,Q140786546|P1343|Q140790276
44708,3221,set_statement,Done,,,Q1170170,Q1170170|P1343|Q113308329
44708,3222,set_statement,Done,,,Q140786548,Q140786548|P1343|Q113308279
44708,3223,set_statement,Done,,,Q140786549,Q140786549|P1343|Q61538288
44708,3224,set_statement,Done,,,Q140786550,Q140786550|P1343|Q140790277
44708,3225,set_statement,Done,,,Q140786551,Q140786551|P1343|Q140790278
44708,3226,set_statement,Done,,,Q140786552,Q140786552|P1343|Q140790279
44708,3227,set_statement,Done,,,Q140786554,Q140786554|P1343|Q113307344
44708,3228,set_statement,Done,,,Q140786555,Q140786555|P1343|Q140790280
44708,3229,set_statement,Done,,,Q140786556,Q140786556|P1343|Q140738617
44708,3230,set_statement,Done,,,Q140786557,Q140786557|P1343|Q113227762
44708,3231,set_statement,Done,,,Q140786558,Q140786558|P1343|Q128157117
44708,3232,set_statement,Done,,,Q140786559,Q140786559|P1343|Q140790281
44708,3233,set_statement,Done,,,Q140786560,Q140786560|P1343|Q140790282
44708,3234,set_statement,Done,,,Q107383274,Q107383274|P1343|Q140790283
44708,3235,set_statement,Done,,,Q140786561,Q140786561|P1343|Q113307253
44708,3236,set_statement,Done,,,Q140786563,Q140786563|P1343|Q111899513
44708,3237,set_statement,Done,,,Q140786564,Q140786564|P1343|Q140790284
44708,3238,set_statement,Done,,,Q140786566,Q140786566|P1343|Q113307273
44708,3239,set_statement,Done,,,Q140786567,Q140786567|P1343|Q140790285
44708,3240,set_statement,Done,,,Q140786568,Q140786568|P1343|Q113227852
44708,3241,set_statement,Done,,,Q140786569,Q140786569|P1343|Q113307328
44708,3242,set_statement,Done,,,Q140786570,Q140786570|P1343|Q140790286
44708,3243,set_statement,Done,,,Q140786571,Q140786571|P1343|Q113307004
44708,3244,set_statement,Done,,,Q140786572,Q140786572|P1343|Q140790287
44708,3245,set_statement,Done,,,Q140786573,Q140786573|P1343|Q113227599
44708,3246,set_statement,Done,,,Q140786574,Q140786574|P1343|Q113227912
44708,3247,set_statement,Done,,,Q140786575,Q140786575|P1343|Q140790288
44708,3248,set_statement,Done,,,Q140786576,Q140786576|P1343|Q140790289
44708,3249,set_statement,Done,,,Q140786577,Q140786577|P1343|Q112847920
44708,3250,set_statement,Done,,,Q140786578,Q140786578|P1343|Q140790290
44708,3251,set_statement,Done,,,Q140786579,Q140786579|P1343|Q113308118
44708,3252,set_statement,Done,,,Q140786580,Q140786580|P1343|Q56042026
44708,3253,set_statement,Done,,,Q140786581,Q140786581|P1343|Q140790291
44708,3254,set_statement,Done,,,Q140786582,Q140786582|P1343|Q140790292
44708,3255,set_statement,Done,,,Q140786583,Q140786583|P1343|Q140790293
44708,3256,set_statement,Done,,,Q140786584,Q140786584|P1343|Q107289901
44708,3257,set_statement,Done,,,Q140786585,Q140786585|P1343|Q111899632
44708,3258,set_statement,Done,,,Q140786586,Q140786586|P1343|Q113227626
44708,3259,set_statement,Done,,,Q140786587,Q140786587|P1343|Q140790294
44708,3260,set_statement,Done,,,Q140786588,Q140786588|P1343|Q140790295
44708,3261,set_statement,Done,,,Q140786589,Q140786589|P1343|Q140790296
44708,3262,set_statement,Done,,,Q140786590,Q140786590|P1343|Q140790297
44708,3263,set_statement,Done,,,Q140786591,Q140786591|P1343|Q140790298
44708,3264,set_statement,Done,,,Q140786592,Q140786592|P1343|Q113307916
44708,3265,set_statement,Done,,,Q140786593,Q140786593|P1343|Q140790299
44708,3266,set_statement,Done,,,Q140786594,Q140786594|P1343|Q140790300
44708,3267,set_statement,Done,,,Q140786595,Q140786595|P1343|Q140790301
44708,3268,set_statement,Done,,,Q140786596,Q140786596|P1343|Q140790302
44708,3269,set_statement,Done,,,Q140786597,Q140786597|P1343|Q113307881
44708,3270,set_statement,Done,,,Q140786598,Q140786598|P1343|Q111899373
44708,3271,set_statement,Done,,,Q140786599,Q140786599|P1343|Q113227957
44708,3272,set_statement,Done,,,Q140786600,Q140786600|P1343|Q113308215
44708,3273,set_statement,Done,,,Q140786601,Q140786601|P1343|Q113307974
44708,3274,set_statement,Done,,,Q140786604,Q140786604|P1343|Q113307802
44708,3275,set_statement,Done,,,Q140786605,Q140786605|P1343|Q140790303
44708,3276,set_statement,Done,,,Q140786606,Q140786606|P1343|Q140790304
44708,3277,set_statement,Done,,,Q140786607,Q140786607|P1343|Q113308307
44708,3278,set_statement,Done,,,Q140786608,Q140786608|P1343|Q113307364
44708,3279,set_statement,Done,,,Q140786609,Q140786609|P1343|Q113227651
44708,3280,set_statement,Done,,,Q140786610,Q140786610|P1343|Q113307229
44708,3281,set_statement,Done,,,Q140786611,Q140786611|P1343|Q140790305
44708,3282,set_statement,Done,,,Q140786612,Q140786612|P1343|Q63951605
44708,3283,set_statement,Done,,,Q140786613,Q140786613|P1343|Q140790306
44708,3284,set_statement,Done,,,Q140786614,Q140786614|P1343|Q140790307
44708,3285,set_statement,Done,,,Q140786615,Q140786615|P1343|Q140790308
44708,3286,set_statement,Done,,,Q140786616,Q140786616|P1343|Q140790309
44708,3287,set_statement,Done,,,Q140786617,Q140786617|P1343|Q140790310
44708,3288,set_statement,Done,,,Q140786618,Q140786618|P1343|Q140790311
44708,3289,set_statement,Done,,,Q140786619,Q140786619|P1343|Q140790312
44708,3290,set_statement,Done,,,Q140786620,Q140786620|P1343|Q140790313
44708,3291,set_statement,Done,,,Q140786621,Q140786621|P1343|Q140790315
44708,3292,set_statement,Done,,,Q140786622,Q140786622|P1343|Q140790316
44708,3293,set_statement,Done,,,Q140786623,Q140786623|P1343|Q113308046
44708,3294,set_statement,Done,,,Q140786624,Q140786624|P1343|Q140790317
44708,3295,set_statement,Done,,,Q140786625,Q140786625|P1343|Q113227884
44708,3296,set_statement,Done,,,Q140786626,Q140786626|P1343|Q140790318
44708,3297,set_statement,Done,,,Q140786627,Q140786627|P1343|Q140790319
44708,3298,set_statement,Done,,,Q140786628,Q140786628|P1343|Q113227695
44708,3299,set_statement,Done,,,Q140786629,Q140786629|P1343|Q140790320
44708,3300,set_statement,Done,,,Q140786630,Q140786630|P1343|Q113307512
44708,3301,set_statement,Done,,,Q140786631,Q140786631|P1343|Q140790321
44708,3302,set_statement,Done,,,Q140786633,Q140786633|P1343|Q113307440
44708,3303,set_statement,Done,,,Q140786634,Q140786634|P1343|Q110512114
44708,3304,set_statement,Done,,,Q140786635,Q140786635|P1343|Q140790322
44708,3305,set_statement,Done,,,Q140786636,Q140786636|P1343|Q140790323
44708,3306,set_statement,Done,,,Q140786637,Q140786637|P1343|Q140790324
44708,3307,set_statement,Done,,,Q140786638,Q140786638|P1343|Q113227895
44708,3308,set_statement,Done,,,Q140786639,Q140786639|P1343|Q140790325
44708,3309,set_statement,Done,,,Q140786640,Q140786640|P1343|Q140790326
44708,3310,set_statement,Done,,,Q140783933,Q140783933|P1343|Q140790327
44708,3311,set_statement,Done,,,Q140786641,Q140786641|P1343|Q140790328
44708,3312,set_statement,Done,,,Q140786642,Q140786642|P1343|Q113227665
44708,3313,set_statement,Done,,,Q140786643,Q140786643|P1343|Q140790329
44708,3314,set_statement,Done,,,Q140786644,Q140786644|P1343|Q140790330
44708,3315,set_statement,Done,,,Q140786646,Q140786646|P1343|Q113307795
44708,3316,set_statement,Done,,,Q140786647,Q140786647|P1343|Q113227886
44708,3317,set_statement,Done,,,Q140786648,Q140786648|P1343|Q140790331
44708,3318,set_statement,Done,,,Q140786649,Q140786649|P1343|Q140790332
44708,3319,set_statement,Done,,,Q140786650,Q140786650|P1343|Q140790333
44708,3320,set_statement,Done,,,Q140786651,Q140786651|P1343|Q113227854
44708,3321,set_statement,Done,,,Q140786652,Q140786652|P1343|Q140790334
44708,3322,set_statement,Done,,,Q140786653,Q140786653|P1343|Q140790335
44708,3323,set_statement,Done,,,Q140786654,Q140786654|P1343|Q113227961
44708,3324,set_statement,Done,,,Q140786655,Q140786655|P1343|Q140790336
44708,3325,set_statement,Done,,,Q140786656,Q140786656|P1343|Q113307183
44708,3326,set_statement,Done,,,Q140786657,Q140786657|P1343|Q140790337
44708,3327,set_statement,Done,,,Q140786659,Q140786659|P1343|Q140790338
44708,3328,set_statement,Done,,,Q140786660,Q140786660|P1343|Q140790339
44708,3329,set_statement,Done,,,Q140786662,Q140786662|P1343|Q113307041
44708,3330,set_statement,Done,,,Q140786663,Q140786663|P1343|Q140790340
44708,3331,set_statement,Done,,,Q140786664,Q140786664|P1343|Q133502921
44708,3332,set_statement,Done,,,Q140786665,Q140786665|P1343|Q113227860
44708,3333,set_statement,Done,,,Q140786666,Q140786666|P1343|Q113227971
44708,3334,set_statement,Done,,,Q140786667,Q140786667|P1343|Q140790341
44708,3335,set_statement,Done,,,Q140786668,Q140786668|P1343|Q140790342
44708,3336,set_statement,Done,,,Q140786670,Q140786670|P1343|Q140790343
44708,3337,set_statement,Done,,,Q140786671,Q140786671|P1343|Q140790344
44708,3338,set_statement,Done,,,Q140786672,Q140786672|P1343|Q140790345
44708,3339,set_statement,Done,,,Q140786673,Q140786673|P1343|Q140790346
44708,3340,set_statement,Done,,,Q140786674,Q140786674|P1343|Q140790347
44708,3341,set_statement,Done,,,Q140786675,Q140786675|P1343|Q140790348
44708,3342,set_statement,Done,,,Q140786676,Q140786676|P1343|Q113308324
44708,3343,set_statement,Done,,,Q140786677,Q140786677|P1343|Q140790349
44708,3344,set_statement,Done,,,Q140786678,Q140786678|P1343|Q140790350
44708,3345,set_statement,Done,,,Q140786679,Q140786679|P1343|Q113308013
44708,3346,set_statement,Done,,,Q140786680,Q140786680|P1343|Q113227831
44708,3347,set_statement,Done,,,Q140786681,Q140786681|P1343|Q63389200
44708,3348,set_statement,Done,,,Q140786682,Q140786682|P1343|Q113308031
44708,3349,set_statement,Done,,,Q140786683,Q140786683|P1343|Q113307906
44708,3350,set_statement,Done,,,Q140786684,Q140786684|P1343|Q140790351
44708,3351,set_statement,Done,,,Q140786685,Q140786685|P1343|Q140790352
44708,3352,set_statement,Done,,,Q140786686,Q140786686|P1343|Q56855222
44708,3353,set_statement,Done,,,Q140786687,Q140786687|P1343|Q113227964
44708,3354,set_statement,Done,,,Q140786688,Q140786688|P1343|Q140790353
44708,3355,set_statement,Done,,,Q140786689,Q140786689|P1343|Q113308243
44708,3356,set_statement,Done,,,Q140786690,Q140786690|P1343|Q113307214
44708,3357,set_statement,Done,,,Q140786691,Q140786691|P1343|Q140790354
44708,3358,set_statement,Done,,,Q140786692,Q140786692|P1343|Q113307712
44708,3359,set_statement,Done,,,Q140786693,Q140786693|P1343|Q138509556
44708,3360,set_statement,Done,,,Q140786694,Q140786694|P1343|Q113306332
44708,3361,set_statement,Done,,,Q140786695,Q140786695|P1343|Q113308280
44708,3362,set_statement,Done,,,Q140786696,Q140786696|P1343|Q113227719
44708,3363,set_statement,Done,,,Q140786697,Q140786697|P1343|Q113308150
44708,3364,set_statement,Done,,,Q140786698,Q140786698|P1343|Q111925299
44708,3365,set_statement,Done,,,Q140786700,Q140786700|P1343|Q113227645
44708,3366,set_statement,Done,,,Q140786701,Q140786701|P1343|Q113307991
44708,3367,set_statement,Done,,,Q140786702,Q140786702|P1343|Q140790355
44708,3368,set_statement,Done,,,Q140786703,Q140786703|P1343|Q113307667
44708,3369,set_statement,Done,,,Q140786704,Q140786704|P1343|Q140790356
44708,3370,set_statement,Done,,,Q140786705,Q140786705|P1343|Q140790357
44708,3371,set_statement,Done,,,Q140786706,Q140786706|P1343|Q140790358
44708,3372,set_statement,Done,,,Q140786707,Q140786707|P1343|Q140790359
44708,3373,set_statement,Done,,,Q140786708,Q140786708|P1343|Q119698682
44708,3374,set_statement,Done,,,Q140786710,Q140786710|P1343|Q140790360
44708,3375,set_statement,Done,,,Q140786711,Q140786711|P1343|Q140790361
44708,3376,set_statement,Done,,,Q140786712,Q140786712|P1343|Q140790362
44708,3377,set_statement,Done,,,Q140786713,Q140786713|P1343|Q140790363
44708,3378,set_statement,Done,,,Q140786714,Q140786714|P1343|Q140790364
44708,3379,set_statement,Done,,,Q140786715,Q140786715|P1343|Q128301546
44708,3380,set_statement,Done,,,Q140786716,Q140786716|P1343|Q113307621
44708,3381,set_statement,Done,,,Q140786718,Q140786718|P1343|Q140790365
44708,3382,set_statement,Done,,,Q140786719,Q140786719|P1343|Q140790367
44708,3383,set_statement,Done,,,Q140786720,Q140786720|P1343|Q140790369
44708,3384,set_statement,Done,,,Q140786721,Q140786721|P1343|Q113307184
44708,3385,set_statement,Done,,,Q140786722,Q140786722|P1343|Q113227878
44708,3386,set_statement,Done,,,Q140786723,Q140786723|P1343|Q113308257
44708,3387,set_statement,Done,,,Q140786724,Q140786724|P1343|Q113227924
44708,3388,set_statement,Done,,,Q140786725,Q140786725|P1343|Q113307303
44708,3389,set_statement,Done,,,Q140786726,Q140786726|P1343|Q140790371
44708,3390,set_statement,Done,,,Q140786727,Q140786727|P1343|Q140790373
44708,3391,set_statement,Done,,,Q140786728,Q140786728|P1343|Q140790375
44708,3392,set_statement,Done,,,Q140786729,Q140786729|P1343|Q140790376
44708,3393,set_statement,Done,,,Q140786730,Q140786730|P1343|Q140790379
44708,3394,set_statement,Done,,,Q140786731,Q140786731|P1343|Q113227703
44708,3395,set_statement,Done,,,Q140786732,Q140786732|P1343|Q113227869
44708,3396,set_statement,Done,,,Q140786733,Q140786733|P1343|Q113307694
44708,3397,set_statement,Done,,,Q140786734,Q140786734|P1343|Q140790382
44708,3398,set_statement,Done,,,Q140786735,Q140786735|P1343|Q113308091
44708,3399,set_statement,Done,,,Q140784798,Q140784798|P1343|Q111897231
44708,3400,set_statement,Done,,,Q140787507,Q140787507|P1343|Q140790384
44708,3401,set_statement,Done,,,Q140786792,Q140786792|P1343|Q140790387
44708,3402,set_statement,Done,,,Q140786793,Q140786793|P1343|Q140790388
44708,3403,set_statement,Done,,,Q140786794,Q140786794|P1343|Q140790390
44708,3404,set_statement,Done,,,Q140786795,Q140786795|P1343|Q113227722
44708,3405,set_statement,Done,,,Q140786796,Q140786796|P1343|Q140790392
44708,3406,set_statement,Done,,,Q140786797,Q140786797|P1343|Q111897001
44708,3407,set_statement,Done,,,Q140786798,Q140786798|P1343|Q140790394
44708,3408,set_statement,Done,,,Q140786799,Q140786799|P1343|Q140790397
44708,3409,set_statement,Done,,,Q140786800,Q140786800|P1343|Q140790399
44708,3410,set_statement,Done,,,Q140786801,Q140786801|P1343|Q140790401
44708,3411,set_statement,Done,,,Q140786802,Q140786802|P1343|Q113308126
44708,3412,set_statement,Done,,,Q140786803,Q140786803|P1343|Q140790403
44708,3413,set_statement,Done,,,Q140786804,Q140786804|P1343|Q140790405
44708,3414,set_statement,Done,,,Q140786805,Q140786805|P1343|Q140790407
44708,3415,set_statement,Done,,,Q140786806,Q140786806|P1343|Q140790409
44708,3416,set_statement,Done,,,Q140786807,Q140786807|P1343|Q140790411
44708,3417,set_statement,Done,,,Q140786808,Q140786808|P1343|Q140790414
44708,3418,set_statement,Done,,,Q140786809,Q140786809|P1343|Q113307778
44708,3419,set_statement,Done,,,Q140786810,Q140786810|P1343|Q140790417
44708,3420,set_statement,Done,,,Q140786811,Q140786811|P1343|Q113227768
44708,3421,set_statement,Done,,,Q140786812,Q140786812|P1343|Q140790419
44708,3422,set_statement,Done,,,Q140786813,Q140786813|P1343|Q140790422
44708,3423,set_statement,Done,,,Q140786814,Q140786814|P1343|Q113227820
44708,3424,set_statement,Done,,,Q140786815,Q140786815|P1343|Q113227894
44708,3425,set_statement,Done,,,Q140786816,Q140786816|P1343|Q140790427
44708,3426,set_statement,Done,,,Q140786817,Q140786817|P1343|Q140790433
44708,3427,set_statement,Done,,,Q140786818,Q140786818|P1343|Q140790435
44708,3428,set_statement,Done,,,Q140786819,Q140786819|P1343|Q140790438
44708,3429,set_statement,Done,,,Q140786821,Q140786821|P1343|Q113308116
44708,3430,set_statement,Done,,,Q140786822,Q140786822|P1343|Q140790444
44708,3431,set_statement,Done,,,Q140786824,Q140786824|P1343|Q63433189
44708,3432,set_statement,Done,,,Q140786825,Q140786825|P1343|Q140790446
44708,3433,set_statement,Done,,,Q140786826,Q140786826|P1343|Q140790450
44708,3434,set_statement,Done,,,Q140786827,Q140786827|P1343|Q113227765
44708,3435,set_statement,Done,,,Q140786828,Q140786828|P1343|Q140790451
44708,3436,set_statement,Done,,,Q140786829,Q140786829|P1343|Q108784875
44708,3437,set_statement,Done,,,Q140786830,Q140786830|P1343|Q140790452
44708,3438,set_statement,Done,,,Q140786831,Q140786831|P1343|Q140790453
44708,3439,set_statement,Done,,,Q140786832,Q140786832|P1343|Q110512126
44708,3440,set_statement,Done,,,Q140786833,Q140786833|P1343|Q140790454
44708,3441,set_statement,Done,,,Q140786834,Q140786834|P1343|Q140790455
44708,3442,set_statement,Done,,,Q140786835,Q140786835|P1343|Q140790456
44708,3443,set_statement,Done,,,Q140786836,Q140786836|P1343|Q64898047
44708,3444,set_statement,Done,,,Q140786837,Q140786837|P1343|Q140790457
44708,3445,set_statement,Done,,,Q140786838,Q140786838|P1343|Q140790458
44708,3446,set_statement,Done,,,Q140786839,Q140786839|P1343|Q140790459
44708,3447,set_statement,Done,,,Q140786840,Q140786840|P1343|Q111935262
44708,3448,set_statement,Done,,,Q140786841,Q140786841|P1343|Q110499952
44708,3449,set_statement,Done,,,Q140786842,Q140786842|P1343|Q113227836
44708,3450,set_statement,Done,,,Q140786843,Q140786843|P1343|Q140790460
44708,3451,set_statement,Done,,,Q140786844,Q140786844|P1343|Q140790461
44708,3452,set_statement,Done,,,Q140786845,Q140786845|P1343|Q113307882
44708,3453,set_statement,Done,,,Q140786846,Q140786846|P1343|Q62091751
44708,3454,set_statement,Done,,,Q140786847,Q140786847|P1343|Q113307945
44708,3455,set_statement,Done,,,Q140786848,Q140786848|P1343|Q113308223
44708,3456,set_statement,Done,,,Q109561813,Q109561813|P1343|Q138509603
44708,3457,set_statement,Done,,,Q140786849,Q140786849|P1343|Q113307732
44708,3458,set_statement,Done,,,Q140786850,Q140786850|P1343|Q113308230
44708,3459,set_statement,Done,,,Q140786851,Q140786851|P1343|Q113307843
44708,3460,set_statement,Done,,,Q140787508,Q140787508|P1343|Q140790462
44708,3461,set_statement,Done,,,Q140790738,Q140790738|P1343|Q56051992
44708,3462,set_statement,Done,,,Q140786993,Q140786993|P1343|Q140790463
44708,3463,set_statement,Done,,,Q140786994,Q140786994|P1343|Q140790464
44708,3464,set_statement,Done,,,Q140783933,Q140783933|P1343|Q140790466
44708,3465,set_statement,Done,,,Q140786995,Q140786995|P1343|Q140790467
44708,3466,set_statement,Done,,,Q140786996,Q140786996|P1343|Q113307441
44708,3467,set_statement,Done,,,Q140786997,Q140786997|P1343|Q113308194
44708,3468,set_statement,Done,,,Q140786998,Q140786998|P1343|Q113308108
44708,3469,set_statement,Done,,,Q140786999,Q140786999|P1343|Q113227642
44708,3470,set_statement,Done,,,Q140787000,Q140787000|P1343|Q113307172
44708,3471,set_statement,Done,,,Q140787001,Q140787001|P1343|Q113307012
44708,3472,set_statement,Done,,,Q140787003,Q140787003|P1343|Q113227883
44708,3473,set_statement,Done,,,Q140787004,Q140787004|P1343|Q113307852
44708,3474,set_statement,Done,,,Q140787005,Q140787005|P1343|Q140790468
44708,3475,set_statement,Done,,,Q140787006,Q140787006|P1343|Q140790469
44708,3476,set_statement,Done,,,Q140787007,Q140787007|P1343|Q140790470
44708,3477,set_statement,Done,,,Q140787008,Q140787008|P1343|Q140790471
44708,3478,set_statement,Done,,,Q140787009,Q140787009|P1343|Q140790472
44708,3479,set_statement,Done,,,Q140787010,Q140787010|P1343|Q140790473
44708,3480,set_statement,Done,,,Q140787011,Q140787011|P1343|Q140790474
44708,3481,set_statement,Done,,,Q140787012,Q140787012|P1343|Q140790475
44708,3482,set_statement,Done,,,Q140787013,Q140787013|P1343|Q140790476
44708,3483,set_statement,Done,,,Q140787014,Q140787014|P1343|Q140790477
44708,3484,set_statement,Done,,,Q140787015,Q140787015|P1343|Q140790478
44708,3485,set_statement,Done,,,Q140787016,Q140787016|P1343|Q140790479
44708,3486,set_statement,Done,,,Q140787017,Q140787017|P1343|Q140790480
44708,3487,set_statement,Done,,,Q140787018,Q140787018|P1343|Q140790481
44708,3488,set_statement,Done,,,Q140787019,Q140787019|P1343|Q140790482
44708,3489,set_statement,Done,,,Q140787020,Q140787020|P1343|Q140790483
44708,3490,set_statement,Done,,,Q140787021,Q140787021|P1343|Q140790484
44708,3491,set_statement,Done,,,Q140787022,Q140787022|P1343|Q113307327
44708,3492,set_statement,Done,,,Q140787024,Q140787024|P1343|Q61727098
44708,3493,set_statement,Done,,,Q140787025,Q140787025|P1343|Q140790485
44708,3494,set_statement,Done,,,Q140787026,Q140787026|P1343|Q140790486
44708,3495,set_statement,Done,,,Q140787027,Q140787027|P1343|Q140790487
44708,3496,set_statement,Done,,,Q140787028,Q140787028|P1343|Q140790488
44708,3497,set_statement,Done,,,Q140787029,Q140787029|P1343|Q140790489
44708,3498,set_statement,Done,,,Q140787031,Q140787031|P1343|Q113307626
44708,3499,set_statement,Done,,,Q140787032,Q140787032|P1343|Q57990827
44708,3500,set_statement,Done,,,Q140787033,Q140787033|P1343|Q140790490
44708,3501,set_statement,Done,,,Q140787034,Q140787034|P1343|Q113227861
44708,3502,set_statement,Done,,,Q140787036,Q140787036|P1343|Q140790491
44708,3503,set_statement,Done,,,Q140787037,Q140787037|P1343|Q140790492
44708,3504,set_statement,Done,,,Q140787038,Q140787038|P1343|Q113308029
44708,3505,set_statement,Done,,,Q140787039,Q140787039|P1343|Q140790493
44708,3506,set_statement,Done,,,Q140787040,Q140787040|P1343|Q113307345
44708,3507,set_statement,Done,,,Q140787042,Q140787042|P1343|Q140790494
44708,3508,set_statement,Done,,,Q140787043,Q140787043|P1343|Q140790495
44708,3509,set_statement,Done,,,Q140787044,Q140787044|P1343|Q113227978
44708,3510,set_statement,Done,,,Q140787045,Q140787045|P1343|Q113307701
44708,3511,set_statement,Done,,,Q140787046,Q140787046|P1343|Q113227952
44708,3512,set_statement,Done,,,Q140787047,Q140787047|P1343|Q140177864
44708,3513,set_statement,Done,,,Q140787048,Q140787048|P1343|Q140790496
44708,3514,set_statement,Done,,,Q140787049,Q140787049|P1343|Q140790497
44708,3515,set_statement,Done,,,Q140787050,Q140787050|P1343|Q140790498
44708,3516,set_statement,Done,,,Q140787051,Q140787051|P1343|Q140790499
44708,3517,set_statement,Done,,,Q140787052,Q140787052|P1343|Q140790500
44708,3518,set_statement,Done,,,Q140787053,Q140787053|P1343|Q113227911
44708,3519,set_statement,Done,,,Q140787054,Q140787054|P1343|Q140790501
44708,3520,set_statement,Done,,,Q140787055,Q140787055|P1343|Q140790502
44708,3521,set_statement,Done,,,Q140787056,Q140787056|P1343|Q140790503
44708,3522,set_statement,Done,,,Q140787057,Q140787057|P1343|Q140790504
44708,3523,set_statement,Done,,,Q140787058,Q140787058|P1343|Q140790505
44708,3524,set_statement,Done,,,Q140783810,Q140783810|P1343|Q113307535
44708,3525,set_statement,Done,,,Q140787059,Q140787059|P1343|Q140790506
44708,3526,set_statement,Done,,,Q140787060,Q140787060|P1343|Q140790507
44708,3527,set_statement,Done,,,Q140787061,Q140787061|P1343|Q113307859
44708,3528,set_statement,Done,,,Q140787062,Q140787062|P1343|Q140790508
44708,3529,set_statement,Done,,,Q140787063,Q140787063|P1343|Q140790509
44708,3530,set_statement,Done,,,Q140787064,Q140787064|P1343|Q119694309
44708,3531,set_statement,Done,,,Q140787065,Q140787065|P1343|Q140790510
44708,3532,set_statement,Done,,,Q140787066,Q140787066|P1343|Q120789757
44708,3533,set_statement,Done,,,Q140787068,Q140787068|P1343|Q138509719
44708,3534,set_statement,Done,,,Q140787069,Q140787069|P1343|Q140790511
44708,3535,set_statement,Done,,,Q140787070,Q140787070|P1343|Q120789754
44708,3536,set_statement,Done,,,Q140787078,Q140787078|P1343|Q140790512
44708,3537,set_statement,Done,,,Q140787082,Q140787082|P1343|Q113308042
44708,3538,set_statement,Done,,,Q140787086,Q140787086|P1343|Q140790513
44708,3539,set_statement,Done,,,Q140785817,Q140785817|P1343|Q140790514
44708,3540,set_statement,Done,,,Q140787090,Q140787090|P1343|Q113307360
