batch_id,index,operation,status,error,message,entity_id,raw_input
44697,0,set_statement,Done,,,Q113307870,"Q113307870|P921|Q140783037|S248|Q50817797|S854|""https://joss.theoj.org/papers/10.21105/joss.01338.json""|S813|+2026-06-18T00:00:00Z/11"
44697,1,set_statement,Done,,,Q113307920,"Q113307920|P921|Q140783038|S248|Q50817797|S854|""https://joss.theoj.org/papers/10.21105/joss.01229.json""|S813|+2026-06-18T00:00:00Z/11"
44697,2,set_statement,Done,,,Q113307841,"Q113307841|P921|Q140783039|S248|Q50817797|S854|""https://joss.theoj.org/papers/10.21105/joss.01444.json""|S813|+2026-06-18T00:00:00Z/11"
44697,3,set_statement,Done,,,Q58053020,"Q58053020|P921|Q140783041|S248|Q50817797|S854|""https://joss.theoj.org/papers/10.21105/joss.00194.json""|S813|+2026-06-18T00:00:00Z/11"
44697,4,set_statement,Done,,,Q113308146,"Q113308146|P921|Q140783042|S248|Q50817797|S854|""https://joss.theoj.org/papers/10.21105/joss.00650.json""|S813|+2026-06-18T00:00:00Z/11"
44697,5,set_statement,Done,,,Q113308323,"Q113308323|P921|Q140783043|S248|Q50817797|S854|""https://joss.theoj.org/papers/10.21105/joss.00060.json""|S813|+2026-06-18T00:00:00Z/11"
44697,6,set_statement,Done,,,Q113308075,"Q113308075|P921|Q140783044|S248|Q50817797|S854|""https://joss.theoj.org/papers/10.21105/joss.00869.json""|S813|+2026-06-18T00:00:00Z/11"
44697,7,set_statement,Done,,,Q110512128,"Q110512128|P921|Q140783045|S248|Q50817797|S854|""https://joss.theoj.org/papers/10.21105/joss.03619.json""|S813|+2026-06-18T00:00:00Z/11"
44697,8,set_statement,Done,,,Q113227638,"Q113227638|P921|Q140783049|S248|Q50817797|S854|""https://joss.theoj.org/papers/10.21105/joss.03596.json""|S813|+2026-06-18T00:00:00Z/11"
44697,9,set_statement,Done,,,Q113227749,"Q113227749|P921|Q140783050|S248|Q50817797|S854|""https://joss.theoj.org/papers/10.21105/joss.02449.json""|S813|+2026-06-18T00:00:00Z/11"
44697,10,set_statement,Done,,,Q113307851,"Q113307851|P921|Q140783052|S248|Q50817797|S854|""https://joss.theoj.org/papers/10.21105/joss.01411.json""|S813|+2026-06-18T00:00:00Z/11"
44697,11,set_statement,Done,,,Q107904130,"Q107904130|P921|Q140783053|S248|Q50817797|S854|""https://joss.theoj.org/papers/10.21105/joss.02284.json""|S813|+2026-06-18T00:00:00Z/11"
44697,12,set_statement,Done,,,Q113308267,"Q113308267|P921|Q140783058|S248|Q50817797|S854|""https://joss.theoj.org/papers/10.21105/joss.00242.json""|S813|+2026-06-18T00:00:00Z/11"
44697,13,set_statement,Done,,,Q113308233,"Q113308233|P921|Q140783060|S248|Q50817797|S854|""https://joss.theoj.org/papers/10.21105/joss.00400.json""|S813|+2026-06-18T00:00:00Z/11"
44697,14,set_statement,Done,,,Q113308123,"Q113308123|P921|Q140783066|S248|Q50817797|S854|""https://joss.theoj.org/papers/10.21105/joss.00718.json""|S813|+2026-06-18T00:00:00Z/11"
44697,15,set_statement,Done,,,Q113227990,"Q113227990|P921|Q140783068|S248|Q50817797|S854|""https://joss.theoj.org/papers/10.21105/joss.00259.json""|S813|+2026-06-18T00:00:00Z/11"
44697,16,set_statement,Done,,,Q113307251,"Q113307251|P921|Q140783069|S248|Q50817797|S854|""https://joss.theoj.org/papers/10.21105/joss.03257.json""|S813|+2026-06-18T00:00:00Z/11"
44697,17,set_statement,Done,,,Q113307326,"Q113307326|P921|Q140783071|S248|Q50817797|S854|""https://joss.theoj.org/papers/10.21105/joss.02976.json""|S813|+2026-06-18T00:00:00Z/11"
44697,18,set_statement,Done,,,Q113227838,"Q113227838|P921|Q140783074|S248|Q50817797|S854|""https://joss.theoj.org/papers/10.21105/joss.01799.json""|S813|+2026-06-18T00:00:00Z/11"
44697,19,set_statement,Done,,,Q113307875,"Q113307875|P921|Q140783079|S248|Q50817797|S854|""https://joss.theoj.org/papers/10.21105/joss.01326.json""|S813|+2026-06-18T00:00:00Z/11"
44697,20,set_statement,Done,,,Q119695132,"Q119695132|P921|Q120703068|S248|Q50817797|S854|""https://joss.theoj.org/papers/10.21105/joss.05040.json""|S813|+2026-06-18T00:00:00Z/11"
44697,21,set_statement,Done,,,Q114955088,"Q114955088|P921|Q140783084|S248|Q50817797|S854|""https://joss.theoj.org/papers/10.21105/joss.04554.json""|S813|+2026-06-18T00:00:00Z/11"
44697,22,set_statement,Done,,,Q133848944,"Q133848944|P921|Q140783091|S248|Q50817797|S854|""https://joss.theoj.org/papers/10.21105/joss.07843.json""|S813|+2026-06-18T00:00:00Z/11"
44697,23,set_statement,Done,,,Q113307402,"Q113307402|P921|Q140783092|S248|Q50817797|S854|""https://joss.theoj.org/papers/10.21105/joss.02669.json""|S813|+2026-06-18T00:00:00Z/11"
44697,24,set_statement,Done,,,Q113307666,"Q113307666|P921|Q140783094|S248|Q50817797|S854|""https://joss.theoj.org/papers/10.21105/joss.01970.json""|S813|+2026-06-18T00:00:00Z/11"
44697,25,set_statement,Done,,,Q113227683,"Q113227683|P921|Q140783095|S248|Q50817797|S854|""https://joss.theoj.org/papers/10.21105/joss.03082.json""|S813|+2026-06-18T00:00:00Z/11"
44697,26,set_statement,Done,,,Q113307902,"Q113307902|P921|Q140783096|S248|Q50817797|S854|""https://joss.theoj.org/papers/10.21105/joss.01252.json""|S813|+2026-06-18T00:00:00Z/11"
44697,27,set_statement,Done,,,Q113227659,"Q113227659|P921|Q140783101|S248|Q50817797|S854|""https://joss.theoj.org/papers/10.21105/joss.03313.json""|S813|+2026-06-18T00:00:00Z/11"
44697,28,set_statement,Done,,,Q113307514,"Q113307514|P921|Q140783102|S248|Q50817797|S854|""https://joss.theoj.org/papers/10.21105/joss.02403.json""|S813|+2026-06-18T00:00:00Z/11"
44697,29,set_statement,Done,,,Q113308153,"Q113308153|P921|Q140783103|S248|Q50817797|S854|""https://joss.theoj.org/papers/10.21105/joss.00634.json""|S813|+2026-06-18T00:00:00Z/11"
44697,30,set_statement,Done,,,Q113227962,"Q113227962|P921|Q140783107|S248|Q50817797|S854|""https://joss.theoj.org/papers/10.21105/joss.00767.json""|S813|+2026-06-18T00:00:00Z/11"
44697,31,set_statement,Done,,,Q113227727,"Q113227727|P921|Q140783110|S248|Q50817797|S854|""https://joss.theoj.org/papers/10.21105/joss.02608.json""|S813|+2026-06-18T00:00:00Z/11"
44697,32,set_statement,Done,,,Q113307173,"Q113307173|P921|Q140783111|S248|Q50817797|S854|""https://joss.theoj.org/papers/10.21105/joss.03539.json""|S813|+2026-06-18T00:00:00Z/11"
44697,33,set_statement,Done,,,Q113228001,"Q113228001|P921|Q140783113|S248|Q50817797|S854|""https://joss.theoj.org/papers/10.21105/joss.00085.json""|S813|+2026-06-18T00:00:00Z/11"
44697,34,set_statement,Done,,,Q136464816,"Q136464816|P921|Q140783114|S248|Q50817797|S854|""https://joss.theoj.org/papers/10.21105/joss.08249.json""|S813|+2026-06-18T00:00:00Z/11"
44697,35,set_statement,Done,,,Q113227716,"Q113227716|P921|Q140783115|S248|Q50817797|S854|""https://joss.theoj.org/papers/10.21105/joss.02727.json""|S813|+2026-06-18T00:00:00Z/11"
44697,36,set_statement,Done,,,Q135222274,"Q135222274|P921|Q140783116|S248|Q50817797|S854|""https://joss.theoj.org/papers/10.21105/joss.05467.json""|S813|+2026-06-18T00:00:00Z/11"
44697,37,set_statement,Done,,,Q114366267,"Q114366267|P921|Q140783117|S248|Q50817797|S854|""https://joss.theoj.org/papers/10.21105/joss.04033.json""|S813|+2026-06-18T00:00:00Z/11"
44697,38,set_statement,Done,,,Q113307683,"Q113307683|P921|Q140783119|S248|Q50817797|S854|""https://joss.theoj.org/papers/10.21105/joss.01906.json""|S813|+2026-06-18T00:00:00Z/11"
44697,39,set_statement,Done,,,Q113307699,"Q113307699|P921|Q140783120|S248|Q50817797|S854|""https://joss.theoj.org/papers/10.21105/joss.01857.json""|S813|+2026-06-18T00:00:00Z/11"
44697,40,set_statement,Done,,,Q113308328,"Q113308328|P921|Q140783122|S248|Q50817797|S854|""https://joss.theoj.org/papers/10.21105/joss.00045.json""|S813|+2026-06-18T00:00:00Z/11"
44697,41,set_statement,Done,,,Q134895438,"Q134895438|P921|Q140783129|S248|Q50817797|S854|""https://joss.theoj.org/papers/10.21105/joss.07151.json""|S813|+2026-06-18T00:00:00Z/11"
44697,42,set_statement,Done,,,Q110511553,"Q110511553|P921|Q140783132|S248|Q50817797|S854|""https://joss.theoj.org/papers/10.21105/joss.03771.json""|S813|+2026-06-18T00:00:00Z/11"
44697,43,set_statement,Done,,,Q111935890,"Q111935890|P921|Q140783134|S248|Q50817797|S854|""https://joss.theoj.org/papers/10.21105/joss.02804.json""|S813|+2026-06-18T00:00:00Z/11"
44697,44,set_statement,Done,,,Q113307262,"Q113307262|P921|Q140783135|S248|Q50817797|S854|""https://joss.theoj.org/papers/10.21105/joss.03210.json""|S813|+2026-06-18T00:00:00Z/11"
44697,45,set_statement,Done,,,Q113307757,"Q113307757|P921|Q140783139|S248|Q50817797|S854|""https://joss.theoj.org/papers/10.21105/joss.01698.json""|S813|+2026-06-18T00:00:00Z/11"
44697,46,set_statement,Done,,,Q113308310,"Q113308310|P921|Q140783142|S248|Q50817797|S854|""https://joss.theoj.org/papers/10.21105/joss.00106.json""|S813|+2026-06-18T00:00:00Z/11"
44697,47,set_statement,Done,,,Q113307975,"Q113307975|P921|Q5016227|S248|Q50817797|S854|""https://joss.theoj.org/papers/10.21105/joss.01118.json""|S813|+2026-06-18T00:00:00Z/11"
44697,48,set_statement,Done,,,Q138509819,"Q138509819|P921|Q140783144|S248|Q50817797|S854|""https://joss.theoj.org/papers/10.21105/joss.04708.json""|S813|+2026-06-18T00:00:00Z/11"
44697,49,set_statement,Done,,,Q113227637,"Q113227637|P921|Q140783146|S248|Q50817797|S854|""https://joss.theoj.org/papers/10.21105/joss.03598.json""|S813|+2026-06-18T00:00:00Z/11"
44697,50,set_statement,Done,,,Q85113448,"Q85113448|P921|Q120962345|S248|Q50817797|S854|""https://joss.theoj.org/papers/10.21105/joss.01896.json""|S813|+2026-06-18T00:00:00Z/11"
44697,51,set_statement,Done,,,Q113307421,"Q113307421|P921|Q140783152|S248|Q50817797|S854|""https://joss.theoj.org/papers/10.21105/joss.02614.json""|S813|+2026-06-18T00:00:00Z/11"
44697,52,set_statement,Done,,,Q113307969,"Q113307969|P921|Q140783153|S248|Q50817797|S854|""https://joss.theoj.org/papers/10.21105/joss.01132.json""|S813|+2026-06-18T00:00:00Z/11"
44697,53,set_statement,Done,,,Q113306821,"Q113306821|P921|Q140783155|S248|Q50817797|S854|""https://joss.theoj.org/papers/10.21105/joss.03941.json""|S813|+2026-06-18T00:00:00Z/11"
44697,54,set_statement,Done,,,Q113307037,"Q113307037|P921|Q140783156|S248|Q50817797|S854|""https://joss.theoj.org/papers/10.21105/joss.03722.json""|S813|+2026-06-18T00:00:00Z/11"
44697,55,set_statement,Done,,,Q111898754,"Q111898754|P921|Q140783157|S248|Q50817797|S854|""https://joss.theoj.org/papers/10.21105/joss.03092.json""|S813|+2026-06-18T00:00:00Z/11"
44697,56,set_statement,Done,,,Q107272666,"Q107272666|P921|Q107384605|S248|Q50817797|S854|""https://joss.theoj.org/papers/10.21105/joss.00861.json""|S813|+2026-06-18T00:00:00Z/11"
44697,57,set_statement,Done,,,Q113307909,"Q113307909|P921|Q140783161|S248|Q50817797|S854|""https://joss.theoj.org/papers/10.21105/joss.01244.json""|S813|+2026-06-18T00:00:00Z/11"
44697,58,set_statement,Done,,,Q113307276,"Q113307276|P921|Q140783162|S248|Q50817797|S854|""https://joss.theoj.org/papers/10.21105/joss.03139.json""|S813|+2026-06-18T00:00:00Z/11"
44697,59,set_statement,Done,,,Q113306603,"Q113306603|P921|Q140783167|S248|Q50817797|S854|""https://joss.theoj.org/papers/10.21105/joss.04074.json""|S813|+2026-06-18T00:00:00Z/11"
44697,60,set_statement,Done,,,Q113307332,"Q113307332|P921|Q140783175|S248|Q50817797|S854|""https://joss.theoj.org/papers/10.21105/joss.02949.json""|S813|+2026-06-18T00:00:00Z/11"
44697,61,set_statement,Done,,,Q113227922,"Q113227922|P921|Q140783176|S248|Q50817797|S854|""https://joss.theoj.org/papers/10.21105/joss.01141.json""|S813|+2026-06-18T00:00:00Z/11"
44697,62,set_statement,Done,,,Q113227767,"Q113227767|P921|Q140783179|S248|Q50817797|S854|""https://joss.theoj.org/papers/10.21105/joss.02348.json""|S813|+2026-06-18T00:00:00Z/11"
44697,63,set_statement,Done,,,Q113306977,"Q113306977|P921|Q140783180|S248|Q50817797|S854|""https://joss.theoj.org/papers/10.21105/joss.03824.json""|S813|+2026-06-18T00:00:00Z/11"
44697,64,set_statement,Done,,,Q110511604,"Q110511604|P921|Q140783181|S248|Q50817797|S854|""https://joss.theoj.org/papers/10.21105/joss.00921.json""|S813|+2026-06-18T00:00:00Z/11"
44697,65,set_statement,Done,,,Q113307897,"Q113307897|P921|Q140783182|S248|Q50817797|S854|""https://joss.theoj.org/papers/10.21105/joss.01266.json""|S813|+2026-06-18T00:00:00Z/11"
44697,66,set_statement,Done,,,Q62518183,"Q62518183|P921|Q140783183|S248|Q50817797|S854|""https://joss.theoj.org/papers/10.21105/joss.01021.json""|S813|+2026-06-18T00:00:00Z/11"
44697,67,set_statement,Done,,,Q113307612,"Q113307612|P921|Q140783184|S248|Q50817797|S854|""https://joss.theoj.org/papers/10.21105/joss.02116.json""|S813|+2026-06-18T00:00:00Z/11"
44697,68,set_statement,Done,,,Q111899487,"Q111899487|P921|Q140783185|S248|Q50817797|S854|""https://joss.theoj.org/papers/10.21105/joss.02694.json""|S813|+2026-06-18T00:00:00Z/11"
44697,69,set_statement,Done,,,Q113227857,"Q113227857|P921|Q140783186|S248|Q50817797|S854|""https://joss.theoj.org/papers/10.21105/joss.01675.json""|S813|+2026-06-18T00:00:00Z/11"
44697,70,set_statement,Done,,,Q113307599,"Q113307599|P921|Q140783187|S248|Q50817797|S854|""https://joss.theoj.org/papers/10.21105/joss.02164.json""|S813|+2026-06-18T00:00:00Z/11"
44697,71,set_statement,Done,,,Q113307375,"Q113307375|P921|Q140783188|S248|Q50817797|S854|""https://joss.theoj.org/papers/10.21105/joss.02761.json""|S813|+2026-06-18T00:00:00Z/11"
44697,72,set_statement,Done,,,Q113308299,"Q113308299|P921|Q140783190|S248|Q50817797|S854|""https://joss.theoj.org/papers/10.21105/joss.00153.json""|S813|+2026-06-18T00:00:00Z/11"
44697,73,set_statement,Done,,,Q113227758,"Q113227758|P921|Q140783191|S248|Q50817797|S854|""https://joss.theoj.org/papers/10.21105/joss.02395.json""|S813|+2026-06-18T00:00:00Z/11"
44697,74,set_statement,Done,,,Q113308308,"Q113308308|P921|Q140783194|S248|Q50817797|S854|""https://joss.theoj.org/papers/10.21105/joss.00116.json""|S813|+2026-06-18T00:00:00Z/11"
44697,75,set_statement,Done,,,Q113227672,"Q113227672|P921|Q140783195|S248|Q50817797|S854|""https://joss.theoj.org/papers/10.21105/joss.03168.json""|S813|+2026-06-18T00:00:00Z/11"
44697,76,set_statement,Done,,,Q137059429,"Q137059429|P921|Q140783198|S248|Q50817797|S854|""https://joss.theoj.org/papers/10.21105/joss.06024.json""|S813|+2026-06-18T00:00:00Z/11"
44697,77,set_statement,Done,,,Q113307751,"Q113307751|P921|Q140783199|S248|Q50817797|S854|""https://joss.theoj.org/papers/10.21105/joss.01701.json""|S813|+2026-06-18T00:00:00Z/11"
44697,78,set_statement,Done,,,Q113307176,"Q113307176|P921|Q140783201|S248|Q50817797|S854|""https://joss.theoj.org/papers/10.21105/joss.03526.json""|S813|+2026-06-18T00:00:00Z/11"
44697,79,set_statement,Done,,,Q111149463,"Q111149463|P921|Q140783202|S248|Q50817797|S854|""https://joss.theoj.org/papers/10.21105/joss.01147.json""|S813|+2026-06-18T00:00:00Z/11"
44697,80,set_statement,Done,,,Q113227739,"Q113227739|P921|Q140783203|S248|Q50817797|S854|""https://joss.theoj.org/papers/10.21105/joss.02554.json""|S813|+2026-06-18T00:00:00Z/11"
44697,81,set_statement,Done,,,Q113227929,"Q113227929|P921|Q140783204|S248|Q50817797|S854|""https://joss.theoj.org/papers/10.21105/joss.01095.json""|S813|+2026-06-18T00:00:00Z/11"
44697,82,set_statement,Done,,,Q113227729,"Q113227729|P921|Q140783205|S248|Q50817797|S854|""https://joss.theoj.org/papers/10.21105/joss.02597.json""|S813|+2026-06-18T00:00:00Z/11"
44697,83,set_statement,Done,,,Q129227031,"Q129227031|P921|Q140783212|S248|Q50817797|S854|""https://joss.theoj.org/papers/10.21105/joss.05731.json""|S813|+2026-06-18T00:00:00Z/11"
44697,84,set_statement,Done,,,Q97667634,"Q97667634|P921|Q140783214|S248|Q50817797|S854|""https://joss.theoj.org/papers/10.21105/joss.01410.json""|S813|+2026-06-18T00:00:00Z/11"
44697,85,set_statement,Done,,,Q113307384,"Q113307384|P921|Q140783215|S248|Q50817797|S854|""https://joss.theoj.org/papers/10.21105/joss.02699.json""|S813|+2026-06-18T00:00:00Z/11"
44697,86,set_statement,Done,,,Q113227684,"Q113227684|P921|Q140783216|S248|Q50817797|S854|""https://joss.theoj.org/papers/10.21105/joss.03079.json""|S813|+2026-06-18T00:00:00Z/11"
44697,87,set_statement,Done,,,Q113307311,"Q113307311|P921|Q140783218|S248|Q50817797|S854|""https://joss.theoj.org/papers/10.21105/joss.03038.json""|S813|+2026-06-18T00:00:00Z/11"
44697,88,set_statement,Done,,,Q113308258,"Q113308258|P921|Q138142443|S248|Q50817797|S854|""https://joss.theoj.org/papers/10.21105/joss.00281.json""|S813|+2026-06-18T00:00:00Z/11"
44697,89,set_statement,Done,,,Q113308231,"Q113308231|P921|Q140783219|S248|Q50817797|S854|""https://joss.theoj.org/papers/10.21105/joss.00402.json""|S813|+2026-06-18T00:00:00Z/11"
44697,90,set_statement,Done,,,Q113308326,"Q113308326|P921|Q140783221|S248|Q50817797|S854|""https://joss.theoj.org/papers/10.21105/joss.00053.json""|S813|+2026-06-18T00:00:00Z/11"
44697,91,set_statement,Done,,,Q113227619,"Q113227619|P921|Q140783222|S248|Q50817797|S854|""https://joss.theoj.org/papers/10.21105/joss.03738.json""|S813|+2026-06-18T00:00:00Z/11"
44697,92,set_statement,Done,,,Q113308105,"Q113308105|P921|Q140783223|S248|Q50817797|S854|""https://joss.theoj.org/papers/10.21105/joss.00782.json""|S813|+2026-06-18T00:00:00Z/11"
44697,93,set_statement,Done,,,Q113307680,"Q113307680|P921|Q140783224|S248|Q50817797|S854|""https://joss.theoj.org/papers/10.21105/joss.01912.json""|S813|+2026-06-18T00:00:00Z/11"
44697,94,set_statement,Done,,,Q136833184,"Q136833184|P921|Q140783225|S248|Q50817797|S854|""https://joss.theoj.org/papers/10.21105/joss.06745.json""|S813|+2026-06-18T00:00:00Z/11"
44697,95,set_statement,Done,,,Q113227654,"Q113227654|P921|Q140783226|S248|Q50817797|S854|""https://joss.theoj.org/papers/10.21105/joss.03325.json""|S813|+2026-06-18T00:00:00Z/11"
44697,96,set_statement,Done,,,Q113307668,"Q113307668|P921|Q140783227|S248|Q50817797|S854|""https://joss.theoj.org/papers/10.21105/joss.01957.json""|S813|+2026-06-18T00:00:00Z/11"
44697,97,set_statement,Done,,,Q113227752,"Q113227752|P921|Q140783228|S248|Q50817797|S854|""https://joss.theoj.org/papers/10.21105/joss.02430.json""|S813|+2026-06-18T00:00:00Z/11"
44697,98,set_statement,Done,,,Q113227826,"Q113227826|P921|Q140783231|S248|Q50817797|S854|""https://joss.theoj.org/papers/10.21105/joss.01833.json""|S813|+2026-06-18T00:00:00Z/11"
44697,99,set_statement,Done,,,Q62581728,"Q62581728|P921|Q140783232|S248|Q50817797|S854|""https://joss.theoj.org/papers/10.21105/joss.00465.json""|S813|+2026-06-18T00:00:00Z/11"
44697,100,set_statement,Done,,,Q113227966,"Q113227966|P921|Q140783235|S248|Q50817797|S854|""https://joss.theoj.org/papers/10.21105/joss.00738.json""|S813|+2026-06-18T00:00:00Z/11"
44697,101,set_statement,Done,,,Q111896809,"Q111896809|P921|Q140783240|S248|Q50817797|S854|""https://joss.theoj.org/papers/10.21105/joss.03634.json""|S813|+2026-06-18T00:00:00Z/11"
44697,102,set_statement,Done,,,Q113227893,"Q113227893|P921|Q140783241|S248|Q50817797|S854|""https://joss.theoj.org/papers/10.21105/joss.01387.json""|S813|+2026-06-18T00:00:00Z/11"
44697,103,set_statement,Done,,,Q112108930,"Q112108930|P921|Q140783249|S248|Q50817797|S854|""https://joss.theoj.org/papers/10.21105/joss.00046.json""|S813|+2026-06-18T00:00:00Z/11"
44697,104,set_statement,Done,,,Q113307755,"Q113307755|P921|Q140783250|S248|Q50817797|S854|""https://joss.theoj.org/papers/10.21105/joss.01699.json""|S813|+2026-06-18T00:00:00Z/11"
44697,105,set_statement,Done,,,Q113307678,"Q113307678|P921|Q140783255|S248|Q50817797|S854|""https://joss.theoj.org/papers/10.21105/joss.01926.json""|S813|+2026-06-18T00:00:00Z/11"
44697,106,set_statement,Done,,,Q125445733,"Q125445733|P921|Q140783256|S248|Q50817797|S854|""https://joss.theoj.org/papers/10.21105/joss.05340.json""|S813|+2026-06-18T00:00:00Z/11"
44697,107,set_statement,Done,,,Q121009860,"Q121009860|P921|Q140783257|S248|Q50817797|S854|""https://joss.theoj.org/papers/10.21105/joss.05428.json""|S813|+2026-06-18T00:00:00Z/11"
44697,108,set_statement,Done,,,Q107394509,"Q107394509|P921|Q115117478|S248|Q50817797|S854|""https://joss.theoj.org/papers/10.21105/joss.03262.json""|S813|+2026-06-18T00:00:00Z/11"
44697,109,set_statement,Done,,,Q92384670,"Q92384670|P921|Q140783260|S248|Q50817797|S854|""https://joss.theoj.org/papers/10.21105/joss.01915.json""|S813|+2026-06-18T00:00:00Z/11"
44697,110,set_statement,Done,,,Q113227690,"Q113227690|P921|Q140783261|S248|Q50817797|S854|""https://joss.theoj.org/papers/10.21105/joss.02977.json""|S813|+2026-06-18T00:00:00Z/11"
44697,111,set_statement,Done,,,Q113308302,"Q113308302|P921|Q140783262|S248|Q50817797|S854|""https://joss.theoj.org/papers/10.21105/joss.00139.json""|S813|+2026-06-18T00:00:00Z/11"
44697,112,set_statement,Done,,,Q113227918,"Q113227918|P921|Q140783263|S248|Q50817797|S854|""https://joss.theoj.org/papers/10.21105/joss.01169.json""|S813|+2026-06-18T00:00:00Z/11"
44697,113,set_statement,Done,,,Q113308207,"Q113308207|P921|Q140783264|S248|Q50817797|S854|""https://joss.theoj.org/papers/10.21105/joss.00487.json""|S813|+2026-06-18T00:00:00Z/11"
44697,114,set_statement,Done,,,Q113227950,"Q113227950|P921|Q109561813|S248|Q50817797|S854|""https://joss.theoj.org/papers/10.21105/joss.00884.json""|S813|+2026-06-18T00:00:00Z/11"
44697,115,set_statement,Done,,,Q113308177,"Q113308177|P921|Q140783267|S248|Q50817797|S854|""https://joss.theoj.org/papers/10.21105/joss.00580.json""|S813|+2026-06-18T00:00:00Z/11"
44697,116,set_statement,Done,,,Q113307645,"Q113307645|P921|Q140783268|S248|Q50817797|S854|""https://joss.theoj.org/papers/10.21105/joss.02029.json""|S813|+2026-06-18T00:00:00Z/11"
44697,117,set_statement,Done,,,Q67230319,"Q67230319|P921|Q140783269|S248|Q50817797|S854|""https://joss.theoj.org/papers/10.21105/joss.01361.json""|S813|+2026-06-18T00:00:00Z/11"
44697,118,set_statement,Done,,,Q113227717,"Q113227717|P921|Q140783271|S248|Q50817797|S854|""https://joss.theoj.org/papers/10.21105/joss.02717.json""|S813|+2026-06-18T00:00:00Z/11"
44697,119,set_statement,Done,,,Q113308314,"Q113308314|P921|Q140783272|S248|Q50817797|S854|""https://joss.theoj.org/papers/10.21105/joss.00093.json""|S813|+2026-06-18T00:00:00Z/11"
44697,120,set_statement,Done,,,Q113307449,"Q113307449|P921|Q140783273|S248|Q50817797|S854|""https://joss.theoj.org/papers/10.21105/joss.02515.json""|S813|+2026-06-18T00:00:00Z/11"
44697,121,set_statement,Done,,,Q113227714,"Q113227714|P921|Q140783274|S248|Q50817797|S854|""https://joss.theoj.org/papers/10.21105/joss.02743.json""|S813|+2026-06-18T00:00:00Z/11"
44697,122,set_statement,Done,,,Q113308287,"Q113308287|P921|Q140783275|S248|Q50817797|S854|""https://joss.theoj.org/papers/10.21105/joss.00185.json""|S813|+2026-06-18T00:00:00Z/11"
44697,123,set_statement,Done,,,Q113307279,"Q113307279|P921|Q140783276|S248|Q50817797|S854|""https://joss.theoj.org/papers/10.21105/joss.03133.json""|S813|+2026-06-18T00:00:00Z/11"
44697,124,set_statement,Done,,,Q113307282,"Q113307282|P921|Q140783277|S248|Q50817797|S854|""https://joss.theoj.org/papers/10.21105/joss.03114.json""|S813|+2026-06-18T00:00:00Z/11"
44697,125,set_statement,Done,,,Q113307931,"Q113307931|P921|Q140783278|S248|Q50817797|S854|""https://joss.theoj.org/papers/10.21105/joss.01201.json""|S813|+2026-06-18T00:00:00Z/11"
44697,126,set_statement,Done,,,Q113307800,"Q113307800|P921|Q140783279|S248|Q50817797|S854|""https://joss.theoj.org/papers/10.21105/joss.01533.json""|S813|+2026-06-18T00:00:00Z/11"
44697,127,set_statement,Done,,,Q113308084,"Q113308084|P921|Q140783280|S248|Q50817797|S854|""https://joss.theoj.org/papers/10.21105/joss.00846.json""|S813|+2026-06-18T00:00:00Z/11"
44697,128,set_statement,Done,,,Q113308061,"Q113308061|P921|Q140783281|S248|Q50817797|S854|""https://joss.theoj.org/papers/10.21105/joss.00909.json""|S813|+2026-06-18T00:00:00Z/11"
44697,129,set_statement,Done,,,Q113307205,"Q113307205|P921|Q140783282|S248|Q50817797|S854|""https://joss.theoj.org/papers/10.21105/joss.03440.json""|S813|+2026-06-18T00:00:00Z/11"
44697,130,set_statement,Done,,,Q113307166,"Q113307166|P921|Q140783283|S248|Q50817797|S854|""https://joss.theoj.org/papers/10.21105/joss.03546.json""|S813|+2026-06-18T00:00:00Z/11"
44697,131,set_statement,Done,,,Q113307098,"Q113307098|P921|Q140783284|S248|Q50817797|S854|""https://joss.theoj.org/papers/10.21105/joss.03631.json""|S813|+2026-06-18T00:00:00Z/11"
44697,132,set_statement,Done,,,Q113227733,"Q113227733|P921|Q140783285|S248|Q50817797|S854|""https://joss.theoj.org/papers/10.21105/joss.02565.json""|S813|+2026-06-18T00:00:00Z/11"
44697,133,set_statement,Done,,,Q57863992,"Q57863992|P921|Q140783286|S248|Q50817797|S854|""https://joss.theoj.org/papers/10.21105/joss.00964.json""|S813|+2026-06-18T00:00:00Z/11"
44697,134,set_statement,Done,,,Q113306830,"Q113306830|P921|Q140783287|S248|Q50817797|S854|""https://joss.theoj.org/papers/10.21105/joss.03937.json""|S813|+2026-06-18T00:00:00Z/11"
44697,135,set_statement,Done,,,Q113307526,"Q113307526|P921|Q140783288|S248|Q50817797|S854|""https://joss.theoj.org/papers/10.21105/joss.02372.json""|S813|+2026-06-18T00:00:00Z/11"
44697,136,set_statement,Done,,,Q135874696,"Q135874696|P921|Q140783290|S248|Q50817797|S854|""https://joss.theoj.org/papers/10.21105/joss.07320.json""|S813|+2026-06-18T00:00:00Z/11"
44697,137,set_statement,Done,,,Q113307576,"Q113307576|P921|Q140783294|S248|Q50817797|S854|""https://joss.theoj.org/papers/10.21105/joss.02266.json""|S813|+2026-06-18T00:00:00Z/11"
44697,138,set_statement,Done,,,Q115074598,"Q115074598|P921|Q140783296|S248|Q50817797|S854|""https://joss.theoj.org/papers/10.21105/joss.03905.json""|S813|+2026-06-18T00:00:00Z/11"
44697,139,set_statement,Done,,,Q113727666,"Q113727666|P921|Q140783301|S248|Q50817797|S854|""https://joss.theoj.org/papers/10.21105/joss.04457.json""|S813|+2026-06-18T00:00:00Z/11"
44697,140,set_statement,Done,,,Q113307428,"Q113307428|P921|Q140783302|S248|Q50817797|S854|""https://joss.theoj.org/papers/10.21105/joss.02584.json""|S813|+2026-06-18T00:00:00Z/11"
44697,141,set_statement,Done,,,Q136269879,"Q136269879|P921|Q140783305|S248|Q50817797|S854|""https://joss.theoj.org/papers/10.21105/joss.07626.json""|S813|+2026-06-18T00:00:00Z/11"
44697,142,set_statement,Done,,,Q113307591,"Q113307591|P921|Q140783308|S248|Q50817797|S854|""https://joss.theoj.org/papers/10.21105/joss.02180.json""|S813|+2026-06-18T00:00:00Z/11"
44697,143,set_statement,Done,,,Q113307182,"Q113307182|P921|Q140783328|S248|Q50817797|S854|""https://joss.theoj.org/papers/10.21105/joss.03521.json""|S813|+2026-06-18T00:00:00Z/11"
44697,144,set_statement,Done,,,Q110894979,"Q110894979|P921|Q140783329|S248|Q50817797|S854|""https://joss.theoj.org/papers/10.21105/joss.02579.json""|S813|+2026-06-18T00:00:00Z/11"
44697,145,set_statement,Done,,,Q113307664,"Q113307664|P921|Q140783334|S248|Q50817797|S854|""https://joss.theoj.org/papers/10.21105/joss.01982.json""|S813|+2026-06-18T00:00:00Z/11"
44697,146,set_statement,Done,,,Q113308340,"Q113308340|P921|Q140783342|S248|Q50817797|S854|""https://joss.theoj.org/papers/10.21105/joss.00018.json""|S813|+2026-06-18T00:00:00Z/11"
44697,147,set_statement,Done,,,Q113307955,"Q113307955|P921|Q140783345|S248|Q50817797|S854|""https://joss.theoj.org/papers/10.21105/joss.01166.json""|S813|+2026-06-18T00:00:00Z/11"
44697,148,set_statement,Done,,,Q113308216,"Q113308216|P921|Q140783349|S248|Q50817797|S854|""https://joss.theoj.org/papers/10.21105/joss.00441.json""|S813|+2026-06-18T00:00:00Z/11"
44697,149,set_statement,Done,,,Q113307379,"Q113307379|P921|Q140783355|S248|Q50817797|S854|""https://joss.theoj.org/papers/10.21105/joss.02733.json""|S813|+2026-06-18T00:00:00Z/11"
44697,150,set_statement,Done,,,Q113307519,"Q113307519|P921|Q140783358|S248|Q50817797|S854|""https://joss.theoj.org/papers/10.21105/joss.02388.json""|S813|+2026-06-18T00:00:00Z/11"
44697,151,set_statement,Done,,,Q113307799,"Q113307799|P921|Q140783359|S248|Q50817797|S854|""https://joss.theoj.org/papers/10.21105/joss.01540.json""|S813|+2026-06-18T00:00:00Z/11"
44697,152,set_statement,Done,,,Q107077565,"Q107077565|P921|Q140783364|S248|Q50817797|S854|""https://joss.theoj.org/papers/10.21105/joss.02353.json""|S813|+2026-06-18T00:00:00Z/11"
44697,153,set_statement,Done,,,Q113307217,"Q113307217|P921|Q140783367|S248|Q50817797|S854|""https://joss.theoj.org/papers/10.21105/joss.03416.json""|S813|+2026-06-18T00:00:00Z/11"
44697,154,set_statement,Done,,,Q113227967,"Q113227967|P921|Q140783368|S248|Q50817797|S854|""https://joss.theoj.org/papers/10.21105/joss.00729.json""|S813|+2026-06-18T00:00:00Z/11"
44697,155,set_statement,Done,,,Q113227948,"Q113227948|P921|Q140783370|S248|Q50817797|S854|""https://joss.theoj.org/papers/10.21105/joss.00904.json""|S813|+2026-06-18T00:00:00Z/11"
44697,156,set_statement,Done,,,Q113307489,"Q113307489|P921|Q140783371|S248|Q50817797|S854|""https://joss.theoj.org/papers/10.21105/joss.02440.json""|S813|+2026-06-18T00:00:00Z/11"
44697,157,set_statement,Done,,,Q113307861,"Q113307861|P921|Q140783372|S248|Q50817797|S854|""https://joss.theoj.org/papers/10.21105/joss.01360.json""|S813|+2026-06-18T00:00:00Z/11"
44697,158,set_statement,Done,,,Q113227920,"Q113227920|P921|Q140783373|S248|Q50817797|S854|""https://joss.theoj.org/papers/10.21105/joss.01144.json""|S813|+2026-06-18T00:00:00Z/11"
44697,159,set_statement,Done,,,Q113307447,"Q113307447|P921|Q140783374|S248|Q50817797|S854|""https://joss.theoj.org/papers/10.21105/joss.02520.json""|S813|+2026-06-18T00:00:00Z/11"
44697,160,set_statement,Done,,,Q113307703,"Q113307703|P921|Q140783377|S248|Q50817797|S854|""https://joss.theoj.org/papers/10.21105/joss.01848.json""|S813|+2026-06-18T00:00:00Z/11"
44697,161,set_statement,Done,,,Q107337636,"Q107337636|P921|Q140783378|S248|Q50817797|S854|""https://joss.theoj.org/papers/10.21105/joss.00615.json""|S813|+2026-06-18T00:00:00Z/11"
44697,162,set_statement,Done,,,Q113307614,"Q113307614|P921|Q140783380|S248|Q50817797|S854|""https://joss.theoj.org/papers/10.21105/joss.02111.json""|S813|+2026-06-18T00:00:00Z/11"
44697,163,set_statement,Done,,,Q112847922,"Q112847922|P921|Q140783381|S248|Q50817797|S854|""https://joss.theoj.org/papers/10.21105/joss.00355.json""|S813|+2026-06-18T00:00:00Z/11"
44697,164,set_statement,Done,,,Q113227953,"Q113227953|P921|Q140783383|S248|Q50817797|S854|""https://joss.theoj.org/papers/10.21105/joss.00862.json""|S813|+2026-06-18T00:00:00Z/11"
44697,165,set_statement,Done,,,Q113307871,"Q113307871|P921|Q140783385|S248|Q50817797|S854|""https://joss.theoj.org/papers/10.21105/joss.01337.json""|S813|+2026-06-18T00:00:00Z/11"
44697,166,set_statement,Done,,,Q111899963,"Q111899963|P921|Q140783387|S248|Q50817797|S854|""https://joss.theoj.org/papers/10.21105/joss.02797.json""|S813|+2026-06-18T00:00:00Z/11"
44697,167,set_statement,Done,,,Q59957449,"Q59957449|P921|Q140783388|S248|Q50817797|S854|""https://joss.theoj.org/papers/10.21105/joss.00182.json""|S813|+2026-06-18T00:00:00Z/11"
44697,168,set_statement,Done,,,Q113308252,"Q113308252|P921|Q140783389|S248|Q50817797|S854|""https://joss.theoj.org/papers/10.21105/joss.00307.json""|S813|+2026-06-18T00:00:00Z/11"
44697,169,set_statement,Done,,,Q113307270,"Q113307270|P921|Q140783390|S248|Q50817797|S854|""https://joss.theoj.org/papers/10.21105/joss.03169.json""|S813|+2026-06-18T00:00:00Z/11"
44697,170,set_statement,Done,,,Q113227972,"Q113227972|P921|Q140783393|S248|Q50817797|S854|""https://joss.theoj.org/papers/10.21105/joss.00651.json""|S813|+2026-06-18T00:00:00Z/11"
44697,171,set_statement,Done,,,Q113307523,"Q113307523|P921|Q140783397|S248|Q50817797|S854|""https://joss.theoj.org/papers/10.21105/joss.02377.json""|S813|+2026-06-18T00:00:00Z/11"
44697,172,set_statement,Done,,,Q113308010,"Q113308010|P921|Q140783401|S248|Q50817797|S854|""https://joss.theoj.org/papers/10.21105/joss.01053.json""|S813|+2026-06-18T00:00:00Z/11"
44697,173,set_statement,Done,,,Q111897168,"Q111897168|P921|Q140783405|S248|Q50817797|S854|""https://joss.theoj.org/papers/10.21105/joss.03324.json""|S813|+2026-06-18T00:00:00Z/11"
44697,174,set_statement,Done,,,Q113307190,"Q113307190|P921|Q140783407|S248|Q50817797|S854|""https://joss.theoj.org/papers/10.21105/joss.03495.json""|S813|+2026-06-18T00:00:00Z/11"
44697,175,set_statement,Done,,,Q113308040,"Q113308040|P921|Q140783408|S248|Q50817797|S854|""https://joss.theoj.org/papers/10.21105/joss.00985.json""|S813|+2026-06-18T00:00:00Z/11"
44697,176,set_statement,Done,,,Q113308067,"Q113308067|P921|Q140783409|S248|Q50817797|S854|""https://joss.theoj.org/papers/10.21105/joss.00893.json""|S813|+2026-06-18T00:00:00Z/11"
44697,177,set_statement,Done,,,Q113308000,"Q113308000|P921|Q140783410|S248|Q50817797|S854|""https://joss.theoj.org/papers/10.21105/joss.01069.json""|S813|+2026-06-18T00:00:00Z/11"
44697,178,set_statement,Done,,,Q113307034,"Q113307034|P921|Q140783411|S248|Q50817797|S854|""https://joss.theoj.org/papers/10.21105/joss.03725.json""|S813|+2026-06-18T00:00:00Z/11"
44697,179,set_statement,Done,,,Q113307911,"Q113307911|P921|Q140783412|S248|Q50817797|S854|""https://joss.theoj.org/papers/10.21105/joss.01240.json""|S813|+2026-06-18T00:00:00Z/11"
44697,180,set_statement,Done,,,Q113307899,"Q113307899|P921|Q140783413|S248|Q50817797|S854|""https://joss.theoj.org/papers/10.21105/joss.01260.json""|S813|+2026-06-18T00:00:00Z/11"
44697,181,set_statement,Done,,,Q113307436,"Q113307436|P921|Q140783414|S248|Q50817797|S854|""https://joss.theoj.org/papers/10.21105/joss.02555.json""|S813|+2026-06-18T00:00:00Z/11"
44697,182,set_statement,Done,,,Q113227913,"Q113227913|P921|Q140783415|S248|Q50817797|S854|""https://joss.theoj.org/papers/10.21105/joss.01209.json""|S813|+2026-06-18T00:00:00Z/11"
44697,183,set_statement,Done,,,Q113307896,"Q113307896|P921|Q140783416|S248|Q50817797|S854|""https://joss.theoj.org/papers/10.21105/joss.01269.json""|S813|+2026-06-18T00:00:00Z/11"
44697,184,set_statement,Done,,,Q113227841,"Q113227841|P921|Q140783417|S248|Q50817797|S854|""https://joss.theoj.org/papers/10.21105/joss.01776.json""|S813|+2026-06-18T00:00:00Z/11"
44697,185,set_statement,Done,,,Q129409302,"Q129409302|P921|Q140783424|S248|Q50817797|S854|""https://joss.theoj.org/papers/10.21105/joss.06200.json""|S813|+2026-06-18T00:00:00Z/11"
44697,186,set_statement,Done,,,Q129136330,"Q129136330|P921|Q140783428|S248|Q50817797|S854|""https://joss.theoj.org/papers/10.21105/joss.06154.json""|S813|+2026-06-18T00:00:00Z/11"
44697,187,set_statement,Done,,,Q113307381,"Q113307381|P921|Q140783432|S248|Q50817797|S854|""https://joss.theoj.org/papers/10.21105/joss.02706.json""|S813|+2026-06-18T00:00:00Z/11"
44697,188,set_statement,Done,,,Q110873803,"Q110873803|P921|Q140783433|S248|Q50817797|S854|""https://joss.theoj.org/papers/10.21105/joss.00082.json""|S813|+2026-06-18T00:00:00Z/11"
44697,189,set_statement,Done,,,Q136804054,"Q136804054|P921|Q140783434|S248|Q50817797|S854|""https://joss.theoj.org/papers/10.21105/joss.08264.json""|S813|+2026-06-18T00:00:00Z/11"
44697,190,set_statement,Done,,,Q113308174,"Q113308174|P921|Q140783435|S248|Q50817797|S854|""https://joss.theoj.org/papers/10.21105/joss.00592.json""|S813|+2026-06-18T00:00:00Z/11"
44697,191,set_statement,Done,,,Q113308239,"Q113308239|P921|Q140783437|S248|Q50817797|S854|""https://joss.theoj.org/papers/10.21105/joss.00365.json""|S813|+2026-06-18T00:00:00Z/11"
44697,192,set_statement,Done,,,Q113307033,"Q113307033|P921|Q140783440|S248|Q50817797|S854|""https://joss.theoj.org/papers/10.21105/joss.03727.json""|S813|+2026-06-18T00:00:00Z/11"
44697,193,set_statement,Done,,,Q113307212,"Q113307212|P921|Q140783442|S248|Q50817797|S854|""https://joss.theoj.org/papers/10.21105/joss.03424.json""|S813|+2026-06-18T00:00:00Z/11"
44697,194,set_statement,Done,,,Q132838530,"Q132838530|P921|Q140783444|S248|Q50817797|S854|""https://joss.theoj.org/papers/10.21105/joss.07256.json""|S813|+2026-06-18T00:00:00Z/11"
44697,195,set_statement,Done,,,Q113307307,"Q113307307|P921|Q140783445|S248|Q50817797|S854|""https://joss.theoj.org/papers/10.21105/joss.03042.json""|S813|+2026-06-18T00:00:00Z/11"
44697,196,set_statement,Done,,,Q113228007,"Q113228007|P921|Q140783447|S248|Q50817797|S854|""https://joss.theoj.org/papers/10.21105/joss.00028.json""|S813|+2026-06-18T00:00:00Z/11"
44697,197,set_statement,Done,,,Q113307622,"Q113307622|P921|Q140783450|S248|Q50817797|S854|""https://joss.theoj.org/papers/10.21105/joss.02095.json""|S813|+2026-06-18T00:00:00Z/11"
44697,198,set_statement,Done,,,Q111898814,"Q111898814|P921|Q140783452|S248|Q50817797|S854|""https://joss.theoj.org/papers/10.21105/joss.03702.json""|S813|+2026-06-18T00:00:00Z/11"
44697,199,set_statement,Done,,,Q113308325,"Q113308325|P921|Q140783460|S248|Q50817797|S854|""https://joss.theoj.org/papers/10.21105/joss.00054.json""|S813|+2026-06-18T00:00:00Z/11"
44697,200,set_statement,Done,,,Q113307863,"Q113307863|P921|Q120237542|S248|Q50817797|S854|""https://joss.theoj.org/papers/10.21105/joss.01358.json""|S813|+2026-06-18T00:00:00Z/11"
44697,201,set_statement,Done,,,Q113307268,"Q113307268|P921|Q140783462|S248|Q50817797|S854|""https://joss.theoj.org/papers/10.21105/joss.03190.json""|S813|+2026-06-18T00:00:00Z/11"
44697,202,set_statement,Done,,,Q113307895,"Q113307895|P921|Q140783465|S248|Q50817797|S854|""https://joss.theoj.org/papers/10.21105/joss.01272.json""|S813|+2026-06-18T00:00:00Z/11"
44697,203,set_statement,Done,,,Q111897404,"Q111897404|P921|Q140783466|S248|Q50817797|S854|""https://joss.theoj.org/papers/10.21105/joss.03781.json""|S813|+2026-06-18T00:00:00Z/11"
44697,204,set_statement,Done,,,Q130053317,"Q130053317|P921|Q140783470|S248|Q50817797|S854|""https://joss.theoj.org/papers/10.21105/joss.05974.json""|S813|+2026-06-18T00:00:00Z/11"
44697,205,set_statement,Done,,,Q113307633,"Q113307633|P921|Q120945138|S248|Q50817797|S854|""https://joss.theoj.org/papers/10.21105/joss.02063.json""|S813|+2026-06-18T00:00:00Z/11"
44697,206,set_statement,Done,,,Q113307175,"Q113307175|P921|Q140783471|S248|Q50817797|S854|""https://joss.theoj.org/papers/10.21105/joss.03537.json""|S813|+2026-06-18T00:00:00Z/11"
44697,207,set_statement,Done,,,Q113307794,"Q113307794|P921|Q140783475|S248|Q50817797|S854|""https://joss.theoj.org/papers/10.21105/joss.01572.json""|S813|+2026-06-18T00:00:00Z/11"
44697,208,set_statement,Done,,,Q113307946,"Q113307946|P921|Q140783476|S248|Q50817797|S854|""https://joss.theoj.org/papers/10.21105/joss.01171.json""|S813|+2026-06-18T00:00:00Z/11"
44697,209,set_statement,Done,,,Q111900421,"Q111900421|P921|Q140783477|S248|Q50817797|S854|""https://joss.theoj.org/papers/10.21105/joss.03173.json""|S813|+2026-06-18T00:00:00Z/11"
44697,210,set_statement,Done,,,Q113227814,"Q113227814|P921|Q140783478|S248|Q50817797|S854|""https://joss.theoj.org/papers/10.21105/joss.01931.json""|S813|+2026-06-18T00:00:00Z/11"
44697,211,set_statement,Done,,,Q113307167,"Q113307167|P921|Q140783479|S248|Q50817797|S854|""https://joss.theoj.org/papers/10.21105/joss.03544.json""|S813|+2026-06-18T00:00:00Z/11"
44697,212,set_statement,Done,,,Q136563552,"Q136563552|P921|Q140783480|S248|Q50817797|S854|""https://joss.theoj.org/papers/10.21105/joss.07791.json""|S813|+2026-06-18T00:00:00Z/11"
44697,213,set_statement,Done,,,Q113307714,"Q113307714|P921|Q140783481|S248|Q50817797|S854|""https://joss.theoj.org/papers/10.21105/joss.01821.json""|S813|+2026-06-18T00:00:00Z/11"
44697,214,set_statement,Done,,,Q113227660,"Q113227660|P921|Q140783482|S248|Q50817797|S854|""https://joss.theoj.org/papers/10.21105/joss.03294.json""|S813|+2026-06-18T00:00:00Z/11"
44697,215,set_statement,Done,,,Q113227931,"Q113227931|P921|Q140783483|S248|Q50817797|S854|""https://joss.theoj.org/papers/10.21105/joss.01081.json""|S813|+2026-06-18T00:00:00Z/11"
44697,216,set_statement,Done,,,Q113307779,"Q113307779|P921|Q140783486|S248|Q50817797|S854|""https://joss.theoj.org/papers/10.21105/joss.01627.json""|S813|+2026-06-18T00:00:00Z/11"
44697,217,set_statement,Done,,,Q113227737,"Q113227737|P921|Q140783487|S248|Q50817797|S854|""https://joss.theoj.org/papers/10.21105/joss.02556.json""|S813|+2026-06-18T00:00:00Z/11"
44697,218,set_statement,Done,,,Q58064824,"Q58064824|P921|Q140783488|S248|Q50817797|S854|""https://joss.theoj.org/papers/10.21105/joss.00232.json""|S813|+2026-06-18T00:00:00Z/11"
44697,219,set_statement,Done,,,Q111899884,"Q111899884|P921|Q140783490|S248|Q50817797|S854|""https://joss.theoj.org/papers/10.21105/joss.00458.json""|S813|+2026-06-18T00:00:00Z/11"
44697,220,set_statement,Done,,,Q57614058,"Q57614058|P921|Q140783491|S248|Q50817797|S854|""https://joss.theoj.org/papers/10.21105/joss.00306.json""|S813|+2026-06-18T00:00:00Z/11"
44697,221,set_statement,Done,,,Q113227713,"Q113227713|P921|Q140783492|S248|Q50817797|S854|""https://joss.theoj.org/papers/10.21105/joss.02744.json""|S813|+2026-06-18T00:00:00Z/11"
44697,222,set_statement,Done,,,Q113227970,"Q113227970|P921|Q140783493|S248|Q50817797|S854|""https://joss.theoj.org/papers/10.21105/joss.00670.json""|S813|+2026-06-18T00:00:00Z/11"
44697,223,set_statement,Done,,,Q61833849,"Q61833849|P921|Q140783494|S248|Q50817797|S854|""https://joss.theoj.org/papers/10.21105/joss.00803.json""|S813|+2026-06-18T00:00:00Z/11"
44697,224,set_statement,Done,,,Q113227938,"Q113227938|P921|Q140783495|S248|Q50817797|S854|""https://joss.theoj.org/papers/10.21105/joss.01018.json""|S813|+2026-06-18T00:00:00Z/11"
44697,225,set_statement,Done,,,Q113307233,"Q113307233|P921|Q140783496|S248|Q50817797|S854|""https://joss.theoj.org/papers/10.21105/joss.03347.json""|S813|+2026-06-18T00:00:00Z/11"
44697,226,set_statement,Done,,,Q105495825,"Q105495825|P921|Q140783497|S248|Q50817797|S854|""https://joss.theoj.org/papers/10.21105/joss.01130.json""|S813|+2026-06-18T00:00:00Z/11"
44697,227,set_statement,Done,,,Q111901095,"Q111901095|P921|Q140783499|S248|Q50817797|S854|""https://joss.theoj.org/papers/10.21105/joss.03467.json""|S813|+2026-06-18T00:00:00Z/11"
44697,228,set_statement,Done,,,Q111898172,"Q111898172|P921|Q140783500|S248|Q50817797|S854|""https://joss.theoj.org/papers/10.21105/joss.03435.json""|S813|+2026-06-18T00:00:00Z/11"
44697,229,set_statement,Done,,,Q113227636,"Q113227636|P921|Q140783503|S248|Q50817797|S854|""https://joss.theoj.org/papers/10.21105/joss.03601.json""|S813|+2026-06-18T00:00:00Z/11"
44697,230,set_statement,Done,,,Q113227573,"Q113227573|P921|Q107381483|S248|Q50817797|S854|""https://joss.theoj.org/papers/10.21105/joss.04142.json""|S813|+2026-06-18T00:00:00Z/11"
44697,231,set_statement,Done,,,Q115859276,"Q115859276|P921|Q140783505|S248|Q50817797|S854|""https://joss.theoj.org/papers/10.21105/joss.04822.json""|S813|+2026-06-18T00:00:00Z/11"
44697,232,set_statement,Done,,,Q113307559,"Q113307559|P921|Q140783508|S248|Q50817797|S854|""https://joss.theoj.org/papers/10.21105/joss.02291.json""|S813|+2026-06-18T00:00:00Z/11"
44697,233,set_statement,Done,,,Q113227835,"Q113227835|P921|Q140783509|S248|Q50817797|S854|""https://joss.theoj.org/papers/10.21105/joss.01824.json""|S813|+2026-06-18T00:00:00Z/11"
44697,234,set_statement,Done,,,Q113308283,"Q113308283|P921|Q140783512|S248|Q50817797|S854|""https://joss.theoj.org/papers/10.21105/joss.00202.json""|S813|+2026-06-18T00:00:00Z/11"
44697,235,set_statement,Done,,,Q113307647,"Q113307647|P921|Q140783521|S248|Q50817797|S854|""https://joss.theoj.org/papers/10.21105/joss.02027.json""|S813|+2026-06-18T00:00:00Z/11"
44697,236,set_statement,Done,,,Q113307736,"Q113307736|P921|Q140783522|S248|Q50817797|S854|""https://joss.theoj.org/papers/10.21105/joss.01751.json""|S813|+2026-06-18T00:00:00Z/11"
44697,237,set_statement,Done,,,Q113308338,"Q113308338|P921|Q140783524|S248|Q50817797|S854|""https://joss.theoj.org/papers/10.21105/joss.00031.json""|S813|+2026-06-18T00:00:00Z/11"
44697,238,set_statement,Done,,,Q119694760,"Q119694760|P921|Q140783529|S248|Q50817797|S854|""https://joss.theoj.org/papers/10.21105/joss.05118.json""|S813|+2026-06-18T00:00:00Z/11"
44697,239,set_statement,Done,,,Q113227694,"Q113227694|P921|Q140783530|S248|Q50817797|S854|""https://joss.theoj.org/papers/10.21105/joss.02879.json""|S813|+2026-06-18T00:00:00Z/11"
44697,240,set_statement,Done,,,Q111925875,"Q111925875|P921|Q140783531|S248|Q50817797|S854|""https://joss.theoj.org/papers/10.21105/joss.03118.json""|S813|+2026-06-18T00:00:00Z/11"
44697,241,set_statement,Done,,,Q130121463,"Q130121463|P921|Q140783532|S248|Q50817797|S854|""https://joss.theoj.org/papers/10.21105/joss.05610.json""|S813|+2026-06-18T00:00:00Z/11"
44697,242,set_statement,Done,,,Q113307595,"Q113307595|P921|Q140783533|S248|Q50817797|S854|""https://joss.theoj.org/papers/10.21105/joss.02171.json""|S813|+2026-06-18T00:00:00Z/11"
44697,243,set_statement,Done,,,Q113306611,"Q113306611|P921|Q140783534|S248|Q50817797|S854|""https://joss.theoj.org/papers/10.21105/joss.04060.json""|S813|+2026-06-18T00:00:00Z/11"
44697,244,set_statement,Done,,,Q113308185,"Q113308185|P921|Q140783536|S248|Q50817797|S854|""https://joss.theoj.org/papers/10.21105/joss.00550.json""|S813|+2026-06-18T00:00:00Z/11"
44697,245,set_statement,Done,,,Q113227664,"Q113227664|P921|Q140783539|S248|Q50817797|S854|""https://joss.theoj.org/papers/10.21105/joss.03224.json""|S813|+2026-06-18T00:00:00Z/11"
44697,246,set_statement,Done,,,Q113307780,"Q113307780|P921|Q140783542|S248|Q50817797|S854|""https://joss.theoj.org/papers/10.21105/joss.01620.json""|S813|+2026-06-18T00:00:00Z/11"
44697,247,set_statement,Done,,,Q113227689,"Q113227689|P921|Q140783544|S248|Q50817797|S854|""https://joss.theoj.org/papers/10.21105/joss.02989.json""|S813|+2026-06-18T00:00:00Z/11"
44697,248,set_statement,Done,,,Q57725027,"Q57725027|P921|Q140783545|S248|Q50817797|S854|""https://joss.theoj.org/papers/10.21105/joss.00051.json""|S813|+2026-06-18T00:00:00Z/11"
44697,249,set_statement,Done,,,Q113308093,"Q113308093|P921|Q140783546|S248|Q50817797|S854|""https://joss.theoj.org/papers/10.21105/joss.00818.json""|S813|+2026-06-18T00:00:00Z/11"
44697,250,set_statement,Done,,,Q113307914,"Q113307914|P921|Q140783547|S248|Q50817797|S854|""https://joss.theoj.org/papers/10.21105/joss.01239.json""|S813|+2026-06-18T00:00:00Z/11"
44697,251,set_statement,Done,,,Q113308003,"Q113308003|P921|Q140783553|S248|Q50817797|S854|""https://joss.theoj.org/papers/10.21105/joss.01065.json""|S813|+2026-06-18T00:00:00Z/11"
44697,252,set_statement,Done,,,Q113307804,"Q113307804|P921|Q140783554|S248|Q50817797|S854|""https://joss.theoj.org/papers/10.21105/joss.01517.json""|S813|+2026-06-18T00:00:00Z/11"
44697,253,set_statement,Done,,,Q113308171,"Q113308171|P921|Q140783555|S248|Q50817797|S854|""https://joss.theoj.org/papers/10.21105/joss.00597.json""|S813|+2026-06-18T00:00:00Z/11"
44697,254,set_statement,Done,,,Q113227595,"Q113227595|P921|Q140783556|S248|Q50817797|S854|""https://joss.theoj.org/papers/10.21105/joss.03958.json""|S813|+2026-06-18T00:00:00Z/11"
44697,255,set_statement,Done,,,Q129042626,"Q129042626|P921|Q140783558|S248|Q50817797|S854|""https://joss.theoj.org/papers/10.21105/joss.05668.json""|S813|+2026-06-18T00:00:00Z/11"
44697,256,set_statement,Done,,,Q113227965,"Q113227965|P921|Q140783561|S248|Q50817797|S854|""https://joss.theoj.org/papers/10.21105/joss.00741.json""|S813|+2026-06-18T00:00:00Z/11"
44697,257,set_statement,Done,,,Q111898090,"Q111898090|P921|Q140783562|S248|Q50817797|S854|""https://joss.theoj.org/papers/10.21105/joss.03127.json""|S813|+2026-06-18T00:00:00Z/11"
44697,258,set_statement,Done,,,Q113307710,"Q113307710|P921|Q140783565|S248|Q50817797|S854|""https://joss.theoj.org/papers/10.21105/joss.01830.json""|S813|+2026-06-18T00:00:00Z/11"
44697,259,set_statement,Done,,,Q113307617,"Q113307617|P921|Q140783566|S248|Q50817797|S854|""https://joss.theoj.org/papers/10.21105/joss.02105.json""|S813|+2026-06-18T00:00:00Z/11"
44697,260,set_statement,Done,,,Q113308080,"Q113308080|P921|Q140783567|S248|Q50817797|S854|""https://joss.theoj.org/papers/10.21105/joss.00848.json""|S813|+2026-06-18T00:00:00Z/11"
44697,261,set_statement,Done,,,Q113227856,"Q113227856|P921|Q140783568|S248|Q50817797|S854|""https://joss.theoj.org/papers/10.21105/joss.01683.json""|S813|+2026-06-18T00:00:00Z/11"
44697,262,set_statement,Done,,,Q113307923,"Q113307923|P921|Q140783569|S248|Q50817797|S854|""https://joss.theoj.org/papers/10.21105/joss.01221.json""|S813|+2026-06-18T00:00:00Z/11"
44697,263,set_statement,Done,,,Q113307917,"Q113307917|P921|Q140783571|S248|Q50817797|S854|""https://joss.theoj.org/papers/10.21105/joss.01230.json""|S813|+2026-06-18T00:00:00Z/11"
44697,264,set_statement,Done,,,Q111901311,"Q111901311|P921|Q140783572|S248|Q50817797|S854|""https://joss.theoj.org/papers/10.21105/joss.03201.json""|S813|+2026-06-18T00:00:00Z/11"
44697,265,set_statement,Done,,,Q113307858,"Q113307858|P921|Q140783573|S248|Q50817797|S854|""https://joss.theoj.org/papers/10.21105/joss.01371.json""|S813|+2026-06-18T00:00:00Z/11"
44697,266,set_statement,Done,,,Q113227781,"Q113227781|P921|Q140783574|S248|Q50817797|S854|""https://joss.theoj.org/papers/10.21105/joss.02173.json""|S813|+2026-06-18T00:00:00Z/11"
44697,267,set_statement,Done,,,Q113307397,"Q113307397|P921|Q140783575|S248|Q50817797|S854|""https://joss.theoj.org/papers/10.21105/joss.02673.json""|S813|+2026-06-18T00:00:00Z/11"
44697,268,set_statement,Done,,,Q113307319,"Q113307319|P921|Q140783576|S248|Q50817797|S854|""https://joss.theoj.org/papers/10.21105/joss.03001.json""|S813|+2026-06-18T00:00:00Z/11"
44697,269,set_statement,Done,,,Q104708444,"Q104708444|P921|Q140783577|S248|Q50817797|S854|""https://joss.theoj.org/papers/10.21105/joss.01426.json""|S813|+2026-06-18T00:00:00Z/11"
44697,270,set_statement,Done,,,Q113307651,"Q113307651|P921|Q140783582|S248|Q50817797|S854|""https://joss.theoj.org/papers/10.21105/joss.02016.json""|S813|+2026-06-18T00:00:00Z/11"
44697,271,set_statement,Done,,,Q113228008,"Q113228008|P921|Q107384135|S248|Q50817797|S854|""https://joss.theoj.org/papers/10.21105/joss.00021.json""|S813|+2026-06-18T00:00:00Z/11"
44697,272,set_statement,Done,,,Q57531427,"Q57531427|P921|Q140783583|S248|Q50817797|S854|""https://joss.theoj.org/papers/10.21105/joss.00080.json""|S813|+2026-06-18T00:00:00Z/11"
44697,273,set_statement,Done,,,Q113308256,"Q113308256|P921|Q140783584|S248|Q50817797|S854|""https://joss.theoj.org/papers/10.21105/joss.00291.json""|S813|+2026-06-18T00:00:00Z/11"
44697,274,set_statement,Done,,,Q57676858,"Q57676858|P921|Q140783585|S248|Q50817797|S854|""https://joss.theoj.org/papers/10.21105/joss.00454.json""|S813|+2026-06-18T00:00:00Z/11"
44697,275,set_statement,Done,,,Q113308070,"Q113308070|P921|Q140783586|S248|Q50817797|S854|""https://joss.theoj.org/papers/10.21105/joss.00886.json""|S813|+2026-06-18T00:00:00Z/11"
44697,276,set_statement,Done,,,Q113308072,"Q113308072|P921|Q140783587|S248|Q50817797|S854|""https://joss.theoj.org/papers/10.21105/joss.00883.json""|S813|+2026-06-18T00:00:00Z/11"
44697,277,set_statement,Done,,,Q113307960,"Q113307960|P921|Q140783588|S248|Q50817797|S854|""https://joss.theoj.org/papers/10.21105/joss.01146.json""|S813|+2026-06-18T00:00:00Z/11"
44697,278,set_statement,Done,,,Q113227923,"Q113227923|P921|Q140783589|S248|Q50817797|S854|""https://joss.theoj.org/papers/10.21105/joss.01125.json""|S813|+2026-06-18T00:00:00Z/11"
44697,279,set_statement,Done,,,Q113308134,"Q113308134|P921|Q140783590|S248|Q50817797|S854|""https://joss.theoj.org/papers/10.21105/joss.00678.json""|S813|+2026-06-18T00:00:00Z/11"
44697,280,set_statement,Done,,,Q107904175,"Q107904175|P921|Q140783592|S248|Q50817797|S854|""https://joss.theoj.org/papers/10.21105/joss.01418.json""|S813|+2026-06-18T00:00:00Z/11"
44697,281,set_statement,Done,,,Q113307819,"Q113307819|P921|Q140783593|S248|Q50817797|S854|""https://joss.theoj.org/papers/10.21105/joss.01473.json""|S813|+2026-06-18T00:00:00Z/11"
44697,282,set_statement,Done,,,Q113227813,"Q113227813|P921|Q140783596|S248|Q50817797|S854|""https://joss.theoj.org/papers/10.21105/joss.01940.json""|S813|+2026-06-18T00:00:00Z/11"
44697,283,set_statement,Done,,,Q57920803,"Q57920803|P921|Q140783604|S248|Q50817797|S854|""https://joss.theoj.org/papers/10.21105/joss.00260.json""|S813|+2026-06-18T00:00:00Z/11"
44697,284,set_statement,Done,,,Q111930971,"Q111930971|P921|Q140783606|S248|Q50817797|S854|""https://joss.theoj.org/papers/10.21105/joss.02281.json""|S813|+2026-06-18T00:00:00Z/11"
44697,285,set_statement,Done,,,Q113308120,"Q113308120|P921|Q17069495|S248|Q50817797|S854|""https://joss.theoj.org/papers/10.21105/joss.00726.json""|S813|+2026-06-18T00:00:00Z/11"
44697,286,set_statement,Done,,,Q119700775,"Q119700775|P921|Q140783612|S248|Q50817797|S854|""https://joss.theoj.org/papers/10.21105/joss.03431.json""|S813|+2026-06-18T00:00:00Z/11"
44697,287,set_statement,Done,,,Q113307784,"Q113307784|P921|Q140783615|S248|Q50817797|S854|""https://joss.theoj.org/papers/10.21105/joss.01603.json""|S813|+2026-06-18T00:00:00Z/11"
44697,288,set_statement,Done,,,Q113227759,"Q113227759|P921|Q140783621|S248|Q50817797|S854|""https://joss.theoj.org/papers/10.21105/joss.02392.json""|S813|+2026-06-18T00:00:00Z/11"
44697,289,set_statement,Done,,,Q113307659,"Q113307659|P921|Q140783622|S248|Q50817797|S854|""https://joss.theoj.org/papers/10.21105/joss.02003.json""|S813|+2026-06-18T00:00:00Z/11"
44697,290,set_statement,Done,,,Q113308251,"Q113308251|P921|Q140783623|S248|Q50817797|S854|""https://joss.theoj.org/papers/10.21105/joss.00314.json""|S813|+2026-06-18T00:00:00Z/11"
44697,291,set_statement,Done,,,Q113227919,"Q113227919|P921|Q140783627|S248|Q50817797|S854|""https://joss.theoj.org/papers/10.21105/joss.01159.json""|S813|+2026-06-18T00:00:00Z/11"
44697,292,set_statement,Done,,,Q113307944,"Q113307944|P921|Q140783629|S248|Q50817797|S854|""https://joss.theoj.org/papers/10.21105/joss.01179.json""|S813|+2026-06-18T00:00:00Z/11"
44697,293,set_statement,Done,,,Q113307940,"Q113307940|P921|Q140783630|S248|Q50817797|S854|""https://joss.theoj.org/papers/10.21105/joss.01186.json""|S813|+2026-06-18T00:00:00Z/11"
44697,294,set_statement,Done,,,Q113227615,"Q113227615|P921|Q140783632|S248|Q50817797|S854|""https://joss.theoj.org/papers/10.21105/joss.03782.json""|S813|+2026-06-18T00:00:00Z/11"
44697,295,set_statement,Done,,,Q113227914,"Q113227914|P921|Q140783633|S248|Q50817797|S854|""https://joss.theoj.org/papers/10.21105/joss.01203.json""|S813|+2026-06-18T00:00:00Z/11"
44697,296,set_statement,Done,,,Q111898138,"Q111898138|P921|Q140783634|S248|Q50817797|S854|""https://joss.theoj.org/papers/10.21105/joss.03395.json""|S813|+2026-06-18T00:00:00Z/11"
44697,297,set_statement,Done,,,Q113307926,"Q113307926|P921|Q140783635|S248|Q50817797|S854|""https://joss.theoj.org/papers/10.21105/joss.01208.json""|S813|+2026-06-18T00:00:00Z/11"
44697,298,set_statement,Done,,,Q111897467,"Q111897467|P921|Q140783636|S248|Q50817797|S854|""https://joss.theoj.org/papers/10.21105/joss.03376.json""|S813|+2026-06-18T00:00:00Z/11"
44697,299,set_statement,Done,,,Q60457998,"Q60457998|P921|Q140783640|S248|Q50817797|S854|""https://joss.theoj.org/papers/10.21105/joss.00176.json""|S813|+2026-06-18T00:00:00Z/11"
44697,300,set_statement,Done,,,Q113307323,"Q113307323|P921|Q140783642|S248|Q50817797|S854|""https://joss.theoj.org/papers/10.21105/joss.02990.json""|S813|+2026-06-18T00:00:00Z/11"
44697,301,set_statement,Done,,,Q113307316,"Q113307316|P921|Q140783643|S248|Q50817797|S854|""https://joss.theoj.org/papers/10.21105/joss.03010.json""|S813|+2026-06-18T00:00:00Z/11"
44697,302,set_statement,Done,,,Q113227693,"Q113227693|P921|Q140783647|S248|Q50817797|S854|""https://joss.theoj.org/papers/10.21105/joss.02911.json""|S813|+2026-06-18T00:00:00Z/11"
44697,303,set_statement,Done,,,Q113260270,"Q113260270|P921|Q140783650|S248|Q50817797|S854|""https://joss.theoj.org/papers/10.21105/joss.03998.json""|S813|+2026-06-18T00:00:00Z/11"
44697,304,set_statement,Done,,,Q113227715,"Q113227715|P921|Q140783655|S248|Q50817797|S854|""https://joss.theoj.org/papers/10.21105/joss.02732.json""|S813|+2026-06-18T00:00:00Z/11"
44697,305,set_statement,Done,,,Q139311209,"Q139311209|P921|Q140783657|S248|Q50817797|S854|""https://joss.theoj.org/papers/10.21105/joss.06860.json""|S813|+2026-06-18T00:00:00Z/11"
44697,306,set_statement,Done,,,Q111927638,"Q111927638|P921|Q140783659|S248|Q50817797|S854|""https://joss.theoj.org/papers/10.21105/joss.02829.json""|S813|+2026-06-18T00:00:00Z/11"
44697,307,set_statement,Done,,,Q113227892,"Q113227892|P921|Q140783660|S248|Q50817797|S854|""https://joss.theoj.org/papers/10.21105/joss.01389.json""|S813|+2026-06-18T00:00:00Z/11"
44697,308,set_statement,Done,,,Q113307179,"Q113307179|P921|Q140783662|S248|Q50817797|S854|""https://joss.theoj.org/papers/10.21105/joss.03525.json""|S813|+2026-06-18T00:00:00Z/11"
44697,309,set_statement,Done,,,Q135990800,"Q135990800|P921|Q140783663|S248|Q50817797|S854|""https://joss.theoj.org/papers/10.21105/joss.06035.json""|S813|+2026-06-18T00:00:00Z/11"
44697,310,set_statement,Done,,,Q138509650,"Q138509650|P921|Q140783664|S248|Q50817797|S854|""https://joss.theoj.org/papers/10.21105/joss.04484.json""|S813|+2026-06-18T00:00:00Z/11"
44697,311,set_statement,Done,,,Q110512129,"Q110512129|P921|Q140783665|S248|Q50817797|S854|""https://joss.theoj.org/papers/10.21105/joss.03703.json""|S813|+2026-06-18T00:00:00Z/11"
44697,312,set_statement,Done,,,Q113227779,"Q113227779|P921|Q140783666|S248|Q50817797|S854|""https://joss.theoj.org/papers/10.21105/joss.02178.json""|S813|+2026-06-18T00:00:00Z/11"
44697,313,set_statement,Done,,,Q113308085,"Q113308085|P921|Q140783667|S248|Q50817797|S854|""https://joss.theoj.org/papers/10.21105/joss.00845.json""|S813|+2026-06-18T00:00:00Z/11"
44697,314,set_statement,Done,,,Q57633705,"Q57633705|P921|Q140783668|S248|Q50817797|S854|""https://joss.theoj.org/papers/10.21105/joss.00821.json""|S813|+2026-06-18T00:00:00Z/11"
44697,315,set_statement,Done,,,Q113308182,"Q113308182|P921|Q140783669|S248|Q50817797|S854|""https://joss.theoj.org/papers/10.21105/joss.00566.json""|S813|+2026-06-18T00:00:00Z/11"
44697,316,set_statement,Done,,,Q111919339,"Q111919339|P921|Q140783671|S248|Q50817797|S854|""https://joss.theoj.org/papers/10.21105/joss.03714.json""|S813|+2026-06-18T00:00:00Z/11"
44697,317,set_statement,Done,,,Q113307713,"Q113307713|P921|Q140783672|S248|Q50817797|S854|""https://joss.theoj.org/papers/10.21105/joss.01822.json""|S813|+2026-06-18T00:00:00Z/11"
44697,318,set_statement,Done,,,Q113306771,"Q113306771|P921|Q140783674|S248|Q50817797|S854|""https://joss.theoj.org/papers/10.21105/joss.03979.json""|S813|+2026-06-18T00:00:00Z/11"
44697,319,set_statement,Done,,,Q113307570,"Q113307570|P921|Q140783676|S248|Q50817797|S854|""https://joss.theoj.org/papers/10.21105/joss.02285.json""|S813|+2026-06-18T00:00:00Z/11"
44697,320,set_statement,Done,,,Q113307708,"Q113307708|P921|Q140783678|S248|Q50817797|S854|""https://joss.theoj.org/papers/10.21105/joss.01834.json""|S813|+2026-06-18T00:00:00Z/11"
44697,321,set_statement,Done,,,Q108437185,"Q108437185|P921|Q140783680|S248|Q50817797|S854|""https://joss.theoj.org/papers/10.21105/joss.02807.json""|S813|+2026-06-18T00:00:00Z/11"
44697,322,set_statement,Done,,,Q113227712,"Q113227712|P921|Q140783681|S248|Q50817797|S854|""https://joss.theoj.org/papers/10.21105/joss.02752.json""|S813|+2026-06-18T00:00:00Z/11"
44697,323,set_statement,Done,,,Q113307193,"Q113307193|P921|Q140783682|S248|Q50817797|S854|""https://joss.theoj.org/papers/10.21105/joss.03464.json""|S813|+2026-06-18T00:00:00Z/11"
44697,324,set_statement,Done,,,Q113307042,"Q113307042|P921|Q140783683|S248|Q50817797|S854|""https://joss.theoj.org/papers/10.21105/joss.03705.json""|S813|+2026-06-18T00:00:00Z/11"
44697,325,set_statement,Done,,,Q113308076,"Q113308076|P921|Q140783685|S248|Q50817797|S854|""https://joss.theoj.org/papers/10.21105/joss.00865.json""|S813|+2026-06-18T00:00:00Z/11"
44697,326,set_statement,Done,,,Q113227592,"Q113227592|P921|Q140783686|S248|Q50817797|S854|""https://joss.theoj.org/papers/10.21105/joss.03981.json""|S813|+2026-06-18T00:00:00Z/11"
44697,327,set_statement,Done,,,Q113227909,"Q113227909|P921|Q140783687|S248|Q50817797|S854|""https://joss.theoj.org/papers/10.21105/joss.01231.json""|S813|+2026-06-18T00:00:00Z/11"
44697,328,set_statement,Done,,,Q113227789,"Q113227789|P921|Q140783688|S248|Q50817797|S854|""https://joss.theoj.org/papers/10.21105/joss.02125.json""|S813|+2026-06-18T00:00:00Z/11"
44697,329,set_statement,Done,,,Q113308274,"Q113308274|P921|Q140783689|S248|Q50817797|S854|""https://joss.theoj.org/papers/10.21105/joss.00221.json""|S813|+2026-06-18T00:00:00Z/11"
44697,330,set_statement,Done,,,Q57778805,"Q57778805|P921|Q140783690|S248|Q50817797|S854|""https://joss.theoj.org/papers/10.21105/joss.00298.json""|S813|+2026-06-18T00:00:00Z/11"
44697,331,set_statement,Done,,,Q113307365,"Q113307365|P921|Q140783692|S248|Q50817797|S854|""https://joss.theoj.org/papers/10.21105/joss.02805.json""|S813|+2026-06-18T00:00:00Z/11"
44697,332,set_statement,Done,,,Q111900232,"Q111900232|P921|Q140783695|S248|Q50817797|S854|""https://joss.theoj.org/papers/10.21105/joss.02334.json""|S813|+2026-06-18T00:00:00Z/11"
44697,333,set_statement,Done,,,Q113307548,"Q113307548|P921|Q140783699|S248|Q50817797|S854|""https://joss.theoj.org/papers/10.21105/joss.02313.json""|S813|+2026-06-18T00:00:00Z/11"
44697,334,set_statement,Done,,,Q113307116,"Q113307116|P921|Q140783701|S248|Q50817797|S854|""https://joss.theoj.org/papers/10.21105/joss.03613.json""|S813|+2026-06-18T00:00:00Z/11"
44697,335,set_statement,Done,,,Q137206458,"Q137206458|P921|Q140783703|S248|Q50817797|S854|""https://joss.theoj.org/papers/10.21105/joss.05328.json""|S813|+2026-06-18T00:00:00Z/11"
44697,336,set_statement,Done,,,Q113308291,"Q113308291|P921|Q140783704|S248|Q50817797|S854|""https://joss.theoj.org/papers/10.21105/joss.00170.json""|S813|+2026-06-18T00:00:00Z/11"
44697,337,set_statement,Done,,,Q110512124,"Q110512124|P921|Q140783707|S248|Q50817797|S854|""https://joss.theoj.org/papers/10.21105/joss.03068.json""|S813|+2026-06-18T00:00:00Z/11"
44697,338,set_statement,Done,,,Q113307704,"Q113307704|P921|Q140783712|S248|Q50817797|S854|""https://joss.theoj.org/papers/10.21105/joss.01844.json""|S813|+2026-06-18T00:00:00Z/11"
44697,339,set_statement,Done,,,Q113308227,"Q113308227|P921|Q140783713|S248|Q50817797|S854|""https://joss.theoj.org/papers/10.21105/joss.00413.json""|S813|+2026-06-18T00:00:00Z/11"
44697,340,set_statement,Done,,,Q140616978,"Q140616978|P921|Q140783721|S248|Q50817797|S854|""https://joss.theoj.org/papers/10.21105/joss.08113.json""|S813|+2026-06-18T00:00:00Z/11"
44697,341,set_statement,Done,,,Q113308261,"Q113308261|P921|Q140783730|S248|Q50817797|S854|""https://joss.theoj.org/papers/10.21105/joss.00257.json""|S813|+2026-06-18T00:00:00Z/11"
44697,342,set_statement,Done,,,Q113307121,"Q113307121|P921|Q140783731|S248|Q50817797|S854|""https://joss.theoj.org/papers/10.21105/joss.03611.json""|S813|+2026-06-18T00:00:00Z/11"
44697,343,set_statement,Done,,,Q57088985,"Q57088985|P921|Q140783735|S248|Q50817797|S854|""https://joss.theoj.org/papers/10.21105/joss.00380.json""|S813|+2026-06-18T00:00:00Z/11"
44697,344,set_statement,Done,,,Q113307444,"Q113307444|P921|Q140783736|S248|Q50817797|S854|""https://joss.theoj.org/papers/10.21105/joss.02528.json""|S813|+2026-06-18T00:00:00Z/11"
44697,345,set_statement,Done,,,Q113307943,"Q113307943|P921|Q140783740|S248|Q50817797|S854|""https://joss.theoj.org/papers/10.21105/joss.01182.json""|S813|+2026-06-18T00:00:00Z/11"
44697,346,set_statement,Done,,,Q113307849,"Q113307849|P921|Q140783743|S248|Q50817797|S854|""https://joss.theoj.org/papers/10.21105/joss.01420.json""|S813|+2026-06-18T00:00:00Z/11"
44697,347,set_statement,Done,,,Q113307231,"Q113307231|P921|Q140783744|S248|Q50817797|S854|""https://joss.theoj.org/papers/10.21105/joss.03358.json""|S813|+2026-06-18T00:00:00Z/11"
44697,348,set_statement,Done,,,Q97667626,"Q97667626|P921|Q140783754|S248|Q50817797|S854|""https://joss.theoj.org/papers/10.21105/joss.01797.json""|S813|+2026-06-18T00:00:00Z/11"
44697,349,set_statement,Done,,,Q113227897,"Q113227897|P921|Q140783764|S248|Q50817797|S854|""https://joss.theoj.org/papers/10.21105/joss.01330.json""|S813|+2026-06-18T00:00:00Z/11"
44697,350,set_statement,Done,,,Q113308138,"Q113308138|P921|Q140783765|S248|Q50817797|S854|""https://joss.theoj.org/papers/10.21105/joss.00671.json""|S813|+2026-06-18T00:00:00Z/11"
44697,351,set_statement,Done,,,Q111899529,"Q111899529|P921|Q140783769|S248|Q50817797|S854|""https://joss.theoj.org/papers/10.21105/joss.04031.json""|S813|+2026-06-18T00:00:00Z/11"
44697,352,set_statement,Done,,,Q98293233,"Q98293233|P921|Q140783776|S248|Q50817797|S854|""https://joss.theoj.org/papers/10.21105/joss.01294.json""|S813|+2026-06-18T00:00:00Z/11"
44697,353,set_statement,Done,,,Q113307650,"Q113307650|P921|Q140783780|S248|Q50817797|S854|""https://joss.theoj.org/papers/10.21105/joss.02018.json""|S813|+2026-06-18T00:00:00Z/11"
44697,354,set_statement,Done,,,Q113307472,"Q113307472|P921|Q140783781|S248|Q50817797|S854|""https://joss.theoj.org/papers/10.21105/joss.02472.json""|S813|+2026-06-18T00:00:00Z/11"
44697,355,set_statement,Done,,,Q111899305,"Q111899305|P921|Q140783784|S248|Q50817797|S854|""https://joss.theoj.org/papers/10.21105/joss.03458.json""|S813|+2026-06-18T00:00:00Z/11"
44697,356,set_statement,Done,,,Q113307656,"Q113307656|P921|Q140783787|S248|Q50817797|S854|""https://joss.theoj.org/papers/10.21105/joss.02006.json""|S813|+2026-06-18T00:00:00Z/11"
44697,357,set_statement,Done,,,Q113227708,"Q113227708|P921|Q140783788|S248|Q50817797|S854|""https://joss.theoj.org/papers/10.21105/joss.02809.json""|S813|+2026-06-18T00:00:00Z/11"
44697,358,set_statement,Done,,,Q113308304,"Q113308304|P921|Q140783789|S248|Q50817797|S854|""https://joss.theoj.org/papers/10.21105/joss.00135.json""|S813|+2026-06-18T00:00:00Z/11"
44697,359,set_statement,Done,,,Q113227610,"Q113227610|P921|Q140783790|S248|Q50817797|S854|""https://joss.theoj.org/papers/10.21105/joss.03859.json""|S813|+2026-06-18T00:00:00Z/11"
44697,360,set_statement,Done,,,Q113227946,"Q113227946|P921|Q140783791|S248|Q50817797|S854|""https://joss.theoj.org/papers/10.21105/joss.00925.json""|S813|+2026-06-18T00:00:00Z/11"
44697,361,set_statement,Done,,,Q113307368,"Q113307368|P921|Q140783792|S248|Q50817797|S854|""https://joss.theoj.org/papers/10.21105/joss.02782.json""|S813|+2026-06-18T00:00:00Z/11"
44697,362,set_statement,Done,,,Q113307337,"Q113307337|P921|Q140783793|S248|Q50817797|S854|""https://joss.theoj.org/papers/10.21105/joss.02892.json""|S813|+2026-06-18T00:00:00Z/11"
44697,363,set_statement,Done,,,Q113227705,"Q113227705|P921|Q140783794|S248|Q50817797|S854|""https://joss.theoj.org/papers/10.21105/joss.02818.json""|S813|+2026-06-18T00:00:00Z/11"
44697,364,set_statement,Done,,,Q113307354,"Q113307354|P921|Q140783795|S248|Q50817797|S854|""https://joss.theoj.org/papers/10.21105/joss.02838.json""|S813|+2026-06-18T00:00:00Z/11"
44697,365,set_statement,Done,,,Q113308086,"Q113308086|P921|Q140783796|S248|Q50817797|S854|""https://joss.theoj.org/papers/10.21105/joss.00830.json""|S813|+2026-06-18T00:00:00Z/11"
44697,366,set_statement,Done,,,Q113307073,"Q113307073|P921|Q140783797|S248|Q50817797|S854|""https://joss.theoj.org/papers/10.21105/joss.03652.json""|S813|+2026-06-18T00:00:00Z/11"
44697,367,set_statement,Done,,,Q113307024,"Q113307024|P921|Q140783798|S248|Q50817797|S854|""https://joss.theoj.org/papers/10.21105/joss.03766.json""|S813|+2026-06-18T00:00:00Z/11"
44697,368,set_statement,Done,,,Q89985379,"Q89985379|P921|Q140783799|S248|Q50817797|S854|""https://joss.theoj.org/papers/10.21105/joss.01532.json""|S813|+2026-06-18T00:00:00Z/11"
44697,369,set_statement,Done,,,Q113307718,"Q113307718|P921|Q140783800|S248|Q50817797|S854|""https://joss.theoj.org/papers/10.21105/joss.01812.json""|S813|+2026-06-18T00:00:00Z/11"
44697,370,set_statement,Done,,,Q59695983,"Q59695983|P921|Q140783807|S248|Q50817797|S854|""https://joss.theoj.org/papers/10.21105/joss.00179.json""|S813|+2026-06-18T00:00:00Z/11"
44697,371,set_statement,Done,,,Q113227647,"Q113227647|P921|Q140783809|S248|Q50817797|S854|""https://joss.theoj.org/papers/10.21105/joss.03434.json""|S813|+2026-06-18T00:00:00Z/11"
44697,372,set_statement,Done,,,Q113308041,"Q113308041|P921|Q140783810|S248|Q50817797|S854|""https://joss.theoj.org/papers/10.21105/joss.00979.json""|S813|+2026-06-18T00:00:00Z/11"
44697,373,set_statement,Done,,,Q113227686,"Q113227686|P921|Q140783813|S248|Q50817797|S854|""https://joss.theoj.org/papers/10.21105/joss.03065.json""|S813|+2026-06-18T00:00:00Z/11"
44697,374,set_statement,Done,,,Q108784878,"Q108784878|P921|Q140783815|S248|Q50817797|S854|""https://joss.theoj.org/papers/10.21105/joss.00301.json""|S813|+2026-06-18T00:00:00Z/11"
44697,375,set_statement,Done,,,Q113307413,"Q113307413|P921|Q140783825|S248|Q50817797|S854|""https://joss.theoj.org/papers/10.21105/joss.02641.json""|S813|+2026-06-18T00:00:00Z/11"
44697,376,set_statement,Done,,,Q113227704,"Q113227704|P921|Q140783828|S248|Q50817797|S854|""https://joss.theoj.org/papers/10.21105/joss.02823.json""|S813|+2026-06-18T00:00:00Z/11"
44697,377,set_statement,Done,,,Q113308316,"Q113308316|P921|Q140783829|S248|Q50817797|S854|""https://joss.theoj.org/papers/10.21105/joss.00091.json""|S813|+2026-06-18T00:00:00Z/11"
44697,378,set_statement,Done,,,Q113308141,"Q113308141|P921|Q140783831|S248|Q50817797|S854|""https://joss.theoj.org/papers/10.21105/joss.00667.json""|S813|+2026-06-18T00:00:00Z/11"
44697,379,set_statement,Done,,,Q113307376,"Q113307376|P921|Q140783832|S248|Q50817797|S854|""https://joss.theoj.org/papers/10.21105/joss.02750.json""|S813|+2026-06-18T00:00:00Z/11"
44697,380,set_statement,Done,,,Q113306782,"Q113306782|P921|Q140783833|S248|Q50817797|S854|""https://joss.theoj.org/papers/10.21105/joss.03965.json""|S813|+2026-06-18T00:00:00Z/11"
44697,381,set_statement,Done,,,Q113227797,"Q113227797|P921|Q140783852|S248|Q50817797|S854|""https://joss.theoj.org/papers/10.21105/joss.02060.json""|S813|+2026-06-18T00:00:00Z/11"
44697,382,set_statement,Done,,,Q137166561,"Q137166561|P921|Q140783854|S248|Q50817797|S854|""https://joss.theoj.org/papers/10.21105/joss.03700.json""|S813|+2026-06-18T00:00:00Z/11"
44697,383,set_statement,Done,,,Q113227837,"Q113227837|P921|Q140783855|S248|Q50817797|S854|""https://joss.theoj.org/papers/10.21105/joss.01800.json""|S813|+2026-06-18T00:00:00Z/11"
44697,384,set_statement,Done,,,Q113308208,"Q113308208|P921|Q140783858|S248|Q50817797|S854|""https://joss.theoj.org/papers/10.21105/joss.00473.json""|S813|+2026-06-18T00:00:00Z/11"
44697,385,set_statement,Done,,,Q113307706,"Q113307706|P921|Q140783862|S248|Q50817797|S854|""https://joss.theoj.org/papers/10.21105/joss.01839.json""|S813|+2026-06-18T00:00:00Z/11"
44697,386,set_statement,Done,,,Q113307286,"Q113307286|P921|Q140783866|S248|Q50817797|S854|""https://joss.theoj.org/papers/10.21105/joss.03078.json""|S813|+2026-06-18T00:00:00Z/11"
44697,387,set_statement,Done,,,Q111900731,"Q111900731|P921|Q140783867|S248|Q50817797|S854|""https://joss.theoj.org/papers/10.21105/joss.03947.json""|S813|+2026-06-18T00:00:00Z/11"
44697,388,set_statement,Done,,,Q113306871,"Q113306871|P921|Q140783868|S248|Q50817797|S854|""https://joss.theoj.org/papers/10.21105/joss.03901.json""|S813|+2026-06-18T00:00:00Z/11"
44697,389,set_statement,Done,,,Q113227772,"Q113227772|P921|Q140783870|S248|Q50817797|S854|""https://joss.theoj.org/papers/10.21105/joss.02316.json""|S813|+2026-06-18T00:00:00Z/11"
44697,390,set_statement,Done,,,Q113227691,"Q113227691|P921|Q140783875|S248|Q50817797|S854|""https://joss.theoj.org/papers/10.21105/joss.02975.json""|S813|+2026-06-18T00:00:00Z/11"
44697,391,set_statement,Done,,,Q113308285,"Q113308285|P921|Q140783880|S248|Q50817797|S854|""https://joss.theoj.org/papers/10.21105/joss.00190.json""|S813|+2026-06-18T00:00:00Z/11"
44697,392,set_statement,Done,,,Q135439124,"Q135439124|P921|Q140783884|S248|Q50817797|S854|""https://joss.theoj.org/papers/10.21105/joss.05996.json""|S813|+2026-06-18T00:00:00Z/11"
44697,393,set_statement,Done,,,Q113227685,"Q113227685|P921|Q140783885|S248|Q50817797|S854|""https://joss.theoj.org/papers/10.21105/joss.03066.json""|S813|+2026-06-18T00:00:00Z/11"
44697,394,set_statement,Done,,,Q129226015,"Q129226015|P921|Q140783886|S248|Q50817797|S854|""https://joss.theoj.org/papers/10.21105/joss.03990.json""|S813|+2026-06-18T00:00:00Z/11"
44697,395,set_statement,Done,,,Q113227969,"Q113227969|P921|Q140783891|S248|Q50817797|S854|""https://joss.theoj.org/papers/10.21105/joss.00695.json""|S813|+2026-06-18T00:00:00Z/11"
44697,396,set_statement,Done,,,Q113227842,"Q113227842|P921|Q140783893|S248|Q50817797|S854|""https://joss.theoj.org/papers/10.21105/joss.01775.json""|S813|+2026-06-18T00:00:00Z/11"
44697,397,set_statement,Done,,,Q113307927,"Q113307927|P921|Q140783894|S248|Q50817797|S854|""https://joss.theoj.org/papers/10.21105/joss.01207.json""|S813|+2026-06-18T00:00:00Z/11"
44697,398,set_statement,Done,,,Q109620880,"Q109620880|P921|Q140783895|S248|Q50817797|S854|""https://joss.theoj.org/papers/10.21105/joss.01392.json""|S813|+2026-06-18T00:00:00Z/11"
44697,399,set_statement,Done,,,Q113227891,"Q113227891|P921|Q140783896|S248|Q50817797|S854|""https://joss.theoj.org/papers/10.21105/joss.01390.json""|S813|+2026-06-18T00:00:00Z/11"
44697,400,set_statement,Done,,,Q113307782,"Q113307782|P921|Q140783897|S248|Q50817797|S854|""https://joss.theoj.org/papers/10.21105/joss.01611.json""|S813|+2026-06-18T00:00:00Z/11"
44697,401,set_statement,Done,,,Q113307492,"Q113307492|P921|Q140783898|S248|Q50817797|S854|""https://joss.theoj.org/papers/10.21105/joss.02432.json""|S813|+2026-06-18T00:00:00Z/11"
44697,402,set_statement,Done,,,Q113227992,"Q113227992|P921|Q140783899|S248|Q50817797|S854|""https://joss.theoj.org/papers/10.21105/joss.00247.json""|S813|+2026-06-18T00:00:00Z/11"
44697,403,set_statement,Done,,,Q113308275,"Q113308275|P921|Q140783900|S248|Q50817797|S854|""https://joss.theoj.org/papers/10.21105/joss.00217.json""|S813|+2026-06-18T00:00:00Z/11"
44697,404,set_statement,Done,,,Q111897281,"Q111897281|P921|Q140783901|S248|Q50817797|S854|""https://joss.theoj.org/papers/10.21105/joss.03193.json""|S813|+2026-06-18T00:00:00Z/11"
44697,405,set_statement,Done,,,Q113227968,"Q113227968|P921|Q140783902|S248|Q50817797|S854|""https://joss.theoj.org/papers/10.21105/joss.00710.json""|S813|+2026-06-18T00:00:00Z/11"
44697,406,set_statement,Done,,,Q113308048,"Q113308048|P921|Q140783903|S248|Q50817797|S854|""https://joss.theoj.org/papers/10.21105/joss.00960.json""|S813|+2026-06-18T00:00:00Z/11"
44697,407,set_statement,Done,,,Q113307735,"Q113307735|P921|Q140783904|S248|Q50817797|S854|""https://joss.theoj.org/papers/10.21105/joss.01756.json""|S813|+2026-06-18T00:00:00Z/11"
44697,408,set_statement,Done,,,Q113307720,"Q113307720|P921|Q140783905|S248|Q50817797|S854|""https://joss.theoj.org/papers/10.21105/joss.01809.json""|S813|+2026-06-18T00:00:00Z/11"
44697,409,set_statement,Done,,,Q113302385,"Q113302385|P921|Q140783906|S248|Q50817797|S854|""https://joss.theoj.org/papers/10.21105/joss.04451.json""|S813|+2026-06-18T00:00:00Z/11"
44697,410,set_statement,Done,,,Q118141832,"Q118141832|P921|Q140783907|S248|Q50817797|S854|""https://joss.theoj.org/papers/10.21105/joss.04404.json""|S813|+2026-06-18T00:00:00Z/11"
44697,411,set_statement,Done,,,Q125126567,"Q125126567|P921|Q140783910|S248|Q50817797|S854|""https://joss.theoj.org/papers/10.21105/joss.05605.json""|S813|+2026-06-18T00:00:00Z/11"
44697,412,set_statement,Done,,,Q121141708,"Q121141708|P921|Q140783919|S248|Q50817797|S854|""https://joss.theoj.org/papers/10.21105/joss.03329.json""|S813|+2026-06-18T00:00:00Z/11"
44697,413,set_statement,Done,,,Q113307196,"Q113307196|P921|Q131362362|S248|Q50817797|S854|""https://joss.theoj.org/papers/10.21105/joss.03457.json""|S813|+2026-06-18T00:00:00Z/11"
44697,414,set_statement,Done,,,Q110512109,"Q110512109|P921|Q140783931|S248|Q50817797|S854|""https://joss.theoj.org/papers/10.21105/joss.01513.json""|S813|+2026-06-18T00:00:00Z/11"
44697,415,set_statement,Done,,,Q58064895,"Q58064895|P921|Q140783934|S248|Q50817797|S854|""https://joss.theoj.org/papers/10.21105/joss.00282.json""|S813|+2026-06-18T00:00:00Z/11"
44697,416,set_statement,Done,,,Q113308184,"Q113308184|P921|Q140783936|S248|Q50817797|S854|""https://joss.theoj.org/papers/10.21105/joss.00556.json""|S813|+2026-06-18T00:00:00Z/11"
44697,417,set_statement,Done,,,Q113308311,"Q113308311|P921|Q140783937|S248|Q50817797|S854|""https://joss.theoj.org/papers/10.21105/joss.00103.json""|S813|+2026-06-18T00:00:00Z/11"
44697,418,set_statement,Done,,,Q113308330,"Q113308330|P921|Q140783940|S248|Q50817797|S854|""https://joss.theoj.org/papers/10.21105/joss.00042.json""|S813|+2026-06-18T00:00:00Z/11"
44697,419,set_statement,Done,,,Q111514876,"Q111514876|P921|Q140783942|S248|Q50817797|S854|""https://joss.theoj.org/papers/10.21105/joss.03710.json""|S813|+2026-06-18T00:00:00Z/11"
44697,420,set_statement,Done,,,Q92737037,"Q92737037|P921|Q140783949|S248|Q50817797|S854|""https://joss.theoj.org/papers/10.21105/joss.00989.json""|S813|+2026-06-18T00:00:00Z/11"
44697,421,set_statement,Done,,,Q113227702,"Q113227702|P921|Q140783951|S248|Q50817797|S854|""https://joss.theoj.org/papers/10.21105/joss.02828.json""|S813|+2026-06-18T00:00:00Z/11"
44697,422,set_statement,Done,,,Q113308305,"Q113308305|P921|Q140783953|S248|Q50817797|S854|""https://joss.theoj.org/papers/10.21105/joss.00133.json""|S813|+2026-06-18T00:00:00Z/11"
44697,423,set_statement,Done,,,Q113227723,"Q113227723|P921|Q140783954|S248|Q50817797|S854|""https://joss.theoj.org/papers/10.21105/joss.02646.json""|S813|+2026-06-18T00:00:00Z/11"
44697,424,set_statement,Done,,,Q110512113,"Q110512113|P921|Q140783955|S248|Q50817797|S854|""https://joss.theoj.org/papers/10.21105/joss.01989.json""|S813|+2026-06-18T00:00:00Z/11"
44697,425,set_statement,Done,,,Q110864569,"Q110864569|P921|Q140783957|S248|Q50817797|S854|""https://joss.theoj.org/papers/10.21105/joss.00350.json""|S813|+2026-06-18T00:00:00Z/11"
44697,426,set_statement,Done,,,Q139670708,"Q139670708|P921|Q140783958|S248|Q50817797|S854|""https://joss.theoj.org/papers/10.21105/joss.05240.json""|S813|+2026-06-18T00:00:00Z/11"
44697,427,set_statement,Done,,,Q131387985,"Q131387985|P921|Q140783888|S248|Q50817797|S854|""https://joss.theoj.org/papers/10.21105/joss.05570.json""|S813|+2026-06-18T00:00:00Z/11"
44697,428,set_statement,Done,,,Q112771418,"Q112771418|P921|Q140783962|S248|Q50817797|S854|""https://joss.theoj.org/papers/10.21105/joss.02376.json""|S813|+2026-06-18T00:00:00Z/11"
44697,429,set_statement,Done,,,Q113307300,"Q113307300|P921|Q140783963|S248|Q50817797|S854|""https://joss.theoj.org/papers/10.21105/joss.03054.json""|S813|+2026-06-18T00:00:00Z/11"
44697,430,set_statement,Done,,,Q113227633,"Q113227633|P921|Q140783965|S248|Q50817797|S854|""https://joss.theoj.org/papers/10.21105/joss.03617.json""|S813|+2026-06-18T00:00:00Z/11"
44697,431,set_statement,Done,,,Q113227801,"Q113227801|P921|Q140783966|S248|Q50817797|S854|""https://joss.theoj.org/papers/10.21105/joss.02042.json""|S813|+2026-06-18T00:00:00Z/11"
44697,432,set_statement,Done,,,Q110511602,"Q110511602|P921|Q140783969|S248|Q50817797|S854|""https://joss.theoj.org/papers/10.21105/joss.00588.json""|S813|+2026-06-18T00:00:00Z/11"
44697,433,set_statement,Done,,,Q111898572,"Q111898572|P921|Q140783972|S248|Q50817797|S854|""https://joss.theoj.org/papers/10.21105/joss.01661.json""|S813|+2026-06-18T00:00:00Z/11"
44697,434,set_statement,Done,,,Q113306460,"Q113306460|P921|Q140783975|S248|Q50817797|S854|""https://joss.theoj.org/papers/10.21105/joss.04166.json""|S813|+2026-06-18T00:00:00Z/11"
44697,435,set_statement,Done,,,Q113308033,"Q113308033|P921|Q140783976|S248|Q50817797|S854|""https://joss.theoj.org/papers/10.21105/joss.01015.json""|S813|+2026-06-18T00:00:00Z/11"
44697,436,set_statement,Done,,,Q113227885,"Q113227885|P921|Q140783980|S248|Q50817797|S854|""https://joss.theoj.org/papers/10.21105/joss.01417.json""|S813|+2026-06-18T00:00:00Z/11"
44697,437,set_statement,Done,,,Q113306416,"Q113306416|P921|Q140783982|S248|Q50817797|S854|""https://joss.theoj.org/papers/10.21105/joss.04200.json""|S813|+2026-06-18T00:00:00Z/11"
44697,438,set_statement,Done,,,Q113308103,"Q113308103|P921|Q140783983|S248|Q50817797|S854|""https://joss.theoj.org/papers/10.21105/joss.00786.json""|S813|+2026-06-18T00:00:00Z/11"
44697,439,set_statement,Done,,,Q113307738,"Q113307738|P921|Q140783984|S248|Q50817797|S854|""https://joss.theoj.org/papers/10.21105/joss.01746.json""|S813|+2026-06-18T00:00:00Z/11"
44697,440,set_statement,Done,,,Q113307486,"Q113307486|P921|Q140783985|S248|Q50817797|S854|""https://joss.theoj.org/papers/10.21105/joss.02445.json""|S813|+2026-06-18T00:00:00Z/11"
44697,441,set_statement,Done,,,Q113307987,"Q113307987|P921|Q140783986|S248|Q50817797|S854|""https://joss.theoj.org/papers/10.21105/joss.01082.json""|S813|+2026-06-18T00:00:00Z/11"
44697,442,set_statement,Done,,,Q113227960,"Q113227960|P921|Q140783990|S248|Q50817797|S854|""https://joss.theoj.org/papers/10.21105/joss.00787.json""|S813|+2026-06-18T00:00:00Z/11"
44697,443,set_statement,Done,,,Q113227996,"Q113227996|P921|Q140783991|S248|Q50817797|S854|""https://joss.theoj.org/papers/10.21105/joss.00142.json""|S813|+2026-06-18T00:00:00Z/11"
44697,444,set_statement,Done,,,Q113227983,"Q113227983|P921|Q140783992|S248|Q50817797|S854|""https://joss.theoj.org/papers/10.21105/joss.00384.json""|S813|+2026-06-18T00:00:00Z/11"
44697,445,set_statement,Done,,,Q111897823,"Q111897823|P921|Q140783993|S248|Q50817797|S854|""https://joss.theoj.org/papers/10.21105/joss.00475.json""|S813|+2026-06-18T00:00:00Z/11"
44697,446,set_statement,Done,,,Q113307357,"Q113307357|P921|Q140783994|S248|Q50817797|S854|""https://joss.theoj.org/papers/10.21105/joss.02824.json""|S813|+2026-06-18T00:00:00Z/11"
44697,447,set_statement,Done,,,Q113307321,"Q113307321|P921|Q140783995|S248|Q50817797|S854|""https://joss.theoj.org/papers/10.21105/joss.02992.json""|S813|+2026-06-18T00:00:00Z/11"
44697,448,set_statement,Done,,,Q113227606,"Q113227606|P921|Q140783996|S248|Q50817797|S854|""https://joss.theoj.org/papers/10.21105/joss.03864.json""|S813|+2026-06-18T00:00:00Z/11"
44697,449,set_statement,Done,,,Q96155957,"Q96155957|P921|Q140783997|S248|Q50817797|S854|""https://joss.theoj.org/papers/10.21105/joss.01520.json""|S813|+2026-06-18T00:00:00Z/11"
44697,450,set_statement,Done,,,Q113307900,"Q113307900|P921|Q140783998|S248|Q50817797|S854|""https://joss.theoj.org/papers/10.21105/joss.01256.json""|S813|+2026-06-18T00:00:00Z/11"
44697,451,set_statement,Done,,,Q113307719,"Q113307719|P921|Q140783999|S248|Q50817797|S854|""https://joss.theoj.org/papers/10.21105/joss.01811.json""|S813|+2026-06-18T00:00:00Z/11"
44697,452,set_statement,Done,,,Q113307478,"Q113307478|P921|Q140784000|S248|Q50817797|S854|""https://joss.theoj.org/papers/10.21105/joss.02462.json""|S813|+2026-06-18T00:00:00Z/11"
44697,453,set_statement,Done,,,Q113307515,"Q113307515|P921|Q140784001|S248|Q50817797|S854|""https://joss.theoj.org/papers/10.21105/joss.02402.json""|S813|+2026-06-18T00:00:00Z/11"
44697,454,set_statement,Done,,,Q113227643,"Q113227643|P921|Q140784002|S248|Q50817797|S854|""https://joss.theoj.org/papers/10.21105/joss.03484.json""|S813|+2026-06-18T00:00:00Z/11"
44697,455,set_statement,Done,,,Q113307997,"Q113307997|P921|Q140784005|S248|Q50817797|S854|""https://joss.theoj.org/papers/10.21105/joss.01071.json""|S813|+2026-06-18T00:00:00Z/11"
44697,456,set_statement,Done,,,Q113308242,"Q113308242|P921|Q140784008|S248|Q50817797|S854|""https://joss.theoj.org/papers/10.21105/joss.00360.json""|S813|+2026-06-18T00:00:00Z/11"
44697,457,set_statement,Done,,,Q113308226,"Q113308226|P921|Q140784017|S248|Q50817797|S854|""https://joss.theoj.org/papers/10.21105/joss.00417.json""|S813|+2026-06-18T00:00:00Z/11"
44697,458,set_statement,Done,,,Q115731805,"Q115731805|P921|Q140784018|S248|Q50817797|S854|""https://joss.theoj.org/papers/10.21105/joss.04115.json""|S813|+2026-06-18T00:00:00Z/11"
44697,459,set_statement,Done,,,Q111932966,"Q111932966|P921|Q140784020|S248|Q50817797|S854|""https://joss.theoj.org/papers/10.21105/joss.02721.json""|S813|+2026-06-18T00:00:00Z/11"
44697,460,set_statement,Done,,,Q113308186,"Q113308186|P921|Q140784022|S248|Q50817797|S854|""https://joss.theoj.org/papers/10.21105/joss.00548.json""|S813|+2026-06-18T00:00:00Z/11"
44697,461,set_statement,Done,,,Q113307692,"Q113307692|P921|Q140784023|S248|Q50817797|S854|""https://joss.theoj.org/papers/10.21105/joss.01880.json""|S813|+2026-06-18T00:00:00Z/11"
44697,462,set_statement,Done,,,Q113307032,"Q113307032|P921|Q140784045|S248|Q50817797|S854|""https://joss.theoj.org/papers/10.21105/joss.03733.json""|S813|+2026-06-18T00:00:00Z/11"
44697,463,set_statement,Done,,,Q63411091,"Q63411091|P921|Q140784051|S248|Q50817797|S854|""https://joss.theoj.org/papers/10.21105/joss.01265.json""|S813|+2026-06-18T00:00:00Z/11"
44697,464,set_statement,Done,,,Q113227859,"Q113227859|P921|Q140784052|S248|Q50817797|S854|""https://joss.theoj.org/papers/10.21105/joss.01663.json""|S813|+2026-06-18T00:00:00Z/11"
44697,465,set_statement,Done,,,Q140465040,"Q140465040|P921|Q140784054|S248|Q50817797|S854|""https://joss.theoj.org/papers/10.21105/joss.08145.json""|S813|+2026-06-18T00:00:00Z/11"
44697,466,set_statement,Done,,,Q113307431,"Q113307431|P921|Q140784056|S248|Q50817797|S854|""https://joss.theoj.org/papers/10.21105/joss.02578.json""|S813|+2026-06-18T00:00:00Z/11"
44697,467,set_statement,Done,,,Q113227951,"Q113227951|P921|Q140784058|S248|Q50817797|S854|""https://joss.theoj.org/papers/10.21105/joss.00876.json""|S813|+2026-06-18T00:00:00Z/11"
44697,468,set_statement,Done,,,Q113227627,"Q113227627|P921|Q140784061|S248|Q50817797|S854|""https://joss.theoj.org/papers/10.21105/joss.03653.json""|S813|+2026-06-18T00:00:00Z/11"
44697,469,set_statement,Done,,,Q113227979,"Q113227979|P921|Q140784063|S248|Q50817797|S854|""https://joss.theoj.org/papers/10.21105/joss.00431.json""|S813|+2026-06-18T00:00:00Z/11"
44697,470,set_statement,Done,,,Q113306973,"Q113306973|P921|Q140784067|S248|Q50817797|S854|""https://joss.theoj.org/papers/10.21105/joss.03827.json""|S813|+2026-06-18T00:00:00Z/11"
44697,471,set_statement,Done,,,Q113308142,"Q113308142|P921|Q140784071|S248|Q50817797|S854|""https://joss.theoj.org/papers/10.21105/joss.00661.json""|S813|+2026-06-18T00:00:00Z/11"
44697,472,set_statement,Done,,,Q113307533,"Q113307533|P921|Q140784072|S248|Q50817797|S854|""https://joss.theoj.org/papers/10.21105/joss.02347.json""|S813|+2026-06-18T00:00:00Z/11"
44697,473,set_statement,Done,,,Q113307046,"Q113307046|P921|Q140784074|S248|Q50817797|S854|""https://joss.theoj.org/papers/10.21105/joss.03677.json""|S813|+2026-06-18T00:00:00Z/11"
44697,474,set_statement,Done,,,Q110512117,"Q110512117|P921|Q140784075|S248|Q50817797|S854|""https://joss.theoj.org/papers/10.21105/joss.02185.json""|S813|+2026-06-18T00:00:00Z/11"
44697,475,set_statement,Done,,,Q113227849,"Q113227849|P921|Q140784076|S248|Q50817797|S854|""https://joss.theoj.org/papers/10.21105/joss.01731.json""|S813|+2026-06-18T00:00:00Z/11"
44697,476,set_statement,Done,,,Q113307529,"Q113307529|P921|Q28974929|S248|Q50817797|S854|""https://joss.theoj.org/papers/10.21105/joss.02352.json""|S813|+2026-06-18T00:00:00Z/11"
44697,477,set_statement,Done,,,Q113227551,"Q113227551|P921|Q140784079|S248|Q50817797|S854|""https://joss.theoj.org/papers/10.21105/joss.04364.json""|S813|+2026-06-18T00:00:00Z/11"
44697,478,set_statement,Done,,,Q113308290,"Q113308290|P921|Q140784080|S248|Q50817797|S854|""https://joss.theoj.org/papers/10.21105/joss.00171.json""|S813|+2026-06-18T00:00:00Z/11"
44697,479,set_statement,Done,,,Q119697059,"Q119697059|P921|Q140784082|S248|Q50817797|S854|""https://joss.theoj.org/papers/10.21105/joss.04774.json""|S813|+2026-06-18T00:00:00Z/11"
44697,480,set_statement,Done,,,Q113307292,"Q113307292|P921|Q140784084|S248|Q50817797|S854|""https://joss.theoj.org/papers/10.21105/joss.03073.json""|S813|+2026-06-18T00:00:00Z/11"
44697,481,set_statement,Done,,,Q113227673,"Q113227673|P921|Q140784085|S248|Q50817797|S854|""https://joss.theoj.org/papers/10.21105/joss.03145.json""|S813|+2026-06-18T00:00:00Z/11"
44697,482,set_statement,Done,,,Q99876079,"Q99876079|P921|Q120965915|S248|Q50817797|S854|""https://joss.theoj.org/papers/10.21105/joss.02272.json""|S813|+2026-06-18T00:00:00Z/11"
44697,483,set_statement,Done,,,Q122752004,"Q122752004|P921|Q107381483|S248|Q50817797|S854|""https://joss.theoj.org/papers/10.21105/joss.05495.json""|S813|+2026-06-18T00:00:00Z/11"
44697,484,set_statement,Done,,,Q58198404,"Q58198404|P921|Q140784087|S248|Q50817797|S854|""https://joss.theoj.org/papers/10.21105/joss.00860.json""|S813|+2026-06-18T00:00:00Z/11"
44697,485,set_statement,Done,,,Q57915006,"Q57915006|P921|Q140784089|S248|Q50817797|S854|""https://joss.theoj.org/papers/10.21105/joss.00433.json""|S813|+2026-06-18T00:00:00Z/11"
44697,486,set_statement,Done,,,Q113307832,"Q113307832|P921|Q107385554|S248|Q50817797|S854|""https://joss.theoj.org/papers/10.21105/joss.01450.json""|S813|+2026-06-18T00:00:00Z/11"
44697,487,set_statement,Done,,,Q113227602,"Q113227602|P921|Q107387246|S248|Q50817797|S854|""https://joss.theoj.org/papers/10.21105/joss.03897.json""|S813|+2026-06-18T00:00:00Z/11"
44697,488,set_statement,Done,,,Q111897952,"Q111897952|P921|Q140784092|S248|Q50817797|S854|""https://joss.theoj.org/papers/10.21105/joss.03349.json""|S813|+2026-06-18T00:00:00Z/11"
44697,489,set_statement,Done,,,Q111934922,"Q111934922|P921|Q140784094|S248|Q50817797|S854|""https://joss.theoj.org/papers/10.21105/joss.04061.json""|S813|+2026-06-18T00:00:00Z/11"
44697,490,set_statement,Done,,,Q113307077,"Q113307077|P921|Q140784095|S248|Q50817797|S854|""https://joss.theoj.org/papers/10.21105/joss.03651.json""|S813|+2026-06-18T00:00:00Z/11"
44697,491,set_statement,Done,,,Q110512125,"Q110512125|P921|Q140784096|S248|Q50817797|S854|""https://joss.theoj.org/papers/10.21105/joss.03296.json""|S813|+2026-06-18T00:00:00Z/11"
44697,492,set_statement,Done,,,Q113227718,"Q113227718|P921|Q140784098|S248|Q50817797|S854|""https://joss.theoj.org/papers/10.21105/joss.02693.json""|S813|+2026-06-18T00:00:00Z/11"
44697,493,set_statement,Done,,,Q113306542,"Q113306542|P921|Q140784105|S248|Q50817797|S854|""https://joss.theoj.org/papers/10.21105/joss.04100.json""|S813|+2026-06-18T00:00:00Z/11"
44697,494,set_statement,Done,,,Q113308331,"Q113308331|P921|Q140784113|S248|Q50817797|S854|""https://joss.theoj.org/papers/10.21105/joss.00041.json""|S813|+2026-06-18T00:00:00Z/11"
44697,495,set_statement,Done,,,Q129750465,"Q129750465|P921|Q140784114|S248|Q50817797|S854|""https://joss.theoj.org/papers/10.21105/joss.05903.json""|S813|+2026-06-18T00:00:00Z/11"
44697,496,set_statement,Done,,,Q113308333,"Q113308333|P921|Q140784117|S248|Q50817797|S854|""https://joss.theoj.org/papers/10.21105/joss.00038.json""|S813|+2026-06-18T00:00:00Z/11"
44697,497,set_statement,Done,,,Q113307426,"Q113307426|P921|Q140784118|S248|Q50817797|S854|""https://joss.theoj.org/papers/10.21105/joss.02598.json""|S813|+2026-06-18T00:00:00Z/11"
44697,498,set_statement,Done,,,Q113308234,"Q113308234|P921|Q140784119|S248|Q50817797|S854|""https://joss.theoj.org/papers/10.21105/joss.00374.json""|S813|+2026-06-18T00:00:00Z/11"
44697,499,set_statement,Done,,,Q113307275,"Q113307275|P921|Q140784120|S248|Q50817797|S854|""https://joss.theoj.org/papers/10.21105/joss.03153.json""|S813|+2026-06-18T00:00:00Z/11"
44697,500,set_statement,Done,,,Q111936326,"Q111936326|P921|Q140784121|S248|Q50817797|S854|""https://joss.theoj.org/papers/10.21105/joss.03397.json""|S813|+2026-06-18T00:00:00Z/11"
44697,501,set_statement,Done,,,Q113227666,"Q113227666|P921|Q140784122|S248|Q50817797|S854|""https://joss.theoj.org/papers/10.21105/joss.03203.json""|S813|+2026-06-18T00:00:00Z/11"
44697,502,set_statement,Done,,,Q111901002,"Q111901002|P921|Q140784123|S248|Q50817797|S854|""https://joss.theoj.org/papers/10.21105/joss.03951.json""|S813|+2026-06-18T00:00:00Z/11"
44697,503,set_statement,Done,,,Q113307826,"Q113307826|P921|Q140784124|S248|Q50817797|S854|""https://joss.theoj.org/papers/10.21105/joss.01462.json""|S813|+2026-06-18T00:00:00Z/11"
44697,504,set_statement,Done,,,Q107904164,"Q107904164|P921|Q140784125|S248|Q50817797|S854|""https://joss.theoj.org/papers/10.21105/joss.01578.json""|S813|+2026-06-18T00:00:00Z/11"
44697,505,set_statement,Done,,,Q113307772,"Q113307772|P921|Q140784126|S248|Q50817797|S854|""https://joss.theoj.org/papers/10.21105/joss.01651.json""|S813|+2026-06-18T00:00:00Z/11"
44697,506,set_statement,Done,,,Q113227806,"Q113227806|P921|Q140784128|S248|Q50817797|S854|""https://joss.theoj.org/papers/10.21105/joss.01983.json""|S813|+2026-06-18T00:00:00Z/11"
44697,507,set_statement,Done,,,Q113227674,"Q113227674|P921|Q140784130|S248|Q50817797|S854|""https://joss.theoj.org/papers/10.21105/joss.03115.json""|S813|+2026-06-18T00:00:00Z/11"
44697,508,set_statement,Done,,,Q111899106,"Q111899106|P921|Q140784131|S248|Q50817797|S854|""https://joss.theoj.org/papers/10.21105/joss.02927.json""|S813|+2026-06-18T00:00:00Z/11"
44697,509,set_statement,Done,,,Q113307555,"Q113307555|P921|Q140784132|S248|Q50817797|S854|""https://joss.theoj.org/papers/10.21105/joss.02293.json""|S813|+2026-06-18T00:00:00Z/11"
44697,510,set_statement,Done,,,Q113307941,"Q113307941|P921|Q140784133|S248|Q50817797|S854|""https://joss.theoj.org/papers/10.21105/joss.01185.json""|S813|+2026-06-18T00:00:00Z/11"
44697,511,set_statement,Done,,,Q61538316,"Q61538316|P921|Q140784136|S248|Q50817797|S854|""https://joss.theoj.org/papers/10.21105/joss.00426.json""|S813|+2026-06-18T00:00:00Z/11"
44697,512,set_statement,Done,,,Q113227625,"Q113227625|P921|Q140784139|S248|Q50817797|S854|""https://joss.theoj.org/papers/10.21105/joss.03666.json""|S813|+2026-06-18T00:00:00Z/11"
44697,513,set_statement,Done,,,Q113227754,"Q113227754|P921|Q140784141|S248|Q50817797|S854|""https://joss.theoj.org/papers/10.21105/joss.02412.json""|S813|+2026-06-18T00:00:00Z/11"
44697,514,set_statement,Done,,,Q113307485,"Q113307485|P921|Q140784145|S248|Q50817797|S854|""https://joss.theoj.org/papers/10.21105/joss.02447.json""|S813|+2026-06-18T00:00:00Z/11"
44697,515,set_statement,Done,,,Q113307226,"Q113307226|P921|Q140784149|S248|Q50817797|S854|""https://joss.theoj.org/papers/10.21105/joss.03389.json""|S813|+2026-06-18T00:00:00Z/11"
44697,516,set_statement,Done,,,Q59941556,"Q59941556|P921|Q140784150|S248|Q50817797|S854|""https://joss.theoj.org/papers/10.21105/joss.00973.json""|S813|+2026-06-18T00:00:00Z/11"
44697,517,set_statement,Done,,,Q113227954,"Q113227954|P921|Q140784151|S248|Q50817797|S854|""https://joss.theoj.org/papers/10.21105/joss.00855.json""|S813|+2026-06-18T00:00:00Z/11"
44697,518,set_statement,Done,,,Q62618377,"Q62618377|P921|Q140784153|S248|Q50817797|S854|""https://joss.theoj.org/papers/10.21105/joss.01210.json""|S813|+2026-06-18T00:00:00Z/11"
44697,519,set_statement,Done,,,Q90644525,"Q90644525|P921|Q140784154|S248|Q50817797|S854|""https://joss.theoj.org/papers/10.21105/joss.01629.json""|S813|+2026-06-18T00:00:00Z/11"
44697,520,set_statement,Done,,,Q111900377,"Q111900377|P921|Q140784155|S248|Q50817797|S854|""https://joss.theoj.org/papers/10.21105/joss.03418.json""|S813|+2026-06-18T00:00:00Z/11"
44697,521,set_statement,Done,,,Q106245566,"Q106245566|P921|Q140784156|S248|Q50817797|S854|""https://joss.theoj.org/papers/10.21105/joss.01870.json""|S813|+2026-06-18T00:00:00Z/11"
44697,522,set_statement,Done,,,Q113308049,"Q113308049|P921|Q140784157|S248|Q50817797|S854|""https://joss.theoj.org/papers/10.21105/joss.00957.json""|S813|+2026-06-18T00:00:00Z/11"
44697,523,set_statement,Done,,,Q137166576,"Q137166576|P921|Q140784158|S248|Q50817797|S854|""https://joss.theoj.org/papers/10.21105/joss.04817.json""|S813|+2026-06-18T00:00:00Z/11"
44697,524,set_statement,Done,,,Q113227871,"Q113227871|P921|Q140784160|S248|Q50817797|S854|""https://joss.theoj.org/papers/10.21105/joss.01570.json""|S813|+2026-06-18T00:00:00Z/11"
44697,525,set_statement,Done,,,Q112108939,"Q112108939|P921|Q140784161|S248|Q50817797|S854|""https://joss.theoj.org/papers/10.21105/joss.01414.json""|S813|+2026-06-18T00:00:00Z/11"
44697,526,set_statement,Done,,,Q57531423,"Q57531423|P921|Q140784162|S248|Q50817797|S854|""https://joss.theoj.org/papers/10.21105/joss.00118.json""|S813|+2026-06-18T00:00:00Z/11"
44697,527,set_statement,Done,,,Q113307733,"Q113307733|P921|Q140784163|S248|Q50817797|S854|""https://joss.theoj.org/papers/10.21105/joss.01761.json""|S813|+2026-06-18T00:00:00Z/11"
44697,528,set_statement,Done,,,Q113307291,"Q113307291|P921|Q140784164|S248|Q50817797|S854|""https://joss.theoj.org/papers/10.21105/joss.03074.json""|S813|+2026-06-18T00:00:00Z/11"
44697,529,set_statement,Done,,,Q113227811,"Q113227811|P921|Q140784165|S248|Q50817797|S854|""https://joss.theoj.org/papers/10.21105/joss.01958.json""|S813|+2026-06-18T00:00:00Z/11"
44697,530,set_statement,Done,,,Q113308175,"Q113308175|P921|Q140784166|S248|Q50817797|S854|""https://joss.theoj.org/papers/10.21105/joss.00584.json""|S813|+2026-06-18T00:00:00Z/11"
44697,531,set_statement,Done,,,Q113308289,"Q113308289|P921|Q140784167|S248|Q50817797|S854|""https://joss.theoj.org/papers/10.21105/joss.00172.json""|S813|+2026-06-18T00:00:00Z/11"
44697,532,set_statement,Done,,,Q113308057,"Q113308057|P921|Q140784169|S248|Q50817797|S854|""https://joss.theoj.org/papers/10.21105/joss.00927.json""|S813|+2026-06-18T00:00:00Z/11"
44697,533,set_statement,Done,,,Q130525173,"Q130525173|P921|Q140784173|S248|Q50817797|S854|""https://joss.theoj.org/papers/10.21105/joss.05206.json""|S813|+2026-06-18T00:00:00Z/11"
44697,534,set_statement,Done,,,Q57982492,"Q57982492|P921|Q140784178|S248|Q50817797|S854|""https://joss.theoj.org/papers/10.21105/joss.00087.json""|S813|+2026-06-18T00:00:00Z/11"
44697,535,set_statement,Done,,,Q97119316,"Q97119316|P921|Q140784179|S248|Q50817797|S854|""https://joss.theoj.org/papers/10.21105/joss.02232.json""|S813|+2026-06-18T00:00:00Z/11"
44697,536,set_statement,Done,,,Q113227622,"Q113227622|P921|Q140784180|S248|Q50817797|S854|""https://joss.theoj.org/papers/10.21105/joss.03695.json""|S813|+2026-06-18T00:00:00Z/11"
44697,537,set_statement,Done,,,Q113308050,"Q113308050|P921|Q140784182|S248|Q50817797|S854|""https://joss.theoj.org/papers/10.21105/joss.00955.json""|S813|+2026-06-18T00:00:00Z/11"
44697,538,set_statement,Done,,,Q113308114,"Q113308114|P921|Q140784190|S248|Q50817797|S854|""https://joss.theoj.org/papers/10.21105/joss.00747.json""|S813|+2026-06-18T00:00:00Z/11"
44697,539,set_statement,Done,,,Q113307722,"Q113307722|P921|Q140784193|S248|Q50817797|S854|""https://joss.theoj.org/papers/10.21105/joss.01807.json""|S813|+2026-06-18T00:00:00Z/11"
44697,540,set_statement,Done,,,Q137043066,"Q137043066|P921|Q140784198|S248|Q50817797|S854|""https://joss.theoj.org/papers/10.21105/joss.05415.json""|S813|+2026-06-18T00:00:00Z/11"
44697,541,set_statement,Done,,,Q90266622,"Q90266622|P921|Q140784200|S248|Q50817797|S854|""https://joss.theoj.org/papers/10.21105/joss.00934.json""|S813|+2026-06-18T00:00:00Z/11"
44697,542,set_statement,Done,,,Q113307773,"Q113307773|P921|Q140784202|S248|Q50817797|S854|""https://joss.theoj.org/papers/10.21105/joss.01642.json""|S813|+2026-06-18T00:00:00Z/11"
44697,543,set_statement,Done,,,Q113227796,"Q113227796|P921|Q140784203|S248|Q50817797|S854|""https://joss.theoj.org/papers/10.21105/joss.02072.json""|S813|+2026-06-18T00:00:00Z/11"
44697,544,set_statement,Done,,,Q59313737,"Q59313737|P921|Q140784207|S248|Q50817797|S854|""https://joss.theoj.org/papers/10.21105/joss.00035.json""|S813|+2026-06-18T00:00:00Z/11"
44697,545,set_statement,Done,,,Q111899386,"Q111899386|P921|Q140784209|S248|Q50817797|S854|""https://joss.theoj.org/papers/10.21105/joss.02379.json""|S813|+2026-06-18T00:00:00Z/11"
44697,546,set_statement,Done,,,Q113307414,"Q113307414|P921|Q140784210|S248|Q50817797|S854|""https://joss.theoj.org/papers/10.21105/joss.02638.json""|S813|+2026-06-18T00:00:00Z/11"
44697,547,set_statement,Done,,,Q113307135,"Q113307135|P921|Q140784211|S248|Q50817797|S854|""https://joss.theoj.org/papers/10.21105/joss.03605.json""|S813|+2026-06-18T00:00:00Z/11"
44697,548,set_statement,Done,,,Q113307950,"Q113307950|P921|Q140784212|S248|Q50817797|S854|""https://joss.theoj.org/papers/10.21105/joss.01168.json""|S813|+2026-06-18T00:00:00Z/11"
44697,549,set_statement,Done,,,Q113307174,"Q113307174|P921|Q140784213|S248|Q50817797|S854|""https://joss.theoj.org/papers/10.21105/joss.03538.json""|S813|+2026-06-18T00:00:00Z/11"
44697,550,set_statement,Done,,,Q113227617,"Q113227617|P921|Q140784221|S248|Q50817797|S854|""https://joss.theoj.org/papers/10.21105/joss.03740.json""|S813|+2026-06-18T00:00:00Z/11"
44697,551,set_statement,Done,,,Q113307980,"Q113307980|P921|Q140784227|S248|Q50817797|S854|""https://joss.theoj.org/papers/10.21105/joss.01107.json""|S813|+2026-06-18T00:00:00Z/11"
44697,552,set_statement,Done,,,Q113307498,"Q113307498|P921|Q140784232|S248|Q50817797|S854|""https://joss.theoj.org/papers/10.21105/joss.02431.json""|S813|+2026-06-18T00:00:00Z/11"
44697,553,set_statement,Done,,,Q111901125,"Q111901125|P921|Q140784236|S248|Q50817797|S854|""https://joss.theoj.org/papers/10.21105/joss.02855.json""|S813|+2026-06-18T00:00:00Z/11"
44697,554,set_statement,Done,,,Q113307777,"Q113307777|P921|Q140784243|S248|Q50817797|S854|""https://joss.theoj.org/papers/10.21105/joss.01631.json""|S813|+2026-06-18T00:00:00Z/11"
44697,555,set_statement,Done,,,Q113307582,"Q113307582|P921|Q140784245|S248|Q50817797|S854|""https://joss.theoj.org/papers/10.21105/joss.02260.json""|S813|+2026-06-18T00:00:00Z/11"
44697,556,set_statement,Done,,,Q113308309,"Q113308309|P921|Q140784247|S248|Q50817797|S854|""https://joss.theoj.org/papers/10.21105/joss.00111.json""|S813|+2026-06-18T00:00:00Z/11"
44697,557,set_statement,Done,,,Q113307952,"Q113307952|P921|Q140784249|S248|Q50817797|S854|""https://joss.theoj.org/papers/10.21105/joss.01167.json""|S813|+2026-06-18T00:00:00Z/11"
44697,558,set_statement,Done,,,Q113227782,"Q113227782|P921|Q140784251|S248|Q50817797|S854|""https://joss.theoj.org/papers/10.21105/joss.02172.json""|S813|+2026-06-18T00:00:00Z/11"
44697,559,set_statement,Done,,,Q113307534,"Q113307534|P921|Q140784256|S248|Q50817797|S854|""https://joss.theoj.org/papers/10.21105/joss.02343.json""|S813|+2026-06-18T00:00:00Z/11"
44697,560,set_statement,Done,,,Q113307814,"Q113307814|P921|Q140784257|S248|Q50817797|S854|""https://joss.theoj.org/papers/10.21105/joss.01487.json""|S813|+2026-06-18T00:00:00Z/11"
44697,561,set_statement,Done,,,Q119694287,"Q119694287|P921|Q140784263|S248|Q50817797|S854|""https://joss.theoj.org/papers/10.21105/joss.05334.json""|S813|+2026-06-18T00:00:00Z/11"
44697,562,set_statement,Done,,,Q113307223,"Q113307223|P921|Q140784264|S248|Q50817797|S854|""https://joss.theoj.org/papers/10.21105/joss.03391.json""|S813|+2026-06-18T00:00:00Z/11"
44697,563,set_statement,Done,,,Q58886291,"Q58886291|P921|Q140784265|S248|Q50817797|S854|""https://joss.theoj.org/papers/10.21105/joss.00432.json""|S813|+2026-06-18T00:00:00Z/11"
44697,564,set_statement,Done,,,Q113307771,"Q113307771|P921|Q140784267|S248|Q50817797|S854|""https://joss.theoj.org/papers/10.21105/joss.01656.json""|S813|+2026-06-18T00:00:00Z/11"
44697,565,set_statement,Done,,,Q113307829,"Q113307829|P921|Q140784272|S248|Q50817797|S854|""https://joss.theoj.org/papers/10.21105/joss.01461.json""|S813|+2026-06-18T00:00:00Z/11"
44697,566,set_statement,Done,,,Q112668075,"Q112668075|P921|Q140784275|S248|Q50817797|S854|""https://joss.theoj.org/papers/10.21105/joss.00079.json""|S813|+2026-06-18T00:00:00Z/11"
44697,567,set_statement,Done,,,Q113306149,"Q113306149|P921|Q140784276|S248|Q50817797|S854|""https://joss.theoj.org/papers/10.21105/joss.04455.json""|S813|+2026-06-18T00:00:00Z/11"
44697,568,set_statement,Done,,,Q113307259,"Q113307259|P921|Q140784277|S248|Q50817797|S854|""https://joss.theoj.org/papers/10.21105/joss.03215.json""|S813|+2026-06-18T00:00:00Z/11"
44697,569,set_statement,Done,,,Q113307883,"Q113307883|P921|Q140784278|S248|Q50817797|S854|""https://joss.theoj.org/papers/10.21105/joss.01299.json""|S813|+2026-06-18T00:00:00Z/11"
44697,570,set_statement,Done,,,Q113227804,"Q113227804|P921|Q140784282|S248|Q50817797|S854|""https://joss.theoj.org/papers/10.21105/joss.01987.json""|S813|+2026-06-18T00:00:00Z/11"
44697,571,set_statement,Done,,,Q113227933,"Q113227933|P921|Q140784286|S248|Q50817797|S854|""https://joss.theoj.org/papers/10.21105/joss.01057.json""|S813|+2026-06-18T00:00:00Z/11"
44697,572,set_statement,Done,,,Q113307979,"Q113307979|P921|Q140784289|S248|Q50817797|S854|""https://joss.theoj.org/papers/10.21105/joss.01109.json""|S813|+2026-06-18T00:00:00Z/11"
44697,573,set_statement,Done,,,Q113308140,"Q113308140|P921|Q140784290|S248|Q50817797|S854|""https://joss.theoj.org/papers/10.21105/joss.00668.json""|S813|+2026-06-18T00:00:00Z/11"
44697,574,set_statement,Done,,,Q113307864,"Q113307864|P921|Q140784292|S248|Q50817797|S854|""https://joss.theoj.org/papers/10.21105/joss.01356.json""|S813|+2026-06-18T00:00:00Z/11"
44697,575,set_statement,Done,,,Q113227808,"Q113227808|P921|Q140784293|S248|Q50817797|S854|""https://joss.theoj.org/papers/10.21105/joss.01979.json""|S813|+2026-06-18T00:00:00Z/11"
44697,576,set_statement,Done,,,Q113307572,"Q113307572|P921|Q140784295|S248|Q50817797|S854|""https://joss.theoj.org/papers/10.21105/joss.02283.json""|S813|+2026-06-18T00:00:00Z/11"
44697,577,set_statement,Done,,,Q113227999,"Q113227999|P921|Q107382173|S248|Q50817797|S854|""https://joss.theoj.org/papers/10.21105/joss.00125.json""|S813|+2026-06-18T00:00:00Z/11"
44697,578,set_statement,Done,,,Q113307547,"Q113307547|P921|Q140784298|S248|Q50817797|S854|""https://joss.theoj.org/papers/10.21105/joss.02317.json""|S813|+2026-06-18T00:00:00Z/11"
44697,579,set_statement,Done,,,Q113227903,"Q113227903|P921|Q140784301|S248|Q50817797|S854|""https://joss.theoj.org/papers/10.21105/joss.01296.json""|S813|+2026-06-18T00:00:00Z/11"
44697,580,set_statement,Done,,,Q113307850,"Q113307850|P921|Q140784302|S248|Q50817797|S854|""https://joss.theoj.org/papers/10.21105/joss.01412.json""|S813|+2026-06-18T00:00:00Z/11"
44697,581,set_statement,Done,,,Q113227987,"Q113227987|P921|Q107387047|S248|Q50817797|S854|""https://joss.theoj.org/papers/10.21105/joss.00332.json""|S813|+2026-06-18T00:00:00Z/11"
44697,582,set_statement,Done,,,Q113307054,"Q113307054|P921|Q140784304|S248|Q50817797|S854|""https://joss.theoj.org/papers/10.21105/joss.03669.json""|S813|+2026-06-18T00:00:00Z/11"
44697,583,set_statement,Done,,,Q113308156,"Q113308156|P921|Q134468401|S248|Q50817797|S854|""https://joss.theoj.org/papers/10.21105/joss.00622.json""|S813|+2026-06-18T00:00:00Z/11"
44697,584,set_statement,Done,,,Q113227744,"Q113227744|P921|Q140784309|S248|Q50817797|S854|""https://joss.theoj.org/papers/10.21105/joss.02483.json""|S813|+2026-06-18T00:00:00Z/11"
44697,585,set_statement,Done,,,Q113307998,"Q113307998|P921|Q140784311|S248|Q50817797|S854|""https://joss.theoj.org/papers/10.21105/joss.01070.json""|S813|+2026-06-18T00:00:00Z/11"
44697,586,set_statement,Done,,,Q113308115,"Q113308115|P921|Q140784314|S248|Q50817797|S854|""https://joss.theoj.org/papers/10.21105/joss.00746.json""|S813|+2026-06-18T00:00:00Z/11"
44697,587,set_statement,Done,,,Q113307891,"Q113307891|P921|Q140784315|S248|Q50817797|S854|""https://joss.theoj.org/papers/10.21105/joss.01281.json""|S813|+2026-06-18T00:00:00Z/11"
44697,588,set_statement,Done,,,Q112131841,"Q112131841|P921|Q140784316|S248|Q50817797|S854|""https://joss.theoj.org/papers/10.21105/joss.02014.json""|S813|+2026-06-18T00:00:00Z/11"
44697,589,set_statement,Done,,,Q113307629,"Q113307629|P921|Q140784317|S248|Q50817797|S854|""https://joss.theoj.org/papers/10.21105/joss.02074.json""|S813|+2026-06-18T00:00:00Z/11"
44697,590,set_statement,Done,,,Q106245557,"Q106245557|P921|Q140784319|S248|Q50817797|S854|""https://joss.theoj.org/papers/10.21105/joss.02404.json""|S813|+2026-06-18T00:00:00Z/11"
44697,591,set_statement,Done,,,Q113307542,"Q113307542|P921|Q140784320|S248|Q50817797|S854|""https://joss.theoj.org/papers/10.21105/joss.02331.json""|S813|+2026-06-18T00:00:00Z/11"
44697,592,set_statement,Done,,,Q113227740,"Q113227740|P921|Q140784321|S248|Q50817797|S854|""https://joss.theoj.org/papers/10.21105/joss.02536.json""|S813|+2026-06-18T00:00:00Z/11"
44697,593,set_statement,Done,,,Q61538284,"Q61538284|P921|Q140784322|S248|Q50817797|S854|""https://joss.theoj.org/papers/10.21105/joss.00878.json""|S813|+2026-06-18T00:00:00Z/11"
44697,594,set_statement,Done,,,Q113308127,"Q113308127|P921|Q140784324|S248|Q50817797|S854|""https://joss.theoj.org/papers/10.21105/joss.00698.json""|S813|+2026-06-18T00:00:00Z/11"
44697,595,set_statement,Done,,,Q107904177,"Q107904177|P921|Q140784325|S248|Q50817797|S854|""https://joss.theoj.org/papers/10.21105/joss.01388.json""|S813|+2026-06-18T00:00:00Z/11"
44697,596,set_statement,Done,,,Q113307874,"Q113307874|P921|Q140784326|S248|Q50817797|S854|""https://joss.theoj.org/papers/10.21105/joss.01328.json""|S813|+2026-06-18T00:00:00Z/11"
44697,597,set_statement,Done,,,Q113307766,"Q113307766|P921|Q140784327|S248|Q50817797|S854|""https://joss.theoj.org/papers/10.21105/joss.01666.json""|S813|+2026-06-18T00:00:00Z/11"
44697,598,set_statement,Done,,,Q113307817,"Q113307817|P921|Q140784332|S248|Q50817797|S854|""https://joss.theoj.org/papers/10.21105/joss.01483.json""|S813|+2026-06-18T00:00:00Z/11"
44697,599,set_statement,Done,,,Q113227624,"Q113227624|P921|Q140784334|S248|Q50817797|S854|""https://joss.theoj.org/papers/10.21105/joss.03673.json""|S813|+2026-06-18T00:00:00Z/11"
44697,600,set_statement,Done,,,Q59890440,"Q59890440|P921|Q140784338|S248|Q50817797|S854|""https://joss.theoj.org/papers/10.21105/joss.00992.json""|S813|+2026-06-18T00:00:00Z/11"
44697,601,set_statement,Done,,,Q119696499,"Q119696499|P921|Q140784339|S248|Q50817797|S854|""https://joss.theoj.org/papers/10.21105/joss.04859.json""|S813|+2026-06-18T00:00:00Z/11"
44697,602,set_statement,Done,,,Q113307890,"Q113307890|P921|Q140784342|S248|Q50817797|S854|""https://joss.theoj.org/papers/10.21105/joss.01284.json""|S813|+2026-06-18T00:00:00Z/11"
44697,603,set_statement,Done,,,Q113307416,"Q113307416|P921|Q140784344|S248|Q50817797|S854|""https://joss.theoj.org/papers/10.21105/joss.02630.json""|S813|+2026-06-18T00:00:00Z/11"
44697,604,set_statement,Done,,,Q110512112,"Q110512112|P921|Q140784347|S248|Q50817797|S854|""https://joss.theoj.org/papers/10.21105/joss.01960.json""|S813|+2026-06-18T00:00:00Z/11"
44697,605,set_statement,Done,,,Q136768394,"Q136768394|P921|Q140784352|S248|Q50817797|S854|""https://joss.theoj.org/papers/10.21105/joss.07882.json""|S813|+2026-06-18T00:00:00Z/11"
44697,606,set_statement,Done,,,Q113308178,"Q113308178|P921|Q140784355|S248|Q50817797|S854|""https://joss.theoj.org/papers/10.21105/joss.00577.json""|S813|+2026-06-18T00:00:00Z/11"
44697,607,set_statement,Done,,,Q113307378,"Q113307378|P921|Q140784361|S248|Q50817797|S854|""https://joss.theoj.org/papers/10.21105/joss.02741.json""|S813|+2026-06-18T00:00:00Z/11"
44697,608,set_statement,Done,,,Q113308312,"Q113308312|P921|Q140784364|S248|Q50817797|S854|""https://joss.theoj.org/papers/10.21105/joss.00102.json""|S813|+2026-06-18T00:00:00Z/11"
44697,609,set_statement,Done,,,Q113227941,"Q113227941|P921|Q140784366|S248|Q50817797|S854|""https://joss.theoj.org/papers/10.21105/joss.00984.json""|S813|+2026-06-18T00:00:00Z/11"
44697,610,set_statement,Done,,,Q128568296,"Q128568296|P921|Q140784368|S248|Q50817797|S854|""https://joss.theoj.org/papers/10.21105/joss.05766.json""|S813|+2026-06-18T00:00:00Z/11"
44697,611,set_statement,Done,,,Q113308315,"Q113308315|P921|Q140784373|S248|Q50817797|S854|""https://joss.theoj.org/papers/10.21105/joss.00092.json""|S813|+2026-06-18T00:00:00Z/11"
44697,612,set_statement,Done,,,Q113227882,"Q113227882|P921|Q140784375|S248|Q50817797|S854|""https://joss.theoj.org/papers/10.21105/joss.01474.json""|S813|+2026-06-18T00:00:00Z/11"
44697,613,set_statement,Done,,,Q113307293,"Q113307293|P921|Q140784376|S248|Q50817797|S854|""https://joss.theoj.org/papers/10.21105/joss.03071.json""|S813|+2026-06-18T00:00:00Z/11"
44697,614,set_statement,Done,,,Q113307430,"Q113307430|P921|Q140784379|S248|Q50817797|S854|""https://joss.theoj.org/papers/10.21105/joss.02580.json""|S813|+2026-06-18T00:00:00Z/11"
44697,615,set_statement,Done,,,Q113227839,"Q113227839|P921|Q140784380|S248|Q50817797|S854|""https://joss.theoj.org/papers/10.21105/joss.01778.json""|S813|+2026-06-18T00:00:00Z/11"
44697,616,set_statement,Done,,,Q113227955,"Q113227955|P921|Q140784381|S248|Q50817797|S854|""https://joss.theoj.org/papers/10.21105/joss.00850.json""|S813|+2026-06-18T00:00:00Z/11"
44697,617,set_statement,Done,,,Q113307805,"Q113307805|P921|Q140784382|S248|Q50817797|S854|""https://joss.theoj.org/papers/10.21105/joss.01509.json""|S813|+2026-06-18T00:00:00Z/11"
44697,618,set_statement,Done,,,Q113307420,"Q113307420|P921|Q140784383|S248|Q50817797|S854|""https://joss.theoj.org/papers/10.21105/joss.02621.json""|S813|+2026-06-18T00:00:00Z/11"
44697,619,set_statement,Done,,,Q113307222,"Q113307222|P921|Q140784388|S248|Q50817797|S854|""https://joss.theoj.org/papers/10.21105/joss.03392.json""|S813|+2026-06-18T00:00:00Z/11"
44697,620,set_statement,Done,,,Q113227632,"Q113227632|P921|Q140784392|S248|Q50817797|S854|""https://joss.theoj.org/papers/10.21105/joss.03641.json""|S813|+2026-06-18T00:00:00Z/11"
44697,621,set_statement,Done,,,Q113227880,"Q113227880|P921|Q140784398|S248|Q50817797|S854|""https://joss.theoj.org/papers/10.21105/joss.01504.json""|S813|+2026-06-18T00:00:00Z/11"
44697,622,set_statement,Done,,,Q104771554,"Q104771554|P921|Q140784399|S248|Q50817797|S854|""https://joss.theoj.org/papers/10.21105/joss.01341.json""|S813|+2026-06-18T00:00:00Z/11"
44697,623,set_statement,Done,,,Q136988198,"Q136988198|P921|Q140784400|S248|Q50817797|S854|""https://joss.theoj.org/papers/10.21105/joss.08331.json""|S813|+2026-06-18T00:00:00Z/11"
44697,624,set_statement,Done,,,Q113227769,"Q113227769|P921|Q140784402|S248|Q50817797|S854|""https://joss.theoj.org/papers/10.21105/joss.02339.json""|S813|+2026-06-18T00:00:00Z/11"
44697,625,set_statement,Done,,,Q113227591,"Q113227591|P921|Q140784403|S248|Q50817797|S854|""https://joss.theoj.org/papers/10.21105/joss.03994.json""|S813|+2026-06-18T00:00:00Z/11"
44697,626,set_statement,Done,,,Q113307685,"Q113307685|P921|Q120703067|S248|Q50817797|S854|""https://joss.theoj.org/papers/10.21105/joss.01903.json""|S813|+2026-06-18T00:00:00Z/11"
44697,627,set_statement,Done,,,Q113227671,"Q113227671|P921|Q140784404|S248|Q50817797|S854|""https://joss.theoj.org/papers/10.21105/joss.03172.json""|S813|+2026-06-18T00:00:00Z/11"
44697,628,set_statement,Done,,,Q138509538,"Q138509538|P921|Q140784407|S248|Q50817797|S854|""https://joss.theoj.org/papers/10.21105/joss.06610.json""|S813|+2026-06-18T00:00:00Z/11"
44697,629,set_statement,Done,,,Q56042006,"Q56042006|P921|Q140784408|S248|Q50817797|S854|""https://joss.theoj.org/papers/10.21105/joss.00026.json""|S813|+2026-06-18T00:00:00Z/11"
44697,630,set_statement,Done,,,Q113227582,"Q113227582|P921|Q140784410|S248|Q50817797|S854|""https://joss.theoj.org/papers/10.21105/joss.04051.json""|S813|+2026-06-18T00:00:00Z/11"
44697,631,set_statement,Done,,,Q138509751,"Q138509751|P921|Q140784412|S248|Q50817797|S854|""https://joss.theoj.org/papers/10.21105/joss.03574.json""|S813|+2026-06-18T00:00:00Z/11"
44697,632,set_statement,Done,,,Q113307990,"Q113307990|P921|Q140784413|S248|Q50817797|S854|""https://joss.theoj.org/papers/10.21105/joss.01077.json""|S813|+2026-06-18T00:00:00Z/11"
44697,633,set_statement,Done,,,Q113307696,"Q113307696|P921|Q140784415|S248|Q50817797|S854|""https://joss.theoj.org/papers/10.21105/joss.01862.json""|S813|+2026-06-18T00:00:00Z/11"
44697,634,set_statement,Done,,,Q113307746,"Q113307746|P921|Q140784416|S248|Q50817797|S854|""https://joss.theoj.org/papers/10.21105/joss.01716.json""|S813|+2026-06-18T00:00:00Z/11"
44697,635,set_statement,Done,,,Q113307670,"Q113307670|P921|Q140784417|S248|Q50817797|S854|""https://joss.theoj.org/papers/10.21105/joss.01945.json""|S813|+2026-06-18T00:00:00Z/11"
44697,636,set_statement,Done,,,Q113307674,"Q113307674|P921|Q140784418|S248|Q50817797|S854|""https://joss.theoj.org/papers/10.21105/joss.01942.json""|S813|+2026-06-18T00:00:00Z/11"
44697,637,set_statement,Done,,,Q59837800,"Q59837800|P921|Q140784419|S248|Q50817797|S854|""https://joss.theoj.org/papers/10.21105/joss.00368.json""|S813|+2026-06-18T00:00:00Z/11"
44697,638,set_statement,Done,,,Q113308264,"Q113308264|P921|Q140784420|S248|Q50817797|S854|""https://joss.theoj.org/papers/10.21105/joss.00251.json""|S813|+2026-06-18T00:00:00Z/11"
44697,639,set_statement,Done,,,Q113227688,"Q113227688|P921|Q140784421|S248|Q50817797|S854|""https://joss.theoj.org/papers/10.21105/joss.03024.json""|S813|+2026-06-18T00:00:00Z/11"
44697,640,set_statement,Done,,,Q113308206,"Q113308206|P921|Q140784422|S248|Q50817797|S854|""https://joss.theoj.org/papers/10.21105/joss.00488.json""|S813|+2026-06-18T00:00:00Z/11"
44697,641,set_statement,Done,,,Q113227937,"Q113227937|P921|Q140784423|S248|Q50817797|S854|""https://joss.theoj.org/papers/10.21105/joss.01022.json""|S813|+2026-06-18T00:00:00Z/11"
44697,642,set_statement,Done,,,Q113307867,"Q113307867|P921|Q140784425|S248|Q50817797|S854|""https://joss.theoj.org/papers/10.21105/joss.01345.json""|S813|+2026-06-18T00:00:00Z/11"
44697,643,set_statement,Done,,,Q113307792,"Q113307792|P921|Q140784426|S248|Q50817797|S854|""https://joss.theoj.org/papers/10.21105/joss.01577.json""|S813|+2026-06-18T00:00:00Z/11"
44697,644,set_statement,Done,,,Q113307352,"Q113307352|P921|Q140784427|S248|Q50817797|S854|""https://joss.theoj.org/papers/10.21105/joss.02843.json""|S813|+2026-06-18T00:00:00Z/11"
44697,645,set_statement,Done,,,Q119695477,"Q119695477|P921|Q140784432|S248|Q50817797|S854|""https://joss.theoj.org/papers/10.21105/joss.04969.json""|S813|+2026-06-18T00:00:00Z/11"
44697,646,set_statement,Done,,,Q113307809,"Q113307809|P921|Q140784434|S248|Q50817797|S854|""https://joss.theoj.org/papers/10.21105/joss.01500.json""|S813|+2026-06-18T00:00:00Z/11"
44697,647,set_statement,Done,,,Q57716050,"Q57716050|P921|Q140784435|S248|Q50817797|S854|""https://joss.theoj.org/papers/10.21105/joss.00300.json""|S813|+2026-06-18T00:00:00Z/11"
44697,648,set_statement,Done,,,Q113227949,"Q113227949|P921|Q140784436|S248|Q50817797|S854|""https://joss.theoj.org/papers/10.21105/joss.00890.json""|S813|+2026-06-18T00:00:00Z/11"
44697,649,set_statement,Done,,,Q128318122,"Q128318122|P921|Q140784437|S248|Q50817797|S854|""https://joss.theoj.org/papers/10.21105/joss.05886.json""|S813|+2026-06-18T00:00:00Z/11"
44697,650,set_statement,Done,,,Q136872503,"Q136872503|P921|Q140784438|S248|Q50817797|S854|""https://joss.theoj.org/papers/10.21105/joss.07291.json""|S813|+2026-06-18T00:00:00Z/11"
44697,651,set_statement,Done,,,Q113308173,"Q113308173|P921|Q140784442|S248|Q50817797|S854|""https://joss.theoj.org/papers/10.21105/joss.00593.json""|S813|+2026-06-18T00:00:00Z/11"
44697,652,set_statement,Done,,,Q113307768,"Q113307768|P921|Q140784446|S248|Q50817797|S854|""https://joss.theoj.org/papers/10.21105/joss.01665.json""|S813|+2026-06-18T00:00:00Z/11"
44697,653,set_statement,Done,,,Q113308181,"Q113308181|P921|Q140784449|S248|Q50817797|S854|""https://joss.theoj.org/papers/10.21105/joss.00567.json""|S813|+2026-06-18T00:00:00Z/11"
44697,654,set_statement,Done,,,Q113308238,"Q113308238|P921|Q140784452|S248|Q50817797|S854|""https://joss.theoj.org/papers/10.21105/joss.00366.json""|S813|+2026-06-18T00:00:00Z/11"
44697,655,set_statement,Done,,,Q113307371,"Q113307371|P921|Q140784454|S248|Q50817797|S854|""https://joss.theoj.org/papers/10.21105/joss.02768.json""|S813|+2026-06-18T00:00:00Z/11"
44697,656,set_statement,Done,,,Q91964580,"Q91964580|P921|Q140784457|S248|Q50817797|S854|""https://joss.theoj.org/papers/10.21105/joss.00885.json""|S813|+2026-06-18T00:00:00Z/11"
44697,657,set_statement,Done,,,Q113308166,"Q113308166|P921|Q140784474|S248|Q50817797|S854|""https://joss.theoj.org/papers/10.21105/joss.00612.json""|S813|+2026-06-18T00:00:00Z/11"
44697,658,set_statement,Done,,,Q113307600,"Q113307600|P921|Q120964676|S248|Q50817797|S854|""https://joss.theoj.org/papers/10.21105/joss.02161.json""|S813|+2026-06-18T00:00:00Z/11"
44697,659,set_statement,Done,,,Q113308268,"Q113308268|P921|Q140784477|S248|Q50817797|S854|""https://joss.theoj.org/papers/10.21105/joss.00235.json""|S813|+2026-06-18T00:00:00Z/11"
44697,660,set_statement,Done,,,Q111897925,"Q111897925|P921|Q140784478|S248|Q50817797|S854|""https://joss.theoj.org/papers/10.21105/joss.03032.json""|S813|+2026-06-18T00:00:00Z/11"
44697,661,set_statement,Done,,,Q110502068,"Q110502068|P921|Q140784479|S248|Q50817797|S854|""https://joss.theoj.org/papers/10.21105/joss.03439.json""|S813|+2026-06-18T00:00:00Z/11"
44697,662,set_statement,Done,,,Q113308204,"Q113308204|P921|Q140784482|S248|Q50817797|S854|""https://joss.theoj.org/papers/10.21105/joss.00493.json""|S813|+2026-06-18T00:00:00Z/11"
44697,663,set_statement,Done,,,Q113307181,"Q113307181|P921|Q140784484|S248|Q50817797|S854|""https://joss.theoj.org/papers/10.21105/joss.03523.json""|S813|+2026-06-18T00:00:00Z/11"
44697,664,set_statement,Done,,,Q113307702,"Q113307702|P921|Q140784486|S248|Q50817797|S854|""https://joss.theoj.org/papers/10.21105/joss.01849.json""|S813|+2026-06-18T00:00:00Z/11"
44697,665,set_statement,Done,,,Q113306982,"Q113306982|P921|Q140784487|S248|Q50817797|S854|""https://joss.theoj.org/papers/10.21105/joss.03823.json""|S813|+2026-06-18T00:00:00Z/11"
44697,666,set_statement,Done,,,Q129827729,"Q129827729|P921|Q140784488|S248|Q50817797|S854|""https://joss.theoj.org/papers/10.21105/joss.05744.json""|S813|+2026-06-18T00:00:00Z/11"
44697,667,set_statement,Done,,,Q113307298,"Q113307298|P921|Q140784489|S248|Q50817797|S854|""https://joss.theoj.org/papers/10.21105/joss.03056.json""|S813|+2026-06-18T00:00:00Z/11"
44697,668,set_statement,Done,,,Q59452284,"Q59452284|P921|Q140784490|S248|Q50817797|S854|""https://joss.theoj.org/papers/10.21105/joss.00538.json""|S813|+2026-06-18T00:00:00Z/11"
44697,669,set_statement,Done,,,Q113308259,"Q113308259|P921|Q140784491|S248|Q50817797|S854|""https://joss.theoj.org/papers/10.21105/joss.00279.json""|S813|+2026-06-18T00:00:00Z/11"
44697,670,set_statement,Done,,,Q113307350,"Q113307350|P921|Q140784492|S248|Q50817797|S854|""https://joss.theoj.org/papers/10.21105/joss.02845.json""|S813|+2026-06-18T00:00:00Z/11"
44697,671,set_statement,Done,,,Q113307707,"Q113307707|P921|Q140784495|S248|Q50817797|S854|""https://joss.theoj.org/papers/10.21105/joss.01835.json""|S813|+2026-06-18T00:00:00Z/11"
44697,672,set_statement,Done,,,Q113308051,"Q113308051|P921|Q140784496|S248|Q50817797|S854|""https://joss.theoj.org/papers/10.21105/joss.00950.json""|S813|+2026-06-18T00:00:00Z/11"
44697,673,set_statement,Done,,,Q113307791,"Q113307791|P921|Q140784499|S248|Q50817797|S854|""https://joss.theoj.org/papers/10.21105/joss.01584.json""|S813|+2026-06-18T00:00:00Z/11"
44697,674,set_statement,Done,,,Q113308058,"Q113308058|P921|Q140784501|S248|Q50817797|S854|""https://joss.theoj.org/papers/10.21105/joss.00916.json""|S813|+2026-06-18T00:00:00Z/11"
44697,675,set_statement,Done,,,Q113308187,"Q113308187|P921|Q107384240|S248|Q50817797|S854|""https://joss.theoj.org/papers/10.21105/joss.00547.json""|S813|+2026-06-18T00:00:00Z/11"
44697,676,set_statement,Done,,,Q113307301,"Q113307301|P921|Q140784508|S248|Q50817797|S854|""https://joss.theoj.org/papers/10.21105/joss.03053.json""|S813|+2026-06-18T00:00:00Z/11"
44697,677,set_statement,Done,,,Q113307248,"Q113307248|P921|Q140784509|S248|Q50817797|S854|""https://joss.theoj.org/papers/10.21105/joss.03273.json""|S813|+2026-06-18T00:00:00Z/11"
44697,678,set_statement,Done,,,Q69820076,"Q69820076|P921|Q140784513|S248|Q50817797|S854|""https://joss.theoj.org/papers/10.21105/joss.01136.json""|S813|+2026-06-18T00:00:00Z/11"
44697,679,set_statement,Done,,,Q110499955,"Q110499955|P921|Q140784516|S248|Q50817797|S854|""https://joss.theoj.org/papers/10.21105/joss.01003.json""|S813|+2026-06-18T00:00:00Z/11"
44697,680,set_statement,Done,,,Q113307611,"Q113307611|P921|Q140790735|S248|Q50817797|S854|""https://joss.theoj.org/papers/10.21105/joss.02117.json""|S813|+2026-06-18T00:00:00Z/11"
44697,681,set_statement,Done,,,Q112108937,"Q112108937|P921|Q140784544|S248|Q50817797|S854|""https://joss.theoj.org/papers/10.21105/joss.00849.json""|S813|+2026-06-18T00:00:00Z/11"
44697,682,set_statement,Done,,,Q113307561,"Q113307561|P921|Q140784545|S248|Q50817797|S854|""https://joss.theoj.org/papers/10.21105/joss.02290.json""|S813|+2026-06-18T00:00:00Z/11"
44697,683,set_statement,Done,,,Q113227901,"Q113227901|P921|Q140784547|S248|Q50817797|S854|""https://joss.theoj.org/papers/10.21105/joss.01315.json""|S813|+2026-06-18T00:00:00Z/11"
44697,684,set_statement,Done,,,Q121821245,"Q121821245|P921|Q140784548|S248|Q50817797|S854|""https://joss.theoj.org/papers/10.21105/joss.04050.json""|S813|+2026-06-18T00:00:00Z/11"
44697,685,set_statement,Done,,,Q113227735,"Q113227735|P921|Q140784549|S248|Q50817797|S854|""https://joss.theoj.org/papers/10.21105/joss.02563.json""|S813|+2026-06-18T00:00:00Z/11"
44697,686,set_statement,Done,,,Q113307197,"Q113307197|P921|Q140784550|S248|Q50817797|S854|""https://joss.theoj.org/papers/10.21105/joss.03456.json""|S813|+2026-06-18T00:00:00Z/11"
44697,687,set_statement,Done,,,Q111898683,"Q111898683|P921|Q140784552|S248|Q50817797|S854|""https://joss.theoj.org/papers/10.21105/joss.03417.json""|S813|+2026-06-18T00:00:00Z/11"
44697,688,set_statement,Done,,,Q113307993,"Q113307993|P921|Q107385874|S248|Q50817797|S854|""https://joss.theoj.org/papers/10.21105/joss.01075.json""|S813|+2026-06-18T00:00:00Z/11"
44697,689,set_statement,Done,,,Q113307763,"Q113307763|P921|Q140784555|S248|Q50817797|S854|""https://joss.theoj.org/papers/10.21105/joss.01667.json""|S813|+2026-06-18T00:00:00Z/11"
44697,690,set_statement,Done,,,Q113307511,"Q113307511|P921|Q136205518|S248|Q50817797|S854|""https://joss.theoj.org/papers/10.21105/joss.02411.json""|S813|+2026-06-18T00:00:00Z/11"
44697,691,set_statement,Done,,,Q113227824,"Q113227824|P921|Q140784556|S248|Q50817797|S854|""https://joss.theoj.org/papers/10.21105/joss.01865.json""|S813|+2026-06-18T00:00:00Z/11"
44697,692,set_statement,Done,,,Q107337646,"Q107337646|P921|Q140784558|S248|Q50817797|S854|""https://joss.theoj.org/papers/10.21105/joss.01541.json""|S813|+2026-06-18T00:00:00Z/11"
44697,693,set_statement,Done,,,Q113306925,"Q113306925|P921|Q140784559|S248|Q50817797|S854|""https://joss.theoj.org/papers/10.21105/joss.03866.json""|S813|+2026-06-18T00:00:00Z/11"
44697,694,set_statement,Done,,,Q113308147,"Q113308147|P921|Q140784560|S248|Q50817797|S854|""https://joss.theoj.org/papers/10.21105/joss.00648.json""|S813|+2026-06-18T00:00:00Z/11"
44697,695,set_statement,Done,,,Q57614060,"Q57614060|P921|Q140783491|S248|Q50817797|S854|""https://joss.theoj.org/papers/10.21105/joss.00043.json""|S813|+2026-06-18T00:00:00Z/11"
44697,696,set_statement,Done,,,Q113307513,"Q113307513|P921|Q140784563|S248|Q50817797|S854|""https://joss.theoj.org/papers/10.21105/joss.02405.json""|S813|+2026-06-18T00:00:00Z/11"
44697,697,set_statement,Done,,,Q113308236,"Q113308236|P921|Q140784564|S248|Q50817797|S854|""https://joss.theoj.org/papers/10.21105/joss.00373.json""|S813|+2026-06-18T00:00:00Z/11"
44697,698,set_statement,Done,,,Q61906700,"Q61906700|P921|Q140784565|S248|Q50817797|S854|""https://joss.theoj.org/papers/10.21105/joss.00418.json""|S813|+2026-06-18T00:00:00Z/11"
44697,699,set_statement,Done,,,Q60137513,"Q60137513|P921|Q140784566|S248|Q50817797|S854|""https://joss.theoj.org/papers/10.21105/joss.00514.json""|S813|+2026-06-18T00:00:00Z/11"
44697,700,set_statement,Done,,,Q111897333,"Q111897333|P921|Q140784567|S248|Q50817797|S854|""https://joss.theoj.org/papers/10.21105/joss.02979.json""|S813|+2026-06-18T00:00:00Z/11"
44697,701,set_statement,Done,,,Q113307295,"Q113307295|P921|Q140784568|S248|Q50817797|S854|""https://joss.theoj.org/papers/10.21105/joss.03067.json""|S813|+2026-06-18T00:00:00Z/11"
44697,702,set_statement,Done,,,Q111900918,"Q111900918|P921|Q140784569|S248|Q50817797|S854|""https://joss.theoj.org/papers/10.21105/joss.03143.json""|S813|+2026-06-18T00:00:00Z/11"
44697,703,set_statement,Done,,,Q113307922,"Q113307922|P921|Q140784570|S248|Q50817797|S854|""https://joss.theoj.org/papers/10.21105/joss.01228.json""|S813|+2026-06-18T00:00:00Z/11"
44697,704,set_statement,Done,,,Q113307745,"Q113307745|P921|Q140784571|S248|Q50817797|S854|""https://joss.theoj.org/papers/10.21105/joss.01717.json""|S813|+2026-06-18T00:00:00Z/11"
44697,705,set_statement,Done,,,Q113307484,"Q113307484|P921|Q140784573|S248|Q50817797|S854|""https://joss.theoj.org/papers/10.21105/joss.02448.json""|S813|+2026-06-18T00:00:00Z/11"
44697,706,set_statement,Done,,,Q137220645,"Q137220645|P921|Q140784575|S248|Q50817797|S854|""https://joss.theoj.org/papers/10.21105/joss.06175.json""|S813|+2026-06-18T00:00:00Z/11"
44697,707,set_statement,Done,,,Q113307287,"Q113307287|P921|Q140784583|S248|Q50817797|S854|""https://joss.theoj.org/papers/10.21105/joss.03077.json""|S813|+2026-06-18T00:00:00Z/11"
44697,708,set_statement,Done,,,Q113307152,"Q113307152|P921|Q140784584|S248|Q50817797|S854|""https://joss.theoj.org/papers/10.21105/joss.03575.json""|S813|+2026-06-18T00:00:00Z/11"
44697,709,set_statement,Done,,,Q113308292,"Q113308292|P921|Q140784586|S248|Q50817797|S854|""https://joss.theoj.org/papers/10.21105/joss.00169.json""|S813|+2026-06-18T00:00:00Z/11"
44697,710,set_statement,Done,,,Q113308294,"Q113308294|P921|Q140784587|S248|Q50817797|S854|""https://joss.theoj.org/papers/10.21105/joss.00168.json""|S813|+2026-06-18T00:00:00Z/11"
44697,711,set_statement,Done,,,Q113307380,"Q113307380|P921|Q140784588|S248|Q50817797|S854|""https://joss.theoj.org/papers/10.21105/joss.02722.json""|S813|+2026-06-18T00:00:00Z/11"
44697,712,set_statement,Done,,,Q113227787,"Q113227787|P921|Q140784589|S248|Q50817797|S854|""https://joss.theoj.org/papers/10.21105/joss.02136.json""|S813|+2026-06-18T00:00:00Z/11"
44697,713,set_statement,Done,,,Q113307596,"Q113307596|P921|Q140784590|S248|Q50817797|S854|""https://joss.theoj.org/papers/10.21105/joss.02168.json""|S813|+2026-06-18T00:00:00Z/11"
44697,714,set_statement,Done,,,Q113307643,"Q113307643|P921|Q140784591|S248|Q50817797|S854|""https://joss.theoj.org/papers/10.21105/joss.02034.json""|S813|+2026-06-18T00:00:00Z/11"
44697,715,set_statement,Done,,,Q113307818,"Q113307818|P921|Q140784594|S248|Q50817797|S854|""https://joss.theoj.org/papers/10.21105/joss.01480.json""|S813|+2026-06-18T00:00:00Z/11"
44697,716,set_statement,Done,,,Q113227887,"Q113227887|P921|Q140784595|S248|Q50817797|S854|""https://joss.theoj.org/papers/10.21105/joss.01397.json""|S813|+2026-06-18T00:00:00Z/11"
44697,717,set_statement,Done,,,Q57725017,"Q57725017|P921|Q140784596|S248|Q50817797|S854|""https://joss.theoj.org/papers/10.21105/joss.00056.json""|S813|+2026-06-18T00:00:00Z/11"
44697,718,set_statement,Done,,,Q111897500,"Q111897500|P921|Q140784599|S248|Q50817797|S854|""https://joss.theoj.org/papers/10.21105/joss.03904.json""|S813|+2026-06-18T00:00:00Z/11"
44697,719,set_statement,Done,,,Q113227873,"Q113227873|P921|Q140784601|S248|Q50817797|S854|""https://joss.theoj.org/papers/10.21105/joss.01554.json""|S813|+2026-06-18T00:00:00Z/11"
44697,720,set_statement,Done,,,Q113308149,"Q113308149|P921|Q140784607|S248|Q50817797|S854|""https://joss.theoj.org/papers/10.21105/joss.00640.json""|S813|+2026-06-18T00:00:00Z/11"
44697,721,set_statement,Done,,,Q63951488,"Q63951488|P921|Q140784608|S248|Q50817797|S854|""https://joss.theoj.org/papers/10.21105/joss.00516.json""|S813|+2026-06-18T00:00:00Z/11"
44697,722,set_statement,Done,,,Q113307395,"Q113307395|P921|Q140784609|S248|Q50817797|S854|""https://joss.theoj.org/papers/10.21105/joss.02674.json""|S813|+2026-06-18T00:00:00Z/11"
44697,723,set_statement,Done,,,Q113307240,"Q113307240|P921|Q140784610|S248|Q50817797|S854|""https://joss.theoj.org/papers/10.21105/joss.03314.json""|S813|+2026-06-18T00:00:00Z/11"
44697,724,set_statement,Done,,,Q139306122,"Q139306122|P921|Q140784611|S248|Q50817797|S854|""https://joss.theoj.org/papers/10.21105/joss.04767.json""|S813|+2026-06-18T00:00:00Z/11"
44697,725,set_statement,Done,,,Q134143189,"Q134143189|P921|Q140784615|S248|Q50817797|S854|""https://joss.theoj.org/papers/10.21105/joss.05312.json""|S813|+2026-06-18T00:00:00Z/11"
44697,726,set_statement,Done,,,Q60522984,"Q60522984|P921|Q140784617|S248|Q50817797|S854|""https://joss.theoj.org/papers/10.21105/joss.01028.json""|S813|+2026-06-18T00:00:00Z/11"
44697,727,set_statement,Done,,,Q113307359,"Q113307359|P921|Q140784618|S248|Q50817797|S854|""https://joss.theoj.org/papers/10.21105/joss.02816.json""|S813|+2026-06-18T00:00:00Z/11"
44697,728,set_statement,Done,,,Q113227736,"Q113227736|P921|Q140784630|S248|Q50817797|S854|""https://joss.theoj.org/papers/10.21105/joss.02562.json""|S813|+2026-06-18T00:00:00Z/11"
44697,729,set_statement,Done,,,Q111898793,"Q111898793|P921|Q140784631|S248|Q50817797|S854|""https://joss.theoj.org/papers/10.21105/joss.02800.json""|S813|+2026-06-18T00:00:00Z/11"
44697,730,set_statement,Done,,,Q113307663,"Q113307663|P921|Q140784632|S248|Q50817797|S854|""https://joss.theoj.org/papers/10.21105/joss.01990.json""|S813|+2026-06-18T00:00:00Z/11"
44697,731,set_statement,Done,,,Q113308034,"Q113308034|P921|Q140784634|S248|Q50817797|S854|""https://joss.theoj.org/papers/10.21105/joss.01013.json""|S813|+2026-06-18T00:00:00Z/11"
44697,732,set_statement,Done,,,Q113307019,"Q113307019|P921|Q140784640|S248|Q50817797|S854|""https://joss.theoj.org/papers/10.21105/joss.03784.json""|S813|+2026-06-18T00:00:00Z/11"
44697,733,set_statement,Done,,,Q113307503,"Q113307503|P921|Q140784641|S248|Q50817797|S854|""https://joss.theoj.org/papers/10.21105/joss.02424.json""|S813|+2026-06-18T00:00:00Z/11"
44697,734,set_statement,Done,,,Q113227810,"Q113227810|P921|Q140784642|S248|Q50817797|S854|""https://joss.theoj.org/papers/10.21105/joss.01959.json""|S813|+2026-06-18T00:00:00Z/11"
44697,735,set_statement,Done,,,Q135110526,"Q135110526|P921|Q140784644|S248|Q50817797|S854|""https://joss.theoj.org/papers/10.21105/joss.07710.json""|S813|+2026-06-18T00:00:00Z/11"
44697,736,set_statement,Done,,,Q113308133,"Q113308133|P921|Q140784646|S248|Q50817797|S854|""https://joss.theoj.org/papers/10.21105/joss.00684.json""|S813|+2026-06-18T00:00:00Z/11"
44697,737,set_statement,Done,,,Q124851602,"Q124851602|P921|Q140784649|S248|Q50817797|S854|""https://joss.theoj.org/papers/10.21105/joss.05686.json""|S813|+2026-06-18T00:00:00Z/11"
44697,738,set_statement,Done,,,Q113227679,"Q113227679|P921|Q140784650|S248|Q50817797|S854|""https://joss.theoj.org/papers/10.21105/joss.03091.json""|S813|+2026-06-18T00:00:00Z/11"
44697,739,set_statement,Done,,,Q113307382,"Q113307382|P921|Q140784651|S248|Q50817797|S854|""https://joss.theoj.org/papers/10.21105/joss.02705.json""|S813|+2026-06-18T00:00:00Z/11"
44697,740,set_statement,Done,,,Q113307491,"Q113307491|P921|Q140784652|S248|Q50817797|S854|""https://joss.theoj.org/papers/10.21105/joss.02435.json""|S813|+2026-06-18T00:00:00Z/11"
44697,741,set_statement,Done,,,Q113307324,"Q113307324|P921|Q140784653|S248|Q50817797|S854|""https://joss.theoj.org/papers/10.21105/joss.02978.json""|S813|+2026-06-18T00:00:00Z/11"
44697,742,set_statement,Done,,,Q113227890,"Q113227890|P921|Q140784654|S248|Q50817797|S854|""https://joss.theoj.org/papers/10.21105/joss.01393.json""|S813|+2026-06-18T00:00:00Z/11"
44697,743,set_statement,Done,,,Q111900054,"Q111900054|P921|Q140784656|S248|Q50817797|S854|""https://joss.theoj.org/papers/10.21105/joss.03255.json""|S813|+2026-06-18T00:00:00Z/11"
44697,744,set_statement,Done,,,Q111932852,"Q111932852|P921|Q140784659|S248|Q50817797|S854|""https://joss.theoj.org/papers/10.21105/joss.03272.json""|S813|+2026-06-18T00:00:00Z/11"
44697,745,set_statement,Done,,,Q113306858,"Q113306858|P921|Q140784660|S248|Q50817797|S854|""https://joss.theoj.org/papers/10.21105/joss.03914.json""|S813|+2026-06-18T00:00:00Z/11"
44697,746,set_statement,Done,,,Q138509788,"Q138509788|P921|Q140784662|S248|Q50817797|S854|""https://joss.theoj.org/papers/10.21105/joss.05663.json""|S813|+2026-06-18T00:00:00Z/11"
44697,747,set_statement,Done,,,Q64166673,"Q64166673|P921|Q140784665|S248|Q50817797|S854|""https://joss.theoj.org/papers/10.21105/joss.01160.json""|S813|+2026-06-18T00:00:00Z/11"
44697,748,set_statement,Done,,,Q113308301,"Q113308301|P921|Q140784666|S248|Q50817797|S854|""https://joss.theoj.org/papers/10.21105/joss.00141.json""|S813|+2026-06-18T00:00:00Z/11"
44697,749,set_statement,Done,,,Q113308266,"Q113308266|P921|Q140784667|S248|Q50817797|S854|""https://joss.theoj.org/papers/10.21105/joss.00244.json""|S813|+2026-06-18T00:00:00Z/11"
44697,750,set_statement,Done,,,Q62604471,"Q62604471|P921|Q140784668|S248|Q50817797|S854|""https://joss.theoj.org/papers/10.21105/joss.00372.json""|S813|+2026-06-18T00:00:00Z/11"
44697,751,set_statement,Done,,,Q113307318,"Q113307318|P921|Q140784670|S248|Q50817797|S854|""https://joss.theoj.org/papers/10.21105/joss.03002.json""|S813|+2026-06-18T00:00:00Z/11"
44697,752,set_statement,Done,,,Q112847918,"Q112847918|P921|Q140784671|S248|Q50817797|S854|""https://joss.theoj.org/papers/10.21105/joss.00657.json""|S813|+2026-06-18T00:00:00Z/11"
44697,753,set_statement,Done,,,Q111899581,"Q111899581|P921|Q140784672|S248|Q50817797|S854|""https://joss.theoj.org/papers/10.21105/joss.02484.json""|S813|+2026-06-18T00:00:00Z/11"
44697,754,set_statement,Done,,,Q57661591,"Q57661591|P921|Q140784673|S248|Q50817797|S854|""https://joss.theoj.org/papers/10.21105/joss.00011.json""|S813|+2026-06-18T00:00:00Z/11"
44697,755,set_statement,Done,,,Q113308044,"Q113308044|P921|Q140784676|S248|Q50817797|S854|""https://joss.theoj.org/papers/10.21105/joss.00967.json""|S813|+2026-06-18T00:00:00Z/11"
44697,756,set_statement,Done,,,Q113308043,"Q113308043|P921|Q140784677|S248|Q50817797|S854|""https://joss.theoj.org/papers/10.21105/joss.00974.json""|S813|+2026-06-18T00:00:00Z/11"
44697,757,set_statement,Done,,,Q113308066,"Q113308066|P921|Q140784678|S248|Q50817797|S854|""https://joss.theoj.org/papers/10.21105/joss.00898.json""|S813|+2026-06-18T00:00:00Z/11"
44697,758,set_statement,Done,,,Q63389197,"Q63389197|P921|Q140784679|S248|Q50817797|S854|""https://joss.theoj.org/papers/10.21105/joss.01364.json""|S813|+2026-06-18T00:00:00Z/11"
44697,759,set_statement,Done,,,Q113307627,"Q113307627|P921|Q140784680|S248|Q50817797|S854|""https://joss.theoj.org/papers/10.21105/joss.02079.json""|S813|+2026-06-18T00:00:00Z/11"
44697,760,set_statement,Done,,,Q110512127,"Q110512127|P921|Q140784681|S248|Q50817797|S854|""https://joss.theoj.org/papers/10.21105/joss.03618.json""|S813|+2026-06-18T00:00:00Z/11"
44697,761,set_statement,Done,,,Q113307673,"Q113307673|P921|Q107380998|S248|Q50817797|S854|""https://joss.theoj.org/papers/10.21105/joss.01943.json""|S813|+2026-06-18T00:00:00Z/11"
44697,762,set_statement,Done,,,Q113307255,"Q113307255|P921|Q140784695|S248|Q50817797|S854|""https://joss.theoj.org/papers/10.21105/joss.03236.json""|S813|+2026-06-18T00:00:00Z/11"
44697,763,set_statement,Done,,,Q113307682,"Q113307682|P921|Q140784697|S248|Q50817797|S854|""https://joss.theoj.org/papers/10.21105/joss.01911.json""|S813|+2026-06-18T00:00:00Z/11"
44697,764,set_statement,Done,,,Q113308232,"Q113308232|P921|Q140784698|S248|Q50817797|S854|""https://joss.theoj.org/papers/10.21105/joss.00401.json""|S813|+2026-06-18T00:00:00Z/11"
44697,765,set_statement,Done,,,Q113307742,"Q113307742|P921|Q140784699|S248|Q50817797|S854|""https://joss.theoj.org/papers/10.21105/joss.01722.json""|S813|+2026-06-18T00:00:00Z/11"
44697,766,set_statement,Done,,,Q113308255,"Q113308255|P921|Q140784701|S248|Q50817797|S854|""https://joss.theoj.org/papers/10.21105/joss.00293.json""|S813|+2026-06-18T00:00:00Z/11"
44697,767,set_statement,Done,,,Q113308047,"Q113308047|P921|Q140784702|S248|Q50817797|S854|""https://joss.theoj.org/papers/10.21105/joss.00961.json""|S813|+2026-06-18T00:00:00Z/11"
44697,768,set_statement,Done,,,Q57692489,"Q57692489|P921|Q140784703|S248|Q50817797|S854|""https://joss.theoj.org/papers/10.21105/joss.00707.json""|S813|+2026-06-18T00:00:00Z/11"
44697,769,set_statement,Done,,,Q113307583,"Q113307583|P921|Q140784704|S248|Q50817797|S854|""https://joss.theoj.org/papers/10.21105/joss.02259.json""|S813|+2026-06-18T00:00:00Z/11"
44697,770,set_statement,Done,,,Q113227668,"Q113227668|P921|Q140784705|S248|Q50817797|S854|""https://joss.theoj.org/papers/10.21105/joss.03202.json""|S813|+2026-06-18T00:00:00Z/11"
44697,771,set_statement,Done,,,Q63607825,"Q63607825|P921|Q140784706|S248|Q50817797|S854|""https://joss.theoj.org/papers/10.21105/joss.01098.json""|S813|+2026-06-18T00:00:00Z/11"
44697,772,set_statement,Done,,,Q111919857,"Q111919857|P921|Q140784708|S248|Q50817797|S854|""https://joss.theoj.org/papers/10.21105/joss.00064.json""|S813|+2026-06-18T00:00:00Z/11"
44697,773,set_statement,Done,,,Q113307889,"Q113307889|P921|Q140784710|S248|Q50817797|S854|""https://joss.theoj.org/papers/10.21105/joss.01285.json""|S813|+2026-06-18T00:00:00Z/11"
44697,774,set_statement,Done,,,Q112664060,"Q112664060|P921|Q140784711|S248|Q50817797|S854|""https://joss.theoj.org/papers/10.21105/joss.00464.json""|S813|+2026-06-18T00:00:00Z/11"
44697,775,set_statement,Done,,,Q113307619,"Q113307619|P921|Q140784713|S248|Q50817797|S854|""https://joss.theoj.org/papers/10.21105/joss.02102.json""|S813|+2026-06-18T00:00:00Z/11"
44697,776,set_statement,Done,,,Q135419968,"Q135419968|P921|Q140784715|S248|Q50817797|S854|""https://joss.theoj.org/papers/10.21105/joss.06693.json""|S813|+2026-06-18T00:00:00Z/11"
44697,777,set_statement,Done,,,Q113227784,"Q113227784|P921|Q140784716|S248|Q50817797|S854|""https://joss.theoj.org/papers/10.21105/joss.02160.json""|S813|+2026-06-18T00:00:00Z/11"
44697,778,set_statement,Done,,,Q113308296,"Q113308296|P921|Q140784717|S248|Q50817797|S854|""https://joss.theoj.org/papers/10.21105/joss.00165.json""|S813|+2026-06-18T00:00:00Z/11"
44697,779,set_statement,Done,,,Q113307754,"Q113307754|P921|Q140784719|S248|Q50817797|S854|""https://joss.theoj.org/papers/10.21105/joss.01700.json""|S813|+2026-06-18T00:00:00Z/11"
44697,780,set_statement,Done,,,Q113227915,"Q113227915|P921|Q140784723|S248|Q50817797|S854|""https://joss.theoj.org/papers/10.21105/joss.01191.json""|S813|+2026-06-18T00:00:00Z/11"
44697,781,set_statement,Done,,,Q113307266,"Q113307266|P921|Q140784724|S248|Q50817797|S854|""https://joss.theoj.org/papers/10.21105/joss.03199.json""|S813|+2026-06-18T00:00:00Z/11"
44697,782,set_statement,Done,,,Q113308214,"Q113308214|P921|Q140784729|S248|Q50817797|S854|""https://joss.theoj.org/papers/10.21105/joss.00448.json""|S813|+2026-06-18T00:00:00Z/11"
44697,783,set_statement,Done,,,Q110500246,"Q110500246|P921|Q140784731|S248|Q50817797|S854|""https://joss.theoj.org/papers/10.21105/joss.02607.json""|S813|+2026-06-18T00:00:00Z/11"
44697,784,set_statement,Done,,,Q113308167,"Q113308167|P921|Q140784732|S248|Q50817797|S854|""https://joss.theoj.org/papers/10.21105/joss.00606.json""|S813|+2026-06-18T00:00:00Z/11"
44697,785,set_statement,Done,,,Q113307059,"Q113307059|P921|Q140784733|S248|Q50817797|S854|""https://joss.theoj.org/papers/10.21105/joss.03661.json""|S813|+2026-06-18T00:00:00Z/11"
44697,786,set_statement,Done,,,Q111935729,"Q111935729|P921|Q140784735|S248|Q50817797|S854|""https://joss.theoj.org/papers/10.21105/joss.03811.json""|S813|+2026-06-18T00:00:00Z/11"
44697,787,set_statement,Done,,,Q113227644,"Q113227644|P921|Q140784736|S248|Q50817797|S854|""https://joss.theoj.org/papers/10.21105/joss.03482.json""|S813|+2026-06-18T00:00:00Z/11"
44697,788,set_statement,Done,,,Q109852473,"Q109852473|P921|Q113324535|S248|Q50817797|S854|""https://joss.theoj.org/papers/10.21105/joss.03622.json""|S813|+2026-06-18T00:00:00Z/11"
44697,789,set_statement,Done,,,Q113308212,"Q113308212|P921|Q140784739|S248|Q50817797|S854|""https://joss.theoj.org/papers/10.21105/joss.00457.json""|S813|+2026-06-18T00:00:00Z/11"
44697,790,set_statement,Done,,,Q113308202,"Q113308202|P921|Q140784740|S248|Q50817797|S854|""https://joss.theoj.org/papers/10.21105/joss.00497.json""|S813|+2026-06-18T00:00:00Z/11"
44697,791,set_statement,Done,,,Q113307481,"Q113307481|P921|Q140784741|S248|Q50817797|S854|""https://joss.theoj.org/papers/10.21105/joss.02451.json""|S813|+2026-06-18T00:00:00Z/11"
44697,792,set_statement,Done,,,Q139311219,"Q139311219|P921|Q140784742|S248|Q50817797|S854|""https://joss.theoj.org/papers/10.21105/joss.09278.json""|S813|+2026-06-18T00:00:00Z/11"
44697,793,set_statement,Done,,,Q111900399,"Q111900399|P921|Q140784745|S248|Q50817797|S854|""https://joss.theoj.org/papers/10.21105/joss.02965.json""|S813|+2026-06-18T00:00:00Z/11"
44697,794,set_statement,Done,,,Q113227876,"Q113227876|P921|Q140784746|S248|Q50817797|S854|""https://joss.theoj.org/papers/10.21105/joss.01539.json""|S813|+2026-06-18T00:00:00Z/11"
44697,795,set_statement,Done,,,Q113227805,"Q113227805|P921|Q140784748|S248|Q50817797|S854|""https://joss.theoj.org/papers/10.21105/joss.01986.json""|S813|+2026-06-18T00:00:00Z/11"
44697,796,set_statement,Done,,,Q112108932,"Q112108932|P921|Q140784749|S248|Q50817797|S854|""https://joss.theoj.org/papers/10.21105/joss.00188.json""|S813|+2026-06-18T00:00:00Z/11"
44697,797,set_statement,Done,,,Q113307657,"Q113307657|P921|Q140784750|S248|Q50817797|S854|""https://joss.theoj.org/papers/10.21105/joss.02004.json""|S813|+2026-06-18T00:00:00Z/11"
44697,798,set_statement,Done,,,Q113307636,"Q113307636|P921|Q140784751|S248|Q50817797|S854|""https://joss.theoj.org/papers/10.21105/joss.02050.json""|S813|+2026-06-18T00:00:00Z/11"
44697,799,set_statement,Done,,,Q113307507,"Q113307507|P921|Q140784752|S248|Q50817797|S854|""https://joss.theoj.org/papers/10.21105/joss.02419.json""|S813|+2026-06-18T00:00:00Z/11"
44697,800,set_statement,Done,,,Q113227792,"Q113227792|P921|Q140784403|S248|Q50817797|S854|""https://joss.theoj.org/papers/10.21105/joss.02104.json""|S813|+2026-06-18T00:00:00Z/11"
44697,801,set_statement,Done,,,Q113307272,"Q113307272|P921|Q140784759|S248|Q50817797|S854|""https://joss.theoj.org/papers/10.21105/joss.03159.json""|S813|+2026-06-18T00:00:00Z/11"
44697,802,set_statement,Done,,,Q113307813,"Q113307813|P921|Q140784763|S248|Q50817797|S854|""https://joss.theoj.org/papers/10.21105/joss.01488.json""|S813|+2026-06-18T00:00:00Z/11"
44697,803,set_statement,Done,,,Q112847682,"Q112847682|P921|Q140784774|S248|Q50817797|S854|""https://joss.theoj.org/papers/10.21105/joss.02250.json""|S813|+2026-06-18T00:00:00Z/11"
44697,804,set_statement,Done,,,Q113308278,"Q113308278|P921|Q140784775|S248|Q50817797|S854|""https://joss.theoj.org/papers/10.21105/joss.00209.json""|S813|+2026-06-18T00:00:00Z/11"
44697,805,set_statement,Done,,,Q110512123,"Q110512123|P921|Q140784776|S248|Q50817797|S854|""https://joss.theoj.org/papers/10.21105/joss.02916.json""|S813|+2026-06-18T00:00:00Z/11"
44697,806,set_statement,Done,,,Q63411093,"Q63411093|P921|Q140784777|S248|Q50817797|S854|""https://joss.theoj.org/papers/10.21105/joss.00016.json""|S813|+2026-06-18T00:00:00Z/11"
44697,807,set_statement,Done,,,Q111899743,"Q111899743|P921|Q140784778|S248|Q50817797|S854|""https://joss.theoj.org/papers/10.21105/joss.02183.json""|S813|+2026-06-18T00:00:00Z/11"
44697,808,set_statement,Done,,,Q113307638,"Q113307638|P921|Q140784779|S248|Q50817797|S854|""https://joss.theoj.org/papers/10.21105/joss.02043.json""|S813|+2026-06-18T00:00:00Z/11"
44697,809,set_statement,Done,,,Q113308176,"Q113308176|P921|Q140784780|S248|Q50817797|S854|""https://joss.theoj.org/papers/10.21105/joss.00581.json""|S813|+2026-06-18T00:00:00Z/11"
44697,810,set_statement,Done,,,Q113307202,"Q113307202|P921|Q140784781|S248|Q50817797|S854|""https://joss.theoj.org/papers/10.21105/joss.03447.json""|S813|+2026-06-18T00:00:00Z/11"
44697,811,set_statement,Done,,,Q113308064,"Q113308064|P921|Q140784782|S248|Q50817797|S854|""https://joss.theoj.org/papers/10.21105/joss.00899.json""|S813|+2026-06-18T00:00:00Z/11"
44697,812,set_statement,Done,,,Q113307860,"Q113307860|P921|Q140784783|S248|Q50817797|S854|""https://joss.theoj.org/papers/10.21105/joss.01363.json""|S813|+2026-06-18T00:00:00Z/11"
44697,813,set_statement,Done,,,Q113227732,"Q113227732|P921|Q140784785|S248|Q50817797|S854|""https://joss.theoj.org/papers/10.21105/joss.02581.json""|S813|+2026-06-18T00:00:00Z/11"
44697,814,set_statement,Done,,,Q113308124,"Q113308124|P921|Q140784787|S248|Q50817797|S854|""https://joss.theoj.org/papers/10.21105/joss.00711.json""|S813|+2026-06-18T00:00:00Z/11"
44697,815,set_statement,Done,,,Q113227663,"Q113227663|P921|Q140784788|S248|Q50817797|S854|""https://joss.theoj.org/papers/10.21105/joss.03247.json""|S813|+2026-06-18T00:00:00Z/11"
44697,816,set_statement,Done,,,Q113308110,"Q113308110|P921|Q140784796|S248|Q50817797|S854|""https://joss.theoj.org/papers/10.21105/joss.00764.json""|S813|+2026-06-18T00:00:00Z/11"
44697,817,set_statement,Done,,,Q113227943,"Q113227943|P921|Q140784797|S248|Q50817797|S854|""https://joss.theoj.org/papers/10.21105/joss.00980.json""|S813|+2026-06-18T00:00:00Z/11"
44697,818,set_statement,Done,,,Q113308183,"Q113308183|P921|Q140784798|S248|Q50817797|S854|""https://joss.theoj.org/papers/10.21105/joss.00557.json""|S813|+2026-06-18T00:00:00Z/11"
44697,819,set_statement,Done,,,Q113308015,"Q113308015|P921|Q140784802|S248|Q50817797|S854|""https://joss.theoj.org/papers/10.21105/joss.01042.json""|S813|+2026-06-18T00:00:00Z/11"
44697,820,set_statement,Done,,,Q113307693,"Q113307693|P921|Q140784805|S248|Q50817797|S854|""https://joss.theoj.org/papers/10.21105/joss.01867.json""|S813|+2026-06-18T00:00:00Z/11"
44697,821,set_statement,Done,,,Q113227743,"Q113227743|P921|Q140784807|S248|Q50817797|S854|""https://joss.theoj.org/papers/10.21105/joss.02498.json""|S813|+2026-06-18T00:00:00Z/11"
44697,822,set_statement,Done,,,Q129243481,"Q129243481|P921|Q140784809|S248|Q50817797|S854|""https://joss.theoj.org/papers/10.21105/joss.05771.json""|S813|+2026-06-18T00:00:00Z/11"
44697,823,set_statement,Done,,,Q57920793,"Q57920793|P921|Q140784812|S248|Q50817797|S854|""https://joss.theoj.org/papers/10.21105/joss.00633.json""|S813|+2026-06-18T00:00:00Z/11"
44697,824,set_statement,Done,,,Q113307748,"Q113307748|P921|Q140784814|S248|Q50817797|S854|""https://joss.theoj.org/papers/10.21105/joss.01706.json""|S813|+2026-06-18T00:00:00Z/11"
44697,825,set_statement,Done,,,Q113307625,"Q113307625|P921|Q140784820|S248|Q50817797|S854|""https://joss.theoj.org/papers/10.21105/joss.02089.json""|S813|+2026-06-18T00:00:00Z/11"
44697,826,set_statement,Done,,,Q61761977,"Q61761977|P921|Q140784822|S248|Q50817797|S854|""https://joss.theoj.org/papers/10.21105/joss.00877.json""|S813|+2026-06-18T00:00:00Z/11"
44697,827,set_statement,Done,,,Q113307873,"Q113307873|P921|Q140784824|S248|Q50817797|S854|""https://joss.theoj.org/papers/10.21105/joss.01331.json""|S813|+2026-06-18T00:00:00Z/11"
44697,828,set_statement,Done,,,Q113307885,"Q113307885|P921|Q140784825|S248|Q50817797|S854|""https://joss.theoj.org/papers/10.21105/joss.01292.json""|S813|+2026-06-18T00:00:00Z/11"
44697,829,set_statement,Done,,,Q106685962,"Q106685962|P921|Q140784826|S248|Q50817797|S854|""https://joss.theoj.org/papers/10.21105/joss.01451.json""|S813|+2026-06-18T00:00:00Z/11"
44697,830,set_statement,Done,,,Q113307083,"Q113307083|P921|Q140784827|S248|Q50817797|S854|""https://joss.theoj.org/papers/10.21105/joss.03646.json""|S813|+2026-06-18T00:00:00Z/11"
44697,831,set_statement,Done,,,Q57088982,"Q57088982|P921|Q140784829|S248|Q50817797|S854|""https://joss.theoj.org/papers/10.21105/joss.00924.json""|S813|+2026-06-18T00:00:00Z/11"
44697,832,set_statement,Done,,,Q137179902,"Q137179902|P921|Q140784837|S248|Q50817797|S854|""https://joss.theoj.org/papers/10.21105/joss.05422.json""|S813|+2026-06-18T00:00:00Z/11"
44697,833,set_statement,Done,,,Q113306954,"Q113306954|P921|Q140784838|S248|Q50817797|S854|""https://joss.theoj.org/papers/10.21105/joss.03838.json""|S813|+2026-06-18T00:00:00Z/11"
44697,834,set_statement,Done,,,Q113307373,"Q113307373|P921|Q140784840|S248|Q50817797|S854|""https://joss.theoj.org/papers/10.21105/joss.02763.json""|S813|+2026-06-18T00:00:00Z/11"
44697,835,set_statement,Done,,,Q113227846,"Q113227846|P921|Q140784841|S248|Q50817797|S854|""https://joss.theoj.org/papers/10.21105/joss.01745.json""|S813|+2026-06-18T00:00:00Z/11"
44697,836,set_statement,Done,,,Q113308337,"Q113308337|P921|Q140784845|S248|Q50817797|S854|""https://joss.theoj.org/papers/10.21105/joss.00032.json""|S813|+2026-06-18T00:00:00Z/11"
44697,837,set_statement,Done,,,Q113307675,"Q113307675|P921|Q140784846|S248|Q50817797|S854|""https://joss.theoj.org/papers/10.21105/joss.01941.json""|S813|+2026-06-18T00:00:00Z/11"
44697,838,set_statement,Done,,,Q113227709,"Q113227709|P921|Q140784847|S248|Q50817797|S854|""https://joss.theoj.org/papers/10.21105/joss.02801.json""|S813|+2026-06-18T00:00:00Z/11"
44697,839,set_statement,Done,,,Q113307878,"Q113307878|P921|Q140784849|S248|Q50817797|S854|""https://joss.theoj.org/papers/10.21105/joss.01316.json""|S813|+2026-06-18T00:00:00Z/11"
44697,840,set_statement,Done,,,Q113307776,"Q113307776|P921|Q140784850|S248|Q50817797|S854|""https://joss.theoj.org/papers/10.21105/joss.01632.json""|S813|+2026-06-18T00:00:00Z/11"
44697,841,set_statement,Done,,,Q113308128,"Q113308128|P921|Q140784851|S248|Q50817797|S854|""https://joss.theoj.org/papers/10.21105/joss.00692.json""|S813|+2026-06-18T00:00:00Z/11"
44697,842,set_statement,Done,,,Q113308237,"Q113308237|P921|Q140784854|S248|Q50817797|S854|""https://joss.theoj.org/papers/10.21105/joss.00371.json""|S813|+2026-06-18T00:00:00Z/11"
44697,843,set_statement,Done,,,Q113306904,"Q113306904|P921|Q140784855|S248|Q50817797|S854|""https://joss.theoj.org/papers/10.21105/joss.03887.json""|S813|+2026-06-18T00:00:00Z/11"
44697,844,set_statement,Done,,,Q121225395,"Q121225395|P921|Q140784857|S248|Q50817797|S854|""https://joss.theoj.org/papers/10.21105/joss.05581.json""|S813|+2026-06-18T00:00:00Z/11"
44697,845,set_statement,Done,,,Q127335413,"Q127335413|P921|Q140784858|S248|Q50817797|S854|""https://joss.theoj.org/papers/10.21105/joss.06598.json""|S813|+2026-06-18T00:00:00Z/11"
44697,846,set_statement,Done,,,Q113227845,"Q113227845|P921|Q140784860|S248|Q50817797|S854|""https://joss.theoj.org/papers/10.21105/joss.01759.json""|S813|+2026-06-18T00:00:00Z/11"
44697,847,set_statement,Done,,,Q108784877,"Q108784877|P921|Q140784862|S248|Q50817797|S854|""https://joss.theoj.org/papers/10.21105/joss.00280.json""|S813|+2026-06-18T00:00:00Z/11"
44697,848,set_statement,Done,,,Q113308112,"Q113308112|P921|Q140784863|S248|Q50817797|S854|""https://joss.theoj.org/papers/10.21105/joss.00749.json""|S813|+2026-06-18T00:00:00Z/11"
44697,849,set_statement,Done,,,Q57195517,"Q57195517|P921|Q140784864|S248|Q50817797|S854|""https://joss.theoj.org/papers/10.21105/joss.00451.json""|S813|+2026-06-18T00:00:00Z/11"
44697,850,set_statement,Done,,,Q111931220,"Q111931220|P921|Q140784865|S248|Q50817797|S854|""https://joss.theoj.org/papers/10.21105/joss.01276.json""|S813|+2026-06-18T00:00:00Z/11"
44697,851,set_statement,Done,,,Q113307372,"Q113307372|P921|Q140784866|S248|Q50817797|S854|""https://joss.theoj.org/papers/10.21105/joss.02767.json""|S813|+2026-06-18T00:00:00Z/11"
44697,852,set_statement,Done,,,Q113227760,"Q113227760|P921|Q140784869|S248|Q50817797|S854|""https://joss.theoj.org/papers/10.21105/joss.02384.json""|S813|+2026-06-18T00:00:00Z/11"
44697,853,set_statement,Done,,,Q113307531,"Q113307531|P921|Q140784871|S248|Q50817797|S854|""https://joss.theoj.org/papers/10.21105/joss.02351.json""|S813|+2026-06-18T00:00:00Z/11"
44697,854,set_statement,Done,,,Q113307857,"Q113307857|P921|Q140784872|S248|Q50817797|S854|""https://joss.theoj.org/papers/10.21105/joss.01385.json""|S813|+2026-06-18T00:00:00Z/11"
44697,855,set_statement,Done,,,Q113227986,"Q113227986|P921|Q140784887|S248|Q50817797|S854|""https://joss.theoj.org/papers/10.21105/joss.00348.json""|S813|+2026-06-18T00:00:00Z/11"
44697,856,set_statement,Done,,,Q113227777,"Q113227777|P921|Q140784888|S248|Q50817797|S854|""https://joss.theoj.org/papers/10.21105/joss.02241.json""|S813|+2026-06-18T00:00:00Z/11"
44697,857,set_statement,Done,,,Q113307700,"Q113307700|P921|Q140784890|S248|Q50817797|S854|""https://joss.theoj.org/papers/10.21105/joss.01856.json""|S813|+2026-06-18T00:00:00Z/11"
44697,858,set_statement,Done,,,Q135299913,"Q135299913|P921|Q140784891|S248|Q50817797|S854|""https://joss.theoj.org/papers/10.21105/joss.07047.json""|S813|+2026-06-18T00:00:00Z/11"
44697,859,set_statement,Done,,,Q113307412,"Q113307412|P921|Q140784892|S248|Q50817797|S854|""https://joss.theoj.org/papers/10.21105/joss.02644.json""|S813|+2026-06-18T00:00:00Z/11"
44697,860,set_statement,Done,,,Q113307400,"Q113307400|P921|Q140784893|S248|Q50817797|S854|""https://joss.theoj.org/papers/10.21105/joss.02670.json""|S813|+2026-06-18T00:00:00Z/11"
44697,861,set_statement,Done,,,Q113308004,"Q113308004|P921|Q140784895|S248|Q50817797|S854|""https://joss.theoj.org/papers/10.21105/joss.01064.json""|S813|+2026-06-18T00:00:00Z/11"
44697,862,set_statement,Done,,,Q60736659,"Q60736659|P921|Q140784897|S248|Q50817797|S854|""https://joss.theoj.org/papers/10.21105/joss.01063.json""|S813|+2026-06-18T00:00:00Z/11"
44697,863,set_statement,Done,,,Q113307978,"Q113307978|P921|Q140784898|S248|Q50817797|S854|""https://joss.theoj.org/papers/10.21105/joss.01111.json""|S813|+2026-06-18T00:00:00Z/11"
44697,864,set_statement,Done,,,Q113308195,"Q113308195|P921|Q140784905|S248|Q50817797|S854|""https://joss.theoj.org/papers/10.21105/joss.00515.json""|S813|+2026-06-18T00:00:00Z/11"
44697,865,set_statement,Done,,,Q57788029,"Q57788029|P921|Q140784908|S248|Q50817797|S854|""https://joss.theoj.org/papers/10.21105/joss.00583.json""|S813|+2026-06-18T00:00:00Z/11"
44697,866,set_statement,Done,,,Q113307609,"Q113307609|P921|Q140784913|S248|Q50817797|S854|""https://joss.theoj.org/papers/10.21105/joss.02120.json""|S813|+2026-06-18T00:00:00Z/11"
44697,867,set_statement,Done,,,Q113307349,"Q113307349|P921|Q140784916|S248|Q50817797|S854|""https://joss.theoj.org/papers/10.21105/joss.02848.json""|S813|+2026-06-18T00:00:00Z/11"
44697,868,set_statement,Done,,,Q113307409,"Q113307409|P921|Q140784921|S248|Q50817797|S854|""https://joss.theoj.org/papers/10.21105/joss.02651.json""|S813|+2026-06-18T00:00:00Z/11"
44697,869,set_statement,Done,,,Q113307408,"Q113307408|P921|Q140784925|S248|Q50817797|S854|""https://joss.theoj.org/papers/10.21105/joss.02653.json""|S813|+2026-06-18T00:00:00Z/11"
44697,870,set_statement,Done,,,Q113308188,"Q113308188|P921|Q140784926|S248|Q50817797|S854|""https://joss.theoj.org/papers/10.21105/joss.00542.json""|S813|+2026-06-18T00:00:00Z/11"
44697,871,set_statement,Done,,,Q112108944,"Q112108944|P921|Q140784929|S248|Q50817797|S854|""https://joss.theoj.org/papers/10.21105/joss.02550.json""|S813|+2026-06-18T00:00:00Z/11"
44697,872,set_statement,Done,,,Q113307369,"Q113307369|P921|Q140784931|S248|Q50817797|S854|""https://joss.theoj.org/papers/10.21105/joss.02781.json""|S813|+2026-06-18T00:00:00Z/11"
44697,873,set_statement,Done,,,Q113308295,"Q113308295|P921|Q140784932|S248|Q50817797|S854|""https://joss.theoj.org/papers/10.21105/joss.00166.json""|S813|+2026-06-18T00:00:00Z/11"
44697,874,set_statement,Done,,,Q113307644,"Q113307644|P921|Q140784933|S248|Q50817797|S854|""https://joss.theoj.org/papers/10.21105/joss.02030.json""|S813|+2026-06-18T00:00:00Z/11"
44697,875,set_statement,Done,,,Q113227575,"Q113227575|P921|Q120549842|S248|Q50817797|S854|""https://joss.theoj.org/papers/10.21105/joss.04136.json""|S813|+2026-06-18T00:00:00Z/11"
44697,876,set_statement,Done,,,Q113308180,"Q113308180|P921|Q140784937|S248|Q50817797|S854|""https://joss.theoj.org/papers/10.21105/joss.00568.json""|S813|+2026-06-18T00:00:00Z/11"
44697,877,set_statement,Done,,,Q113307608,"Q113307608|P921|Q140784941|S248|Q50817797|S854|""https://joss.theoj.org/papers/10.21105/joss.02121.json""|S813|+2026-06-18T00:00:00Z/11"
44697,878,set_statement,Done,,,Q113307525,"Q113307525|P921|Q140784955|S248|Q50817797|S854|""https://joss.theoj.org/papers/10.21105/joss.02373.json""|S813|+2026-06-18T00:00:00Z/11"
44697,879,set_statement,Done,,,Q113227791,"Q113227791|P921|Q140784956|S248|Q50817797|S854|""https://joss.theoj.org/papers/10.21105/joss.02123.json""|S813|+2026-06-18T00:00:00Z/11"
44697,880,set_statement,Done,,,Q111901107,"Q111901107|P921|Q140784957|S248|Q50817797|S854|""https://joss.theoj.org/papers/10.21105/joss.02995.json""|S813|+2026-06-18T00:00:00Z/11"
44697,881,set_statement,Done,,,Q111934446,"Q111934446|P921|Q140784958|S248|Q50817797|S854|""https://joss.theoj.org/papers/10.21105/joss.03283.json""|S813|+2026-06-18T00:00:00Z/11"
44697,882,set_statement,Done,,,Q113308092,"Q113308092|P921|Q140784959|S248|Q50817797|S854|""https://joss.theoj.org/papers/10.21105/joss.00825.json""|S813|+2026-06-18T00:00:00Z/11"
44697,883,set_statement,Done,,,Q111900470,"Q111900470|P921|Q140784961|S248|Q50817797|S854|""https://joss.theoj.org/papers/10.21105/joss.03290.json""|S813|+2026-06-18T00:00:00Z/11"
44697,884,set_statement,Done,,,Q56042375,"Q56042375|P921|Q140784962|S248|Q50817797|S854|""https://joss.theoj.org/papers/10.21105/joss.00037.json""|S813|+2026-06-18T00:00:00Z/11"
44697,885,set_statement,Done,,,Q138509475,"Q138509475|P921|Q140784963|S248|Q50817797|S854|""https://joss.theoj.org/papers/10.21105/joss.05351.json""|S813|+2026-06-18T00:00:00Z/11"
44697,886,set_statement,Done,,,Q113307552,"Q113307552|P921|Q140784964|S248|Q50817797|S854|""https://joss.theoj.org/papers/10.21105/joss.02306.json""|S813|+2026-06-18T00:00:00Z/11"
44697,887,set_statement,Done,,,Q113307022,"Q113307022|P921|Q140784966|S248|Q50817797|S854|""https://joss.theoj.org/papers/10.21105/joss.03773.json""|S813|+2026-06-18T00:00:00Z/11"
44697,888,set_statement,Done,,,Q107337642,"Q107337642|P921|Q107383886|S248|Q50817797|S854|""https://joss.theoj.org/papers/10.21105/joss.00205.json""|S813|+2026-06-18T00:00:00Z/11"
44697,889,set_statement,Done,,,Q119695781,"Q119695781|P921|Q140784976|S248|Q50817797|S854|""https://joss.theoj.org/papers/10.21105/joss.04915.json""|S813|+2026-06-18T00:00:00Z/11"
44697,890,set_statement,Done,,,Q113307686,"Q113307686|P921|Q140784980|S248|Q50817797|S854|""https://joss.theoj.org/papers/10.21105/joss.01900.json""|S813|+2026-06-18T00:00:00Z/11"
44697,891,set_statement,Done,,,Q113307604,"Q113307604|P921|Q107384476|S248|Q50817797|S854|""https://joss.theoj.org/papers/10.21105/joss.02145.json""|S813|+2026-06-18T00:00:00Z/11"
44697,892,set_statement,Done,,,Q113308052,"Q113308052|P921|Q140784982|S248|Q50817797|S854|""https://joss.theoj.org/papers/10.21105/joss.00947.json""|S813|+2026-06-18T00:00:00Z/11"
44697,893,set_statement,Done,,,Q113307823,"Q113307823|P921|Q140784983|S248|Q50817797|S854|""https://joss.theoj.org/papers/10.21105/joss.01465.json""|S813|+2026-06-18T00:00:00Z/11"
44697,894,set_statement,Done,,,Q113308265,"Q113308265|P921|Q140784984|S248|Q50817797|S854|""https://joss.theoj.org/papers/10.21105/joss.00250.json""|S813|+2026-06-18T00:00:00Z/11"
44697,895,set_statement,Done,,,Q113308254,"Q113308254|P921|Q140784985|S248|Q50817797|S854|""https://joss.theoj.org/papers/10.21105/joss.00295.json""|S813|+2026-06-18T00:00:00Z/11"
44697,896,set_statement,Done,,,Q113308198,"Q113308198|P921|Q140784986|S248|Q50817797|S854|""https://joss.theoj.org/papers/10.21105/joss.00505.json""|S813|+2026-06-18T00:00:00Z/11"
44697,897,set_statement,Done,,,Q113308218,"Q113308218|P921|Q140784987|S248|Q50817797|S854|""https://joss.theoj.org/papers/10.21105/joss.00436.json""|S813|+2026-06-18T00:00:00Z/11"
44697,898,set_statement,Done,,,Q113308342,"Q113308342|P921|Q140784988|S248|Q50817797|S854|""https://joss.theoj.org/papers/10.21105/joss.00012.json""|S813|+2026-06-18T00:00:00Z/11"
44697,899,set_statement,Done,,,Q113308327,"Q113308327|P921|Q140784989|S248|Q50817797|S854|""https://joss.theoj.org/papers/10.21105/joss.00050.json""|S813|+2026-06-18T00:00:00Z/11"
44697,900,set_statement,Done,,,Q113308297,"Q113308297|P921|Q140784990|S248|Q50817797|S854|""https://joss.theoj.org/papers/10.21105/joss.00161.json""|S813|+2026-06-18T00:00:00Z/11"
44697,901,set_statement,Done,,,Q113227598,"Q113227598|P921|Q140784991|S248|Q50817797|S854|""https://joss.theoj.org/papers/10.21105/joss.03917.json""|S813|+2026-06-18T00:00:00Z/11"
44697,902,set_statement,Done,,,Q113308097,"Q113308097|P921|Q140784992|S248|Q50817797|S854|""https://joss.theoj.org/papers/10.21105/joss.00808.json""|S813|+2026-06-18T00:00:00Z/11"
44697,903,set_statement,Done,,,Q113227853,"Q113227853|P921|Q140784993|S248|Q50817797|S854|""https://joss.theoj.org/papers/10.21105/joss.01720.json""|S813|+2026-06-18T00:00:00Z/11"
44697,904,set_statement,Done,,,Q113307676,"Q113307676|P921|Q140783810|S248|Q50817797|S854|""https://joss.theoj.org/papers/10.21105/joss.01935.json""|S813|+2026-06-18T00:00:00Z/11"
44697,905,set_statement,Done,,,Q113227974,"Q113227974|P921|Q140785017|S248|Q50817797|S854|""https://joss.theoj.org/papers/10.21105/joss.00569.json""|S813|+2026-06-18T00:00:00Z/11"
44697,906,set_statement,Done,,,Q113307284,"Q113307284|P921|Q140785018|S248|Q50817797|S854|""https://joss.theoj.org/papers/10.21105/joss.03094.json""|S813|+2026-06-18T00:00:00Z/11"
44697,907,set_statement,Done,,,Q113227653,"Q113227653|P921|Q140785019|S248|Q50817797|S854|""https://joss.theoj.org/papers/10.21105/joss.03326.json""|S813|+2026-06-18T00:00:00Z/11"
44697,908,set_statement,Done,,,Q113308250,"Q113308250|P921|Q140785022|S248|Q50817797|S854|""https://joss.theoj.org/papers/10.21105/joss.00320.json""|S813|+2026-06-18T00:00:00Z/11"
44697,909,set_statement,Done,,,Q113308059,"Q113308059|P921|Q140785024|S248|Q50817797|S854|""https://joss.theoj.org/papers/10.21105/joss.00911.json""|S813|+2026-06-18T00:00:00Z/11"
44697,910,set_statement,Done,,,Q113227809,"Q113227809|P921|Q140785025|S248|Q50817797|S854|""https://joss.theoj.org/papers/10.21105/joss.01978.json""|S813|+2026-06-18T00:00:00Z/11"
44697,911,set_statement,Done,,,Q60338377,"Q60338377|P921|Q120965904|S248|Q50817797|S854|""https://joss.theoj.org/papers/10.21105/joss.00773.json""|S813|+2026-06-18T00:00:00Z/11"
44697,912,set_statement,Done,,,Q113307281,"Q113307281|P921|Q140785030|S248|Q50817797|S854|""https://joss.theoj.org/papers/10.21105/joss.03122.json""|S813|+2026-06-18T00:00:00Z/11"
44697,913,set_statement,Done,,,Q113306949,"Q113306949|P921|Q140785031|S248|Q50817797|S854|""https://joss.theoj.org/papers/10.21105/joss.03839.json""|S813|+2026-06-18T00:00:00Z/11"
44697,914,set_statement,Done,,,Q113227932,"Q113227932|P921|Q140785038|S248|Q50817797|S854|""https://joss.theoj.org/papers/10.21105/joss.01066.json""|S813|+2026-06-18T00:00:00Z/11"
44697,915,set_statement,Done,,,Q113227635,"Q113227635|P921|Q140785042|S248|Q50817797|S854|""https://joss.theoj.org/papers/10.21105/joss.03608.json""|S813|+2026-06-18T00:00:00Z/11"
44697,916,set_statement,Done,,,Q118594260,"Q118594260|P921|Q140785046|S248|Q50817797|S854|""https://joss.theoj.org/papers/10.21105/joss.04170.json""|S813|+2026-06-18T00:00:00Z/11"
44697,917,set_statement,Done,,,Q123698886,"Q123698886|P921|Q140785047|S248|Q50817797|S854|""https://joss.theoj.org/papers/10.21105/joss.04475.json""|S813|+2026-06-18T00:00:00Z/11"
44697,918,set_statement,Done,,,Q113307660,"Q113307660|P921|Q140785050|S248|Q50817797|S854|""https://joss.theoj.org/papers/10.21105/joss.01994.json""|S813|+2026-06-18T00:00:00Z/11"
44697,919,set_statement,Done,,,Q113307758,"Q113307758|P921|Q140785053|S248|Q50817797|S854|""https://joss.theoj.org/papers/10.21105/joss.01693.json""|S813|+2026-06-18T00:00:00Z/11"
44697,920,set_statement,Done,,,Q93242955,"Q93242955|P921|Q120549844|S248|Q50817797|S854|""https://joss.theoj.org/papers/10.21105/joss.01708.json""|S813|+2026-06-18T00:00:00Z/11"
44697,921,set_statement,Done,,,Q113227681,"Q113227681|P921|Q140785055|S248|Q50817797|S854|""https://joss.theoj.org/papers/10.21105/joss.03089.json""|S813|+2026-06-18T00:00:00Z/11"
44697,922,set_statement,Done,,,Q113307227,"Q113307227|P921|Q140785056|S248|Q50817797|S854|""https://joss.theoj.org/papers/10.21105/joss.03384.json""|S813|+2026-06-18T00:00:00Z/11"
44697,923,set_statement,Done,,,Q119696124,"Q119696124|P921|Q107385313|S248|Q50817797|S854|""https://joss.theoj.org/papers/10.21105/joss.04886.json""|S813|+2026-06-18T00:00:00Z/11"
44697,924,set_statement,Done,,,Q113307230,"Q113307230|P921|Q140785058|S248|Q50817797|S854|""https://joss.theoj.org/papers/10.21105/joss.03362.json""|S813|+2026-06-18T00:00:00Z/11"
44697,925,set_statement,Done,,,Q113227803,"Q113227803|P921|Q140785060|S248|Q50817797|S854|""https://joss.theoj.org/papers/10.21105/joss.02013.json""|S813|+2026-06-18T00:00:00Z/11"
44697,926,set_statement,Done,,,Q113227753,"Q113227753|P921|Q140785063|S248|Q50817797|S854|""https://joss.theoj.org/papers/10.21105/joss.02425.json""|S813|+2026-06-18T00:00:00Z/11"
44697,927,set_statement,Done,,,Q113307336,"Q113307336|P921|Q140785064|S248|Q50817797|S854|""https://joss.theoj.org/papers/10.21105/joss.02906.json""|S813|+2026-06-18T00:00:00Z/11"
44697,928,set_statement,Done,,,Q113308151,"Q113308151|P921|Q107384344|S248|Q50817797|S854|""https://joss.theoj.org/papers/10.21105/joss.00638.json""|S813|+2026-06-18T00:00:00Z/11"
44697,929,set_statement,Done,,,Q113307271,"Q113307271|P921|Q140785067|S248|Q50817797|S854|""https://joss.theoj.org/papers/10.21105/joss.03167.json""|S813|+2026-06-18T00:00:00Z/11"
44697,930,set_statement,Done,,,Q113227872,"Q113227872|P921|Q140785081|S248|Q50817797|S854|""https://joss.theoj.org/papers/10.21105/joss.01556.json""|S813|+2026-06-18T00:00:00Z/11"
44697,931,set_statement,Done,,,Q113308119,"Q113308119|P921|Q140785082|S248|Q50817797|S854|""https://joss.theoj.org/papers/10.21105/joss.00731.json""|S813|+2026-06-18T00:00:00Z/11"
44697,932,set_statement,Done,,,Q113227724,"Q113227724|P921|Q140785084|S248|Q50817797|S854|""https://joss.theoj.org/papers/10.21105/joss.02643.json""|S813|+2026-06-18T00:00:00Z/11"
44697,933,set_statement,Done,,,Q113307467,"Q113307467|P921|Q140785085|S248|Q50817797|S854|""https://joss.theoj.org/papers/10.21105/joss.02474.json""|S813|+2026-06-18T00:00:00Z/11"
44697,934,set_statement,Done,,,Q113307377,"Q113307377|P921|Q140785086|S248|Q50817797|S854|""https://joss.theoj.org/papers/10.21105/joss.02749.json""|S813|+2026-06-18T00:00:00Z/11"
44697,935,set_statement,Done,,,Q113307249,"Q113307249|P921|Q140785087|S248|Q50817797|S854|""https://joss.theoj.org/papers/10.21105/joss.03265.json""|S813|+2026-06-18T00:00:00Z/11"
44697,936,set_statement,Done,,,Q57524023,"Q57524023|P921|Q140785088|S248|Q50817797|S854|""https://joss.theoj.org/papers/10.21105/joss.00625.json""|S813|+2026-06-18T00:00:00Z/11"
44697,937,set_statement,Done,,,Q110499953,"Q110499953|P921|Q140785089|S248|Q50817797|S854|""https://joss.theoj.org/papers/10.21105/joss.00719.json""|S813|+2026-06-18T00:00:00Z/11"
44697,938,set_statement,Done,,,Q113307168,"Q113307168|P921|Q140785090|S248|Q50817797|S854|""https://joss.theoj.org/papers/10.21105/joss.03543.json""|S813|+2026-06-18T00:00:00Z/11"
44697,939,set_statement,Done,,,Q113307191,"Q113307191|P921|Q140785091|S248|Q50817797|S854|""https://joss.theoj.org/papers/10.21105/joss.03490.json""|S813|+2026-06-18T00:00:00Z/11"
44697,940,set_statement,Done,,,Q113307228,"Q113307228|P921|Q140785092|S248|Q50817797|S854|""https://joss.theoj.org/papers/10.21105/joss.03383.json""|S813|+2026-06-18T00:00:00Z/11"
44697,941,set_statement,Done,,,Q113306743,"Q113306743|P921|Q140785093|S248|Q50817797|S854|""https://joss.theoj.org/papers/10.21105/joss.03992.json""|S813|+2026-06-18T00:00:00Z/11"
44697,942,set_statement,Done,,,Q113307798,"Q113307798|P921|Q140785094|S248|Q50817797|S854|""https://joss.theoj.org/papers/10.21105/joss.01542.json""|S813|+2026-06-18T00:00:00Z/11"
44697,943,set_statement,Done,,,Q113227863,"Q113227863|P921|Q140785095|S248|Q50817797|S854|""https://joss.theoj.org/papers/10.21105/joss.01626.json""|S813|+2026-06-18T00:00:00Z/11"
44697,944,set_statement,Done,,,Q113307427,"Q113307427|P921|Q140785097|S248|Q50817797|S854|""https://joss.theoj.org/papers/10.21105/joss.02596.json""|S813|+2026-06-18T00:00:00Z/11"
44697,945,set_statement,Done,,,Q92159325,"Q92159325|P921|Q140785100|S248|Q50817797|S854|""https://joss.theoj.org/papers/10.21105/joss.01408.json""|S813|+2026-06-18T00:00:00Z/11"
44697,946,set_statement,Done,,,Q113308113,"Q113308113|P921|Q140785102|S248|Q50817797|S854|""https://joss.theoj.org/papers/10.21105/joss.00748.json""|S813|+2026-06-18T00:00:00Z/11"
44697,947,set_statement,Done,,,Q119698790,"Q119698790|P921|Q4047262|S248|Q50817797|S854|""https://joss.theoj.org/papers/10.21105/joss.04531.json""|S813|+2026-06-18T00:00:00Z/11"
44697,948,set_statement,Done,,,Q113227676,"Q113227676|P921|Q140785118|S248|Q50817797|S854|""https://joss.theoj.org/papers/10.21105/joss.03098.json""|S813|+2026-06-18T00:00:00Z/11"
44697,949,set_statement,Done,,,Q57014990,"Q57014990|P921|Q140785120|S248|Q50817797|S854|""https://joss.theoj.org/papers/10.21105/joss.00025.json""|S813|+2026-06-18T00:00:00Z/11"
44697,950,set_statement,Done,,,Q113307602,"Q113307602|P921|Q140785122|S248|Q50817797|S854|""https://joss.theoj.org/papers/10.21105/joss.02153.json""|S813|+2026-06-18T00:00:00Z/11"
44697,951,set_statement,Done,,,Q113227795,"Q113227795|P921|Q140785123|S248|Q50817797|S854|""https://joss.theoj.org/papers/10.21105/joss.02073.json""|S813|+2026-06-18T00:00:00Z/11"
44697,952,set_statement,Done,,,Q113308286,"Q113308286|P921|Q140785125|S248|Q50817797|S854|""https://joss.theoj.org/papers/10.21105/joss.00189.json""|S813|+2026-06-18T00:00:00Z/11"
44697,953,set_statement,Done,,,Q113307224,"Q113307224|P921|Q140785126|S248|Q50817797|S854|""https://joss.theoj.org/papers/10.21105/joss.03390.json""|S813|+2026-06-18T00:00:00Z/11"
44697,954,set_statement,Done,,,Q113227687,"Q113227687|P921|Q140785130|S248|Q50817797|S854|""https://joss.theoj.org/papers/10.21105/joss.03051.json""|S813|+2026-06-18T00:00:00Z/11"
44697,955,set_statement,Done,,,Q113307454,"Q113307454|P921|Q140785138|S248|Q50817797|S854|""https://joss.theoj.org/papers/10.21105/joss.02514.json""|S813|+2026-06-18T00:00:00Z/11"
44697,956,set_statement,Done,,,Q113308179,"Q113308179|P921|Q140785147|S248|Q50817797|S854|""https://joss.theoj.org/papers/10.21105/joss.00571.json""|S813|+2026-06-18T00:00:00Z/11"
44697,957,set_statement,Done,,,Q113307235,"Q113307235|P921|Q140785148|S248|Q50817797|S854|""https://joss.theoj.org/papers/10.21105/joss.03336.json""|S813|+2026-06-18T00:00:00Z/11"
44697,958,set_statement,Done,,,Q113308054,"Q113308054|P921|Q140785149|S248|Q50817797|S854|""https://joss.theoj.org/papers/10.21105/joss.00940.json""|S813|+2026-06-18T00:00:00Z/11"
44697,959,set_statement,Done,,,Q129449499,"Q129449499|P921|Q140785154|S248|Q50817797|S854|""https://joss.theoj.org/papers/10.21105/joss.06089.json""|S813|+2026-06-18T00:00:00Z/11"
44697,960,set_statement,Done,,,Q113227746,"Q113227746|P921|Q140785157|S248|Q50817797|S854|""https://joss.theoj.org/papers/10.21105/joss.02480.json""|S813|+2026-06-18T00:00:00Z/11"
44697,961,set_statement,Done,,,Q113307210,"Q113307210|P921|Q140785158|S248|Q50817797|S854|""https://joss.theoj.org/papers/10.21105/joss.03430.json""|S813|+2026-06-18T00:00:00Z/11"
44697,962,set_statement,Done,,,Q113227770,"Q113227770|P921|Q140785159|S248|Q50817797|S854|""https://joss.theoj.org/papers/10.21105/joss.02318.json""|S813|+2026-06-18T00:00:00Z/11"
44697,963,set_statement,Done,,,Q113307994,"Q113307994|P921|Q140785160|S248|Q50817797|S854|""https://joss.theoj.org/papers/10.21105/joss.01073.json""|S813|+2026-06-18T00:00:00Z/11"
44697,964,set_statement,Done,,,Q112108945,"Q112108945|P921|Q140785161|S248|Q50817797|S854|""https://joss.theoj.org/papers/10.21105/joss.02784.json""|S813|+2026-06-18T00:00:00Z/11"
44697,965,set_statement,Done,,,Q113308224,"Q113308224|P921|Q140785164|S248|Q50817797|S854|""https://joss.theoj.org/papers/10.21105/joss.00425.json""|S813|+2026-06-18T00:00:00Z/11"
44697,966,set_statement,Done,,,Q134885633,"Q134885633|P921|Q140785165|S248|Q50817797|S854|""https://joss.theoj.org/papers/10.21105/joss.07094.json""|S813|+2026-06-18T00:00:00Z/11"
44697,967,set_statement,Done,,,Q113308201,"Q113308201|P921|Q140785167|S248|Q50817797|S854|""https://joss.theoj.org/papers/10.21105/joss.00500.json""|S813|+2026-06-18T00:00:00Z/11"
44697,968,set_statement,Done,,,Q113227675,"Q113227675|P921|Q140785169|S248|Q50817797|S854|""https://joss.theoj.org/papers/10.21105/joss.03099.json""|S813|+2026-06-18T00:00:00Z/11"
44697,969,set_statement,Done,,,Q113307220,"Q113307220|P921|Q140785171|S248|Q50817797|S854|""https://joss.theoj.org/papers/10.21105/joss.03393.json""|S813|+2026-06-18T00:00:00Z/11"
44697,970,set_statement,Done,,,Q113307029,"Q113307029|P921|Q140785172|S248|Q50817797|S854|""https://joss.theoj.org/papers/10.21105/joss.03741.json""|S813|+2026-06-18T00:00:00Z/11"
44697,971,set_statement,Done,,,Q113307689,"Q113307689|P921|Q140785174|S248|Q50817797|S854|""https://joss.theoj.org/papers/10.21105/joss.01885.json""|S813|+2026-06-18T00:00:00Z/11"
44697,972,set_statement,Done,,,Q113307566,"Q113307566|P921|Q140785175|S248|Q50817797|S854|""https://joss.theoj.org/papers/10.21105/joss.02286.json""|S813|+2026-06-18T00:00:00Z/11"
44697,973,set_statement,Done,,,Q56042374,"Q56042374|P921|Q140785176|S248|Q50817797|S854|""https://joss.theoj.org/papers/10.21105/joss.00024.json""|S813|+2026-06-18T00:00:00Z/11"
44697,974,set_statement,Done,,,Q111900242,"Q111900242|P921|Q140785177|S248|Q50817797|S854|""https://joss.theoj.org/papers/10.21105/joss.02308.json""|S813|+2026-06-18T00:00:00Z/11"
44697,975,set_statement,Done,,,Q56051994,"Q56051994|P921|Q140785178|S248|Q50817797|S854|""https://joss.theoj.org/papers/10.21105/joss.00097.json""|S813|+2026-06-18T00:00:00Z/11"
44697,976,set_statement,Done,,,Q110499956,"Q110499956|P921|Q140785179|S248|Q50817797|S854|""https://joss.theoj.org/papers/10.21105/joss.01524.json""|S813|+2026-06-18T00:00:00Z/11"
44697,977,set_statement,Done,,,Q113308053,"Q113308053|P921|Q140785180|S248|Q50817797|S854|""https://joss.theoj.org/papers/10.21105/joss.00941.json""|S813|+2026-06-18T00:00:00Z/11"
44697,978,set_statement,Done,,,Q110502065,"Q110502065|P921|Q140785181|S248|Q50817797|S854|""https://joss.theoj.org/papers/10.21105/joss.01478.json""|S813|+2026-06-18T00:00:00Z/11"
44697,979,set_statement,Done,,,Q113227868,"Q113227868|P921|Q140785182|S248|Q50817797|S854|""https://joss.theoj.org/papers/10.21105/joss.01610.json""|S813|+2026-06-18T00:00:00Z/11"
44697,980,set_statement,Done,,,Q113307726,"Q113307726|P921|Q140785183|S248|Q50817797|S854|""https://joss.theoj.org/papers/10.21105/joss.01796.json""|S813|+2026-06-18T00:00:00Z/11"
44697,981,set_statement,Done,,,Q58046435,"Q58046435|P921|Q140785184|S248|Q50817797|S854|""https://joss.theoj.org/papers/10.21105/joss.00023.json""|S813|+2026-06-18T00:00:00Z/11"
44697,982,set_statement,Done,,,Q113308339,"Q113308339|P921|Q140785185|S248|Q50817797|S854|""https://joss.theoj.org/papers/10.21105/joss.00020.json""|S813|+2026-06-18T00:00:00Z/11"
44697,983,set_statement,Done,,,Q113308269,"Q113308269|P921|Q140785186|S248|Q50817797|S854|""https://joss.theoj.org/papers/10.21105/joss.00234.json""|S813|+2026-06-18T00:00:00Z/11"
44697,984,set_statement,Done,,,Q113308190,"Q113308190|P921|Q140785187|S248|Q50817797|S854|""https://joss.theoj.org/papers/10.21105/joss.00531.json""|S813|+2026-06-18T00:00:00Z/11"
44697,985,set_statement,Done,,,Q113308277,"Q113308277|P921|Q140785188|S248|Q50817797|S854|""https://joss.theoj.org/papers/10.21105/joss.00216.json""|S813|+2026-06-18T00:00:00Z/11"
44697,986,set_statement,Done,,,Q110500247,"Q110500247|P921|Q140785189|S248|Q50817797|S854|""https://joss.theoj.org/papers/10.21105/joss.03297.json""|S813|+2026-06-18T00:00:00Z/11"
44697,987,set_statement,Done,,,Q113306748,"Q113306748|P921|Q140785190|S248|Q50817797|S854|""https://joss.theoj.org/papers/10.21105/joss.03991.json""|S813|+2026-06-18T00:00:00Z/11"
44697,988,set_statement,Done,,,Q113307473,"Q113307473|P921|Q140785226|S248|Q50817797|S854|""https://joss.theoj.org/papers/10.21105/joss.02463.json""|S813|+2026-06-18T00:00:00Z/11"
44697,989,set_statement,Done,,,Q113227794,"Q113227794|P921|Q140785227|S248|Q50817797|S854|""https://joss.theoj.org/papers/10.21105/joss.02075.json""|S813|+2026-06-18T00:00:00Z/11"
44697,990,set_statement,Done,,,Q111900255,"Q111900255|P921|Q140785229|S248|Q50817797|S854|""https://joss.theoj.org/papers/10.21105/joss.03678.json""|S813|+2026-06-18T00:00:00Z/11"
44697,991,set_statement,Done,,,Q113227934,"Q113227934|P921|Q140785230|S248|Q50817797|S854|""https://joss.theoj.org/papers/10.21105/joss.01040.json""|S813|+2026-06-18T00:00:00Z/11"
44697,992,set_statement,Done,,,Q112847685,"Q112847685|P921|Q140785235|S248|Q50817797|S854|""https://joss.theoj.org/papers/10.21105/joss.02170.json""|S813|+2026-06-18T00:00:00Z/11"
44697,993,set_statement,Done,,,Q113227756,"Q113227756|P921|Q140785238|S248|Q50817797|S854|""https://joss.theoj.org/papers/10.21105/joss.02408.json""|S813|+2026-06-18T00:00:00Z/11"
44697,994,set_statement,Done,,,Q113227822,"Q113227822|P921|Q140785239|S248|Q50817797|S854|""https://joss.theoj.org/papers/10.21105/joss.01881.json""|S813|+2026-06-18T00:00:00Z/11"
44697,995,set_statement,Done,,,Q113307404,"Q113307404|P921|Q140785241|S248|Q50817797|S854|""https://joss.theoj.org/papers/10.21105/joss.02664.json""|S813|+2026-06-18T00:00:00Z/11"
44697,996,set_statement,Done,,,Q110512115,"Q110512115|P921|Q140784610|S248|Q50817797|S854|""https://joss.theoj.org/papers/10.21105/joss.02176.json""|S813|+2026-06-18T00:00:00Z/11"
44697,997,set_statement,Done,,,Q113308023,"Q113308023|P921|Q140785243|S248|Q50817797|S854|""https://joss.theoj.org/papers/10.21105/joss.01037.json""|S813|+2026-06-18T00:00:00Z/11"
44697,998,set_statement,Done,,,Q113307335,"Q113307335|P921|Q140785245|S248|Q50817797|S854|""https://joss.theoj.org/papers/10.21105/joss.02939.json""|S813|+2026-06-18T00:00:00Z/11"
44697,999,set_statement,Done,,,Q111900214,"Q111900214|P921|Q140785247|S248|Q50817797|S854|""https://joss.theoj.org/papers/10.21105/joss.03772.json""|S813|+2026-06-18T00:00:00Z/11"
44697,1000,set_statement,Done,,,Q59720609,"Q59720609|P921|Q140785251|S248|Q50817797|S854|""https://joss.theoj.org/papers/10.21105/joss.00653.json""|S813|+2026-06-18T00:00:00Z/11"
44697,1001,set_statement,Done,,,Q60315624,"Q60315624|P921|Q140785256|S248|Q50817797|S854|""https://joss.theoj.org/papers/10.21105/joss.00755.json""|S813|+2026-06-18T00:00:00Z/11"
44697,1002,set_statement,Done,,,Q107332190,"Q107332190|P921|Q140785257|S248|Q50817797|S854|""https://joss.theoj.org/papers/10.21105/joss.02558.json""|S813|+2026-06-18T00:00:00Z/11"
44697,1003,set_statement,Done,,,Q136804059,"Q136804059|P921|Q140785258|S248|Q50817797|S854|""https://joss.theoj.org/papers/10.21105/joss.08855.json""|S813|+2026-06-18T00:00:00Z/11"
44697,1004,set_statement,Done,,,Q111899814,"Q111899814|P921|Q140785260|S248|Q50817797|S854|""https://joss.theoj.org/papers/10.21105/joss.02409.json""|S813|+2026-06-18T00:00:00Z/11"
44697,1005,set_statement,Done,,,Q111897293,"Q111897293|P921|Q140785263|S248|Q50817797|S854|""https://joss.theoj.org/papers/10.21105/joss.03429.json""|S813|+2026-06-18T00:00:00Z/11"
44697,1006,set_statement,Done,,,Q113307665,"Q113307665|P921|Q140785266|S248|Q50817797|S854|""https://joss.theoj.org/papers/10.21105/joss.01981.json""|S813|+2026-06-18T00:00:00Z/11"
44697,1007,set_statement,Done,,,Q113307289,"Q113307289|P921|Q140785268|S248|Q50817797|S854|""https://joss.theoj.org/papers/10.21105/joss.03075.json""|S813|+2026-06-18T00:00:00Z/11"
44697,1008,set_statement,Done,,,Q113307389,"Q113307389|P921|Q140785269|S248|Q50817797|S854|""https://joss.theoj.org/papers/10.21105/joss.02687.json""|S813|+2026-06-18T00:00:00Z/11"
44697,1009,set_statement,Done,,,Q113307304,"Q113307304|P921|Q140785278|S248|Q50817797|S854|""https://joss.theoj.org/papers/10.21105/joss.03049.json""|S813|+2026-06-18T00:00:00Z/11"
44697,1010,set_statement,Done,,,Q113308131,"Q113308131|P921|Q140785279|S248|Q50817797|S854|""https://joss.theoj.org/papers/10.21105/joss.00690.json""|S813|+2026-06-18T00:00:00Z/11"
44697,1011,set_statement,Done,,,Q113227618,"Q113227618|P921|Q140785280|S248|Q50817797|S854|""https://joss.theoj.org/papers/10.21105/joss.03739.json""|S813|+2026-06-18T00:00:00Z/11"
44697,1012,set_statement,Done,,,Q113308168,"Q113308168|P921|Q140785282|S248|Q50817797|S854|""https://joss.theoj.org/papers/10.21105/joss.00602.json""|S813|+2026-06-18T00:00:00Z/11"
44697,1013,set_statement,Done,,,Q113227834,"Q113227834|P921|Q140785285|S248|Q50817797|S854|""https://joss.theoj.org/papers/10.21105/joss.01828.json""|S813|+2026-06-18T00:00:00Z/11"
44697,1014,set_statement,Done,,,Q59941557,"Q59941557|P921|Q140785287|S248|Q50817797|S854|""https://joss.theoj.org/papers/10.21105/joss.00440.json""|S813|+2026-06-18T00:00:00Z/11"
44697,1015,set_statement,Done,,,Q130729830,"Q130729830|P921|Q140785292|S248|Q50817797|S854|""https://joss.theoj.org/papers/10.21105/joss.07149.json""|S813|+2026-06-18T00:00:00Z/11"
44697,1016,set_statement,Done,,,Q131566272,"Q131566272|P921|Q140785294|S248|Q50817797|S854|""https://joss.theoj.org/papers/10.21105/joss.06325.json""|S813|+2026-06-18T00:00:00Z/11"
44697,1017,set_statement,Done,,,Q113260252,"Q113260252|P921|Q120703066|S248|Q50817797|S854|""https://joss.theoj.org/papers/10.21105/joss.04183.json""|S813|+2026-06-18T00:00:00Z/11"
44697,1018,set_statement,Done,,,Q113308020,"Q113308020|P921|Q140785296|S248|Q50817797|S854|""https://joss.theoj.org/papers/10.21105/joss.01038.json""|S813|+2026-06-18T00:00:00Z/11"
44697,1019,set_statement,Done,,,Q59752134,"Q59752134|P921|Q140785298|S248|Q50817797|S854|""https://joss.theoj.org/papers/10.21105/joss.00388.json""|S813|+2026-06-18T00:00:00Z/11"
44697,1020,set_statement,Done,,,Q111897982,"Q111897982|P921|Q58041970|S248|Q50817797|S854|""https://joss.theoj.org/papers/10.21105/joss.03522.json""|S813|+2026-06-18T00:00:00Z/11"
44697,1021,set_statement,Done,,,Q138509738,"Q138509738|P921|Q140785300|S248|Q50817797|S854|""https://joss.theoj.org/papers/10.21105/joss.03982.json""|S813|+2026-06-18T00:00:00Z/11"
44697,1022,set_statement,Done,,,Q113227902,"Q113227902|P921|Q140785301|S248|Q50817797|S854|""https://joss.theoj.org/papers/10.21105/joss.01298.json""|S813|+2026-06-18T00:00:00Z/11"
44697,1023,set_statement,Done,,,Q113308111,"Q113308111|P921|Q140785302|S248|Q50817797|S854|""https://joss.theoj.org/papers/10.21105/joss.00754.json""|S813|+2026-06-18T00:00:00Z/11"
44697,1024,set_statement,Done,,,Q113227692,"Q113227692|P921|Q140785313|S248|Q50817797|S854|""https://joss.theoj.org/papers/10.21105/joss.02968.json""|S813|+2026-06-18T00:00:00Z/11"
44697,1025,set_statement,Done,,,Q113308060,"Q113308060|P921|Q140785314|S248|Q50817797|S854|""https://joss.theoj.org/papers/10.21105/joss.00910.json""|S813|+2026-06-18T00:00:00Z/11"
44697,1026,set_statement,Done,,,Q113308039,"Q113308039|P921|Q140785315|S248|Q50817797|S854|""https://joss.theoj.org/papers/10.21105/joss.00988.json""|S813|+2026-06-18T00:00:00Z/11"
44697,1027,set_statement,Done,,,Q113227896,"Q113227896|P921|Q140785316|S248|Q50817797|S854|""https://joss.theoj.org/papers/10.21105/joss.01340.json""|S813|+2026-06-18T00:00:00Z/11"
44697,1028,set_statement,Done,,,Q113307985,"Q113307985|P921|Q140785317|S248|Q50817797|S854|""https://joss.theoj.org/papers/10.21105/joss.01094.json""|S813|+2026-06-18T00:00:00Z/11"
44697,1029,set_statement,Done,,,Q113308282,"Q113308282|P921|Q140785318|S248|Q50817797|S854|""https://joss.theoj.org/papers/10.21105/joss.00204.json""|S813|+2026-06-18T00:00:00Z/11"
44697,1030,set_statement,Done,,,Q113307370,"Q113307370|P921|Q140785320|S248|Q50817797|S854|""https://joss.theoj.org/papers/10.21105/joss.02769.json""|S813|+2026-06-18T00:00:00Z/11"
44697,1031,set_statement,Done,,,Q113307267,"Q113307267|P921|Q140785321|S248|Q50817797|S854|""https://joss.theoj.org/papers/10.21105/joss.03191.json""|S813|+2026-06-18T00:00:00Z/11"
44697,1032,set_statement,Done,,,Q111900954,"Q111900954|P921|Q140785322|S248|Q50817797|S854|""https://joss.theoj.org/papers/10.21105/joss.03166.json""|S813|+2026-06-18T00:00:00Z/11"
44697,1033,set_statement,Done,,,Q113307353,"Q113307353|P921|Q140785323|S248|Q50817797|S854|""https://joss.theoj.org/papers/10.21105/joss.02842.json""|S813|+2026-06-18T00:00:00Z/11"
44697,1034,set_statement,Done,,,Q113307654,"Q113307654|P921|Q140785324|S248|Q50817797|S854|""https://joss.theoj.org/papers/10.21105/joss.02007.json""|S813|+2026-06-18T00:00:00Z/11"
44697,1035,set_statement,Done,,,Q113308245,"Q113308245|P921|Q140785326|S248|Q50817797|S854|""https://joss.theoj.org/papers/10.21105/joss.00341.json""|S813|+2026-06-18T00:00:00Z/11"
44697,1036,set_statement,Done,,,Q124016949,"Q124016949|P921|Q140785328|S248|Q50817797|S854|""https://joss.theoj.org/papers/10.21105/joss.04898.json""|S813|+2026-06-18T00:00:00Z/11"
44697,1037,set_statement,Done,,,Q58198407,"Q58198407|P921|Q140785336|S248|Q50817797|S854|""https://joss.theoj.org/papers/10.21105/joss.00735.json""|S813|+2026-06-18T00:00:00Z/11"
44697,1038,set_statement,Done,,,Q59752138,"Q59752138|P921|Q140785340|S248|Q50817797|S854|""https://joss.theoj.org/papers/10.21105/joss.00357.json""|S813|+2026-06-18T00:00:00Z/11"
44697,1039,set_statement,Done,,,Q113227940,"Q113227940|P921|Q140785341|S248|Q50817797|S854|""https://joss.theoj.org/papers/10.21105/joss.00990.json""|S813|+2026-06-18T00:00:00Z/11"
44697,1040,set_statement,Done,,,Q113227993,"Q113227993|P921|Q136956774|S248|Q50817797|S854|""https://joss.theoj.org/papers/10.21105/joss.00215.json""|S813|+2026-06-18T00:00:00Z/11"
44697,1041,set_statement,Done,,,Q113308036,"Q113308036|P921|Q140785355|S248|Q50817797|S854|""https://joss.theoj.org/papers/10.21105/joss.01008.json""|S813|+2026-06-18T00:00:00Z/11"
44697,1042,set_statement,Done,,,Q113308260,"Q113308260|P921|Q140785356|S248|Q50817797|S854|""https://joss.theoj.org/papers/10.21105/joss.00267.json""|S813|+2026-06-18T00:00:00Z/11"
44697,1043,set_statement,Done,,,Q113227862,"Q113227862|P921|Q140785364|S248|Q50817797|S854|""https://joss.theoj.org/papers/10.21105/joss.01643.json""|S813|+2026-06-18T00:00:00Z/11"
44697,1044,set_statement,Done,,,Q59727830,"Q59727830|P921|Q140785368|S248|Q50817797|S854|""https://joss.theoj.org/papers/10.21105/joss.00854.json""|S813|+2026-06-18T00:00:00Z/11"
44697,1045,set_statement,Done,,,Q113227720,"Q113227720|P921|Q140785369|S248|Q50817797|S854|""https://joss.theoj.org/papers/10.21105/joss.02685.json""|S813|+2026-06-18T00:00:00Z/11"
44697,1046,set_statement,Done,,,Q113307924,"Q113307924|P921|Q140785370|S248|Q50817797|S854|""https://joss.theoj.org/papers/10.21105/joss.01216.json""|S813|+2026-06-18T00:00:00Z/11"
44697,1047,set_statement,Done,,,Q111897991,"Q111897991|P921|Q140785371|S248|Q50817797|S854|""https://joss.theoj.org/papers/10.21105/joss.03000.json""|S813|+2026-06-18T00:00:00Z/11"
44697,1048,set_statement,Done,,,Q113227843,"Q113227843|P921|Q140785373|S248|Q50817797|S854|""https://joss.theoj.org/papers/10.21105/joss.01773.json""|S813|+2026-06-18T00:00:00Z/11"
44697,1049,set_statement,Done,,,Q113227855,"Q113227855|P921|Q140785375|S248|Q50817797|S854|""https://joss.theoj.org/papers/10.21105/joss.01684.json""|S813|+2026-06-18T00:00:00Z/11"
44697,1050,set_statement,Done,,,Q113307725,"Q113307725|P921|Q140785380|S248|Q50817797|S854|""https://joss.theoj.org/papers/10.21105/joss.01798.json""|S813|+2026-06-18T00:00:00Z/11"
44697,1051,set_statement,Done,,,Q113227726,"Q113227726|P921|Q140785384|S248|Q50817797|S854|""https://joss.theoj.org/papers/10.21105/joss.02624.json""|S813|+2026-06-18T00:00:00Z/11"
44697,1052,set_statement,Done,,,Q111897760,"Q111897760|P921|Q140785385|S248|Q50817797|S854|""https://joss.theoj.org/papers/10.21105/joss.03635.json""|S813|+2026-06-18T00:00:00Z/11"
44697,1053,set_statement,Done,,,Q61821007,"Q61821007|P921|Q140785387|S248|Q50817797|S854|""https://joss.theoj.org/papers/10.21105/joss.01181.json""|S813|+2026-06-18T00:00:00Z/11"
44697,1054,set_statement,Done,,,Q59752098,"Q59752098|P921|Q140785388|S248|Q50817797|S854|""https://joss.theoj.org/papers/10.21105/joss.00812.json""|S813|+2026-06-18T00:00:00Z/11"
44697,1055,set_statement,Done,,,Q113307461,"Q113307461|P921|Q140785391|S248|Q50817797|S854|""https://joss.theoj.org/papers/10.21105/joss.02505.json""|S813|+2026-06-18T00:00:00Z/11"
44697,1056,set_statement,Done,,,Q113227975,"Q113227975|P921|Q140785392|S248|Q50817797|S854|""https://joss.theoj.org/papers/10.21105/joss.00565.json""|S813|+2026-06-18T00:00:00Z/11"
44697,1057,set_statement,Done,,,Q113307308,"Q113307308|P921|Q140785393|S248|Q50817797|S854|""https://joss.theoj.org/papers/10.21105/joss.03041.json""|S813|+2026-06-18T00:00:00Z/11"
44697,1058,set_statement,Done,,,Q113306948,"Q113306948|P921|Q140785396|S248|Q50817797|S854|""https://joss.theoj.org/papers/10.21105/joss.03844.json""|S813|+2026-06-18T00:00:00Z/11"
44697,1059,set_statement,Done,,,Q113307383,"Q113307383|P921|Q140785397|S248|Q50817797|S854|""https://joss.theoj.org/papers/10.21105/joss.02704.json""|S813|+2026-06-18T00:00:00Z/11"
44697,1060,set_statement,Done,,,Q113227904,"Q113227904|P921|Q28975521|S248|Q50817797|S854|""https://joss.theoj.org/papers/10.21105/joss.01277.json""|S813|+2026-06-18T00:00:00Z/11"
44697,1061,set_statement,Done,,,Q111900826,"Q111900826|P921|Q140785400|S248|Q50817797|S854|""https://joss.theoj.org/papers/10.21105/joss.03876.json""|S813|+2026-06-18T00:00:00Z/11"
44697,1062,set_statement,Done,,,Q133887973,"Q133887973|P921|Q140785402|S248|Q50817797|S854|""https://joss.theoj.org/papers/10.21105/joss.04912.json""|S813|+2026-06-18T00:00:00Z/11"
44697,1063,set_statement,Done,,,Q113227947,"Q113227947|P921|Q140785405|S248|Q50817797|S854|""https://joss.theoj.org/papers/10.21105/joss.00905.json""|S813|+2026-06-18T00:00:00Z/11"
44697,1064,set_statement,Done,,,Q113227900,"Q113227900|P921|Q107384655|S248|Q50817797|S854|""https://joss.theoj.org/papers/10.21105/joss.01317.json""|S813|+2026-06-18T00:00:00Z/11"
44697,1065,set_statement,Done,,,Q113307815,"Q113307815|P921|Q140785406|S248|Q50817797|S854|""https://joss.theoj.org/papers/10.21105/joss.01486.json""|S813|+2026-06-18T00:00:00Z/11"
44697,1066,set_statement,Done,,,Q113307391,"Q113307391|P921|Q140785409|S248|Q50817797|S854|""https://joss.theoj.org/papers/10.21105/joss.02678.json""|S813|+2026-06-18T00:00:00Z/11"
44697,1067,set_statement,Done,,,Q113308322,"Q113308322|P921|Q140785410|S248|Q50817797|S854|""https://joss.theoj.org/papers/10.21105/joss.00061.json""|S813|+2026-06-18T00:00:00Z/11"
44697,1068,set_statement,Done,,,Q113308241,"Q113308241|P921|Q140785411|S248|Q50817797|S854|""https://joss.theoj.org/papers/10.21105/joss.00361.json""|S813|+2026-06-18T00:00:00Z/11"
44697,1069,set_statement,Done,,,Q113308205,"Q113308205|P921|Q140785412|S248|Q50817797|S854|""https://joss.theoj.org/papers/10.21105/joss.00489.json""|S813|+2026-06-18T00:00:00Z/11"
44697,1070,set_statement,Done,,,Q113307340,"Q113307340|P921|Q140785414|S248|Q50817797|S854|""https://joss.theoj.org/papers/10.21105/joss.02876.json""|S813|+2026-06-18T00:00:00Z/11"
44697,1071,set_statement,Done,,,Q113227711,"Q113227711|P921|Q140785415|S248|Q50817797|S854|""https://joss.theoj.org/papers/10.21105/joss.02766.json""|S813|+2026-06-18T00:00:00Z/11"
44697,1072,set_statement,Done,,,Q113227620,"Q113227620|P921|Q140785416|S248|Q50817797|S854|""https://joss.theoj.org/papers/10.21105/joss.03723.json""|S813|+2026-06-18T00:00:00Z/11"
44697,1073,set_statement,Done,,,Q113307888,"Q113307888|P921|Q140785417|S248|Q50817797|S854|""https://joss.theoj.org/papers/10.21105/joss.01286.json""|S813|+2026-06-18T00:00:00Z/11"
44697,1074,set_statement,Done,,,Q113307876,"Q113307876|P921|Q140785418|S248|Q50817797|S854|""https://joss.theoj.org/papers/10.21105/joss.01322.json""|S813|+2026-06-18T00:00:00Z/11"
44697,1075,set_statement,Done,,,Q113307846,"Q113307846|P921|Q140785419|S248|Q50817797|S854|""https://joss.theoj.org/papers/10.21105/joss.01423.json""|S813|+2026-06-18T00:00:00Z/11"
44697,1076,set_statement,Done,,,Q113307838,"Q113307838|P921|Q140785420|S248|Q50817797|S854|""https://joss.theoj.org/papers/10.21105/joss.01445.json""|S813|+2026-06-18T00:00:00Z/11"
44697,1077,set_statement,Done,,,Q97887358,"Q97887358|P921|Q140785421|S248|Q50817797|S854|""https://joss.theoj.org/papers/10.21105/joss.01435.json""|S813|+2026-06-18T00:00:00Z/11"
44697,1078,set_statement,Done,,,Q113308011,"Q113308011|P921|Q140785423|S248|Q50817797|S854|""https://joss.theoj.org/papers/10.21105/joss.01047.json""|S813|+2026-06-18T00:00:00Z/11"
44697,1079,set_statement,Done,,,Q113227840,"Q113227840|P921|Q140785424|S248|Q50817797|S854|""https://joss.theoj.org/papers/10.21105/joss.01777.json""|S813|+2026-06-18T00:00:00Z/11"
44697,1080,set_statement,Done,,,Q113307649,"Q113307649|P921|Q140785425|S248|Q50817797|S854|""https://joss.theoj.org/papers/10.21105/joss.02026.json""|S813|+2026-06-18T00:00:00Z/11"
44697,1081,set_statement,Done,,,Q113307468,"Q113307468|P921|Q140785426|S248|Q50817797|S854|""https://joss.theoj.org/papers/10.21105/joss.02473.json""|S813|+2026-06-18T00:00:00Z/11"
44697,1082,set_statement,Done,,,Q113227778,"Q113227778|P921|Q140785429|S248|Q50817797|S854|""https://joss.theoj.org/papers/10.21105/joss.02182.json""|S813|+2026-06-18T00:00:00Z/11"
44697,1083,set_statement,Done,,,Q110499954,"Q110499954|P921|Q140785433|S248|Q50817797|S854|""https://joss.theoj.org/papers/10.21105/joss.01002.json""|S813|+2026-06-18T00:00:00Z/11"
44697,1084,set_statement,Done,,,Q113307356,"Q113307356|P921|Q140785435|S248|Q50817797|S854|""https://joss.theoj.org/papers/10.21105/joss.02826.json""|S813|+2026-06-18T00:00:00Z/11"
44697,1085,set_statement,Done,,,Q113227925,"Q113227925|P921|Q140785436|S248|Q50817797|S854|""https://joss.theoj.org/papers/10.21105/joss.01112.json""|S813|+2026-06-18T00:00:00Z/11"
44697,1086,set_statement,Done,,,Q113307299,"Q113307299|P921|Q140785439|S248|Q50817797|S854|""https://joss.theoj.org/papers/10.21105/joss.03055.json""|S813|+2026-06-18T00:00:00Z/11"
44697,1087,set_statement,Done,,,Q113307820,"Q113307820|P921|Q140785442|S248|Q50817797|S854|""https://joss.theoj.org/papers/10.21105/joss.01469.json""|S813|+2026-06-18T00:00:00Z/11"
44697,1088,set_statement,Done,,,Q124299684,"Q124299684|P921|Q140785443|S248|Q50817797|S854|""https://joss.theoj.org/papers/10.21105/joss.04032.json""|S813|+2026-06-18T00:00:00Z/11"
44697,1089,set_statement,Done,,,Q113307884,"Q113307884|P921|Q140785444|S248|Q50817797|S854|""https://joss.theoj.org/papers/10.21105/joss.01295.json""|S813|+2026-06-18T00:00:00Z/11"
44697,1090,set_statement,Done,,,Q113227701,"Q113227701|P921|Q140785448|S248|Q50817797|S854|""https://joss.theoj.org/papers/10.21105/joss.02831.json""|S813|+2026-06-18T00:00:00Z/11"
44697,1091,set_statement,Done,,,Q113227988,"Q113227988|P921|Q140785457|S248|Q50817797|S854|""https://joss.theoj.org/papers/10.21105/joss.00331.json""|S813|+2026-06-18T00:00:00Z/11"
44697,1092,set_statement,Done,,,Q113307808,"Q113307808|P921|Q140785458|S248|Q50817797|S854|""https://joss.theoj.org/papers/10.21105/joss.01505.json""|S813|+2026-06-18T00:00:00Z/11"
44697,1093,set_statement,Done,,,Q113307260,"Q113307260|P921|Q140785464|S248|Q50817797|S854|""https://joss.theoj.org/papers/10.21105/joss.03212.json""|S813|+2026-06-18T00:00:00Z/11"
44697,1094,set_statement,Done,,,Q124851568,"Q124851568|P921|Q140785468|S248|Q50817797|S854|""https://joss.theoj.org/papers/10.21105/joss.06371.json""|S813|+2026-06-18T00:00:00Z/11"
44697,1095,set_statement,Done,,,Q113308094,"Q113308094|P921|Q140785469|S248|Q50817797|S854|""https://joss.theoj.org/papers/10.21105/joss.00815.json""|S813|+2026-06-18T00:00:00Z/11"
44697,1096,set_statement,Done,,,Q113307986,"Q113307986|P921|Q140785470|S248|Q50817797|S854|""https://joss.theoj.org/papers/10.21105/joss.01087.json""|S813|+2026-06-18T00:00:00Z/11"
44697,1097,set_statement,Done,,,Q113227917,"Q113227917|P921|Q140785476|S248|Q50817797|S854|""https://joss.theoj.org/papers/10.21105/joss.01172.json""|S813|+2026-06-18T00:00:00Z/11"
44697,1098,set_statement,Done,,,Q113308096,"Q113308096|P921|Q140785478|S248|Q50817797|S854|""https://joss.theoj.org/papers/10.21105/joss.00814.json""|S813|+2026-06-18T00:00:00Z/11"
44697,1099,set_statement,Done,,,Q113308318,"Q113308318|P921|Q140785479|S248|Q50817797|S854|""https://joss.theoj.org/papers/10.21105/joss.00075.json""|S813|+2026-06-18T00:00:00Z/11"
44697,1100,set_statement,Done,,,Q113308169,"Q113308169|P921|Q140785482|S248|Q50817797|S854|""https://joss.theoj.org/papers/10.21105/joss.00598.json""|S813|+2026-06-18T00:00:00Z/11"
44697,1101,set_statement,Done,,,Q110176312,"Q110176312|P921|Q112338660|S248|Q50817797|S854|""https://joss.theoj.org/papers/10.21105/joss.02017.json""|S813|+2026-06-18T00:00:00Z/11"
44697,1102,set_statement,Done,,,Q110512111,"Q110512111|P921|Q140785486|S248|Q50817797|S854|""https://joss.theoj.org/papers/10.21105/joss.01636.json""|S813|+2026-06-18T00:00:00Z/11"
44697,1103,set_statement,Done,,,Q113307973,"Q113307973|P921|Q140785487|S248|Q50817797|S854|""https://joss.theoj.org/papers/10.21105/joss.01124.json""|S813|+2026-06-18T00:00:00Z/11"
44697,1104,set_statement,Done,,,Q113227976,"Q113227976|P921|Q140785488|S248|Q50817797|S854|""https://joss.theoj.org/papers/10.21105/joss.00530.json""|S813|+2026-06-18T00:00:00Z/11"
44697,1105,set_statement,Done,,,Q113307423,"Q113307423|P921|Q140785494|S248|Q50817797|S854|""https://joss.theoj.org/papers/10.21105/joss.02606.json""|S813|+2026-06-18T00:00:00Z/11"
44697,1106,set_statement,Done,,,Q113308159,"Q113308159|P921|Q140785499|S248|Q50817797|S854|""https://joss.theoj.org/papers/10.21105/joss.00617.json""|S813|+2026-06-18T00:00:00Z/11"
44697,1107,set_statement,Done,,,Q113307480,"Q113307480|P921|Q140785500|S248|Q50817797|S854|""https://joss.theoj.org/papers/10.21105/joss.02461.json""|S813|+2026-06-18T00:00:00Z/11"
44697,1108,set_statement,Done,,,Q113307254,"Q113307254|P921|Q140785501|S248|Q50817797|S854|""https://joss.theoj.org/papers/10.21105/joss.03237.json""|S813|+2026-06-18T00:00:00Z/11"
44697,1109,set_statement,Done,,,Q112108948,"Q112108948|P921|Q140785507|S248|Q50817797|S854|""https://joss.theoj.org/papers/10.21105/joss.02825.json""|S813|+2026-06-18T00:00:00Z/11"
44697,1110,set_statement,Done,,,Q113227631,"Q113227631|P921|Q140785508|S248|Q50817797|S854|""https://joss.theoj.org/papers/10.21105/joss.03642.json""|S813|+2026-06-18T00:00:00Z/11"
44697,1111,set_statement,Done,,,Q113307358,"Q113307358|P921|Q140785513|S248|Q50817797|S854|""https://joss.theoj.org/papers/10.21105/joss.02817.json""|S813|+2026-06-18T00:00:00Z/11"
44697,1112,set_statement,Done,,,Q63387092,"Q63387092|P921|Q140785514|S248|Q50817797|S854|""https://joss.theoj.org/papers/10.21105/joss.00354.json""|S813|+2026-06-18T00:00:00Z/11"
44697,1113,set_statement,Done,,,Q113307615,"Q113307615|P921|Q140785519|S248|Q50817797|S854|""https://joss.theoj.org/papers/10.21105/joss.02107.json""|S813|+2026-06-18T00:00:00Z/11"
44697,1114,set_statement,Done,,,Q113307195,"Q113307195|P921|Q140785521|S248|Q50817797|S854|""https://joss.theoj.org/papers/10.21105/joss.03460.json""|S813|+2026-06-18T00:00:00Z/11"
44697,1115,set_statement,Done,,,Q113227774,"Q113227774|P921|Q140785522|S248|Q50817797|S854|""https://joss.theoj.org/papers/10.21105/joss.02292.json""|S813|+2026-06-18T00:00:00Z/11"
44697,1116,set_statement,Done,,,Q113227921,"Q113227921|P921|Q85743235|S248|Q50817797|S854|""https://joss.theoj.org/papers/10.21105/joss.01143.json""|S813|+2026-06-18T00:00:00Z/11"
44697,1117,set_statement,Done,,,Q111900581,"Q111900581|P921|Q140785524|S248|Q50817797|S854|""https://joss.theoj.org/papers/10.21105/joss.03437.json""|S813|+2026-06-18T00:00:00Z/11"
44697,1118,set_statement,Done,,,Q113307687,"Q113307687|P921|Q107381193|S248|Q50817797|S854|""https://joss.theoj.org/papers/10.21105/joss.01891.json""|S813|+2026-06-18T00:00:00Z/11"
44697,1119,set_statement,Done,,,Q138509579,"Q138509579|P921|Q140785525|S248|Q50817797|S854|""https://joss.theoj.org/papers/10.21105/joss.04371.json""|S813|+2026-06-18T00:00:00Z/11"
44697,1120,set_statement,Done,,,Q113227614,"Q113227614|P921|Q140785526|S248|Q50817797|S854|""https://joss.theoj.org/papers/10.21105/joss.03783.json""|S813|+2026-06-18T00:00:00Z/11"
44697,1121,set_statement,Done,,,Q104523030,"Q104523030|P921|Q60755534|S248|Q50817797|S854|""https://joss.theoj.org/papers/10.21105/joss.01686.json""|S813|+2026-06-18T00:00:00Z/11"
44697,1122,set_statement,Done,,,Q111514879,"Q111514879|P921|Q140785527|S248|Q50817797|S854|""https://joss.theoj.org/papers/10.21105/joss.01774.json""|S813|+2026-06-18T00:00:00Z/11"
44697,1123,set_statement,Done,,,Q113307593,"Q113307593|P921|Q140785528|S248|Q50817797|S854|""https://joss.theoj.org/papers/10.21105/joss.02175.json""|S813|+2026-06-18T00:00:00Z/11"
44697,1124,set_statement,Done,,,Q113307339,"Q113307339|P921|Q140785529|S248|Q50817797|S854|""https://joss.theoj.org/papers/10.21105/joss.02877.json""|S813|+2026-06-18T00:00:00Z/11"
44697,1125,set_statement,Done,,,Q113308155,"Q113308155|P921|Q140785530|S248|Q50817797|S854|""https://joss.theoj.org/papers/10.21105/joss.00624.json""|S813|+2026-06-18T00:00:00Z/11"
44697,1126,set_statement,Done,,,Q61833851,"Q61833851|P921|Q140785531|S248|Q50817797|S854|""https://joss.theoj.org/papers/10.21105/joss.00629.json""|S813|+2026-06-18T00:00:00Z/11"
44697,1127,set_statement,Done,,,Q111901213,"Q111901213|P921|Q56816547|S248|Q50817797|S854|""https://joss.theoj.org/papers/10.21105/joss.02731.json""|S813|+2026-06-18T00:00:00Z/11"
44697,1128,set_statement,Done,,,Q113307938,"Q113307938|P921|Q140785532|S248|Q50817797|S854|""https://joss.theoj.org/papers/10.21105/joss.01189.json""|S813|+2026-06-18T00:00:00Z/11"
44697,1129,set_statement,Done,,,Q113307786,"Q113307786|P921|Q140785533|S248|Q50817797|S854|""https://joss.theoj.org/papers/10.21105/joss.01596.json""|S813|+2026-06-18T00:00:00Z/11"
44697,1130,set_statement,Done,,,Q111899681,"Q111899681|P921|Q140785534|S248|Q50817797|S854|""https://joss.theoj.org/papers/10.21105/joss.02917.json""|S813|+2026-06-18T00:00:00Z/11"
44697,1131,set_statement,Done,,,Q56051973,"Q56051973|P921|Q140785535|S248|Q50817797|S854|""https://joss.theoj.org/papers/10.21105/joss.00164.json""|S813|+2026-06-18T00:00:00Z/11"
44697,1132,set_statement,Done,,,Q114365979,"Q114365979|P921|Q140785539|S248|Q50817797|S854|""https://joss.theoj.org/papers/10.21105/joss.04680.json""|S813|+2026-06-18T00:00:00Z/11"
44697,1133,set_statement,Done,,,Q57574990,"Q57574990|P921|Q140785549|S248|Q50817797|S854|""https://joss.theoj.org/papers/10.21105/joss.00662.json""|S813|+2026-06-18T00:00:00Z/11"
44697,1134,set_statement,Done,,,Q113227928,"Q113227928|P921|Q140785551|S248|Q50817797|S854|""https://joss.theoj.org/papers/10.21105/joss.01097.json""|S813|+2026-06-18T00:00:00Z/11"
44697,1135,set_statement,Done,,,Q113307855,"Q113307855|P921|Q140785552|S248|Q50817797|S854|""https://joss.theoj.org/papers/10.21105/joss.01400.json""|S813|+2026-06-18T00:00:00Z/11"
44697,1136,set_statement,Done,,,Q136891679,"Q136891679|P921|Q140785558|S248|Q50817797|S854|""https://joss.theoj.org/papers/10.21105/joss.04270.json""|S813|+2026-06-18T00:00:00Z/11"
44697,1137,set_statement,Done,,,Q113307527,"Q113307527|P921|Q140785559|S248|Q50817797|S854|""https://joss.theoj.org/papers/10.21105/joss.02367.json""|S813|+2026-06-18T00:00:00Z/11"
44697,1138,set_statement,Done,,,Q57574993,"Q57574993|P921|Q140785561|S248|Q50817797|S854|""https://joss.theoj.org/papers/10.21105/joss.00607.json""|S813|+2026-06-18T00:00:00Z/11"
44697,1139,set_statement,Done,,,Q58892027,"Q58892027|P921|Q140785563|S248|Q50817797|S854|""https://joss.theoj.org/papers/10.21105/joss.00480.json""|S813|+2026-06-18T00:00:00Z/11"
44697,1140,set_statement,Done,,,Q119695298,"Q119695298|P921|Q140785564|S248|Q50817797|S854|""https://joss.theoj.org/papers/10.21105/joss.05022.json""|S813|+2026-06-18T00:00:00Z/11"
44697,1141,set_statement,Done,,,Q59832865,"Q59832865|P921|Q140785565|S248|Q50817797|S854|""https://joss.theoj.org/papers/10.21105/joss.00359.json""|S813|+2026-06-18T00:00:00Z/11"
44697,1142,set_statement,Done,,,Q113307679,"Q113307679|P921|Q140785566|S248|Q50817797|S854|""https://joss.theoj.org/papers/10.21105/joss.01914.json""|S813|+2026-06-18T00:00:00Z/11"
44697,1143,set_statement,Done,,,Q113307721,"Q113307721|P921|Q140785567|S248|Q50817797|S854|""https://joss.theoj.org/papers/10.21105/joss.01808.json""|S813|+2026-06-18T00:00:00Z/11"
44697,1144,set_statement,Done,,,Q113307898,"Q113307898|P921|Q140785572|S248|Q50817797|S854|""https://joss.theoj.org/papers/10.21105/joss.01262.json""|S813|+2026-06-18T00:00:00Z/11"
44697,1145,set_statement,Done,,,Q119696659,"Q119696659|P921|Q140785573|S248|Q50817797|S854|""https://joss.theoj.org/papers/10.21105/joss.04843.json""|S813|+2026-06-18T00:00:00Z/11"
44697,1146,set_statement,Done,,,Q104705118,"Q104705118|P921|Q140785574|S248|Q50817797|S854|""https://joss.theoj.org/papers/10.21105/joss.01091.json""|S813|+2026-06-18T00:00:00Z/11"
44697,1147,set_statement,Done,,,Q119694965,"Q119694965|P921|Q140785580|S248|Q50817797|S854|""https://joss.theoj.org/papers/10.21105/joss.05082.json""|S813|+2026-06-18T00:00:00Z/11"
44697,1148,set_statement,Done,,,Q138659391,"Q138659391|P921|Q140785582|S248|Q50817797|S854|""https://joss.theoj.org/papers/10.21105/joss.07571.json""|S813|+2026-06-18T00:00:00Z/11"
44697,1149,set_statement,Done,,,Q113307306,"Q113307306|P921|Q140785583|S248|Q50817797|S854|""https://joss.theoj.org/papers/10.21105/joss.03045.json""|S813|+2026-06-18T00:00:00Z/11"
44697,1150,set_statement,Done,,,Q113308136,"Q113308136|P921|Q140785584|S248|Q50817797|S854|""https://joss.theoj.org/papers/10.21105/joss.00676.json""|S813|+2026-06-18T00:00:00Z/11"
44697,1151,set_statement,Done,,,Q113308088,"Q113308088|P921|Q140785589|S248|Q50817797|S854|""https://joss.theoj.org/papers/10.21105/joss.00829.json""|S813|+2026-06-18T00:00:00Z/11"
44697,1152,set_statement,Done,,,Q113308313,"Q113308313|P921|Q140785595|S248|Q50817797|S854|""https://joss.theoj.org/papers/10.21105/joss.00100.json""|S813|+2026-06-18T00:00:00Z/11"
44697,1153,set_statement,Done,,,Q113307207,"Q113307207|P921|Q140785596|S248|Q50817797|S854|""https://joss.theoj.org/papers/10.21105/joss.03438.json""|S813|+2026-06-18T00:00:00Z/11"
44697,1154,set_statement,Done,,,Q101052681,"Q101052681|P921|Q140785597|S248|Q50817797|S854|""https://joss.theoj.org/papers/10.21105/joss.02008.json""|S813|+2026-06-18T00:00:00Z/11"
44697,1155,set_statement,Done,,,Q111898805,"Q111898805|P921|Q140785598|S248|Q50817797|S854|""https://joss.theoj.org/papers/10.21105/joss.03485.json""|S813|+2026-06-18T00:00:00Z/11"
44697,1156,set_statement,Done,,,Q129670741,"Q129670741|P921|Q140785604|S248|Q50817797|S854|""https://joss.theoj.org/papers/10.21105/joss.05941.json""|S813|+2026-06-18T00:00:00Z/11"
44697,1157,set_statement,Done,,,Q113307847,"Q113307847|P921|Q140785606|S248|Q50817797|S854|""https://joss.theoj.org/papers/10.21105/joss.01421.json""|S813|+2026-06-18T00:00:00Z/11"
44697,1158,set_statement,Done,,,Q112847919,"Q112847919|P921|Q140785608|S248|Q50817797|S854|""https://joss.theoj.org/papers/10.21105/joss.00655.json""|S813|+2026-06-18T00:00:00Z/11"
44697,1159,set_statement,Done,,,Q63365568,"Q63365568|P921|Q140785615|S248|Q50817797|S854|""https://joss.theoj.org/papers/10.21105/joss.01257.json""|S813|+2026-06-18T00:00:00Z/11"
44697,1160,set_statement,Done,,,Q111897787,"Q111897787|P921|Q140785616|S248|Q50817797|S854|""https://joss.theoj.org/papers/10.21105/joss.03200.json""|S813|+2026-06-18T00:00:00Z/11"
44697,1161,set_statement,Done,,,Q113307601,"Q113307601|P921|Q98716837|S248|Q50817797|S854|""https://joss.theoj.org/papers/10.21105/joss.02154.json""|S813|+2026-06-18T00:00:00Z/11"
44697,1162,set_statement,Done,,,Q113308107,"Q113308107|P921|Q140785624|S248|Q50817797|S854|""https://joss.theoj.org/papers/10.21105/joss.00772.json""|S813|+2026-06-18T00:00:00Z/11"
44697,1163,set_statement,Done,,,Q60522981,"Q60522981|P921|Q140785625|S248|Q50817797|S854|""https://joss.theoj.org/papers/10.21105/joss.01041.json""|S813|+2026-06-18T00:00:00Z/11"
44697,1164,set_statement,Done,,,Q113307705,"Q113307705|P921|Q140785626|S248|Q50817797|S854|""https://joss.theoj.org/papers/10.21105/joss.01843.json""|S813|+2026-06-18T00:00:00Z/11"
44697,1165,set_statement,Done,,,Q113307641,"Q113307641|P921|Q140785627|S248|Q50817797|S854|""https://joss.theoj.org/papers/10.21105/joss.02038.json""|S813|+2026-06-18T00:00:00Z/11"
44697,1166,set_statement,Done,,,Q113227786,"Q113227786|P921|Q140785628|S248|Q50817797|S854|""https://joss.theoj.org/papers/10.21105/joss.02157.json""|S813|+2026-06-18T00:00:00Z/11"
44697,1167,set_statement,Done,,,Q59112789,"Q59112789|P921|Q140785629|S248|Q50817797|S854|""https://joss.theoj.org/papers/10.21105/joss.01036.json""|S813|+2026-06-18T00:00:00Z/11"
44697,1168,set_statement,Done,,,Q113227906,"Q113227906|P921|Q140785630|S248|Q50817797|S854|""https://joss.theoj.org/papers/10.21105/joss.01249.json""|S813|+2026-06-18T00:00:00Z/11"
44697,1169,set_statement,Done,,,Q113307790,"Q113307790|P921|Q140785631|S248|Q50817797|S854|""https://joss.theoj.org/papers/10.21105/joss.01587.json""|S813|+2026-06-18T00:00:00Z/11"
44697,1170,set_statement,Done,,,Q113307419,"Q113307419|P921|Q140785632|S248|Q50817797|S854|""https://joss.theoj.org/papers/10.21105/joss.02629.json""|S813|+2026-06-18T00:00:00Z/11"
44697,1171,set_statement,Done,,,Q57695640,"Q57695640|P921|Q140785633|S248|Q50817797|S854|""https://joss.theoj.org/papers/10.21105/joss.00272.json""|S813|+2026-06-18T00:00:00Z/11"
44697,1172,set_statement,Done,,,Q113307355,"Q113307355|P921|Q140785634|S248|Q50817797|S854|""https://joss.theoj.org/papers/10.21105/joss.02830.json""|S813|+2026-06-18T00:00:00Z/11"
44697,1173,set_statement,Done,,,Q113308037,"Q113308037|P921|Q140785635|S248|Q50817797|S854|""https://joss.theoj.org/papers/10.21105/joss.01007.json""|S813|+2026-06-18T00:00:00Z/11"
44697,1174,set_statement,Done,,,Q113307031,"Q113307031|P921|Q140785636|S248|Q50817797|S854|""https://joss.theoj.org/papers/10.21105/joss.03735.json""|S813|+2026-06-18T00:00:00Z/11"
44697,1175,set_statement,Done,,,Q112847917,"Q112847917|P921|Q140785637|S248|Q50817797|S854|""https://joss.theoj.org/papers/10.21105/joss.00722.json""|S813|+2026-06-18T00:00:00Z/11"
44697,1176,set_statement,Done,,,Q119697702,"Q119697702|P921|Q140785640|S248|Q50817797|S854|""https://joss.theoj.org/papers/10.21105/joss.04718.json""|S813|+2026-06-18T00:00:00Z/11"
44697,1177,set_statement,Done,,,Q114955268,"Q114955268|P921|Q140785658|S248|Q50817797|S854|""https://joss.theoj.org/papers/10.21105/joss.04329.json""|S813|+2026-06-18T00:00:00Z/11"
44697,1178,set_statement,Done,,,Q113308209,"Q113308209|P921|Q140785661|S248|Q50817797|S854|""https://joss.theoj.org/papers/10.21105/joss.00471.json""|S813|+2026-06-18T00:00:00Z/11"
44697,1179,set_statement,Done,,,Q113227750,"Q113227750|P921|Q140785662|S248|Q50817797|S854|""https://joss.theoj.org/papers/10.21105/joss.02439.json""|S813|+2026-06-18T00:00:00Z/11"
44697,1180,set_statement,Done,,,Q92426403,"Q92426403|P921|Q140785665|S248|Q50817797|S854|""https://joss.theoj.org/papers/10.21105/joss.01837.json""|S813|+2026-06-18T00:00:00Z/11"
44697,1181,set_statement,Done,,,Q113307893,"Q113307893|P921|Q140785668|S248|Q50817797|S854|""https://joss.theoj.org/papers/10.21105/joss.01273.json""|S813|+2026-06-18T00:00:00Z/11"
44697,1182,set_statement,Done,,,Q60140069,"Q60140069|P921|Q140785669|S248|Q50817797|S854|""https://joss.theoj.org/papers/10.21105/joss.00140.json""|S813|+2026-06-18T00:00:00Z/11"
44697,1183,set_statement,Done,,,Q111899606,"Q111899606|P921|Q140785670|S248|Q50817797|S854|""https://joss.theoj.org/papers/10.21105/joss.03786.json""|S813|+2026-06-18T00:00:00Z/11"
44697,1184,set_statement,Done,,,Q58060239,"Q58060239|P921|Q140785671|S248|Q50817797|S854|""https://joss.theoj.org/papers/10.21105/joss.00333.json""|S813|+2026-06-18T00:00:00Z/11"
44697,1185,set_statement,Done,,,Q119694414,"Q119694414|P921|Q140785673|S248|Q50817797|S854|""https://joss.theoj.org/papers/10.21105/joss.05177.json""|S813|+2026-06-18T00:00:00Z/11"
44697,1186,set_statement,Done,,,Q113307631,"Q113307631|P921|Q140783810|S248|Q50817797|S854|""https://joss.theoj.org/papers/10.21105/joss.02066.json""|S813|+2026-06-18T00:00:00Z/11"
44697,1187,set_statement,Done,,,Q113227670,"Q113227670|P921|Q140785675|S248|Q50817797|S854|""https://joss.theoj.org/papers/10.21105/joss.03192.json""|S813|+2026-06-18T00:00:00Z/11"
44697,1188,set_statement,Done,,,Q59720605,"Q59720605|P921|Q140785676|S248|Q50817797|S854|""https://joss.theoj.org/papers/10.21105/joss.00596.json""|S813|+2026-06-18T00:00:00Z/11"
44697,1189,set_statement,Done,,,Q113227823,"Q113227823|P921|Q140785681|S248|Q50817797|S854|""https://joss.theoj.org/papers/10.21105/joss.01868.json""|S813|+2026-06-18T00:00:00Z/11"
44697,1190,set_statement,Done,,,Q113306970,"Q113306970|P921|Q140785683|S248|Q50817797|S854|""https://joss.theoj.org/papers/10.21105/joss.03828.json""|S813|+2026-06-18T00:00:00Z/11"
44697,1191,set_statement,Done,,,Q113307200,"Q113307200|P921|Q140785685|S248|Q50817797|S854|""https://joss.theoj.org/papers/10.21105/joss.03453.json""|S813|+2026-06-18T00:00:00Z/11"
44697,1192,set_statement,Done,,,Q113308248,"Q113308248|P921|Q140785687|S248|Q50817797|S854|""https://joss.theoj.org/papers/10.21105/joss.00338.json""|S813|+2026-06-18T00:00:00Z/11"
44697,1193,set_statement,Done,,,Q113307269,"Q113307269|P921|Q140785688|S248|Q50817797|S854|""https://joss.theoj.org/papers/10.21105/joss.03171.json""|S813|+2026-06-18T00:00:00Z/11"
44697,1194,set_statement,Done,,,Q113308336,"Q113308336|P921|Q140785690|S248|Q50817797|S854|""https://joss.theoj.org/papers/10.21105/joss.00033.json""|S813|+2026-06-18T00:00:00Z/11"
44697,1195,set_statement,Done,,,Q113227648,"Q113227648|P921|Q140785691|S248|Q50817797|S854|""https://joss.theoj.org/papers/10.21105/joss.03399.json""|S813|+2026-06-18T00:00:00Z/11"
44697,1196,set_statement,Done,,,Q119698832,"Q119698832|P921|Q140785692|S248|Q50817797|S854|""https://joss.theoj.org/papers/10.21105/joss.04515.json""|S813|+2026-06-18T00:00:00Z/11"
44697,1197,set_statement,Done,,,Q113306986,"Q113306986|P921|Q140785698|S248|Q50817797|S854|""https://joss.theoj.org/papers/10.21105/joss.03822.json""|S813|+2026-06-18T00:00:00Z/11"
44697,1198,set_statement,Done,,,Q119714832,"Q119714832|P921|Q140785700|S248|Q50817797|S854|""https://joss.theoj.org/papers/10.21105/joss.04691.json""|S813|+2026-06-18T00:00:00Z/11"
44697,1199,set_statement,Done,,,Q119694830,"Q119694830|P921|Q140785701|S248|Q50817797|S854|""https://joss.theoj.org/papers/10.21105/joss.05100.json""|S813|+2026-06-18T00:00:00Z/11"
44697,1200,set_statement,Done,,,Q113307984,"Q113307984|P921|Q140785703|S248|Q50817797|S854|""https://joss.theoj.org/papers/10.21105/joss.01096.json""|S813|+2026-06-18T00:00:00Z/11"
44697,1201,set_statement,Done,,,Q113307844,"Q113307844|P921|Q140785704|S248|Q50817797|S854|""https://joss.theoj.org/papers/10.21105/joss.01434.json""|S813|+2026-06-18T00:00:00Z/11"
44697,1202,set_statement,Done,,,Q113307734,"Q113307734|P921|Q140785705|S248|Q50817797|S854|""https://joss.theoj.org/papers/10.21105/joss.01757.json""|S813|+2026-06-18T00:00:00Z/11"
44697,1203,set_statement,Done,,,Q113227699,"Q113227699|P921|Q140785707|S248|Q50817797|S854|""https://joss.theoj.org/papers/10.21105/joss.02844.json""|S813|+2026-06-18T00:00:00Z/11"
44697,1204,set_statement,Done,,,Q113227877,"Q113227877|P921|Q140785710|S248|Q50817797|S854|""https://joss.theoj.org/papers/10.21105/joss.01525.json""|S813|+2026-06-18T00:00:00Z/11"
44697,1205,set_statement,Done,,,Q113308082,"Q113308082|P921|Q140785713|S248|Q50817797|S854|""https://joss.theoj.org/papers/10.21105/joss.00847.json""|S813|+2026-06-18T00:00:00Z/11"
44697,1206,set_statement,Done,,,Q113307330,"Q113307330|P921|Q140785714|S248|Q50817797|S854|""https://joss.theoj.org/papers/10.21105/joss.02957.json""|S813|+2026-06-18T00:00:00Z/11"
44697,1207,set_statement,Done,,,Q113307546,"Q113307546|P921|Q140785715|S248|Q50817797|S854|""https://joss.theoj.org/papers/10.21105/joss.02328.json""|S813|+2026-06-18T00:00:00Z/11"
44697,1208,set_statement,Done,,,Q113307618,"Q113307618|P921|Q140785719|S248|Q50817797|S854|""https://joss.theoj.org/papers/10.21105/joss.02103.json""|S813|+2026-06-18T00:00:00Z/11"
44697,1209,set_statement,Done,,,Q129269469,"Q129269469|P921|Q140785726|S248|Q50817797|S854|""https://joss.theoj.org/papers/10.21105/joss.05973.json""|S813|+2026-06-18T00:00:00Z/11"
44697,1210,set_statement,Done,,,Q113307610,"Q113307610|P921|Q140785727|S248|Q50817797|S854|""https://joss.theoj.org/papers/10.21105/joss.02119.json""|S813|+2026-06-18T00:00:00Z/11"
44697,1211,set_statement,Done,,,Q113307862,"Q113307862|P921|Q140785728|S248|Q50817797|S854|""https://joss.theoj.org/papers/10.21105/joss.01359.json""|S813|+2026-06-18T00:00:00Z/11"
44697,1212,set_statement,Done,,,Q113307789,"Q113307789|P921|Q140785729|S248|Q50817797|S854|""https://joss.theoj.org/papers/10.21105/joss.01589.json""|S813|+2026-06-18T00:00:00Z/11"
44697,1213,set_statement,Done,,,Q58854192,"Q58854192|P921|Q140785730|S248|Q50817797|S854|""https://joss.theoj.org/papers/10.21105/joss.00513.json""|S813|+2026-06-18T00:00:00Z/11"
44697,1214,set_statement,Done,,,Q113308125,"Q113308125|P921|Q140785731|S248|Q50817797|S854|""https://joss.theoj.org/papers/10.21105/joss.00701.json""|S813|+2026-06-18T00:00:00Z/11"
44697,1215,set_statement,Done,,,Q112847691,"Q112847691|P921|Q140785732|S248|Q50817797|S854|""https://joss.theoj.org/papers/10.21105/joss.00971.json""|S813|+2026-06-18T00:00:00Z/11"
44697,1216,set_statement,Done,,,Q113227604,"Q113227604|P921|Q140785733|S248|Q50817797|S854|""https://joss.theoj.org/papers/10.21105/joss.03882.json""|S813|+2026-06-18T00:00:00Z/11"
44697,1217,set_statement,Done,,,Q113307361,"Q113307361|P921|Q140790736|S248|Q50817797|S854|""https://joss.theoj.org/papers/10.21105/joss.02814.json""|S813|+2026-06-18T00:00:00Z/11"
44697,1218,set_statement,Done,,,Q113227630,"Q113227630|P921|Q140785766|S248|Q50817797|S854|""https://joss.theoj.org/papers/10.21105/joss.03649.json""|S813|+2026-06-18T00:00:00Z/11"
44697,1219,set_statement,Done,,,Q113227816,"Q113227816|P921|Q140785769|S248|Q50817797|S854|""https://joss.theoj.org/papers/10.21105/joss.01910.json""|S813|+2026-06-18T00:00:00Z/11"
44697,1220,set_statement,Done,,,Q113307822,"Q113307822|P921|Q140785771|S248|Q50817797|S854|""https://joss.theoj.org/papers/10.21105/joss.01466.json""|S813|+2026-06-18T00:00:00Z/11"
44697,1221,set_statement,Done,,,Q113307662,"Q113307662|P921|Q140785773|S248|Q50817797|S854|""https://joss.theoj.org/papers/10.21105/joss.01991.json""|S813|+2026-06-18T00:00:00Z/11"
44697,1222,set_statement,Done,,,Q113227847,"Q113227847|P921|Q140785774|S248|Q50817797|S854|""https://joss.theoj.org/papers/10.21105/joss.01738.json""|S813|+2026-06-18T00:00:00Z/11"
44697,1223,set_statement,Done,,,Q113308099,"Q113308099|P921|Q140785777|S248|Q50817797|S854|""https://joss.theoj.org/papers/10.21105/joss.00792.json""|S813|+2026-06-18T00:00:00Z/11"
44697,1224,set_statement,Done,,,Q113308192,"Q113308192|P921|Q140785779|S248|Q50817797|S854|""https://joss.theoj.org/papers/10.21105/joss.00528.json""|S813|+2026-06-18T00:00:00Z/11"
44697,1225,set_statement,Done,,,Q113307346,"Q113307346|P921|Q140785782|S248|Q50817797|S854|""https://joss.theoj.org/papers/10.21105/joss.02854.json""|S813|+2026-06-18T00:00:00Z/11"
44697,1226,set_statement,Done,,,Q113227844,"Q113227844|P921|Q140785785|S248|Q50817797|S854|""https://joss.theoj.org/papers/10.21105/joss.01771.json""|S813|+2026-06-18T00:00:00Z/11"
44697,1227,set_statement,Done,,,Q113227977,"Q113227977|P921|Q140785787|S248|Q50817797|S854|""https://joss.theoj.org/papers/10.21105/joss.00494.json""|S813|+2026-06-18T00:00:00Z/11"
44697,1228,set_statement,Done,,,Q113227875,"Q113227875|P921|Q140785789|S248|Q50817797|S854|""https://joss.theoj.org/papers/10.21105/joss.01543.json""|S813|+2026-06-18T00:00:00Z/11"
44697,1229,set_statement,Done,,,Q113307964,"Q113307964|P921|Q140785790|S248|Q50817797|S854|""https://joss.theoj.org/papers/10.21105/joss.01137.json""|S813|+2026-06-18T00:00:00Z/11"
44697,1230,set_statement,Done,,,Q113227793,"Q113227793|P921|Q140785791|S248|Q50817797|S854|""https://joss.theoj.org/papers/10.21105/joss.02077.json""|S813|+2026-06-18T00:00:00Z/11"
44697,1231,set_statement,Done,,,Q110512119,"Q110512119|P921|Q140785792|S248|Q50817797|S854|""https://joss.theoj.org/papers/10.21105/joss.02513.json""|S813|+2026-06-18T00:00:00Z/11"
44697,1232,set_statement,Done,,,Q113227867,"Q113227867|P921|Q140785793|S248|Q50817797|S854|""https://joss.theoj.org/papers/10.21105/joss.01612.json""|S813|+2026-06-18T00:00:00Z/11"
44697,1233,set_statement,Done,,,Q113307886,"Q113307886|P921|Q140785796|S248|Q50817797|S854|""https://joss.theoj.org/papers/10.21105/joss.01291.json""|S813|+2026-06-18T00:00:00Z/11"
44697,1234,set_statement,Done,,,Q113227669,"Q113227669|P921|Q140785797|S248|Q50817797|S854|""https://joss.theoj.org/papers/10.21105/joss.03194.json""|S813|+2026-06-18T00:00:00Z/11"
44697,1235,set_statement,Done,,,Q113308078,"Q113308078|P921|Q140785807|S248|Q50817797|S854|""https://joss.theoj.org/papers/10.21105/joss.00859.json""|S813|+2026-06-18T00:00:00Z/11"
44697,1236,set_statement,Done,,,Q113307605,"Q113307605|P921|Q140785808|S248|Q50817797|S854|""https://joss.theoj.org/papers/10.21105/joss.02134.json""|S813|+2026-06-18T00:00:00Z/11"
44697,1237,set_statement,Done,,,Q113307310,"Q113307310|P921|Q140785809|S248|Q50817797|S854|""https://joss.theoj.org/papers/10.21105/joss.03039.json""|S813|+2026-06-18T00:00:00Z/11"
44697,1238,set_statement,Done,,,Q113307669,"Q113307669|P921|Q140785814|S248|Q50817797|S854|""https://joss.theoj.org/papers/10.21105/joss.01956.json""|S813|+2026-06-18T00:00:00Z/11"
44697,1239,set_statement,Done,,,Q113307787,"Q113307787|P921|Q140785815|S248|Q50817797|S854|""https://joss.theoj.org/papers/10.21105/joss.01593.json""|S813|+2026-06-18T00:00:00Z/11"
44697,1240,set_statement,Done,,,Q111900620,"Q111900620|P921|Q140785817|S248|Q50817797|S854|""https://joss.theoj.org/papers/10.21105/joss.03093.json""|S813|+2026-06-18T00:00:00Z/11"
44697,1241,set_statement,Done,,,Q113307038,"Q113307038|P921|Q140785819|S248|Q50817797|S854|""https://joss.theoj.org/papers/10.21105/joss.03711.json""|S813|+2026-06-18T00:00:00Z/11"
44697,1242,set_statement,Done,,,Q107337639,"Q107337639|P921|Q102187923|S248|Q50817797|S854|""https://joss.theoj.org/papers/10.21105/joss.00774.json""|S813|+2026-06-18T00:00:00Z/11"
44697,1243,set_statement,Done,,,Q113306842,"Q113306842|P921|Q140785827|S248|Q50817797|S854|""https://joss.theoj.org/papers/10.21105/joss.03919.json""|S813|+2026-06-18T00:00:00Z/11"
44697,1244,set_statement,Done,,,Q113308089,"Q113308089|P921|Q140785828|S248|Q50817797|S854|""https://joss.theoj.org/papers/10.21105/joss.00828.json""|S813|+2026-06-18T00:00:00Z/11"
44697,1245,set_statement,Done,,,Q113306288,"Q113306288|P921|Q140785830|S248|Q50817797|S854|""https://joss.theoj.org/papers/10.21105/joss.04299.json""|S813|+2026-06-18T00:00:00Z/11"
44697,1246,set_statement,Done,,,Q113227785,"Q113227785|P921|Q140785834|S248|Q50817797|S854|""https://joss.theoj.org/papers/10.21105/joss.02158.json""|S813|+2026-06-18T00:00:00Z/11"
44697,1247,set_statement,Done,,,Q113227780,"Q113227780|P921|Q140785836|S248|Q50817797|S854|""https://joss.theoj.org/papers/10.21105/joss.02174.json""|S813|+2026-06-18T00:00:00Z/11"
44697,1248,set_statement,Done,,,Q113227766,"Q113227766|P921|Q140785837|S248|Q50817797|S854|""https://joss.theoj.org/papers/10.21105/joss.02349.json""|S813|+2026-06-18T00:00:00Z/11"
44697,1249,set_statement,Done,,,Q113227935,"Q113227935|P921|Q140785838|S248|Q50817797|S854|""https://joss.theoj.org/papers/10.21105/joss.01026.json""|S813|+2026-06-18T00:00:00Z/11"
44697,1250,set_statement,Done,,,Q113227958,"Q113227958|P921|Q140785839|S248|Q50817797|S854|""https://joss.theoj.org/papers/10.21105/joss.00819.json""|S813|+2026-06-18T00:00:00Z/11"
44697,1251,set_statement,Done,,,Q113308263,"Q113308263|P921|Q140785841|S248|Q50817797|S854|""https://joss.theoj.org/papers/10.21105/joss.00255.json""|S813|+2026-06-18T00:00:00Z/11"
44697,1252,set_statement,Done,,,Q113308129,"Q113308129|P921|Q140785843|S248|Q50817797|S854|""https://joss.theoj.org/papers/10.21105/joss.00691.json""|S813|+2026-06-18T00:00:00Z/11"
44697,1253,set_statement,Done,,,Q113307438,"Q113307438|P921|Q140785848|S248|Q50817797|S854|""https://joss.theoj.org/papers/10.21105/joss.02548.json""|S813|+2026-06-18T00:00:00Z/11"
44697,1254,set_statement,Done,,,Q113307869,"Q113307869|P921|Q140785850|S248|Q50817797|S854|""https://joss.theoj.org/papers/10.21105/joss.01342.json""|S813|+2026-06-18T00:00:00Z/11"
44697,1255,set_statement,Done,,,Q113307806,"Q113307806|P921|Q140785860|S248|Q50817797|S854|""https://joss.theoj.org/papers/10.21105/joss.01508.json""|S813|+2026-06-18T00:00:00Z/11"
44697,1256,set_statement,Done,,,Q111900528,"Q111900528|P921|Q140785861|S248|Q50817797|S854|""https://joss.theoj.org/papers/10.21105/joss.03893.json""|S813|+2026-06-18T00:00:00Z/11"
44697,1257,set_statement,Done,,,Q113227980,"Q113227980|P921|Q140785864|S248|Q50817797|S854|""https://joss.theoj.org/papers/10.21105/joss.00424.json""|S813|+2026-06-18T00:00:00Z/11"
44697,1258,set_statement,Done,,,Q110512122,"Q110512122|P921|Q140785867|S248|Q50817797|S854|""https://joss.theoj.org/papers/10.21105/joss.02791.json""|S813|+2026-06-18T00:00:00Z/11"
44697,1259,set_statement,Done,,,Q110502067,"Q110502067|P921|Q140785868|S248|Q50817797|S854|""https://joss.theoj.org/papers/10.21105/joss.01576.json""|S813|+2026-06-18T00:00:00Z/11"
44697,1260,set_statement,Done,,,Q113308335,"Q113308335|P921|Q140785872|S248|Q50817797|S854|""https://joss.theoj.org/papers/10.21105/joss.00034.json""|S813|+2026-06-18T00:00:00Z/11"
44697,1261,set_statement,Done,,,Q113307854,"Q113307854|P921|Q140785874|S248|Q50817797|S854|""https://joss.theoj.org/papers/10.21105/joss.01404.json""|S813|+2026-06-18T00:00:00Z/11"
44697,1262,set_statement,Done,,,Q113227731,"Q113227731|P921|Q140785875|S248|Q50817797|S854|""https://joss.theoj.org/papers/10.21105/joss.02585.json""|S813|+2026-06-18T00:00:00Z/11"
44697,1263,set_statement,Done,,,Q113307550,"Q113307550|P921|Q140785882|S248|Q50817797|S854|""https://joss.theoj.org/papers/10.21105/joss.02307.json""|S813|+2026-06-18T00:00:00Z/11"
44697,1264,set_statement,Done,,,Q113307341,"Q113307341|P921|Q140785883|S248|Q50817797|S854|""https://joss.theoj.org/papers/10.21105/joss.02872.json""|S813|+2026-06-18T00:00:00Z/11"
44697,1265,set_statement,Done,,,Q113306999,"Q113306999|P921|Q140785884|S248|Q50817797|S854|""https://joss.theoj.org/papers/10.21105/joss.03820.json""|S813|+2026-06-18T00:00:00Z/11"
44697,1266,set_statement,Done,,,Q110512108,"Q110512108|P921|Q140785885|S248|Q50817797|S854|""https://joss.theoj.org/papers/10.21105/joss.01312.json""|S813|+2026-06-18T00:00:00Z/11"
44697,1267,set_statement,Done,,,Q136281152,"Q136281152|P921|Q140785887|S248|Q50817797|S854|""https://joss.theoj.org/papers/10.21105/joss.03950.json""|S813|+2026-06-18T00:00:00Z/11"
44697,1268,set_statement,Done,,,Q93055954,"Q93055954|P921|Q140785892|S248|Q50817797|S854|""https://joss.theoj.org/papers/10.21105/joss.01279.json""|S813|+2026-06-18T00:00:00Z/11"
44697,1269,set_statement,Done,,,Q113307597,"Q113307597|P921|Q140785901|S248|Q50817797|S854|""https://joss.theoj.org/papers/10.21105/joss.02166.json""|S813|+2026-06-18T00:00:00Z/11"
44697,1270,set_statement,Done,,,Q113307101,"Q113307101|P921|Q140785904|S248|Q50817797|S854|""https://joss.theoj.org/papers/10.21105/joss.03625.json""|S813|+2026-06-18T00:00:00Z/11"
44697,1271,set_statement,Done,,,Q113227798,"Q113227798|P921|Q140785905|S248|Q50817797|S854|""https://joss.theoj.org/papers/10.21105/joss.02049.json""|S813|+2026-06-18T00:00:00Z/11"
44697,1272,set_statement,Done,,,Q113227866,"Q113227866|P921|Q140785906|S248|Q50817797|S854|""https://joss.theoj.org/papers/10.21105/joss.01614.json""|S813|+2026-06-18T00:00:00Z/11"
44697,1273,set_statement,Done,,,Q113306532,"Q113306532|P921|Q140785912|S248|Q50817797|S854|""https://joss.theoj.org/papers/10.21105/joss.04101.json""|S813|+2026-06-18T00:00:00Z/11"
44697,1274,set_statement,Done,,,Q113227608,"Q113227608|P921|Q140785913|S248|Q50817797|S854|""https://joss.theoj.org/papers/10.21105/joss.03860.json""|S813|+2026-06-18T00:00:00Z/11"
44697,1275,set_statement,Done,,,Q113307399,"Q113307399|P921|Q140785914|S248|Q50817797|S854|""https://joss.theoj.org/papers/10.21105/joss.02671.json""|S813|+2026-06-18T00:00:00Z/11"
44697,1276,set_statement,Done,,,Q110511603,"Q110511603|P921|Q140785916|S248|Q50817797|S854|""https://joss.theoj.org/papers/10.21105/joss.00900.json""|S813|+2026-06-18T00:00:00Z/11"
44697,1277,set_statement,Done,,,Q113307517,"Q113307517|P921|Q140785917|S248|Q50817797|S854|""https://joss.theoj.org/papers/10.21105/joss.02394.json""|S813|+2026-06-18T00:00:00Z/11"
44697,1278,set_statement,Done,,,Q113307770,"Q113307770|P921|Q140785918|S248|Q50817797|S854|""https://joss.theoj.org/papers/10.21105/joss.01662.json""|S813|+2026-06-18T00:00:00Z/11"
44697,1279,set_statement,Done,,,Q113307785,"Q113307785|P921|Q140785921|S248|Q50817797|S854|""https://joss.theoj.org/papers/10.21105/joss.01601.json""|S813|+2026-06-18T00:00:00Z/11"
44697,1280,set_statement,Done,,,Q113307573,"Q113307573|P921|Q140785923|S248|Q50817797|S854|""https://joss.theoj.org/papers/10.21105/joss.02276.json""|S813|+2026-06-18T00:00:00Z/11"
44697,1281,set_statement,Done,,,Q112771434,"Q112771434|P921|Q140785926|S248|Q50817797|S854|""https://joss.theoj.org/papers/10.21105/joss.00527.json""|S813|+2026-06-18T00:00:00Z/11"
44697,1282,set_statement,Done,,,Q111933824,"Q111933824|P921|Q140785927|S248|Q50817797|S854|""https://joss.theoj.org/papers/10.21105/joss.02575.json""|S813|+2026-06-18T00:00:00Z/11"
44697,1283,set_statement,Done,,,Q113307424,"Q113307424|P921|Q140785928|S248|Q50817797|S854|""https://joss.theoj.org/papers/10.21105/joss.02604.json""|S813|+2026-06-18T00:00:00Z/11"
44697,1284,set_statement,Done,,,Q113307623,"Q113307623|P921|Q140785929|S248|Q50817797|S854|""https://joss.theoj.org/papers/10.21105/joss.02094.json""|S813|+2026-06-18T00:00:00Z/11"
44697,1285,set_statement,Done,,,Q113308321,"Q113308321|P921|Q140785931|S248|Q50817797|S854|""https://joss.theoj.org/papers/10.21105/joss.00062.json""|S813|+2026-06-18T00:00:00Z/11"
44697,1286,set_statement,Done,,,Q113227697,"Q113227697|P921|Q140785932|S248|Q50817797|S854|""https://joss.theoj.org/papers/10.21105/joss.02862.json""|S813|+2026-06-18T00:00:00Z/11"
44697,1287,set_statement,Done,,,Q113307775,"Q113307775|P921|Q140785933|S248|Q50817797|S854|""https://joss.theoj.org/papers/10.21105/joss.01635.json""|S813|+2026-06-18T00:00:00Z/11"
44697,1288,set_statement,Done,,,Q113308210,"Q113308210|P921|Q140785934|S248|Q50817797|S854|""https://joss.theoj.org/papers/10.21105/joss.00470.json""|S813|+2026-06-18T00:00:00Z/11"
44697,1289,set_statement,Done,,,Q113227927,"Q113227927|P921|Q140785935|S248|Q50817797|S854|""https://joss.theoj.org/papers/10.21105/joss.01108.json""|S813|+2026-06-18T00:00:00Z/11"
44697,1290,set_statement,Done,,,Q113227944,"Q113227944|P921|Q140785936|S248|Q50817797|S854|""https://joss.theoj.org/papers/10.21105/joss.00948.json""|S813|+2026-06-18T00:00:00Z/11"
44697,1291,set_statement,Done,,,Q136911582,"Q136911582|P921|Q140785942|S248|Q50817797|S854|""https://joss.theoj.org/papers/10.21105/joss.04861.json""|S813|+2026-06-18T00:00:00Z/11"
44697,1292,set_statement,Done,,,Q113307540,"Q113307540|P921|Q140785943|S248|Q50817797|S854|""https://joss.theoj.org/papers/10.21105/joss.02338.json""|S813|+2026-06-18T00:00:00Z/11"
44697,1293,set_statement,Done,,,Q113227662,"Q113227662|P921|Q140785945|S248|Q50817797|S854|""https://joss.theoj.org/papers/10.21105/joss.03284.json""|S813|+2026-06-18T00:00:00Z/11"
44697,1294,set_statement,Done,,,Q113308098,"Q113308098|P921|Q140785947|S248|Q50817797|S854|""https://joss.theoj.org/papers/10.21105/joss.00797.json""|S813|+2026-06-18T00:00:00Z/11"
44697,1295,set_statement,Done,,,Q110512120,"Q110512120|P921|Q140785950|S248|Q50817797|S854|""https://joss.theoj.org/papers/10.21105/joss.02576.json""|S813|+2026-06-18T00:00:00Z/11"
44697,1296,set_statement,Done,,,Q108918810,"Q108918810|P921|Q140785953|S248|Q50817797|S854|""https://joss.theoj.org/papers/10.21105/joss.02696.json""|S813|+2026-06-18T00:00:00Z/11"
44697,1297,set_statement,Done,,,Q136308907,"Q136308907|P921|Q140785955|S248|Q50817797|S854|""https://joss.theoj.org/papers/10.21105/joss.08844.json""|S813|+2026-06-18T00:00:00Z/11"
44697,1298,set_statement,Done,,,Q113227757,"Q113227757|P921|Q140785956|S248|Q50817797|S854|""https://joss.theoj.org/papers/10.21105/joss.02407.json""|S813|+2026-06-18T00:00:00Z/11"
44697,1299,set_statement,Done,,,Q113307788,"Q113307788|P921|Q140785961|S248|Q50817797|S854|""https://joss.theoj.org/papers/10.21105/joss.01592.json""|S813|+2026-06-18T00:00:00Z/11"
44697,1300,set_statement,Done,,,Q113308189,"Q113308189|P921|Q140785969|S248|Q50817797|S854|""https://joss.theoj.org/papers/10.21105/joss.00541.json""|S813|+2026-06-18T00:00:00Z/11"
44697,1301,set_statement,Done,,,Q113227677,"Q113227677|P921|Q140785970|S248|Q50817797|S854|""https://joss.theoj.org/papers/10.21105/joss.03097.json""|S813|+2026-06-18T00:00:00Z/11"
44697,1302,set_statement,Done,,,Q113227678,"Q113227678|P921|Q140785971|S248|Q50817797|S854|""https://joss.theoj.org/papers/10.21105/joss.03095.json""|S813|+2026-06-18T00:00:00Z/11"
44697,1303,set_statement,Done,,,Q130189275,"Q130189275|P921|Q140785975|S248|Q50817797|S854|""https://joss.theoj.org/papers/10.21105/joss.06021.json""|S813|+2026-06-18T00:00:00Z/11"
44697,1304,set_statement,Done,,,Q113307374,"Q113307374|P921|Q140785977|S248|Q50817797|S854|""https://joss.theoj.org/papers/10.21105/joss.02762.json""|S813|+2026-06-18T00:00:00Z/11"
44697,1305,set_statement,Done,,,Q113307443,"Q113307443|P921|Q140785978|S248|Q50817797|S854|""https://joss.theoj.org/papers/10.21105/joss.02535.json""|S813|+2026-06-18T00:00:00Z/11"
44697,1306,set_statement,Done,,,Q111900628,"Q111900628|P921|Q140785982|S248|Q50817797|S854|""https://joss.theoj.org/papers/10.21105/joss.03497.json""|S813|+2026-06-18T00:00:00Z/11"
44697,1307,set_statement,Done,,,Q113308045,"Q113308045|P921|Q140785984|S248|Q50817797|S854|""https://joss.theoj.org/papers/10.21105/joss.00966.json""|S813|+2026-06-18T00:00:00Z/11"
44697,1308,set_statement,Done,,,Q113307027,"Q113307027|P921|Q140785985|S248|Q50817797|S854|""https://joss.theoj.org/papers/10.21105/joss.03756.json""|S813|+2026-06-18T00:00:00Z/11"
44697,1309,set_statement,Done,,,Q113227899,"Q113227899|P921|Q140785986|S248|Q50817797|S854|""https://joss.theoj.org/papers/10.21105/joss.01327.json""|S813|+2026-06-18T00:00:00Z/11"
44697,1310,set_statement,Done,,,Q113307816,"Q113307816|P921|Q140785987|S248|Q50817797|S854|""https://joss.theoj.org/papers/10.21105/joss.01485.json""|S813|+2026-06-18T00:00:00Z/11"
44697,1311,set_statement,Done,,,Q113307730,"Q113307730|P921|Q140785988|S248|Q50817797|S854|""https://joss.theoj.org/papers/10.21105/joss.01764.json""|S813|+2026-06-18T00:00:00Z/11"
44697,1312,set_statement,Done,,,Q113307333,"Q113307333|P921|Q140785989|S248|Q50817797|S854|""https://joss.theoj.org/papers/10.21105/joss.02946.json""|S813|+2026-06-18T00:00:00Z/11"
44697,1313,set_statement,Done,,,Q113307715,"Q113307715|P921|Q140785990|S248|Q50817797|S854|""https://joss.theoj.org/papers/10.21105/joss.01820.json""|S813|+2026-06-18T00:00:00Z/11"
44697,1314,set_statement,Done,,,Q113227725,"Q113227725|P921|Q140785993|S248|Q50817797|S854|""https://joss.theoj.org/papers/10.21105/joss.02637.json""|S813|+2026-06-18T00:00:00Z/11"
44697,1315,set_statement,Done,,,Q125290278,"Q125290278|P921|Q140785997|S248|Q50817797|S854|""https://joss.theoj.org/papers/10.21105/joss.05289.json""|S813|+2026-06-18T00:00:00Z/11"
44697,1316,set_statement,Done,,,Q113307607,"Q113307607|P921|Q140785998|S248|Q50817797|S854|""https://joss.theoj.org/papers/10.21105/joss.02122.json""|S813|+2026-06-18T00:00:00Z/11"
44697,1317,set_statement,Done,,,Q113308199,"Q113308199|P921|Q140786000|S248|Q50817797|S854|""https://joss.theoj.org/papers/10.21105/joss.00501.json""|S813|+2026-06-18T00:00:00Z/11"
44697,1318,set_statement,Done,,,Q113227821,"Q113227821|P921|Q140786001|S248|Q50817797|S854|""https://joss.theoj.org/papers/10.21105/joss.01884.json""|S813|+2026-06-18T00:00:00Z/11"
44697,1319,set_statement,Done,,,Q111900364,"Q111900364|P921|Q140786003|S248|Q50817797|S854|""https://joss.theoj.org/papers/10.21105/joss.02765.json""|S813|+2026-06-18T00:00:00Z/11"
44697,1320,set_statement,Done,,,Q113307313,"Q113307313|P921|Q140786006|S248|Q50817797|S854|""https://joss.theoj.org/papers/10.21105/joss.03022.json""|S813|+2026-06-18T00:00:00Z/11"
44697,1321,set_statement,Done,,,Q111898007,"Q111898007|P921|Q140786007|S248|Q50817797|S854|""https://joss.theoj.org/papers/10.21105/joss.03676.json""|S813|+2026-06-18T00:00:00Z/11"
44697,1322,set_statement,Done,,,Q113308196,"Q113308196|P921|Q140786008|S248|Q50817797|S854|""https://joss.theoj.org/papers/10.21105/joss.00512.json""|S813|+2026-06-18T00:00:00Z/11"
44697,1323,set_statement,Done,,,Q111972181,"Q111972181|P921|Q120838154|S248|Q50817797|S854|""https://joss.theoj.org/papers/10.21105/joss.03900.json""|S813|+2026-06-18T00:00:00Z/11"
44697,1324,set_statement,Done,,,Q113228000,"Q113228000|P921|Q140786009|S248|Q50817797|S854|""https://joss.theoj.org/papers/10.21105/joss.00124.json""|S813|+2026-06-18T00:00:00Z/11"
44697,1325,set_statement,Done,,,Q113308008,"Q113308008|P921|Q140786012|S248|Q50817797|S854|""https://joss.theoj.org/papers/10.21105/joss.01056.json""|S813|+2026-06-18T00:00:00Z/11"
44697,1326,set_statement,Done,,,Q136785921,"Q136785921|P921|Q140786017|S248|Q50817797|S854|""https://joss.theoj.org/papers/10.21105/joss.04588.json""|S813|+2026-06-18T00:00:00Z/11"
44697,1327,set_statement,Done,,,Q57805594,"Q57805594|P921|Q140786022|S248|Q50817797|S854|""https://joss.theoj.org/papers/10.21105/joss.00827.json""|S813|+2026-06-18T00:00:00Z/11"
44697,1328,set_statement,Done,,,Q113307334,"Q113307334|P921|Q140786024|S248|Q50817797|S854|""https://joss.theoj.org/papers/10.21105/joss.02945.json""|S813|+2026-06-18T00:00:00Z/11"
44697,1329,set_statement,Done,,,Q62667342,"Q62667342|P921|Q140786027|S248|Q50817797|S854|""https://joss.theoj.org/papers/10.21105/joss.00167.json""|S813|+2026-06-18T00:00:00Z/11"
44697,1330,set_statement,Done,,,Q140738665,"Q140738665|P921|Q140786028|S248|Q50817797|S854|""https://joss.theoj.org/papers/10.21105/joss.08766.json""|S813|+2026-06-18T00:00:00Z/11"
44697,1331,set_statement,Done,,,Q113307035,"Q113307035|P921|Q140786030|S248|Q50817797|S854|""https://joss.theoj.org/papers/10.21105/joss.03724.json""|S813|+2026-06-18T00:00:00Z/11"
44697,1332,set_statement,Done,,,Q113227858,"Q113227858|P921|Q140786031|S248|Q50817797|S854|""https://joss.theoj.org/papers/10.21105/joss.01674.json""|S813|+2026-06-18T00:00:00Z/11"
44697,1333,set_statement,Done,,,Q111898351,"Q111898351|P921|Q140786032|S248|Q50817797|S854|""https://joss.theoj.org/papers/10.21105/joss.03175.json""|S813|+2026-06-18T00:00:00Z/11"
44697,1334,set_statement,Done,,,Q113227848,"Q113227848|P921|Q140786036|S248|Q50817797|S854|""https://joss.theoj.org/papers/10.21105/joss.01732.json""|S813|+2026-06-18T00:00:00Z/11"
44697,1335,set_statement,Done,,,Q113227775,"Q113227775|P921|Q140786038|S248|Q50817797|S854|""https://joss.theoj.org/papers/10.21105/joss.02289.json""|S813|+2026-06-18T00:00:00Z/11"
44697,1336,set_statement,Done,,,Q113227764,"Q113227764|P921|Q140786039|S248|Q50817797|S854|""https://joss.theoj.org/papers/10.21105/joss.02363.json""|S813|+2026-06-18T00:00:00Z/11"
44697,1337,set_statement,Done,,,Q113227721,"Q113227721|P921|Q140786043|S248|Q50817797|S854|""https://joss.theoj.org/papers/10.21105/joss.02675.json""|S813|+2026-06-18T00:00:00Z/11"
44697,1338,set_statement,Done,,,Q61538299,"Q61538299|P921|Q140786045|S248|Q50817797|S854|""https://joss.theoj.org/papers/10.21105/joss.00521.json""|S813|+2026-06-18T00:00:00Z/11"
44697,1339,set_statement,Done,,,Q113308056,"Q113308056|P921|Q140786047|S248|Q50817797|S854|""https://joss.theoj.org/papers/10.21105/joss.00937.json""|S813|+2026-06-18T00:00:00Z/11"
44697,1340,set_statement,Done,,,Q113227734,"Q113227734|P921|Q140786050|S248|Q50817797|S854|""https://joss.theoj.org/papers/10.21105/joss.02564.json""|S813|+2026-06-18T00:00:00Z/11"
44697,1341,set_statement,Done,,,Q99876096,"Q99876096|P921|Q140786051|S248|Q50817797|S854|""https://joss.theoj.org/papers/10.21105/joss.02305.json""|S813|+2026-06-18T00:00:00Z/11"
44697,1342,set_statement,Done,,,Q113227908,"Q113227908|P921|Q107381464|S248|Q50817797|S854|""https://joss.theoj.org/papers/10.21105/joss.01237.json""|S813|+2026-06-18T00:00:00Z/11"
44697,1343,set_statement,Done,,,Q113308024,"Q113308024|P921|Q140786054|S248|Q50817797|S854|""https://joss.theoj.org/papers/10.21105/joss.01035.json""|S813|+2026-06-18T00:00:00Z/11"
44697,1344,set_statement,Done,,,Q57823002,"Q57823002|P921|Q120960113|S248|Q50817797|S854|""https://joss.theoj.org/papers/10.21105/joss.00613.json""|S813|+2026-06-18T00:00:00Z/11"
44697,1345,set_statement,Done,,,Q60338371,"Q60338371|P921|Q140786055|S248|Q50817797|S854|""https://joss.theoj.org/papers/10.21105/joss.00717.json""|S813|+2026-06-18T00:00:00Z/11"
44697,1346,set_statement,Done,,,Q113227963,"Q113227963|P921|Q107381449|S248|Q50817797|S854|""https://joss.theoj.org/papers/10.21105/joss.00753.json""|S813|+2026-06-18T00:00:00Z/11"
44697,1347,set_statement,Done,,,Q113308109,"Q113308109|P921|Q140786056|S248|Q50817797|S854|""https://joss.theoj.org/papers/10.21105/joss.00765.json""|S813|+2026-06-18T00:00:00Z/11"
44697,1348,set_statement,Done,,,Q113307796,"Q113307796|P921|Q140786066|S248|Q50817797|S854|""https://joss.theoj.org/papers/10.21105/joss.01555.json""|S813|+2026-06-18T00:00:00Z/11"
44697,1349,set_statement,Done,,,Q61479449,"Q61479449|P921|Q140786067|S248|Q50817797|S854|""https://joss.theoj.org/papers/10.21105/joss.00897.json""|S813|+2026-06-18T00:00:00Z/11"
44697,1350,set_statement,Done,,,Q113307995,"Q113307995|P921|Q140786068|S248|Q50817797|S854|""https://joss.theoj.org/papers/10.21105/joss.01072.json""|S813|+2026-06-18T00:00:00Z/11"
44697,1351,set_statement,Done,,,Q113227942,"Q113227942|P921|Q140786069|S248|Q50817797|S854|""https://joss.theoj.org/papers/10.21105/joss.00981.json""|S813|+2026-06-18T00:00:00Z/11"
44697,1352,set_statement,Done,,,Q113307901,"Q113307901|P921|Q140786070|S248|Q50817797|S854|""https://joss.theoj.org/papers/10.21105/joss.01255.json""|S813|+2026-06-18T00:00:00Z/11"
44697,1353,set_statement,Done,,,Q113307892,"Q113307892|P921|Q140786071|S248|Q50817797|S854|""https://joss.theoj.org/papers/10.21105/joss.01278.json""|S813|+2026-06-18T00:00:00Z/11"
44697,1354,set_statement,Done,,,Q111150510,"Q111150510|P921|Q140786072|S248|Q50817797|S854|""https://joss.theoj.org/papers/10.21105/joss.02076.json""|S813|+2026-06-18T00:00:00Z/11"
44697,1355,set_statement,Done,,,Q58892035,"Q58892035|P921|Q140786073|S248|Q50817797|S854|""https://joss.theoj.org/papers/10.21105/joss.00256.json""|S813|+2026-06-18T00:00:00Z/11"
44697,1356,set_statement,Done,,,Q59145752,"Q59145752|P921|Q140786074|S248|Q50817797|S854|""https://joss.theoj.org/papers/10.21105/joss.00412.json""|S813|+2026-06-18T00:00:00Z/11"
44697,1357,set_statement,Done,,,Q113307516,"Q113307516|P921|Q140786075|S248|Q50817797|S854|""https://joss.theoj.org/papers/10.21105/joss.02400.json""|S813|+2026-06-18T00:00:00Z/11"
44697,1358,set_statement,Done,,,Q113307637,"Q113307637|P921|Q140786076|S248|Q50817797|S854|""https://joss.theoj.org/papers/10.21105/joss.02044.json""|S813|+2026-06-18T00:00:00Z/11"
44697,1359,set_statement,Done,,,Q113227997,"Q113227997|P921|Q140786077|S248|Q50817797|S854|""https://joss.theoj.org/papers/10.21105/joss.00137.json""|S813|+2026-06-18T00:00:00Z/11"
44697,1360,set_statement,Done,,,Q113308332,"Q113308332|P921|Q140786078|S248|Q50817797|S854|""https://joss.theoj.org/papers/10.21105/joss.00040.json""|S813|+2026-06-18T00:00:00Z/11"
44697,1361,set_statement,Done,,,Q113307536,"Q113307536|P921|Q140786079|S248|Q50817797|S854|""https://joss.theoj.org/papers/10.21105/joss.02340.json""|S813|+2026-06-18T00:00:00Z/11"
44697,1362,set_statement,Done,,,Q56886706,"Q56886706|P921|Q70471987|S248|Q50817797|S854|""https://joss.theoj.org/papers/10.21105/joss.00107.json""|S813|+2026-06-18T00:00:00Z/11"
44697,1363,set_statement,Done,,,Q113308272,"Q113308272|P921|Q140786083|S248|Q50817797|S854|""https://joss.theoj.org/papers/10.21105/joss.00222.json""|S813|+2026-06-18T00:00:00Z/11"
44697,1364,set_statement,Done,,,Q113227783,"Q113227783|P921|Q140786087|S248|Q50817797|S854|""https://joss.theoj.org/papers/10.21105/joss.02169.json""|S813|+2026-06-18T00:00:00Z/11"
44697,1365,set_statement,Done,,,Q113307317,"Q113307317|P921|Q140786089|S248|Q50817797|S854|""https://joss.theoj.org/papers/10.21105/joss.03009.json""|S813|+2026-06-18T00:00:00Z/11"
44697,1366,set_statement,Done,,,Q111900219,"Q111900219|P921|Q140786093|S248|Q50817797|S854|""https://joss.theoj.org/papers/10.21105/joss.02863.json""|S813|+2026-06-18T00:00:00Z/11"
44697,1367,set_statement,Done,,,Q112847921,"Q112847921|P921|Q140786095|S248|Q50817797|S854|""https://joss.theoj.org/papers/10.21105/joss.00411.json""|S813|+2026-06-18T00:00:00Z/11"
44697,1368,set_statement,Done,,,Q113307198,"Q113307198|P921|Q140786096|S248|Q50817797|S854|""https://joss.theoj.org/papers/10.21105/joss.03455.json""|S813|+2026-06-18T00:00:00Z/11"
44697,1369,set_statement,Done,,,Q111899499,"Q111899499|P921|Q140786098|S248|Q50817797|S854|""https://joss.theoj.org/papers/10.21105/joss.02177.json""|S813|+2026-06-18T00:00:00Z/11"
44697,1370,set_statement,Done,,,Q113307865,"Q113307865|P921|Q140786101|S248|Q50817797|S854|""https://joss.theoj.org/papers/10.21105/joss.01349.json""|S813|+2026-06-18T00:00:00Z/11"
44697,1371,set_statement,Done,,,Q113306806,"Q113306806|P921|Q140786103|S248|Q50817797|S854|""https://joss.theoj.org/papers/10.21105/joss.03948.json""|S813|+2026-06-18T00:00:00Z/11"
44697,1372,set_statement,Done,,,Q113308193,"Q113308193|P921|Q140786105|S248|Q50817797|S854|""https://joss.theoj.org/papers/10.21105/joss.00523.json""|S813|+2026-06-18T00:00:00Z/11"
44697,1373,set_statement,Done,,,Q59275094,"Q59275094|P921|Q140786108|S248|Q50817797|S854|""https://joss.theoj.org/papers/10.21105/joss.00545.json""|S813|+2026-06-18T00:00:00Z/11"
44697,1374,set_statement,Done,,,Q113307646,"Q113307646|P921|Q140786109|S248|Q50817797|S854|""https://joss.theoj.org/papers/10.21105/joss.02028.json""|S813|+2026-06-18T00:00:00Z/11"
44697,1375,set_statement,Done,,,Q113308320,"Q113308320|P921|Q140786110|S248|Q50817797|S854|""https://joss.theoj.org/papers/10.21105/joss.00063.json""|S813|+2026-06-18T00:00:00Z/11"
44697,1376,set_statement,Done,,,Q113307164,"Q113307164|P921|Q140786114|S248|Q50817797|S854|""https://joss.theoj.org/papers/10.21105/joss.03556.json""|S813|+2026-06-18T00:00:00Z/11"
44697,1377,set_statement,Done,,,Q113308222,"Q113308222|P921|Q140786127|S248|Q50817797|S854|""https://joss.theoj.org/papers/10.21105/joss.00430.json""|S813|+2026-06-18T00:00:00Z/11"
44697,1378,set_statement,Done,,,Q115348343,"Q115348343|P921|Q140786128|S248|Q50817797|S854|""https://joss.theoj.org/papers/10.21105/joss.04528.json""|S813|+2026-06-18T00:00:00Z/11"
44697,1379,set_statement,Done,,,Q113307463,"Q113307463|P921|Q140786129|S248|Q50817797|S854|""https://joss.theoj.org/papers/10.21105/joss.02497.json""|S813|+2026-06-18T00:00:00Z/11"
44697,1380,set_statement,Done,,,Q57809255,"Q57809255|P921|Q140786131|S248|Q50817797|S854|""https://joss.theoj.org/papers/10.21105/joss.00721.json""|S813|+2026-06-18T00:00:00Z/11"
44697,1381,set_statement,Done,,,Q113308073,"Q113308073|P921|Q140786132|S248|Q50817797|S854|""https://joss.theoj.org/papers/10.21105/joss.00870.json""|S813|+2026-06-18T00:00:00Z/11"
44697,1382,set_statement,Done,,,Q113307731,"Q113307731|P921|Q140786139|S248|Q50817797|S854|""https://joss.theoj.org/papers/10.21105/joss.01763.json""|S813|+2026-06-18T00:00:00Z/11"
44697,1383,set_statement,Done,,,Q113307821,"Q113307821|P921|Q140786140|S248|Q50817797|S854|""https://joss.theoj.org/papers/10.21105/joss.01468.json""|S813|+2026-06-18T00:00:00Z/11"
44697,1384,set_statement,Done,,,Q132370902,"Q132370902|P921|Q140786141|S248|Q50817797|S854|""https://joss.theoj.org/papers/10.21105/joss.06593.json""|S813|+2026-06-18T00:00:00Z/11"
44697,1385,set_statement,Done,,,Q113227639,"Q113227639|P921|Q140786142|S248|Q50817797|S854|""https://joss.theoj.org/papers/10.21105/joss.03557.json""|S813|+2026-06-18T00:00:00Z/11"
44697,1386,set_statement,Done,,,Q113307445,"Q113307445|P921|Q140786143|S248|Q50817797|S854|""https://joss.theoj.org/papers/10.21105/joss.02526.json""|S813|+2026-06-18T00:00:00Z/11"
44697,1387,set_statement,Done,,,Q113307781,"Q113307781|P921|Q140786144|S248|Q50817797|S854|""https://joss.theoj.org/papers/10.21105/joss.01613.json""|S813|+2026-06-18T00:00:00Z/11"
44697,1388,set_statement,Done,,,Q112847924,"Q112847924|P921|Q140786147|S248|Q50817797|S854|""https://joss.theoj.org/papers/10.21105/joss.00177.json""|S813|+2026-06-18T00:00:00Z/11"
44697,1389,set_statement,Done,,,Q113307171,"Q113307171|P921|Q140786149|S248|Q50817797|S854|""https://joss.theoj.org/papers/10.21105/joss.03541.json""|S813|+2026-06-18T00:00:00Z/11"
44697,1390,set_statement,Done,,,Q113307958,"Q113307958|P921|Q140786150|S248|Q50817797|S854|""https://joss.theoj.org/papers/10.21105/joss.01148.json""|S813|+2026-06-18T00:00:00Z/11"
44697,1391,set_statement,Done,,,Q111896730,"Q111896730|P921|Q140786152|S248|Q50817797|S854|""https://joss.theoj.org/papers/10.21105/joss.03285.json""|S813|+2026-06-18T00:00:00Z/11"
44697,1392,set_statement,Done,,,Q113307331,"Q113307331|P921|Q140786154|S248|Q50817797|S854|""https://joss.theoj.org/papers/10.21105/joss.02952.json""|S813|+2026-06-18T00:00:00Z/11"
44697,1393,set_statement,Done,,,Q113227994,"Q113227994|P921|Q85758859|S248|Q50817797|S854|""https://joss.theoj.org/papers/10.21105/joss.00146.json""|S813|+2026-06-18T00:00:00Z/11"
44697,1394,set_statement,Done,,,Q113307218,"Q113307218|P921|Q140786157|S248|Q50817797|S854|""https://joss.theoj.org/papers/10.21105/joss.03398.json""|S813|+2026-06-18T00:00:00Z/11"
44697,1395,set_statement,Done,,,Q113307367,"Q113307367|P921|Q140786158|S248|Q50817797|S854|""https://joss.theoj.org/papers/10.21105/joss.02783.json""|S813|+2026-06-18T00:00:00Z/11"
44697,1396,set_statement,Done,,,Q128587814,"Q128587814|P921|Q140786162|S248|Q50817797|S854|""https://joss.theoj.org/papers/10.21105/joss.05966.json""|S813|+2026-06-18T00:00:00Z/11"
44697,1397,set_statement,Done,,,Q113227812,"Q113227812|P921|Q140786163|S248|Q50817797|S854|""https://joss.theoj.org/papers/10.21105/joss.01944.json""|S813|+2026-06-18T00:00:00Z/11"
44697,1398,set_statement,Done,,,Q113307929,"Q113307929|P921|Q140786164|S248|Q50817797|S854|""https://joss.theoj.org/papers/10.21105/joss.01204.json""|S813|+2026-06-18T00:00:00Z/11"
44697,1399,set_statement,Done,,,Q130178791,"Q130178791|P921|Q140786165|S248|Q50817797|S854|""https://joss.theoj.org/papers/10.21105/joss.05968.json""|S813|+2026-06-18T00:00:00Z/11"
44697,1400,set_statement,Done,,,Q113307329,"Q113307329|P921|Q140786166|S248|Q50817797|S854|""https://joss.theoj.org/papers/10.21105/joss.02959.json""|S813|+2026-06-18T00:00:00Z/11"
44697,1401,set_statement,Done,,,Q138509629,"Q138509629|P921|Q140786167|S248|Q50817797|S854|""https://joss.theoj.org/papers/10.21105/joss.05388.json""|S813|+2026-06-18T00:00:00Z/11"
44697,1402,set_statement,Done,,,Q113227751,"Q113227751|P921|Q140786172|S248|Q50817797|S854|""https://joss.theoj.org/papers/10.21105/joss.02436.json""|S813|+2026-06-18T00:00:00Z/11"
44697,1403,set_statement,Done,,,Q113227788,"Q113227788|P921|Q140786174|S248|Q50817797|S854|""https://joss.theoj.org/papers/10.21105/joss.02135.json""|S813|+2026-06-18T00:00:00Z/11"
44697,1404,set_statement,Done,,,Q113307406,"Q113307406|P921|Q140786175|S248|Q50817797|S854|""https://joss.theoj.org/papers/10.21105/joss.02663.json""|S813|+2026-06-18T00:00:00Z/11"
44697,1405,set_statement,Done,,,Q113308247,"Q113308247|P921|Q140786176|S248|Q50817797|S854|""https://joss.theoj.org/papers/10.21105/joss.00339.json""|S813|+2026-06-18T00:00:00Z/11"
44697,1406,set_statement,Done,,,Q113308211,"Q113308211|P921|Q140786177|S248|Q50817797|S854|""https://joss.theoj.org/papers/10.21105/joss.00463.json""|S813|+2026-06-18T00:00:00Z/11"
44697,1407,set_statement,Done,,,Q113227661,"Q113227661|P921|Q140786179|S248|Q50817797|S854|""https://joss.theoj.org/papers/10.21105/joss.03293.json""|S813|+2026-06-18T00:00:00Z/11"
44697,1408,set_statement,Done,,,Q111899111,"Q111899111|P921|Q140786180|S248|Q50817797|S854|""https://joss.theoj.org/papers/10.21105/joss.03877.json""|S813|+2026-06-18T00:00:00Z/11"
44697,1409,set_statement,Done,,,Q113307961,"Q113307961|P921|Q140786181|S248|Q50817797|S854|""https://joss.theoj.org/papers/10.21105/joss.01145.json""|S813|+2026-06-18T00:00:00Z/11"
44697,1410,set_statement,Done,,,Q113307853,"Q113307853|P921|Q140786182|S248|Q50817797|S854|""https://joss.theoj.org/papers/10.21105/joss.01407.json""|S813|+2026-06-18T00:00:00Z/11"
44697,1411,set_statement,Done,,,Q113307653,"Q113307653|P921|Q140786183|S248|Q50817797|S854|""https://joss.theoj.org/papers/10.21105/joss.02011.json""|S813|+2026-06-18T00:00:00Z/11"
44697,1412,set_statement,Done,,,Q113227815,"Q113227815|P921|Q140786184|S248|Q50817797|S854|""https://joss.theoj.org/papers/10.21105/joss.01918.json""|S813|+2026-06-18T00:00:00Z/11"
44697,1413,set_statement,Done,,,Q56051974,"Q56051974|P921|Q140786192|S248|Q50817797|S854|""https://joss.theoj.org/papers/10.21105/joss.00243.json""|S813|+2026-06-18T00:00:00Z/11"
44697,1414,set_statement,Done,,,Q113307387,"Q113307387|P921|Q140786201|S248|Q50817797|S854|""https://joss.theoj.org/papers/10.21105/joss.02689.json""|S813|+2026-06-18T00:00:00Z/11"
44697,1415,set_statement,Done,,,Q113307392,"Q113307392|P921|Q140786204|S248|Q50817797|S854|""https://joss.theoj.org/papers/10.21105/joss.02677.json""|S813|+2026-06-18T00:00:00Z/11"
44697,1416,set_statement,Done,,,Q113307125,"Q113307125|P921|Q140786207|S248|Q50817797|S854|""https://joss.theoj.org/papers/10.21105/joss.03609.json""|S813|+2026-06-18T00:00:00Z/11"
44697,1417,set_statement,Done,,,Q64297032,"Q64297032|P921|Q140786209|S248|Q50817797|S854|""https://joss.theoj.org/papers/10.21105/joss.01234.json""|S813|+2026-06-18T00:00:00Z/11"
44697,1418,set_statement,Done,,,Q111932828,"Q111932828|P921|Q140786210|S248|Q50817797|S854|""https://joss.theoj.org/papers/10.21105/joss.01530.json""|S813|+2026-06-18T00:00:00Z/11"
44697,1419,set_statement,Done,,,Q113307411,"Q113307411|P921|Q140786211|S248|Q50817797|S854|""https://joss.theoj.org/papers/10.21105/joss.02645.json""|S813|+2026-06-18T00:00:00Z/11"
44697,1420,set_statement,Done,,,Q113227641,"Q113227641|P921|Q140786212|S248|Q50817797|S854|""https://joss.theoj.org/papers/10.21105/joss.03545.json""|S813|+2026-06-18T00:00:00Z/11"
44697,1421,set_statement,Done,,,Q112108940,"Q112108940|P921|Q140786213|S248|Q50817797|S854|""https://joss.theoj.org/papers/10.21105/joss.02214.json""|S813|+2026-06-18T00:00:00Z/11"
44697,1422,set_statement,Done,,,Q113307774,"Q113307774|P921|Q140786215|S248|Q50817797|S854|""https://joss.theoj.org/papers/10.21105/joss.01637.json""|S813|+2026-06-18T00:00:00Z/11"
44697,1423,set_statement,Done,,,Q113307362,"Q113307362|P921|Q140786216|S248|Q50817797|S854|""https://joss.theoj.org/papers/10.21105/joss.02813.json""|S813|+2026-06-18T00:00:00Z/11"
44697,1424,set_statement,Done,,,Q113227742,"Q113227742|P921|Q140786218|S248|Q50817797|S854|""https://joss.theoj.org/papers/10.21105/joss.02523.json""|S813|+2026-06-18T00:00:00Z/11"
44697,1425,set_statement,Done,,,Q111900172,"Q111900172|P921|Q140786221|S248|Q50817797|S854|""https://joss.theoj.org/papers/10.21105/joss.03337.json""|S813|+2026-06-18T00:00:00Z/11"
44697,1426,set_statement,Done,,,Q113227982,"Q113227982|P921|Q140786222|S248|Q50817797|S854|""https://joss.theoj.org/papers/10.21105/joss.00396.json""|S813|+2026-06-18T00:00:00Z/11"
44697,1427,set_statement,Done,,,Q113227905,"Q113227905|P921|Q140786223|S248|Q50817797|S854|""https://joss.theoj.org/papers/10.21105/joss.01264.json""|S813|+2026-06-18T00:00:00Z/11"
44697,1428,set_statement,Done,,,Q113307297,"Q113307297|P921|Q140786228|S248|Q50817797|S854|""https://joss.theoj.org/papers/10.21105/joss.03060.json""|S813|+2026-06-18T00:00:00Z/11"
44697,1429,set_statement,Done,,,Q113307872,"Q113307872|P921|Q140786229|S248|Q50817797|S854|""https://joss.theoj.org/papers/10.21105/joss.01336.json""|S813|+2026-06-18T00:00:00Z/11"
44697,1430,set_statement,Done,,,Q112847690,"Q112847690|P921|Q140786230|S248|Q50817797|S854|""https://joss.theoj.org/papers/10.21105/joss.01350.json""|S813|+2026-06-18T00:00:00Z/11"
44697,1431,set_statement,Done,,,Q113307288,"Q113307288|P921|Q140786231|S248|Q50817797|S854|""https://joss.theoj.org/papers/10.21105/joss.03076.json""|S813|+2026-06-18T00:00:00Z/11"
44697,1432,set_statement,Done,,,Q113308100,"Q113308100|P921|Q140786234|S248|Q50817797|S854|""https://joss.theoj.org/papers/10.21105/joss.00791.json""|S813|+2026-06-18T00:00:00Z/11"
44697,1433,set_statement,Done,,,Q113307459,"Q113307459|P921|Q140786235|S248|Q50817797|S854|""https://joss.theoj.org/papers/10.21105/joss.02506.json""|S813|+2026-06-18T00:00:00Z/11"
44697,1434,set_statement,Done,,,Q113227646,"Q113227646|P921|Q140786236|S248|Q50817797|S854|""https://joss.theoj.org/papers/10.21105/joss.03459.json""|S813|+2026-06-18T00:00:00Z/11"
44697,1435,set_statement,Done,,,Q123193320,"Q123193320|P921|Q140786237|S248|Q50817797|S854|""https://joss.theoj.org/papers/10.21105/joss.04914.json""|S813|+2026-06-18T00:00:00Z/11"
44697,1436,set_statement,Done,,,Q113227611,"Q113227611|P921|Q140786240|S248|Q50817797|S854|""https://joss.theoj.org/papers/10.21105/joss.03832.json""|S813|+2026-06-18T00:00:00Z/11"
44697,1437,set_statement,Done,,,Q113307199,"Q113307199|P921|Q140786241|S248|Q50817797|S854|""https://joss.theoj.org/papers/10.21105/joss.03454.json""|S813|+2026-06-18T00:00:00Z/11"
44697,1438,set_statement,Done,,,Q113227828,"Q113227828|P921|Q59625833|S248|Q50817797|S854|""https://joss.theoj.org/papers/10.21105/joss.01832.json""|S813|+2026-06-18T00:00:00Z/11"
44697,1439,set_statement,Done,,,Q113227879,"Q113227879|P921|Q140786247|S248|Q50817797|S854|""https://joss.theoj.org/papers/10.21105/joss.01506.json""|S813|+2026-06-18T00:00:00Z/11"
44697,1440,set_statement,Done,,,Q113307803,"Q113307803|P921|Q140786250|S248|Q50817797|S854|""https://joss.theoj.org/papers/10.21105/joss.01518.json""|S813|+2026-06-18T00:00:00Z/11"
44697,1441,set_statement,Done,,,Q56051993,"Q56051993|P921|Q140786252|S248|Q50817797|S854|""https://joss.theoj.org/papers/10.21105/joss.00058.json""|S813|+2026-06-18T00:00:00Z/11"
44697,1442,set_statement,Done,,,Q113307446,"Q113307446|P921|Q140790737|S248|Q50817797|S854|""https://joss.theoj.org/papers/10.21105/joss.02521.json""|S813|+2026-06-18T00:00:00Z/11"
44697,1443,set_statement,Done,,,Q113307385,"Q113307385|P921|Q140786295|S248|Q50817797|S854|""https://joss.theoj.org/papers/10.21105/joss.02695.json""|S813|+2026-06-18T00:00:00Z/11"
44697,1444,set_statement,Done,,,Q113227710,"Q113227710|P921|Q140786297|S248|Q50817797|S854|""https://joss.theoj.org/papers/10.21105/joss.02798.json""|S813|+2026-06-18T00:00:00Z/11"
44697,1445,set_statement,Done,,,Q57088988,"Q57088988|P921|Q140786298|S248|Q50817797|S854|""https://joss.theoj.org/papers/10.21105/joss.00382.json""|S813|+2026-06-18T00:00:00Z/11"
44697,1446,set_statement,Done,,,Q113307564,"Q113307564|P921|Q140786299|S248|Q50817797|S854|""https://joss.theoj.org/papers/10.21105/joss.02287.json""|S813|+2026-06-18T00:00:00Z/11"
44697,1447,set_statement,Done,,,Q113307201,"Q113307201|P921|Q140786300|S248|Q50817797|S854|""https://joss.theoj.org/papers/10.21105/joss.03452.json""|S813|+2026-06-18T00:00:00Z/11"
44697,1448,set_statement,Done,,,Q113307812,"Q113307812|P921|Q140786301|S248|Q50817797|S854|""https://joss.theoj.org/papers/10.21105/joss.01493.json""|S813|+2026-06-18T00:00:00Z/11"
44697,1449,set_statement,Done,,,Q58468584,"Q58468584|P921|Q140786302|S248|Q50817797|S854|""https://joss.theoj.org/papers/10.21105/joss.00017.json""|S813|+2026-06-18T00:00:00Z/11"
44697,1450,set_statement,Done,,,Q113307429,"Q113307429|P921|Q140786303|S248|Q50817797|S854|""https://joss.theoj.org/papers/10.21105/joss.02583.json""|S813|+2026-06-18T00:00:00Z/11"
44697,1451,set_statement,Done,,,Q60557594,"Q60557594|P921|Q140786304|S248|Q50817797|S854|""https://joss.theoj.org/papers/10.21105/joss.00029.json""|S813|+2026-06-18T00:00:00Z/11"
44697,1452,set_statement,Done,,,Q111899809,"Q111899809|P921|Q140786305|S248|Q50817797|S854|""https://joss.theoj.org/papers/10.21105/joss.03679.json""|S813|+2026-06-18T00:00:00Z/11"
44697,1453,set_statement,Done,,,Q113307261,"Q113307261|P921|Q140786306|S248|Q50817797|S854|""https://joss.theoj.org/papers/10.21105/joss.03211.json""|S813|+2026-06-18T00:00:00Z/11"
44697,1454,set_statement,Done,,,Q113307057,"Q113307057|P921|Q140786307|S248|Q50817797|S854|""https://joss.theoj.org/papers/10.21105/joss.03668.json""|S813|+2026-06-18T00:00:00Z/11"
44697,1455,set_statement,Done,,,Q114365975,"Q114365975|P921|Q140786314|S248|Q50817797|S854|""https://joss.theoj.org/papers/10.21105/joss.04740.json""|S813|+2026-06-18T00:00:00Z/11"
44697,1456,set_statement,Done,,,Q135392214,"Q135392214|P921|Q140786315|S248|Q50817797|S854|""https://joss.theoj.org/papers/10.21105/joss.05293.json""|S813|+2026-06-18T00:00:00Z/11"
44697,1457,set_statement,Done,,,Q137243404,"Q137243404|P921|Q140786317|S248|Q50817797|S854|""https://joss.theoj.org/papers/10.21105/joss.05143.json""|S813|+2026-06-18T00:00:00Z/11"
44697,1458,set_statement,Done,,,Q137103549,"Q137103549|P921|Q140786321|S248|Q50817797|S854|""https://joss.theoj.org/papers/10.21105/joss.06645.json""|S813|+2026-06-18T00:00:00Z/11"
44697,1459,set_statement,Done,,,Q137179906,"Q137179906|P921|Q140786327|S248|Q50817797|S854|""https://joss.theoj.org/papers/10.21105/joss.04181.json""|S813|+2026-06-18T00:00:00Z/11"
44697,1460,set_statement,Done,,,Q54364388,"Q54364388|P921|Q140786330|S248|Q50817797|S854|""https://joss.theoj.org/papers/10.21105/joss.00231.json""|S813|+2026-06-18T00:00:00Z/11"
44697,1461,set_statement,Done,,,Q113227870,"Q113227870|P921|Q140786331|S248|Q50817797|S854|""https://joss.theoj.org/papers/10.21105/joss.01591.json""|S813|+2026-06-18T00:00:00Z/11"
44697,1462,set_statement,Done,,,Q113307616,"Q113307616|P921|Q140786334|S248|Q50817797|S854|""https://joss.theoj.org/papers/10.21105/joss.02106.json""|S813|+2026-06-18T00:00:00Z/11"
44697,1463,set_statement,Done,,,Q113307309,"Q113307309|P921|Q140786338|S248|Q50817797|S854|""https://joss.theoj.org/papers/10.21105/joss.03040.json""|S813|+2026-06-18T00:00:00Z/11"
44697,1464,set_statement,Done,,,Q113307487,"Q113307487|P921|Q140786341|S248|Q50817797|S854|""https://joss.theoj.org/papers/10.21105/joss.02444.json""|S813|+2026-06-18T00:00:00Z/11"
44697,1465,set_statement,Done,,,Q114954999,"Q114954999|P921|Q140786344|S248|Q50817797|S854|""https://joss.theoj.org/papers/10.21105/joss.04722.json""|S813|+2026-06-18T00:00:00Z/11"
44697,1466,set_statement,Done,,,Q113227959,"Q113227959|P921|Q140786345|S248|Q50817797|S854|""https://joss.theoj.org/papers/10.21105/joss.00809.json""|S813|+2026-06-18T00:00:00Z/11"
44697,1467,set_statement,Done,,,Q111899194,"Q111899194|P921|Q140786348|S248|Q50817797|S854|""https://joss.theoj.org/papers/10.21105/joss.02948.json""|S813|+2026-06-18T00:00:00Z/11"
44697,1468,set_statement,Done,,,Q113227655,"Q113227655|P921|Q140786349|S248|Q50817797|S854|""https://joss.theoj.org/papers/10.21105/joss.03323.json""|S813|+2026-06-18T00:00:00Z/11"
44697,1469,set_statement,Done,,,Q113307338,"Q113307338|P921|Q140786351|S248|Q50817797|S854|""https://joss.theoj.org/papers/10.21105/joss.02891.json""|S813|+2026-06-18T00:00:00Z/11"
44697,1470,set_statement,Done,,,Q111898651,"Q111898651|P921|Q140786357|S248|Q50817797|S854|""https://joss.theoj.org/papers/10.21105/joss.02969.json""|S813|+2026-06-18T00:00:00Z/11"
44697,1471,set_statement,Done,,,Q113308271,"Q113308271|P921|Q140786358|S248|Q50817797|S854|""https://joss.theoj.org/papers/10.21105/joss.00224.json""|S813|+2026-06-18T00:00:00Z/11"
44697,1472,set_statement,Done,,,Q113307590,"Q113307590|P921|Q140786360|S248|Q50817797|S854|""https://joss.theoj.org/papers/10.21105/joss.02181.json""|S813|+2026-06-18T00:00:00Z/11"
44697,1473,set_statement,Done,,,Q137206646,"Q137206646|P921|Q140786362|S248|Q50817797|S854|""https://joss.theoj.org/papers/10.21105/joss.05124.json""|S813|+2026-06-18T00:00:00Z/11"
44697,1474,set_statement,Done,,,Q113308101,"Q113308101|P921|Q140786365|S248|Q50817797|S854|""https://joss.theoj.org/papers/10.21105/joss.00790.json""|S813|+2026-06-18T00:00:00Z/11"
44697,1475,set_statement,Done,,,Q57577172,"Q57577172|P921|Q140786369|S248|Q50817797|S854|""https://joss.theoj.org/papers/10.21105/joss.00656.json""|S813|+2026-06-18T00:00:00Z/11"
44697,1476,set_statement,Done,,,Q113727654,"Q113727654|P921|Q140786371|S248|Q50817797|S854|""https://joss.theoj.org/papers/10.21105/joss.04565.json""|S813|+2026-06-18T00:00:00Z/11"
44697,1477,set_statement,Done,,,Q113307149,"Q113307149|P921|Q140786372|S248|Q50817797|S854|""https://joss.theoj.org/papers/10.21105/joss.03594.json""|S813|+2026-06-18T00:00:00Z/11"
44697,1478,set_statement,Done,,,Q113227874,"Q113227874|P921|Q140786373|S248|Q50817797|S854|""https://joss.theoj.org/papers/10.21105/joss.01544.json""|S813|+2026-06-18T00:00:00Z/11"
44697,1479,set_statement,Done,,,Q113308300,"Q113308300|P921|Q140786375|S248|Q50817797|S854|""https://joss.theoj.org/papers/10.21105/joss.00151.json""|S813|+2026-06-18T00:00:00Z/11"
44697,1480,set_statement,Done,,,Q113307192,"Q113307192|P921|Q140786378|S248|Q50817797|S854|""https://joss.theoj.org/papers/10.21105/joss.03471.json""|S813|+2026-06-18T00:00:00Z/11"
44697,1481,set_statement,Done,,,Q113307598,"Q113307598|P921|Q140786382|S248|Q50817797|S854|""https://joss.theoj.org/papers/10.21105/joss.02165.json""|S813|+2026-06-18T00:00:00Z/11"
44697,1482,set_statement,Done,,,Q113227623,"Q113227623|P921|Q140786384|S248|Q50817797|S854|""https://joss.theoj.org/papers/10.21105/joss.03675.json""|S813|+2026-06-18T00:00:00Z/11"
44697,1483,set_statement,Done,,,Q113307749,"Q113307749|P921|Q140786385|S248|Q50817797|S854|""https://joss.theoj.org/papers/10.21105/joss.01705.json""|S813|+2026-06-18T00:00:00Z/11"
44697,1484,set_statement,Done,,,Q113307343,"Q113307343|P921|Q140786389|S248|Q50817797|S854|""https://joss.theoj.org/papers/10.21105/joss.02868.json""|S813|+2026-06-18T00:00:00Z/11"
44697,1485,set_statement,Done,,,Q99585113,"Q99585113|P921|Q140786392|S248|Q50817797|S854|""https://joss.theoj.org/papers/10.21105/joss.02061.json""|S813|+2026-06-18T00:00:00Z/11"
44697,1486,set_statement,Done,,,Q113308035,"Q113308035|P921|Q140786395|S248|Q50817797|S854|""https://joss.theoj.org/papers/10.21105/joss.01012.json""|S813|+2026-06-18T00:00:00Z/11"
44697,1487,set_statement,Done,,,Q113307630,"Q113307630|P921|Q140786401|S248|Q50817797|S854|""https://joss.theoj.org/papers/10.21105/joss.02071.json""|S813|+2026-06-18T00:00:00Z/11"
44697,1488,set_statement,Done,,,Q110512121,"Q110512121|P921|Q140786402|S248|Q50817797|S854|""https://joss.theoj.org/papers/10.21105/joss.02582.json""|S813|+2026-06-18T00:00:00Z/11"
44697,1489,set_statement,Done,,,Q107337645,"Q107337645|P921|Q95716584|S248|Q50817797|S854|""https://joss.theoj.org/papers/10.21105/joss.03021.json""|S813|+2026-06-18T00:00:00Z/11"
44697,1490,set_statement,Done,,,Q113307661,"Q113307661|P921|Q140786403|S248|Q50817797|S854|""https://joss.theoj.org/papers/10.21105/joss.01992.json""|S813|+2026-06-18T00:00:00Z/11"
44697,1491,set_statement,Done,,,Q113308244,"Q113308244|P921|Q140786404|S248|Q50817797|S854|""https://joss.theoj.org/papers/10.21105/joss.00351.json""|S813|+2026-06-18T00:00:00Z/11"
44697,1492,set_statement,Done,,,Q113308240,"Q113308240|P921|Q140786405|S248|Q50817797|S854|""https://joss.theoj.org/papers/10.21105/joss.00363.json""|S813|+2026-06-18T00:00:00Z/11"
44697,1493,set_statement,Done,,,Q113308163,"Q113308163|P921|Q140786406|S248|Q50817797|S854|""https://joss.theoj.org/papers/10.21105/joss.00616.json""|S813|+2026-06-18T00:00:00Z/11"
44697,1494,set_statement,Done,,,Q113227656,"Q113227656|P921|Q140786407|S248|Q50817797|S854|""https://joss.theoj.org/papers/10.21105/joss.03322.json""|S813|+2026-06-18T00:00:00Z/11"
44697,1495,set_statement,Done,,,Q113227939,"Q113227939|P921|Q140786408|S248|Q50817797|S854|""https://joss.theoj.org/papers/10.21105/joss.01006.json""|S813|+2026-06-18T00:00:00Z/11"
44697,1496,set_statement,Done,,,Q113307887,"Q113307887|P921|Q140786409|S248|Q50817797|S854|""https://joss.theoj.org/papers/10.21105/joss.01287.json""|S813|+2026-06-18T00:00:00Z/11"
44697,1497,set_statement,Done,,,Q113308012,"Q113308012|P921|Q140786410|S248|Q50817797|S854|""https://joss.theoj.org/papers/10.21105/joss.01044.json""|S813|+2026-06-18T00:00:00Z/11"
44697,1498,set_statement,Done,,,Q113307868,"Q113307868|P921|Q140786411|S248|Q50817797|S854|""https://joss.theoj.org/papers/10.21105/joss.01344.json""|S813|+2026-06-18T00:00:00Z/11"
44697,1499,set_statement,Done,,,Q113307797,"Q113307797|P921|Q140786412|S248|Q50817797|S854|""https://joss.theoj.org/papers/10.21105/joss.01545.json""|S813|+2026-06-18T00:00:00Z/11"
44697,1500,set_statement,Done,,,Q113307831,"Q113307831|P921|Q140786413|S248|Q50817797|S854|""https://joss.theoj.org/papers/10.21105/joss.01453.json""|S813|+2026-06-18T00:00:00Z/11"
44697,1501,set_statement,Done,,,Q113307690,"Q113307690|P921|Q140786414|S248|Q50817797|S854|""https://joss.theoj.org/papers/10.21105/joss.01882.json""|S813|+2026-06-18T00:00:00Z/11"
44697,1502,set_statement,Done,,,Q113307688,"Q113307688|P921|Q140786415|S248|Q50817797|S854|""https://joss.theoj.org/papers/10.21105/joss.01889.json""|S813|+2026-06-18T00:00:00Z/11"
44697,1503,set_statement,Done,,,Q113227800,"Q113227800|P921|Q140786419|S248|Q50817797|S854|""https://joss.theoj.org/papers/10.21105/joss.02048.json""|S813|+2026-06-18T00:00:00Z/11"
44697,1504,set_statement,Done,,,Q113307830,"Q113307830|P921|Q140786420|S248|Q50817797|S854|""https://joss.theoj.org/papers/10.21105/joss.01458.json""|S813|+2026-06-18T00:00:00Z/11"
44697,1505,set_statement,Done,,,Q57725021,"Q57725021|P921|Q140786430|S248|Q50817797|S854|""https://joss.theoj.org/papers/10.21105/joss.00052.json""|S813|+2026-06-18T00:00:00Z/11"
44697,1506,set_statement,Done,,,Q113307458,"Q113307458|P921|Q140786442|S248|Q50817797|S854|""https://joss.theoj.org/papers/10.21105/joss.02507.json""|S813|+2026-06-18T00:00:00Z/11"
44697,1507,set_statement,Done,,,Q113227741,"Q113227741|P921|Q140786447|S248|Q50817797|S854|""https://joss.theoj.org/papers/10.21105/joss.02527.json""|S813|+2026-06-18T00:00:00Z/11"
44697,1508,set_statement,Done,,,Q113307695,"Q113307695|P921|Q140786449|S248|Q50817797|S854|""https://joss.theoj.org/papers/10.21105/joss.01863.json""|S813|+2026-06-18T00:00:00Z/11"
44697,1509,set_statement,Done,,,Q111514878,"Q111514878|P921|Q140786450|S248|Q50817797|S854|""https://joss.theoj.org/papers/10.21105/joss.03414.json""|S813|+2026-06-18T00:00:00Z/11"
44697,1510,set_statement,Done,,,Q113227649,"Q113227649|P921|Q140786451|S248|Q50817797|S854|""https://joss.theoj.org/papers/10.21105/joss.03394.json""|S813|+2026-06-18T00:00:00Z/11"
44697,1511,set_statement,Done,,,Q113227745,"Q113227745|P921|Q120550433|S248|Q50817797|S854|""https://joss.theoj.org/papers/10.21105/joss.02481.json""|S813|+2026-06-18T00:00:00Z/11"
44697,1512,set_statement,Done,,,Q140510873,"Q140510873|P921|Q140786452|S248|Q50817797|S854|""https://joss.theoj.org/papers/10.21105/joss.09570.json""|S813|+2026-06-18T00:00:00Z/11"
44697,1513,set_statement,Done,,,Q113307314,"Q113307314|P921|Q140786453|S248|Q50817797|S854|""https://joss.theoj.org/papers/10.21105/joss.03020.json""|S813|+2026-06-18T00:00:00Z/11"
44697,1514,set_statement,Done,,,Q113227773,"Q113227773|P921|Q140786456|S248|Q50817797|S854|""https://joss.theoj.org/papers/10.21105/joss.02315.json""|S813|+2026-06-18T00:00:00Z/11"
44697,1515,set_statement,Done,,,Q113227730,"Q113227730|P921|Q140786458|S248|Q50817797|S854|""https://joss.theoj.org/papers/10.21105/joss.02594.json""|S813|+2026-06-18T00:00:00Z/11"
44697,1516,set_statement,Done,,,Q111900210,"Q111900210|P921|Q140786466|S248|Q50817797|S854|""https://joss.theoj.org/papers/10.21105/joss.03607.json""|S813|+2026-06-18T00:00:00Z/11"
44697,1517,set_statement,Done,,,Q113307957,"Q113307957|P921|Q140786467|S248|Q50817797|S854|""https://joss.theoj.org/papers/10.21105/joss.01157.json""|S813|+2026-06-18T00:00:00Z/11"
44697,1518,set_statement,Done,,,Q113307403,"Q113307403|P921|Q140786469|S248|Q50817797|S854|""https://joss.theoj.org/papers/10.21105/joss.02668.json""|S813|+2026-06-18T00:00:00Z/11"
44697,1519,set_statement,Done,,,Q111899519,"Q111899519|P921|Q140786472|S248|Q50817797|S854|""https://joss.theoj.org/papers/10.21105/joss.03895.json""|S813|+2026-06-18T00:00:00Z/11"
44697,1520,set_statement,Done,,,Q61847868,"Q61847868|P921|Q140786474|S248|Q50817797|S854|""https://joss.theoj.org/papers/10.21105/joss.00305.json""|S813|+2026-06-18T00:00:00Z/11"
44697,1521,set_statement,Done,,,Q92426411,"Q92426411|P921|Q140786475|S248|Q50817797|S854|""https://joss.theoj.org/papers/10.21105/joss.01742.json""|S813|+2026-06-18T00:00:00Z/11"
44697,1522,set_statement,Done,,,Q113227825,"Q113227825|P921|Q107387230|S248|Q50817797|S854|""https://joss.theoj.org/papers/10.21105/joss.01864.json""|S813|+2026-06-18T00:00:00Z/11"
44697,1523,set_statement,Done,,,Q60544720,"Q60544720|P921|Q140786476|S248|Q50817797|S854|""https://joss.theoj.org/papers/10.21105/joss.00036.json""|S813|+2026-06-18T00:00:00Z/11"
44697,1524,set_statement,Done,,,Q113227763,"Q113227763|P921|Q140786477|S248|Q50817797|S854|""https://joss.theoj.org/papers/10.21105/joss.02369.json""|S813|+2026-06-18T00:00:00Z/11"
44697,1525,set_statement,Done,,,Q113306881,"Q113306881|P921|Q140786479|S248|Q50817797|S854|""https://joss.theoj.org/papers/10.21105/joss.03898.json""|S813|+2026-06-18T00:00:00Z/11"
44697,1526,set_statement,Done,,,Q113307322,"Q113307322|P921|Q140786488|S248|Q50817797|S854|""https://joss.theoj.org/papers/10.21105/joss.02991.json""|S813|+2026-06-18T00:00:00Z/11"
44697,1527,set_statement,Done,,,Q58212074,"Q58212074|P921|Q140786489|S248|Q50817797|S854|""https://joss.theoj.org/papers/10.21105/joss.00506.json""|S813|+2026-06-18T00:00:00Z/11"
44697,1528,set_statement,Done,,,Q113307934,"Q113307934|P921|Q140786490|S248|Q50817797|S854|""https://joss.theoj.org/papers/10.21105/joss.01193.json""|S813|+2026-06-18T00:00:00Z/11"
44697,1529,set_statement,Done,,,Q113308038,"Q113308038|P921|Q140786491|S248|Q50817797|S854|""https://joss.theoj.org/papers/10.21105/joss.01005.json""|S813|+2026-06-18T00:00:00Z/11"
44697,1530,set_statement,Done,,,Q113307425,"Q113307425|P921|Q140786492|S248|Q50817797|S854|""https://joss.theoj.org/papers/10.21105/joss.02599.json""|S813|+2026-06-18T00:00:00Z/11"
44697,1531,set_statement,Done,,,Q113308246,"Q113308246|P921|Q140786493|S248|Q50817797|S854|""https://joss.theoj.org/papers/10.21105/joss.00340.json""|S813|+2026-06-18T00:00:00Z/11"
44697,1532,set_statement,Done,,,Q113308217,"Q113308217|P921|Q140786494|S248|Q50817797|S854|""https://joss.theoj.org/papers/10.21105/joss.00437.json""|S813|+2026-06-18T00:00:00Z/11"
44697,1533,set_statement,Done,,,Q113307363,"Q113307363|P921|Q140786495|S248|Q50817797|S854|""https://joss.theoj.org/papers/10.21105/joss.02812.json""|S813|+2026-06-18T00:00:00Z/11"
44697,1534,set_statement,Done,,,Q61833852,"Q61833852|P921|Q140786496|S248|Q50817797|S854|""https://joss.theoj.org/papers/10.21105/joss.00408.json""|S813|+2026-06-18T00:00:00Z/11"
44697,1535,set_statement,Done,,,Q113307348,"Q113307348|P921|Q140786497|S248|Q50817797|S854|""https://joss.theoj.org/papers/10.21105/joss.02849.json""|S813|+2026-06-18T00:00:00Z/11"
44697,1536,set_statement,Done,,,Q113307252,"Q113307252|P921|Q140786498|S248|Q50817797|S854|""https://joss.theoj.org/papers/10.21105/joss.03249.json""|S813|+2026-06-18T00:00:00Z/11"
44697,1537,set_statement,Done,,,Q113308143,"Q113308143|P921|Q140786499|S248|Q50817797|S854|""https://joss.theoj.org/papers/10.21105/joss.00660.json""|S813|+2026-06-18T00:00:00Z/11"
44697,1538,set_statement,Done,,,Q113307232,"Q113307232|P921|Q140786500|S248|Q50817797|S854|""https://joss.theoj.org/papers/10.21105/joss.03348.json""|S813|+2026-06-18T00:00:00Z/11"
44697,1539,set_statement,Done,,,Q113308068,"Q113308068|P921|Q140786501|S248|Q50817797|S854|""https://joss.theoj.org/papers/10.21105/joss.00892.json""|S813|+2026-06-18T00:00:00Z/11"
44697,1540,set_statement,Done,,,Q113307247,"Q113307247|P921|Q140786502|S248|Q50817797|S854|""https://joss.theoj.org/papers/10.21105/joss.03274.json""|S813|+2026-06-18T00:00:00Z/11"
44697,1541,set_statement,Done,,,Q111898894,"Q111898894|P921|Q140786503|S248|Q50817797|S854|""https://joss.theoj.org/papers/10.21105/joss.03659.json""|S813|+2026-06-18T00:00:00Z/11"
44697,1542,set_statement,Done,,,Q111897953,"Q111897953|P921|Q140786504|S248|Q50817797|S854|""https://joss.theoj.org/papers/10.21105/joss.03719.json""|S813|+2026-06-18T00:00:00Z/11"
44697,1543,set_statement,Done,,,Q113307241,"Q113307241|P921|Q140786505|S248|Q50817797|S854|""https://joss.theoj.org/papers/10.21105/joss.03308.json""|S813|+2026-06-18T00:00:00Z/11"
44697,1544,set_statement,Done,,,Q113307845,"Q113307845|P921|Q140786511|S248|Q50817797|S854|""https://joss.theoj.org/papers/10.21105/joss.01427.json""|S813|+2026-06-18T00:00:00Z/11"
44697,1545,set_statement,Done,,,Q113307810,"Q113307810|P921|Q140786513|S248|Q50817797|S854|""https://joss.theoj.org/papers/10.21105/joss.01494.json""|S813|+2026-06-18T00:00:00Z/11"
44697,1546,set_statement,Done,,,Q117519170,"Q117519170|P921|Q140786515|S248|Q50817797|S854|""https://joss.theoj.org/papers/10.21105/joss.04799.json""|S813|+2026-06-18T00:00:00Z/11"
44697,1547,set_statement,Done,,,Q111900390,"Q111900390|P921|Q140786519|S248|Q50817797|S854|""https://joss.theoj.org/papers/10.21105/joss.03282.json""|S813|+2026-06-18T00:00:00Z/11"
44697,1548,set_statement,Done,,,Q113227747,"Q113227747|P921|Q140786521|S248|Q50817797|S854|""https://joss.theoj.org/papers/10.21105/joss.02450.json""|S813|+2026-06-18T00:00:00Z/11"
44697,1549,set_statement,Done,,,Q113227973,"Q113227973|P921|Q140786524|S248|Q50817797|S854|""https://joss.theoj.org/papers/10.21105/joss.00630.json""|S813|+2026-06-18T00:00:00Z/11"
44697,1550,set_statement,Done,,,Q113307716,"Q113307716|P921|Q140786526|S248|Q50817797|S854|""https://joss.theoj.org/papers/10.21105/joss.01815.json""|S813|+2026-06-18T00:00:00Z/11"
44697,1551,set_statement,Done,,,Q113308329,"Q113308329|P921|Q1170170|S248|Q50817797|S854|""https://joss.theoj.org/papers/10.21105/joss.00044.json""|S813|+2026-06-18T00:00:00Z/11"
44697,1552,set_statement,Done,,,Q113308279,"Q113308279|P921|Q140786548|S248|Q50817797|S854|""https://joss.theoj.org/papers/10.21105/joss.00208.json""|S813|+2026-06-18T00:00:00Z/11"
44697,1553,set_statement,Done,,,Q61538288,"Q61538288|P921|Q140786549|S248|Q50817797|S854|""https://joss.theoj.org/papers/10.21105/joss.00775.json""|S813|+2026-06-18T00:00:00Z/11"
44697,1554,set_statement,Done,,,Q113307344,"Q113307344|P921|Q140786554|S248|Q50817797|S854|""https://joss.theoj.org/papers/10.21105/joss.02866.json""|S813|+2026-06-18T00:00:00Z/11"
44697,1555,set_statement,Done,,,Q140738617,"Q140738617|P921|Q140786556|S248|Q50817797|S854|""https://joss.theoj.org/papers/10.21105/joss.08697.json""|S813|+2026-06-18T00:00:00Z/11"
44697,1556,set_statement,Done,,,Q113227762,"Q113227762|P921|Q140786557|S248|Q50817797|S854|""https://joss.theoj.org/papers/10.21105/joss.02381.json""|S813|+2026-06-18T00:00:00Z/11"
44697,1557,set_statement,Done,,,Q128157117,"Q128157117|P921|Q140786558|S248|Q50817797|S854|""https://joss.theoj.org/papers/10.21105/joss.06129.json""|S813|+2026-06-18T00:00:00Z/11"
44697,1558,set_statement,Done,,,Q113307253,"Q113307253|P921|Q140786561|S248|Q50817797|S854|""https://joss.theoj.org/papers/10.21105/joss.03238.json""|S813|+2026-06-18T00:00:00Z/11"
44697,1559,set_statement,Done,,,Q111899513,"Q111899513|P921|Q140786563|S248|Q50817797|S854|""https://joss.theoj.org/papers/10.21105/joss.02940.json""|S813|+2026-06-18T00:00:00Z/11"
44697,1560,set_statement,Done,,,Q113307273,"Q113307273|P921|Q140786566|S248|Q50817797|S854|""https://joss.theoj.org/papers/10.21105/joss.03156.json""|S813|+2026-06-18T00:00:00Z/11"
44697,1561,set_statement,Done,,,Q113227852,"Q113227852|P921|Q140786568|S248|Q50817797|S854|""https://joss.theoj.org/papers/10.21105/joss.01721.json""|S813|+2026-06-18T00:00:00Z/11"
44697,1562,set_statement,Done,,,Q113307328,"Q113307328|P921|Q140786569|S248|Q50817797|S854|""https://joss.theoj.org/papers/10.21105/joss.02970.json""|S813|+2026-06-18T00:00:00Z/11"
44697,1563,set_statement,Done,,,Q113307004,"Q113307004|P921|Q140786571|S248|Q50817797|S854|""https://joss.theoj.org/papers/10.21105/joss.03814.json""|S813|+2026-06-18T00:00:00Z/11"
44697,1564,set_statement,Done,,,Q113227599,"Q113227599|P921|Q140786573|S248|Q50817797|S854|""https://joss.theoj.org/papers/10.21105/joss.03915.json""|S813|+2026-06-18T00:00:00Z/11"
44697,1565,set_statement,Done,,,Q113227912,"Q113227912|P921|Q140786574|S248|Q50817797|S854|""https://joss.theoj.org/papers/10.21105/joss.01220.json""|S813|+2026-06-18T00:00:00Z/11"
44697,1566,set_statement,Done,,,Q112847920,"Q112847920|P921|Q140786577|S248|Q50817797|S854|""https://joss.theoj.org/papers/10.21105/joss.00511.json""|S813|+2026-06-18T00:00:00Z/11"
44697,1567,set_statement,Done,,,Q113308118,"Q113308118|P921|Q140786579|S248|Q50817797|S854|""https://joss.theoj.org/papers/10.21105/joss.00737.json""|S813|+2026-06-18T00:00:00Z/11"
44697,1568,set_statement,Done,,,Q56042026,"Q56042026|P921|Q140786580|S248|Q50817797|S854|""https://joss.theoj.org/papers/10.21105/joss.00265.json""|S813|+2026-06-18T00:00:00Z/11"
44697,1569,set_statement,Done,,,Q107289901,"Q107289901|P921|Q140786584|S248|Q50817797|S854|""https://joss.theoj.org/papers/10.21105/joss.02314.json""|S813|+2026-06-18T00:00:00Z/11"
44697,1570,set_statement,Done,,,Q111899632,"Q111899632|P921|Q140786585|S248|Q50817797|S854|""https://joss.theoj.org/papers/10.21105/joss.00230.json""|S813|+2026-06-18T00:00:00Z/11"
44697,1571,set_statement,Done,,,Q113227626,"Q113227626|P921|Q140786586|S248|Q50817797|S854|""https://joss.theoj.org/papers/10.21105/joss.03658.json""|S813|+2026-06-18T00:00:00Z/11"
44697,1572,set_statement,Done,,,Q113307916,"Q113307916|P921|Q140786592|S248|Q50817797|S854|""https://joss.theoj.org/papers/10.21105/joss.01236.json""|S813|+2026-06-18T00:00:00Z/11"
44697,1573,set_statement,Done,,,Q113307881,"Q113307881|P921|Q140786597|S248|Q50817797|S854|""https://joss.theoj.org/papers/10.21105/joss.01313.json""|S813|+2026-06-18T00:00:00Z/11"
44697,1574,set_statement,Done,,,Q111899373,"Q111899373|P921|Q140786598|S248|Q50817797|S854|""https://joss.theoj.org/papers/10.21105/joss.02676.json""|S813|+2026-06-18T00:00:00Z/11"
44697,1575,set_statement,Done,,,Q113227957,"Q113227957|P921|Q140786599|S248|Q50817797|S854|""https://joss.theoj.org/papers/10.21105/joss.00820.json""|S813|+2026-06-18T00:00:00Z/11"
44697,1576,set_statement,Done,,,Q113308215,"Q113308215|P921|Q140786600|S248|Q50817797|S854|""https://joss.theoj.org/papers/10.21105/joss.00445.json""|S813|+2026-06-18T00:00:00Z/11"
44697,1577,set_statement,Done,,,Q113307974,"Q113307974|P921|Q140786601|S248|Q50817797|S854|""https://joss.theoj.org/papers/10.21105/joss.01119.json""|S813|+2026-06-18T00:00:00Z/11"
44697,1578,set_statement,Done,,,Q113307802,"Q113307802|P921|Q140786604|S248|Q50817797|S854|""https://joss.theoj.org/papers/10.21105/joss.01531.json""|S813|+2026-06-18T00:00:00Z/11"
44697,1579,set_statement,Done,,,Q113308307,"Q113308307|P921|Q140786607|S248|Q50817797|S854|""https://joss.theoj.org/papers/10.21105/joss.00119.json""|S813|+2026-06-18T00:00:00Z/11"
44697,1580,set_statement,Done,,,Q113307364,"Q113307364|P921|Q140786608|S248|Q50817797|S854|""https://joss.theoj.org/papers/10.21105/joss.02810.json""|S813|+2026-06-18T00:00:00Z/11"
44697,1581,set_statement,Done,,,Q113227651,"Q113227651|P921|Q140786609|S248|Q50817797|S854|""https://joss.theoj.org/papers/10.21105/joss.03351.json""|S813|+2026-06-18T00:00:00Z/11"
44697,1582,set_statement,Done,,,Q113307229,"Q113307229|P921|Q140786610|S248|Q50817797|S854|""https://joss.theoj.org/papers/10.21105/joss.03374.json""|S813|+2026-06-18T00:00:00Z/11"
44697,1583,set_statement,Done,,,Q63951605,"Q63951605|P921|Q140786612|S248|Q50817797|S854|""https://joss.theoj.org/papers/10.21105/joss.00248.json""|S813|+2026-06-18T00:00:00Z/11"
44697,1584,set_statement,Done,,,Q113308046,"Q113308046|P921|Q140786623|S248|Q50817797|S854|""https://joss.theoj.org/papers/10.21105/joss.00965.json""|S813|+2026-06-18T00:00:00Z/11"
44697,1585,set_statement,Done,,,Q113227884,"Q113227884|P921|Q140786625|S248|Q50817797|S854|""https://joss.theoj.org/papers/10.21105/joss.01425.json""|S813|+2026-06-18T00:00:00Z/11"
44697,1586,set_statement,Done,,,Q113227695,"Q113227695|P921|Q140786628|S248|Q50817797|S854|""https://joss.theoj.org/papers/10.21105/joss.02871.json""|S813|+2026-06-18T00:00:00Z/11"
44697,1587,set_statement,Done,,,Q113307512,"Q113307512|P921|Q140786630|S248|Q50817797|S854|""https://joss.theoj.org/papers/10.21105/joss.02410.json""|S813|+2026-06-18T00:00:00Z/11"
44697,1588,set_statement,Done,,,Q113307440,"Q113307440|P921|Q140786633|S248|Q50817797|S854|""https://joss.theoj.org/papers/10.21105/joss.02538.json""|S813|+2026-06-18T00:00:00Z/11"
44697,1589,set_statement,Done,,,Q110512114,"Q110512114|P921|Q140786634|S248|Q50817797|S854|""https://joss.theoj.org/papers/10.21105/joss.02083.json""|S813|+2026-06-18T00:00:00Z/11"
44697,1590,set_statement,Done,,,Q113227895,"Q113227895|P921|Q140786638|S248|Q50817797|S854|""https://joss.theoj.org/papers/10.21105/joss.01351.json""|S813|+2026-06-18T00:00:00Z/11"
44697,1591,set_statement,Done,,,Q113227665,"Q113227665|P921|Q140786642|S248|Q50817797|S854|""https://joss.theoj.org/papers/10.21105/joss.03221.json""|S813|+2026-06-18T00:00:00Z/11"
44697,1592,set_statement,Done,,,Q113307795,"Q113307795|P921|Q140786646|S248|Q50817797|S854|""https://joss.theoj.org/papers/10.21105/joss.01566.json""|S813|+2026-06-18T00:00:00Z/11"
44697,1593,set_statement,Done,,,Q113227886,"Q113227886|P921|Q140786647|S248|Q50817797|S854|""https://joss.theoj.org/papers/10.21105/joss.01399.json""|S813|+2026-06-18T00:00:00Z/11"
44697,1594,set_statement,Done,,,Q113227854,"Q113227854|P921|Q140786651|S248|Q50817797|S854|""https://joss.theoj.org/papers/10.21105/joss.01704.json""|S813|+2026-06-18T00:00:00Z/11"
44697,1595,set_statement,Done,,,Q113227961,"Q113227961|P921|Q140786654|S248|Q50817797|S854|""https://joss.theoj.org/papers/10.21105/joss.00781.json""|S813|+2026-06-18T00:00:00Z/11"
44697,1596,set_statement,Done,,,Q113307183,"Q113307183|P921|Q140786656|S248|Q50817797|S854|""https://joss.theoj.org/papers/10.21105/joss.03504.json""|S813|+2026-06-18T00:00:00Z/11"
44697,1597,set_statement,Done,,,Q113307041,"Q113307041|P921|Q140786662|S248|Q50817797|S854|""https://joss.theoj.org/papers/10.21105/joss.03708.json""|S813|+2026-06-18T00:00:00Z/11"
44697,1598,set_statement,Done,,,Q133502921,"Q133502921|P921|Q140786664|S248|Q50817797|S854|""https://joss.theoj.org/papers/10.21105/joss.07288.json""|S813|+2026-06-18T00:00:00Z/11"
44697,1599,set_statement,Done,,,Q113227860,"Q113227860|P921|Q140786665|S248|Q50817797|S854|""https://joss.theoj.org/papers/10.21105/joss.01655.json""|S813|+2026-06-18T00:00:00Z/11"
44697,1600,set_statement,Done,,,Q113227971,"Q113227971|P921|Q140786666|S248|Q50817797|S854|""https://joss.theoj.org/papers/10.21105/joss.00659.json""|S813|+2026-06-18T00:00:00Z/11"
44697,1601,set_statement,Done,,,Q113308324,"Q113308324|P921|Q140786676|S248|Q50817797|S854|""https://joss.theoj.org/papers/10.21105/joss.00055.json""|S813|+2026-06-18T00:00:00Z/11"
44697,1602,set_statement,Done,,,Q113308013,"Q113308013|P921|Q140786679|S248|Q50817797|S854|""https://joss.theoj.org/papers/10.21105/joss.01043.json""|S813|+2026-06-18T00:00:00Z/11"
44697,1603,set_statement,Done,,,Q113227831,"Q113227831|P921|Q140786680|S248|Q50817797|S854|""https://joss.theoj.org/papers/10.21105/joss.01831.json""|S813|+2026-06-18T00:00:00Z/11"
44697,1604,set_statement,Done,,,Q63389200,"Q63389200|P921|Q140786681|S248|Q50817797|S854|""https://joss.theoj.org/papers/10.21105/joss.01102.json""|S813|+2026-06-18T00:00:00Z/11"
44697,1605,set_statement,Done,,,Q113308031,"Q113308031|P921|Q140786682|S248|Q50817797|S854|""https://joss.theoj.org/papers/10.21105/joss.01023.json""|S813|+2026-06-18T00:00:00Z/11"
44697,1606,set_statement,Done,,,Q113307906,"Q113307906|P921|Q140786683|S248|Q50817797|S854|""https://joss.theoj.org/papers/10.21105/joss.01247.json""|S813|+2026-06-18T00:00:00Z/11"
44697,1607,set_statement,Done,,,Q56855222,"Q56855222|P921|Q140786686|S248|Q50817797|S854|""https://joss.theoj.org/papers/10.21105/joss.00027.json""|S813|+2026-06-18T00:00:00Z/11"
44697,1608,set_statement,Done,,,Q113227964,"Q113227964|P921|Q140786687|S248|Q50817797|S854|""https://joss.theoj.org/papers/10.21105/joss.00745.json""|S813|+2026-06-18T00:00:00Z/11"
44697,1609,set_statement,Done,,,Q113308243,"Q113308243|P921|Q140786689|S248|Q50817797|S854|""https://joss.theoj.org/papers/10.21105/joss.00352.json""|S813|+2026-06-18T00:00:00Z/11"
44697,1610,set_statement,Done,,,Q113307214,"Q113307214|P921|Q140786690|S248|Q50817797|S854|""https://joss.theoj.org/papers/10.21105/joss.03419.json""|S813|+2026-06-18T00:00:00Z/11"
44697,1611,set_statement,Done,,,Q113307712,"Q113307712|P921|Q140786692|S248|Q50817797|S854|""https://joss.theoj.org/papers/10.21105/joss.01825.json""|S813|+2026-06-18T00:00:00Z/11"
44697,1612,set_statement,Done,,,Q138509556,"Q138509556|P921|Q140786693|S248|Q50817797|S854|""https://joss.theoj.org/papers/10.21105/joss.04901.json""|S813|+2026-06-18T00:00:00Z/11"
44697,1613,set_statement,Done,,,Q113306332,"Q113306332|P921|Q140786694|S248|Q50817797|S854|""https://joss.theoj.org/papers/10.21105/joss.04279.json""|S813|+2026-06-18T00:00:00Z/11"
44697,1614,set_statement,Done,,,Q113308280,"Q113308280|P921|Q140786695|S248|Q50817797|S854|""https://joss.theoj.org/papers/10.21105/joss.00207.json""|S813|+2026-06-18T00:00:00Z/11"
44697,1615,set_statement,Done,,,Q113227719,"Q113227719|P921|Q140786696|S248|Q50817797|S854|""https://joss.theoj.org/papers/10.21105/joss.02690.json""|S813|+2026-06-18T00:00:00Z/11"
44697,1616,set_statement,Done,,,Q113308150,"Q113308150|P921|Q140786697|S248|Q50817797|S854|""https://joss.theoj.org/papers/10.21105/joss.00639.json""|S813|+2026-06-18T00:00:00Z/11"
44697,1617,set_statement,Done,,,Q111925299,"Q111925299|P921|Q140786698|S248|Q50817797|S854|""https://joss.theoj.org/papers/10.21105/joss.00674.json""|S813|+2026-06-18T00:00:00Z/11"
44697,1618,set_statement,Done,,,Q113227645,"Q113227645|P921|Q140786700|S248|Q50817797|S854|""https://joss.theoj.org/papers/10.21105/joss.03465.json""|S813|+2026-06-18T00:00:00Z/11"
44697,1619,set_statement,Done,,,Q113307991,"Q113307991|P921|Q140786701|S248|Q50817797|S854|""https://joss.theoj.org/papers/10.21105/joss.01076.json""|S813|+2026-06-18T00:00:00Z/11"
44697,1620,set_statement,Done,,,Q113307667,"Q113307667|P921|Q140786703|S248|Q50817797|S854|""https://joss.theoj.org/papers/10.21105/joss.01969.json""|S813|+2026-06-18T00:00:00Z/11"
44697,1621,set_statement,Done,,,Q119698682,"Q119698682|P921|Q140786708|S248|Q50817797|S854|""https://joss.theoj.org/papers/10.21105/joss.04607.json""|S813|+2026-06-18T00:00:00Z/11"
44697,1622,set_statement,Done,,,Q128301546,"Q128301546|P921|Q140786715|S248|Q50817797|S854|""https://joss.theoj.org/papers/10.21105/joss.05925.json""|S813|+2026-06-18T00:00:00Z/11"
44697,1623,set_statement,Done,,,Q113307621,"Q113307621|P921|Q140786716|S248|Q50817797|S854|""https://joss.theoj.org/papers/10.21105/joss.02101.json""|S813|+2026-06-18T00:00:00Z/11"
44697,1624,set_statement,Done,,,Q113307184,"Q113307184|P921|Q140786721|S248|Q50817797|S854|""https://joss.theoj.org/papers/10.21105/joss.03500.json""|S813|+2026-06-18T00:00:00Z/11"
44697,1625,set_statement,Done,,,Q113227878,"Q113227878|P921|Q140786722|S248|Q50817797|S854|""https://joss.theoj.org/papers/10.21105/joss.01511.json""|S813|+2026-06-18T00:00:00Z/11"
44697,1626,set_statement,Done,,,Q113308257,"Q113308257|P921|Q140786723|S248|Q50817797|S854|""https://joss.theoj.org/papers/10.21105/joss.00289.json""|S813|+2026-06-18T00:00:00Z/11"
44697,1627,set_statement,Done,,,Q113227924,"Q113227924|P921|Q140786724|S248|Q50817797|S854|""https://joss.theoj.org/papers/10.21105/joss.01115.json""|S813|+2026-06-18T00:00:00Z/11"
44697,1628,set_statement,Done,,,Q113307303,"Q113307303|P921|Q140786725|S248|Q50817797|S854|""https://joss.theoj.org/papers/10.21105/joss.03050.json""|S813|+2026-06-18T00:00:00Z/11"
44697,1629,set_statement,Done,,,Q113227703,"Q113227703|P921|Q140786731|S248|Q50817797|S854|""https://joss.theoj.org/papers/10.21105/joss.02827.json""|S813|+2026-06-18T00:00:00Z/11"
44697,1630,set_statement,Done,,,Q113227869,"Q113227869|P921|Q140786732|S248|Q50817797|S854|""https://joss.theoj.org/papers/10.21105/joss.01609.json""|S813|+2026-06-18T00:00:00Z/11"
44697,1631,set_statement,Done,,,Q113307694,"Q113307694|P921|Q140786733|S248|Q50817797|S854|""https://joss.theoj.org/papers/10.21105/joss.01866.json""|S813|+2026-06-18T00:00:00Z/11"
44697,1632,set_statement,Done,,,Q113308091,"Q113308091|P921|Q140786735|S248|Q50817797|S854|""https://joss.theoj.org/papers/10.21105/joss.00826.json""|S813|+2026-06-18T00:00:00Z/11"
44697,1633,set_statement,Done,,,Q111897231,"Q111897231|P921|Q140784798|S248|Q50817797|S854|""https://joss.theoj.org/papers/10.21105/joss.02964.json""|S813|+2026-06-18T00:00:00Z/11"
44697,1634,set_statement,Done,,,Q113227722,"Q113227722|P921|Q140786795|S248|Q50817797|S854|""https://joss.theoj.org/papers/10.21105/joss.02654.json""|S813|+2026-06-18T00:00:00Z/11"
44697,1635,set_statement,Done,,,Q111897001,"Q111897001|P921|Q140786797|S248|Q50817797|S854|""https://joss.theoj.org/papers/10.21105/joss.02878.json""|S813|+2026-06-18T00:00:00Z/11"
44697,1636,set_statement,Done,,,Q113308126,"Q113308126|P921|Q140786802|S248|Q50817797|S854|""https://joss.theoj.org/papers/10.21105/joss.00699.json""|S813|+2026-06-18T00:00:00Z/11"
44697,1637,set_statement,Done,,,Q113307778,"Q113307778|P921|Q140786809|S248|Q50817797|S854|""https://joss.theoj.org/papers/10.21105/joss.01628.json""|S813|+2026-06-18T00:00:00Z/11"
44697,1638,set_statement,Done,,,Q113227768,"Q113227768|P921|Q140786811|S248|Q50817797|S854|""https://joss.theoj.org/papers/10.21105/joss.02342.json""|S813|+2026-06-18T00:00:00Z/11"
44697,1639,set_statement,Done,,,Q113227820,"Q113227820|P921|Q140786814|S248|Q50817797|S854|""https://joss.theoj.org/papers/10.21105/joss.01886.json""|S813|+2026-06-18T00:00:00Z/11"
44697,1640,set_statement,Done,,,Q113227894,"Q113227894|P921|Q140786815|S248|Q50817797|S854|""https://joss.theoj.org/papers/10.21105/joss.01352.json""|S813|+2026-06-18T00:00:00Z/11"
44697,1641,set_statement,Done,,,Q113308116,"Q113308116|P921|Q140786821|S248|Q50817797|S854|""https://joss.theoj.org/papers/10.21105/joss.00739.json""|S813|+2026-06-18T00:00:00Z/11"
44697,1642,set_statement,Done,,,Q63433189,"Q63433189|P921|Q140786824|S248|Q50817797|S854|""https://joss.theoj.org/papers/10.21105/joss.01083.json""|S813|+2026-06-18T00:00:00Z/11"
44697,1643,set_statement,Done,,,Q113227765,"Q113227765|P921|Q140786827|S248|Q50817797|S854|""https://joss.theoj.org/papers/10.21105/joss.02362.json""|S813|+2026-06-18T00:00:00Z/11"
44697,1644,set_statement,Done,,,Q108784875,"Q108784875|P921|Q140786829|S248|Q50817797|S854|""https://joss.theoj.org/papers/10.21105/joss.00558.json""|S813|+2026-06-18T00:00:00Z/11"
44697,1645,set_statement,Done,,,Q110512126,"Q110512126|P921|Q140786832|S248|Q50817797|S854|""https://joss.theoj.org/papers/10.21105/joss.03298.json""|S813|+2026-06-18T00:00:00Z/11"
44697,1646,set_statement,Done,,,Q64898047,"Q64898047|P921|Q140786836|S248|Q50817797|S854|""https://joss.theoj.org/papers/10.21105/joss.00472.json""|S813|+2026-06-18T00:00:00Z/11"
44697,1647,set_statement,Done,,,Q111935262,"Q111935262|P921|Q140786840|S248|Q50817797|S854|""https://joss.theoj.org/papers/10.21105/joss.02890.json""|S813|+2026-06-18T00:00:00Z/11"
44697,1648,set_statement,Done,,,Q110499952,"Q110499952|P921|Q140786841|S248|Q50817797|S854|""https://joss.theoj.org/papers/10.21105/joss.00296.json""|S813|+2026-06-18T00:00:00Z/11"
44697,1649,set_statement,Done,,,Q113227836,"Q113227836|P921|Q140786842|S248|Q50817797|S854|""https://joss.theoj.org/papers/10.21105/joss.01818.json""|S813|+2026-06-18T00:00:00Z/11"
44697,1650,set_statement,Done,,,Q113307882,"Q113307882|P921|Q140786845|S248|Q50817797|S854|""https://joss.theoj.org/papers/10.21105/joss.01306.json""|S813|+2026-06-18T00:00:00Z/11"
44697,1651,set_statement,Done,,,Q62091751,"Q62091751|P921|Q140786846|S248|Q50817797|S854|""https://joss.theoj.org/papers/10.21105/joss.01190.json""|S813|+2026-06-18T00:00:00Z/11"
44697,1652,set_statement,Done,,,Q113307945,"Q113307945|P921|Q140786847|S248|Q50817797|S854|""https://joss.theoj.org/papers/10.21105/joss.01173.json""|S813|+2026-06-18T00:00:00Z/11"
44697,1653,set_statement,Done,,,Q113308223,"Q113308223|P921|Q140786848|S248|Q50817797|S854|""https://joss.theoj.org/papers/10.21105/joss.00427.json""|S813|+2026-06-18T00:00:00Z/11"
44697,1654,set_statement,Done,,,Q138509603,"Q138509603|P921|Q109561813|S248|Q50817797|S854|""https://joss.theoj.org/papers/10.21105/joss.05994.json""|S813|+2026-06-18T00:00:00Z/11"
44697,1655,set_statement,Done,,,Q113307732,"Q113307732|P921|Q140786849|S248|Q50817797|S854|""https://joss.theoj.org/papers/10.21105/joss.01762.json""|S813|+2026-06-18T00:00:00Z/11"
44697,1656,set_statement,Done,,,Q113308230,"Q113308230|P921|Q140786850|S248|Q50817797|S854|""https://joss.theoj.org/papers/10.21105/joss.00407.json""|S813|+2026-06-18T00:00:00Z/11"
44697,1657,set_statement,Done,,,Q113307843,"Q113307843|P921|Q140786851|S248|Q50817797|S854|""https://joss.theoj.org/papers/10.21105/joss.01441.json""|S813|+2026-06-18T00:00:00Z/11"
44697,1658,set_statement,Done,,,Q56051992,"Q56051992|P921|Q140790738|S248|Q50817797|S854|""https://joss.theoj.org/papers/10.21105/joss.00236.json""|S813|+2026-06-18T00:00:00Z/11"
44697,1659,set_statement,Done,,,Q113307441,"Q113307441|P921|Q140786996|S248|Q50817797|S854|""https://joss.theoj.org/papers/10.21105/joss.02537.json""|S813|+2026-06-18T00:00:00Z/11"
44697,1660,set_statement,Done,,,Q113308194,"Q113308194|P921|Q140786997|S248|Q50817797|S854|""https://joss.theoj.org/papers/10.21105/joss.00517.json""|S813|+2026-06-18T00:00:00Z/11"
44697,1661,set_statement,Done,,,Q113308108,"Q113308108|P921|Q140786998|S248|Q50817797|S854|""https://joss.theoj.org/papers/10.21105/joss.00766.json""|S813|+2026-06-18T00:00:00Z/11"
44697,1662,set_statement,Done,,,Q113227642,"Q113227642|P921|Q140786999|S248|Q50817797|S854|""https://joss.theoj.org/papers/10.21105/joss.03519.json""|S813|+2026-06-18T00:00:00Z/11"
44697,1663,set_statement,Done,,,Q113307172,"Q113307172|P921|Q140787000|S248|Q50817797|S854|""https://joss.theoj.org/papers/10.21105/joss.03540.json""|S813|+2026-06-18T00:00:00Z/11"
44697,1664,set_statement,Done,,,Q113307012,"Q113307012|P921|Q140787001|S248|Q50817797|S854|""https://joss.theoj.org/papers/10.21105/joss.03804.json""|S813|+2026-06-18T00:00:00Z/11"
44697,1665,set_statement,Done,,,Q113227883,"Q113227883|P921|Q140787003|S248|Q50817797|S854|""https://joss.theoj.org/papers/10.21105/joss.01448.json""|S813|+2026-06-18T00:00:00Z/11"
44697,1666,set_statement,Done,,,Q113307852,"Q113307852|P921|Q140787004|S248|Q50817797|S854|""https://joss.theoj.org/papers/10.21105/joss.01409.json""|S813|+2026-06-18T00:00:00Z/11"
44697,1667,set_statement,Done,,,Q113307327,"Q113307327|P921|Q140787022|S248|Q50817797|S854|""https://joss.theoj.org/papers/10.21105/joss.02973.json""|S813|+2026-06-18T00:00:00Z/11"
44697,1668,set_statement,Done,,,Q61727098,"Q61727098|P921|Q140787024|S248|Q50817797|S854|""https://joss.theoj.org/papers/10.21105/joss.00370.json""|S813|+2026-06-18T00:00:00Z/11"
44697,1669,set_statement,Done,,,Q113307626,"Q113307626|P921|Q140787031|S248|Q50817797|S854|""https://joss.theoj.org/papers/10.21105/joss.02088.json""|S813|+2026-06-18T00:00:00Z/11"
44697,1670,set_statement,Done,,,Q57990827,"Q57990827|P921|Q140787032|S248|Q50817797|S854|""https://joss.theoj.org/papers/10.21105/joss.00362.json""|S813|+2026-06-18T00:00:00Z/11"
44697,1671,set_statement,Done,,,Q113227861,"Q113227861|P921|Q140787034|S248|Q50817797|S854|""https://joss.theoj.org/papers/10.21105/joss.01650.json""|S813|+2026-06-18T00:00:00Z/11"
44697,1672,set_statement,Done,,,Q113308029,"Q113308029|P921|Q140787038|S248|Q50817797|S854|""https://joss.theoj.org/papers/10.21105/joss.01027.json""|S813|+2026-06-18T00:00:00Z/11"
44697,1673,set_statement,Done,,,Q113307345,"Q113307345|P921|Q140787040|S248|Q50817797|S854|""https://joss.theoj.org/papers/10.21105/joss.02864.json""|S813|+2026-06-18T00:00:00Z/11"
44697,1674,set_statement,Done,,,Q113227978,"Q113227978|P921|Q140787044|S248|Q50817797|S854|""https://joss.theoj.org/papers/10.21105/joss.00490.json""|S813|+2026-06-18T00:00:00Z/11"
44697,1675,set_statement,Done,,,Q113307701,"Q113307701|P921|Q140787045|S248|Q50817797|S854|""https://joss.theoj.org/papers/10.21105/joss.01850.json""|S813|+2026-06-18T00:00:00Z/11"
44697,1676,set_statement,Done,,,Q113227952,"Q113227952|P921|Q140787046|S248|Q50817797|S854|""https://joss.theoj.org/papers/10.21105/joss.00863.json""|S813|+2026-06-18T00:00:00Z/11"
44697,1677,set_statement,Done,,,Q140177864,"Q140177864|P921|Q140787047|S248|Q50817797|S854|""https://joss.theoj.org/papers/10.21105/joss.08641.json""|S813|+2026-06-18T00:00:00Z/11"
44697,1678,set_statement,Done,,,Q113227911,"Q113227911|P921|Q140787053|S248|Q50817797|S854|""https://joss.theoj.org/papers/10.21105/joss.01225.json""|S813|+2026-06-18T00:00:00Z/11"
44697,1679,set_statement,Done,,,Q113307535,"Q113307535|P921|Q140783810|S248|Q50817797|S854|""https://joss.theoj.org/papers/10.21105/joss.02341.json""|S813|+2026-06-18T00:00:00Z/11"
44697,1680,set_statement,Done,,,Q113307859,"Q113307859|P921|Q140787061|S248|Q50817797|S854|""https://joss.theoj.org/papers/10.21105/joss.01370.json""|S813|+2026-06-18T00:00:00Z/11"
44697,1681,set_statement,Done,,,Q119694309,"Q119694309|P921|Q140787064|S248|Q50817797|S854|""https://joss.theoj.org/papers/10.21105/joss.05309.json""|S813|+2026-06-18T00:00:00Z/11"
44697,1682,set_statement,Done,,,Q120789757,"Q120789757|P921|Q140787066|S248|Q50817797|S854|""https://joss.theoj.org/papers/10.21105/joss.05361.json""|S813|+2026-06-18T00:00:00Z/11"
44697,1683,set_statement,Done,,,Q138509719,"Q138509719|P921|Q140787068|S248|Q50817797|S854|""https://joss.theoj.org/papers/10.21105/joss.04148.json""|S813|+2026-06-18T00:00:00Z/11"
44697,1684,set_statement,Done,,,Q120789754,"Q120789754|P921|Q140787070|S248|Q50817797|S854|""https://joss.theoj.org/papers/10.21105/joss.05027.json""|S813|+2026-06-18T00:00:00Z/11"
44697,1685,set_statement,Done,,,Q113308042,"Q113308042|P921|Q140787082|S248|Q50817797|S854|""https://joss.theoj.org/papers/10.21105/joss.00978.json""|S813|+2026-06-18T00:00:00Z/11"
44697,1686,set_statement,Done,,,Q113307360,"Q113307360|P921|Q140787090|S248|Q50817797|S854|""https://joss.theoj.org/papers/10.21105/joss.02815.json""|S813|+2026-06-18T00:00:00Z/11"
